t_Myr,dt_kyr,T,P_CO2,rel_change,slowest,Da,A_reactive,supply_efficiency,Y_Alkalinity,Y_C,Y_Si,Y_Al,Y_Fe,Y_Ca,Y_Mg,Y_Na,F_out_Alkalinity,F_out_C,F_out_Si,F_out_Al,F_out_Fe,F_out_Ca,F_out_Mg,F_out_Na,F_diss_Alkalinity,F_diss_C,F_diss_Si,F_diss_Al,F_diss_Fe,F_diss_Ca,F_diss_Mg,F_diss_Na,F_prec_Alkalinity,F_prec_C,F_prec_Si,F_prec_Al,F_prec_Fe,F_prec_Ca,F_prec_Mg,F_prec_Na,F_cont_Alkalinity,F_cont_C,F_cont_Si,F_cont_Al,F_cont_Fe,F_cont_Ca,F_cont_Mg,F_cont_Na,F_net_Alkalinity,F_net_C,F_net_Si,F_net_Al,F_net_Fe,F_net_Ca,F_net_Mg,F_net_Na
2.0200,20.00,275.0000,1.636553e+00,9.999970e-01,Mg,2.810834e-03,1.035826e+00,0.2807%,8.805596e-04,8.182311e-04,4.443245e-05,3.023971e-18,4.765464e-11,2.165975e-04,2.583903e-06,0.000000e+00,0.000000e+00,1.550633e-17,0.000000e+00,0.000000e+00,0.000000e+00,0.000000e+00,0.000000e+00,0.000000e+00,2.262878e-17,7.521207e-27,9.122487e-18,7.424734e-32,6.482679e-23,6.790114e-18,4.974220e-20,5.137030e-40,-1.412145e-17,-7.060705e-18,-9.136371e-18,-1.451795e-32,-6.449603e-23,-7.060688e-18,-7.411257e-26,-1.451792e-32,0.000000e+00,0.000000e+00,0.000000e+00,0.000000e+00,0.000000e+00,0.000000e+00,0.000000e+00,0.000000e+00,8.507323e-18,8.445624e-18,-1.388386e-20,5.972939e-32,3.307594e-25,-2.705732e-19,4.974212e-20,-1.451792e-32
4.4200,24.00,275.0000,2.880508e+00,7.601070e-01,P_CO2,2.709778e-03,1.035826e+00,0.2706%,1.467915e-03,1.375904e-03,4.587987e-05,8.456712e-18,6.529031e-11,1.409729e-04,4.635951e-06,0.000000e+00,0.000000e+00,1.550633e-17,0.000000e+00,0.000000e+00,0.000000e+00,0.000000e+00,0.000000e+00,0.000000e+00,2.460355e-17,4.645758e-27,9.870281e-18,9.112686e-32,7.794483e-23,7.313058e-18,5.330671e-20,5.295735e-40,-1.691195e-17,-8.455953e-18,-9.855732e-18,-1.410329e-32,-7.792825e-23,-8.365641e-18,-9.027709e-20,-1.410708e-32,0.000000e+00,0.000000e+00,0.000000e+00,0.000000e+00,0.000000e+00,0.000000e+00,0.000000e+00,0.000000e+00,7.691599e-18,7.050376e-18,1.454966e-20,7.702357e-32,1.658308e-26,-1.052584e-18,-3.697038e-20,-1.410708e-32
7.3000,28.80,275.0000,3.180649e+00,3.263475e-01,C,2.709159e-03,1.035826e+00,0.2705%,2.216992e-03,2.048430e-03,4.854092e-05,1.546658e-17,7.469172e-11,8.087263e-05,2.498080e-06,0.000000e+00,0.000000e+00,1.550633e-17,0.000000e+00,0.000000e+00,0.000000e+00,0.000000e+00,0.000000e+00,0.000000e+00,2.431272e-17,1.625656e-26,9.978486e-18,8.889282e-32,7.716352e-23,7.425255e-18,6.197116e-20,2.697150e-39,-1.575137e-17,-7.875672e-18,-9.964858e-18,-1.427231e-32,-7.715931e-23,-7.800454e-18,-7.516141e-20,-1.427318e-32,0.000000e+00,0.000000e+00,0.000000e+00,0.000000e+00,0.000000e+00,0.000000e+00,0.000000e+00,0.000000e+00,8.561350e-18,7.630657e-18,1.362792e-20,7.462051e-32,4.208521e-27,-3.751996e-19,-1.319025e-20,-1.427318e-32
10.7560,34.56,275.0000,3.764752e+00,3.331323e-01,C,2.694862e-03,1.035826e+00,0.2691%,3.164256e-03,2.893447e-03,5.129583e-05,2.365353e-17,8.928934e-11,5.804259e-05,1.662770e-06,0.000000e+00,0.000000e+00,1.550633e-17,0.000000e+00,0.000000e+00,0.000000e+00,0.000000e+00,0.000000e+00,0.000000e+00,2.417518e-17,1.668465e-27,1.016645e-17,8.900806e-32,7.891813e-23,7.554415e-18,6.780082e-20,3.215864e-40,-1.551334e-17,-7.756671e-18,-1.015874e-17,-1.507719e-32,-7.888814e-23,-7.684219e-18,-7.236718e-20,-1.507684e-32,0.000000e+00,0.000000e+00,0.000000e+00,0.000000e+00,0.000000e+00,0.000000e+00,0.000000e+00,0.000000e+00,8.661841e-18,7.749658e-18,7.704989e-21,7.393086e-32,2.998808e-26,-1.298041e-19,-4.566358e-21,-1.507684e-32
14.2120,34.56,275.0000,4.538709e+00,3.292133e-01,C,2.673451e-03,1.035826e+00,0.2670%,4.104076e-03,3.736560e-03,5.194506e-05,3.230629e-17,9.329912e-11,4.820157e-05,1.316653e-06,0.000000e+00,0.000000e+00,1.550633e-17,0.000000e+00,0.000000e+00,0.000000e+00,0.000000e+00,0.000000e+00,0.000000e+00,2.418850e-17,-5.022557e-32,1.038062e-17,9.131244e-32,8.247092e-23,7.687287e-18,7.299572e-20,1.670579e-42,-1.565050e-17,-7.825260e-18,-1.037611e-17,-1.558996e-32,-8.242998e-23,-7.749945e-18,-7.519984e-20,-1.559221e-32,0.000000e+00,0.000000e+00,0.000000e+00,0.000000e+00,0.000000e+00,0.000000e+00,0.000000e+00,0.000000e+00,8.538005e-18,7.681069e-18,4.514729e-21,7.572248e-32,4.094694e-26,-6.265848e-20,-2.204119e-21,-1.559221e-32
18.3592,41.47,275.0000,5.602831e+00,3.225945e-01,C,2.647515e-03,1.035826e+00,0.2644%,5.213192e-03,4.737392e-03,5.453368e-05,4.295888e-17,1.167222e-10,4.389990e-05,1.125759e-06,0.000000e+00,0.000000e+00,1.550633e-17,0.000000e+00,0.000000e+00,0.000000e+00,0.000000e+00,0.000000e+00,0.000000e+00,2.422777e-17,1.021445e-28,1.061682e-17,9.501662e-32,8.743180e-23,7.829469e-18,7.876159e-20,2.046459e-41,-1.588399e-17,-7.942020e-18,-1.061400e-17,-1.589568e-32,-8.737466e-23,-7.861974e-18,-7.989670e-20,-1.589496e-32,0.000000e+00,0.000000e+00,0.000000e+00,0.000000e+00,0.000000e+00,0.000000e+00,0.000000e+00,0.000000e+00,8.343779e-18,7.564309e-18,2.816286e-21,7.912094e-32,5.714089e-26,-3.250563e-20,-1.135117e-21,-1.589496e-32
23.3358,49.77,275.0000,7.043809e+00,3.147414e-01,C,2.618335e-03,1.035826e+00,0.2615%,6.510477e-03,5.918002e-03,5.757130e-05,5.581204e-17,1.491569e-10,4.216293e-05,1.017124e-06,0.000000e+00,0.000000e+00,1.550633e-17,0.000000e+00,0.000000e+00,0.000000e+00,0.000000e+00,0.000000e+00,0.000000e+00,2.427678e-17,1.937272e-31,1.086765e-17,1.002189e-31,9.400200e-23,7.978545e-18,8.542593e-20,3.758802e-42,-1.616409e-17,-8.082081e-18,-1.086575e-17,-1.596322e-32,-9.392436e-23,-7.995876e-18,-8.601714e-20,-1.596233e-32,0.000000e+00,0.000000e+00,0.000000e+00,0.000000e+00,0.000000e+00,0.000000e+00,0.000000e+00,0.000000e+00,8.112697e-18,7.424249e-18,1.903644e-21,8.425565e-32,7.763969e-26,-1.733103e-20,-5.912168e-22,-1.596233e-32
29.3078,59.72,275.0000,8.995998e+00,3.062709e-01,C,2.586584e-03,1.035826e+00,0.2583%,8.021413e-03,7.307037e-03,6.122239e-05,7.301362e-17,1.943014e-10,4.225757e-05,9.646883e-07,0.000000e+00,0.000000e+00,1.550633e-17,0.000000e+00,0.000000e+00,0.000000e+00,0.000000e+00,0.000000e+00,0.000000e+00,2.432895e-17,3.874544e-31,1.112673e-17,1.072103e-31,1.025396e-22,8.132020e-18,9.325760e-20,2.505868e-42,-1.646997e-17,-8.235039e-18,-1.112551e-17,-1.579377e-32,-1.024498e-22,-8.141255e-18,-9.355475e-20,-1.579262e-32,0.000000e+00,0.000000e+00,0.000000e+00,0.000000e+00,0.000000e+00,0.000000e+00,0.000000e+00,0.000000e+00,7.858975e-18,7.271290e-18,1.219327e-21,9.141655e-32,8.983187e-26,-9.234943e-21,-2.971541e-22,-1.579262e-32
36.4742,71.66,275.0000,1.166083e+01,2.974719e-01,C,2.552635e-03,1.035826e+00,0.2549%,9.775876e-03,8.938366e-03,6.566799e-05,9.514142e-17,2.578597e-10,4.385697e-05,9.573550e-07,0.000000e+00,0.000000e+00,1.550633e-17,0.000000e+00,0.000000e+00,0.000000e+00,0.000000e+00,0.000000e+00,0.000000e+00,2.438648e-17,7.318583e-31,1.138960e-17,1.165273e-31,1.136393e-22,8.288416e-18,1.025878e-19,-8.352894e-42,-1.679195e-17,-8.396045e-18,-1.138873e-17,-1.539633e-32,-1.135251e-22,-8.293060e-18,-1.027122e-19,-1.539487e-32,0.000000e+00,0.000000e+00,0.000000e+00,0.000000e+00,0.000000e+00,0.000000e+00,0.000000e+00,0.000000e+00,7.594524e-18,7.110284e-18,8.621367e-22,1.011309e-31,1.142005e-25,-4.643650e-21,-1.243732e-22,-1.539487e-32
45.0738,86.00,275.0000,1.533090e+01,3.147350e-01,P_CO2,2.516963e-03,1.035826e+00,0.2514%,1.180903e-02,1.085159e-02,7.111615e-05,1.244031e-16,3.485029e-10,4.684172e-05,9.922978e-07,0.000000e+00,0.000000e+00,1.550633e-17,0.000000e+00,0.000000e+00,0.000000e+00,0.000000e+00,0.000000e+00,0.000000e+00,2.445250e-17,7.749088e-31,1.165182e-17,1.288997e-31,1.281063e-22,8.446252e-18,1.137870e-19,4.176447e-43,-1.712380e-17,-8.561982e-18,-1.165067e-17,-1.479434e-32,-1.279284e-22,-8.447888e-18,-1.137753e-19,-1.479251e-32,0.000000e+00,0.000000e+00,0.000000e+00,0.000000e+00,0.000000e+00,0.000000e+00,0.000000e+00,0.000000e+00,7.328699e-18,6.944347e-18,1.149600e-21,1.141053e-31,1.779388e-25,-1.635885e-21,1.171648e-23,-1.479251e-32
53.6734,86.00,275.0000,1.952178e+01,2.807505e-01,C,2.486019e-03,1.035826e+00,0.2483%,1.376900e-02,1.271817e-02,7.133323e-05,1.580871e-16,3.915681e-10,4.654959e-05,1.000069e-06,0.000000e+00,0.000000e+00,1.550633e-17,0.000000e+00,0.000000e+00,0.000000e+00,0.000000e+00,0.000000e+00,0.000000e+00,2.452136e-17,7.318583e-31,1.187409e-17,1.424522e-31,1.439501e-22,8.582093e-18,1.252083e-19,5.847026e-42,-1.741604e-17,-8.708112e-18,-1.187341e-17,-1.416256e-32,-1.437751e-22,-8.582599e-18,-1.251548e-19,-1.416033e-32,0.000000e+00,0.000000e+00,0.000000e+00,0.000000e+00,0.000000e+00,0.000000e+00,0.000000e+00,0.000000e+00,7.105321e-18,6.798217e-18,6.858065e-22,1.282896e-31,1.750022e-25,-5.053199e-22,5.350711e-23,-1.416033e-32
63.9930,103.20,275.0000,2.523738e+01,2.927807e-01,P_CO2,2.453902e-03,1.035826e+00,0.2451%,1.605678e-02,1.491552e-02,7.805744e-05,2.029064e-16,5.354796e-10,5.128121e-05,1.099033e-06,0.000000e+00,0.000000e+00,1.550633e-17,0.000000e+00,0.000000e+00,0.000000e+00,0.000000e+00,0.000000e+00,0.000000e+00,2.459447e-17,2.296026e-31,1.209091e-17,1.600406e-31,1.641041e-22,8.717797e-18,1.387058e-19,-2.505868e-42,-1.771244e-17,-8.856324e-18,-1.209021e-17,-1.342633e-32,-1.639082e-22,-8.717324e-18,-1.386021e-19,-1.342361e-32,0.000000e+00,0.000000e+00,0.000000e+00,0.000000e+00,0.000000e+00,0.000000e+00,0.000000e+00,0.000000e+00,6.882025e-18,6.650005e-18,6.957880e-22,1.466143e-31,1.959499e-25,4.733156e-22,1.036640e-22,-1.342361e-32
74.3126,103.20,275.0000,3.172109e+01,2.660824e-01,C,2.426242e-03,1.035826e+00,0.2423%,1.826990e-02,1.706182e-02,7.828837e-05,2.540320e-16,6.074460e-10,5.152961e-05,1.139378e-06,0.000000e+00,0.000000e+00,1.550633e-17,0.000000e+00,0.000000e+00,0.000000e+00,0.000000e+00,0.000000e+00,0.000000e+00,2.467460e-17,2.296026e-31,1.227669e-17,1.791670e-31,1.861730e-22,8.836663e-18,1.525633e-19,2.505868e-42,-1.797707e-17,-8.988646e-18,-1.227613e-17,-1.275813e-32,-1.859600e-22,-8.835775e-18,-1.524374e-19,-1.275490e-32,0.000000e+00,0.000000e+00,0.000000e+00,0.000000e+00,0.000000e+00,0.000000e+00,0.000000e+00,0.000000e+00,6.697522e-18,6.517683e-18,5.600951e-22,1.664088e-31,2.130503e-25,8.879797e-22,1.258269e-22,-1.275490e-32
86.6960,123.83,275.0000,4.048292e+01,2.762145e-01,P_CO2,2.397886e-03,1.035826e+00,0.2395%,2.086375e-02,1.959176e-02,8.660757e-05,3.240174e-16,8.378076e-10,5.781520e-05,1.304579e-06,0.000000e+00,0.000000e+00,1.550633e-17,0.000000e+00,0.000000e+00,0.000000e+00,0.000000e+00,0.000000e+00,0.000000e+00,2.476039e-17,2.870033e-31,1.245756e-17,2.037103e-31,2.140144e-22,8.956268e-18,1.688380e-19,6.264671e-42,-1.824772e-17,-9.123974e-18,-1.245677e-17,-1.206480e-32,-2.137240e-22,-8.954843e-18,-1.686609e-19,-1.206090e-32,0.000000e+00,0.000000e+00,0.000000e+00,0.000000e+00,0.000000e+00,0.000000e+00,0.000000e+00,0.000000e+00,6.512668e-18,6.382355e-18,7.893627e-22,1.916455e-31,2.903694e-25,1.425536e-21,1.771413e-22,-1.206090e-32
99.0795,123.83,275.0000,5.033233e+01,2.528916e-01,C,2.373825e-03,1.035826e+00,0.2371%,2.338076e-02,2.206458e-02,8.689109e-05,4.042733e-16,9.563113e-10,5.839422e-05,1.375663e-06,0.000000e+00,0.000000e+00,1.550633e-17,0.000000e+00,0.000000e+00,0.000000e+00,0.000000e+00,0.000000e+00,0.000000e+00,2.485003e-17,1.607218e-30,1.261400e-17,2.299965e-31,2.442920e-22,9.062249e-18,1.854994e-19,3.341158e-42,-1.849284e-17,-9.246538e-18,-1.261332e-17,-1.149645e-32,-2.439766e-22,-9.060720e-18,-1.853127e-19,-1.149182e-32,0.000000e+00,0.000000e+00,0.000000e+00,0.000000e+00,0.000000e+00,0.000000e+00,0.000000e+00,0.000000e+00,6.357185e-18,6.259791e-18,6.764241e-22,2.185000e-31,3.154558e-25,1.528653e-21,1.866481e-22,-1.149182e-32
113.9397,148.60,275.0000,6.349994e+01,2.616132e-01,P_CO2,2.349477e-03,1.035826e+00,0.2347%,2.634045e-02,2.498189e-02,9.714207e-05,5.147114e-16,1.325073e-09,6.632149e-05,1.623556e-06,0.000000e+00,0.000000e+00,1.550633e-17,0.000000e+00,0.000000e+00,0.000000e+00,0.000000e+00,0.000000e+00,0.000000e+00,2.494504e-17,2.106604e-29,1.276635e-17,2.633404e-31,2.820869e-22,9.169568e-18,2.048619e-19,5.011737e-42,-1.874557e-17,-9.372904e-18,-1.276547e-17,-1.097162e-32,-2.816657e-22,-9.167735e-18,-2.046248e-19,-1.096601e-32,0.000000e+00,0.000000e+00,0.000000e+00,0.000000e+00,0.000000e+00,0.000000e+00,0.000000e+00,0.000000e+00,6.199463e-18,6.133425e-18,8.820173e-22,2.523688e-31,4.211718e-25,1.832861e-21,2.371628e-22,-1.096601e-32
128.7998,148.60,275.0000,7.815207e+01,2.407295e-01,C,2.329080e-03,1.035826e+00,0.2326%,2.921877e-02,2.783395e-02,9.749640e-05,6.416264e-16,1.517278e-09,6.714575e-05,1.729691e-06,0.000000e+00,0.000000e+00,1.550633e-17,0.000000e+00,0.000000e+00,0.000000e+00,0.000000e+00,0.000000e+00,0.000000e+00,2.504193e-17,2.744899e-28,1.290006e-17,2.986515e-31,3.229963e-22,9.265848e-18,2.246414e-19,2.213517e-41,-1.897813e-17,-9.489174e-18,-1.289943e-17,-1.059783e-32,-3.226095e-22,-9.264177e-18,-2.244303e-19,-1.059086e-32,0.000000e+00,0.000000e+00,0.000000e+00,0.000000e+00,0.000000e+00,0.000000e+00,0.000000e+00,0.000000e+00,6.063802e-18,6.017155e-18,6.257547e-22,2.880537e-31,3.867292e-25,1.670586e-21,2.111053e-22,-1.059086e-32
146.6320,178.32,275.0000,9.752701e+01,2.479133e-01,P_CO2,2.308731e-03,1.035826e+00,0.2306%,3.261072e-02,3.120017e-02,1.100698e-04,8.162882e-16,2.104715e-09,7.693739e-05,2.087488e-06,0.000000e+00,0.000000e+00,1.550633e-17,0.000000e+00,0.000000e+00,0.000000e+00,0.000000e+00,0.000000e+00,0.000000e+00,2.514243e-17,3.675192e-27,1.303051e-17,3.428685e-31,3.733605e-22,9.363794e-18,2.473018e-19,3.178276e-40,-1.921896e-17,-9.609599e-18,-1.302970e-17,-1.033683e-32,-3.728318e-22,-9.361919e-18,-2.470381e-19,-1.032841e-32,0.000000e+00,0.000000e+00,0.000000e+00,0.000000e+00,0.000000e+00,0.000000e+00,0.000000e+00,0.000000e+00,5.923471e-18,5.896730e-18,8.108933e-22,3.325317e-31,5.286561e-25,1.874530e-21,2.637639e-22,-1.032841e-32
164.4642,178.32,275.0000,1.188675e+02,2.292852e-01,C,2.291874e-03,1.035826e+00,0.2289%,3.591322e-02,3.449044e-02,1.105058e-04,1.016859e-15,2.411318e-09,7.797050e-05,2.236780e-06,0.000000e+00,0.000000e+00,1.550633e-17,0.000000e+00,0.000000e+00,0.000000e+00,0.000000e+00,0.000000e+00,0.000000e+00,2.524420e-17,2.993932e-26,1.314715e-17,3.892890e-31,4.277199e-22,9.452772e-18,2.704352e-19,2.282428e-39,-1.944350e-17,-9.721875e-18,-1.314644e-17,-1.023629e-32,-4.271805e-22,-9.450996e-18,-2.701762e-19,-1.022590e-32,0.000000e+00,0.000000e+00,0.000000e+00,0.000000e+00,0.000000e+00,0.000000e+00,0.000000e+00,0.000000e+00,5.800694e-18,5.784454e-18,7.085818e-22,3.790527e-31,5.393778e-25,1.776127e-21,2.589656e-22,-1.022590e-32
184.4642,200.00,275.0000,1.448799e+02,2.238945e-01,C,2.276268e-03,1.035826e+00,0.2274%,3.955131e-02,3.811802e-02,1.199941e-04,1.273241e-15,3.098620e-09,8.563308e-05,2.601516e-06,0.000000e+00,0.000000e+00,1.550633e-17,0.000000e+00,0.000000e+00,0.000000e+00,0.000000e+00,0.000000e+00,0.000000e+00,2.534417e-17,2.024394e-25,1.325634e-17,4.430595e-31,4.900074e-22,9.539075e-18,2.952176e-19,1.381652e-38,-1.966572e-17,-9.832994e-18,-1.325560e-17,-1.029247e-32,-4.893753e-22,-9.537277e-18,-2.949358e-19,-1.027940e-32,0.000000e+00,0.000000e+00,0.000000e+00,0.000000e+00,0.000000e+00,0.000000e+00,0.000000e+00,0.000000e+00,5.678448e-18,5.673336e-18,7.387292e-22,4.327670e-31,6.320603e-25,1.798643e-21,2.817293e-22,-1.027939e-32
204.4642,200.00,275.0000,1.730968e+02,2.189015e-01,C,2.263346e-03,1.035826e+00,0.2261%,4.310456e-02,4.166993e-02,1.204484e-04,1.564408e-15,3.517723e-09,8.674821e-05,2.781331e-06,0.000000e+00,0.000000e+00,1.550633e-17,0.000000e+00,0.000000e+00,0.000000e+00,0.000000e+00,0.000000e+00,0.000000e+00,2.544237e-17,9.792632e-25,1.335481e-17,4.988277e-31,5.561946e-22,9.617845e-18,3.201874e-19,6.081951e-38,-1.987330e-17,-9.936793e-18,-1.335404e-17,-1.049067e-32,-5.554338e-22,-9.616045e-18,-3.198780e-19,-1.047431e-32,0.000000e+00,0.000000e+00,0.000000e+00,0.000000e+00,0.000000e+00,0.000000e+00,0.000000e+00,0.000000e+00,5.569067e-18,5.569537e-18,7.710495e-22,4.883370e-31,7.607901e-25,1.800143e-21,3.094314e-22,-1.047425e-32
224.4642,200.00,275.0000,2.032828e+02,2.143469e-01,C,2.252592e-03,1.035826e+00,0.2250%,4.659126e-02,4.515899e-02,1.208572e-04,1.891070e-15,3.950103e-09,8.780565e-05,2.957229e-06,0.000000e+00,0.000000e+00,1.550633e-17,0.000000e+00,0.000000e+00,0.000000e+00,0.000000e+00,0.000000e+00,0.000000e+00,2.553200e-17,-1.148013e-31,1.344169e-17,5.558960e-31,6.244423e-22,9.688641e-18,3.445763e-19,-3.758802e-42,-2.006412e-17,-1.003222e-17,-1.344103e-17,-1.080775e-32,-6.236971e-22,-9.686963e-18,-3.442848e-19,-1.078737e-32,0.000000e+00,0.000000e+00,0.000000e+00,0.000000e+00,0.000000e+00,0.000000e+00,0.000000e+00,0.000000e+00,5.467885e-18,5.474110e-18,6.632672e-22,5.450883e-31,7.451314e-25,1.677988e-21,2.915205e-22,-1.078737e-32
244.4642,200.00,275.0000,2.353589e+02,2.101541e-01,C,2.243547e-03,1.035826e+00,0.2241%,5.001671e-02,4.859004e-02,1.212299e-04,2.253977e-15,4.394986e-09,8.881497e-05,3.129442e-06,0.000000e+00,0.000000e+00,1.550633e-17,0.000000e+00,0.000000e+00,0.000000e+00,0.000000e+00,0.000000e+00,0.000000e+00,2.561548e-17,2.296026e-31,1.351949e-17,6.141757e-31,6.946086e-22,9.753014e-18,3.684223e-19,-2.088224e-42,-2.024105e-17,-1.012070e-17,-1.351893e-17,-1.122377e-32,-6.939107e-22,-9.751462e-18,-3.681567e-19,-1.119857e-32,0.000000e+00,0.000000e+00,0.000000e+00,0.000000e+00,0.000000e+00,0.000000e+00,0.000000e+00,0.000000e+00,5.374430e-18,5.385625e-18,5.535083e-22,6.029519e-31,6.979016e-25,1.551802e-21,2.655996e-22,-1.119857e-32
264.4642,200.00,275.0000,2.692194e+02,2.062684e-01,C,2.235871e-03,1.035826e+00,0.2233%,5.338555e-02,5.196710e-02,1.215736e-04,2.653807e-15,4.851673e-09,8.978116e-05,3.298126e-06,0.000000e+00,0.000000e+00,1.550633e-17,0.000000e+00,0.000000e+00,0.000000e+00,0.000000e+00,0.000000e+00,0.000000e+00,2.569444e-17,1.377616e-30,1.359001e-17,6.736068e-31,7.665858e-22,9.812112e-18,3.917631e-19,3.758802e-42,-2.040609e-17,-1.020325e-17,-1.358943e-17,-1.172201e-32,-7.657808e-22,-9.810563e-18,-3.914784e-19,-1.169105e-32,0.000000e+00,0.000000e+00,0.000000e+00,0.000000e+00,0.000000e+00,0.000000e+00,0.000000e+00,0.000000e+00,5.288349e-18,5.303076e-18,5.763191e-22,6.618848e-31,8.049652e-25,1.549096e-21,2.847214e-22,-1.169105e-32
284.4642,200.00,275.0000,3.047715e+02,2.026408e-01,C,2.229324e-03,1.035826e+00,0.2227%,5.670157e-02,5.529361e-02,1.218927e-04,3.091140e-15,5.318636e-09,9.070818e-05,3.463185e-06,0.000000e+00,0.000000e+00,1.550633e-17,0.000000e+00,0.000000e+00,0.000000e+00,0.000000e+00,0.000000e+00,0.000000e+00,2.576911e-17,5.453062e-30,1.365448e-17,7.340030e-31,8.401175e-22,9.866708e-18,4.145885e-19,-2.088224e-42,-2.056113e-17,-1.028080e-17,-1.365389e-17,-1.228890e-32,-8.392106e-22,-9.865166e-18,-4.142865e-19,-1.225118e-32,0.000000e+00,0.000000e+00,0.000000e+00,0.000000e+00,0.000000e+00,0.000000e+00,0.000000e+00,0.000000e+00,5.207978e-18,5.225526e-18,5.969509e-22,7.217141e-31,9.069225e-25,1.542417e-21,3.020198e-22,-1.225118e-32
304.4642,200.00,275.0000,3.419134e+02,1.992364e-01,C,2.223725e-03,1.035826e+00,0.2221%,5.996811e-02,5.857252e-02,1.221900e-04,3.566496e-15,5.793544e-09,9.159805e-05,3.624293e-06,0.000000e+00,0.000000e+00,1.550633e-17,0.000000e+00,0.000000e+00,0.000000e+00,0.000000e+00,0.000000e+00,0.000000e+00,2.583881e-17,2.709311e-29,1.371376e-17,7.950688e-31,9.148151e-22,9.917323e-18,4.368544e-19,4.594092e-42,-2.070747e-17,-1.035401e-17,-1.371328e-17,-1.291247e-32,-9.140205e-22,-9.915916e-18,-4.365920e-19,-1.286693e-32,0.000000e+00,0.000000e+00,0.000000e+00,0.000000e+00,0.000000e+00,0.000000e+00,0.000000e+00,0.000000e+00,5.131348e-18,5.152320e-18,4.806961e-22,7.821563e-31,7.945588e-25,1.407195e-21,2.624368e-22,-1.286693e-32
324.4642,200.00,275.0000,3.805670e+02,1.960262e-01,C,2.218901e-03,1.035826e+00,0.2216%,6.318796e-02,6.180645e-02,1.224694e-04,4.080318e-15,6.276805e-09,9.245510e-05,3.781898e-06,0.000000e+00,0.000000e+00,1.550633e-17,0.000000e+00,0.000000e+00,0.000000e+00,0.000000e+00,0.000000e+00,0.000000e+00,2.590533e-17,1.003363e-28,1.376876e-17,8.568958e-31,9.907362e-22,9.964608e-18,4.586306e-19,1.252934e-42,-2.084620e-17,-1.042342e-17,-1.376840e-17,-1.358314e-32,-9.900883e-22,-9.963343e-18,-4.584137e-19,-1.352868e-32,0.000000e+00,0.000000e+00,0.000000e+00,0.000000e+00,0.000000e+00,0.000000e+00,0.000000e+00,0.000000e+00,5.059128e-18,5.082909e-18,3.620708e-22,8.433126e-31,6.479555e-25,1.265668e-21,2.168867e-22,-1.352868e-32
344.4642,200.00,275.0000,4.206529e+02,1.929971e-01,C,2.214731e-03,1.035826e+00,0.2212%,6.636361e-02,6.499769e-02,1.227332e-04,4.633001e-15,6.767629e-09,9.328192e-05,3.936080e-06,0.000000e+00,0.000000e+00,1.550633e-17,0.000000e+00,0.000000e+00,0.000000e+00,0.000000e+00,0.000000e+00,0.000000e+00,2.596896e-17,3.305130e-28,1.382007e-17,9.193984e-31,1.067746e-21,1.000898e-17,4.799298e-19,9.605828e-42,-2.097778e-17,-1.048926e-17,-1.381970e-17,-1.429230e-32,-1.067017e-21,-1.000772e-17,-4.797013e-19,-1.422780e-32,0.000000e+00,0.000000e+00,0.000000e+00,0.000000e+00,0.000000e+00,0.000000e+00,0.000000e+00,0.000000e+00,4.991181e-18,5.017073e-18,3.771169e-22,9.051061e-31,7.294390e-25,1.257160e-21,2.284973e-22,-1.422780e-32
364.4642,200.00,275.0000,4.621009e+02,1.901250e-01,C,2.211122e-03,1.035826e+00,0.2209%,6.949725e-02,6.814831e-02,1.229829e-04,5.224891e-15,7.264623e-09,9.408068e-05,4.086782e-06,0.000000e+00,0.000000e+00,1.550633e-17,0.000000e+00,0.000000e+00,0.000000e+00,0.000000e+00,0.000000e+00,0.000000e+00,2.602953e-17,9.686934e-28,1.386813e-17,9.824226e-31,1.145617e-21,1.005072e-17,5.007414e-19,2.380575e-41,-2.110314e-17,-1.055199e-17,-1.386774e-17,-1.503313e-32,-1.144812e-21,-1.004947e-17,-5.005028e-19,-1.495747e-32,0.000000e+00,0.000000e+00,0.000000e+00,0.000000e+00,0.000000e+00,0.000000e+00,0.000000e+00,0.000000e+00,4.926382e-18,4.954339e-18,3.907401e-22,9.673894e-31,8.058798e-25,1.249950e-21,2.385588e-22,-1.495747e-32
384.4642,200.00,275.0000,5.048226e+02,1.873931e-01,C,2.207989e-03,1.035826e+00,0.2206%,7.259090e-02,7.126013e-02,1.232201e-04,5.856316e-15,7.767349e-09,9.485270e-05,4.234116e-06,0.000000e+00,0.000000e+00,1.550633e-17,0.000000e+00,0.000000e+00,0.000000e+00,0.000000e+00,0.000000e+00,0.000000e+00,2.608744e-17,2.582226e-27,1.391336e-17,1.045933e-30,1.224263e-21,1.009014e-17,5.210866e-19,4.051154e-41,-2.122294e-17,-1.061195e-17,-1.391295e-17,-1.579893e-32,-1.223380e-21,-1.008890e-17,-5.208370e-19,-1.571095e-32,0.000000e+00,0.000000e+00,0.000000e+00,0.000000e+00,0.000000e+00,0.000000e+00,0.000000e+00,0.000000e+00,4.864499e-18,4.894384e-18,4.035900e-22,1.030134e-30,8.831602e-25,1.243122e-21,2.495264e-22,-1.571095e-32
404.4642,200.00,275.0000,5.487730e+02,1.847825e-01,C,2.205261e-03,1.035826e+00,0.2203%,7.564627e-02,7.433483e-02,1.234467e-04,6.527539e-15,8.276341e-09,9.560120e-05,4.378448e-06,0.000000e+00,0.000000e+00,1.550633e-17,0.000000e+00,0.000000e+00,0.000000e+00,0.000000e+00,0.000000e+00,0.000000e+00,2.614364e-17,6.334851e-27,1.395614e-17,1.110017e-30,1.303752e-21,1.012755e-17,5.410163e-19,9.856415e-41,-2.133792e-17,-1.066950e-17,-1.395573e-17,-1.658559e-32,-1.302789e-21,-1.012632e-17,-5.407576e-19,-1.648406e-32,0.000000e+00,0.000000e+00,0.000000e+00,0.000000e+00,0.000000e+00,0.000000e+00,0.000000e+00,0.000000e+00,4.805723e-18,4.836834e-18,4.157439e-22,1.093432e-30,9.624210e-25,1.230010e-21,2.587048e-22,-1.648406e-32
424.4642,200.00,275.0000,5.938898e+02,1.822807e-01,C,2.202893e-03,1.035826e+00,0.2200%,7.866496e-02,7.737395e-02,1.236626e-04,7.238810e-15,8.788916e-09,9.632682e-05,4.519407e-06,0.000000e+00,0.000000e+00,1.550633e-17,0.000000e+00,0.000000e+00,0.000000e+00,0.000000e+00,0.000000e+00,0.000000e+00,2.619694e-17,1.445957e-26,1.399662e-17,1.174352e-30,1.383649e-21,1.016302e-17,5.604706e-19,2.150870e-40,-2.144853e-17,-1.072489e-17,-1.399634e-17,-1.740754e-32,-1.382961e-21,-1.016194e-17,-5.602750e-19,-1.728211e-32,0.000000e+00,0.000000e+00,0.000000e+00,0.000000e+00,0.000000e+00,0.000000e+00,0.000000e+00,0.000000e+00,4.748414e-18,4.781444e-18,2.865847e-22,1.156944e-30,6.880910e-25,1.080910e-21,1.956450e-22,-1.728211e-32
444.4642,200.00,275.0000,6.401100e+02,1.799010e-01,C,2.200836e-03,1.035826e+00,0.2198%,8.164845e-02,8.037886e-02,1.238691e-04,7.990363e-15,9.304969e-09,9.703091e-05,4.657160e-06,0.000000e+00,0.000000e+00,1.550633e-17,0.000000e+00,0.000000e+00,0.000000e+00,0.000000e+00,0.000000e+00,0.000000e+00,2.624772e-17,3.099142e-26,1.403504e-17,1.238925e-30,1.463920e-21,1.019674e-17,5.794754e-19,4.523092e-40,-2.155423e-17,-1.077779e-17,-1.403474e-17,-1.820481e-32,-1.463158e-21,-1.019566e-17,-5.792717e-19,-1.807168e-32,0.000000e+00,0.000000e+00,0.000000e+00,0.000000e+00,0.000000e+00,0.000000e+00,0.000000e+00,0.000000e+00,4.693483e-18,4.728540e-18,2.959891e-22,1.220721e-30,7.618513e-25,1.078388e-21,2.037446e-22,-1.807168e-32
464.4642,200.00,275.0000,6.873765e+02,1.776058e-01,C,2.199038e-03,1.035826e+00,0.2197%,8.459811e-02,8.335084e-02,1.240681e-04,8.782408e-15,9.827126e-09,9.771590e-05,4.792435e-06,0.000000e+00,0.000000e+00,1.550633e-17,0.000000e+00,0.000000e+00,0.000000e+00,0.000000e+00,0.000000e+00,0.000000e+00,2.629796e-17,6.285130e-26,1.407180e-17,1.304117e-30,1.544984e-21,1.022906e-17,5.981447e-19,8.849891e-40,-2.165654e-17,-1.082902e-17,-1.407149e-17,-1.903135e-32,-1.544170e-21,-1.022799e-17,-5.979348e-19,-1.887944e-32,0.000000e+00,0.000000e+00,0.000000e+00,0.000000e+00,0.000000e+00,0.000000e+00,0.000000e+00,0.000000e+00,4.641423e-18,4.677311e-18,3.051715e-22,1.285086e-30,8.138309e-25,1.063821e-21,2.098907e-22,-1.887943e-32
484.4642,200.00,275.0000,7.356582e+02,1.754006e-01,C,2.197480e-03,1.035826e+00,0.2195%,8.751511e-02,8.629107e-02,1.242591e-04,9.615109e-15,1.035216e-08,9.838250e-05,4.924736e-06,0.000000e+00,0.000000e+00,1.550633e-17,0.000000e+00,0.000000e+00,0.000000e+00,0.000000e+00,0.000000e+00,0.000000e+00,2.634603e-17,1.213367e-25,1.410687e-17,1.369505e-30,1.626295e-21,1.025992e-17,6.163939e-19,1.647191e-39,-2.175514e-17,-1.087843e-17,-1.410655e-17,-1.988915e-32,-1.625418e-21,-1.025886e-17,-6.161780e-19,-1.970362e-32,0.000000e+00,0.000000e+00,0.000000e+00,0.000000e+00,0.000000e+00,0.000000e+00,0.000000e+00,0.000000e+00,4.590898e-18,4.627903e-18,3.136822e-22,1.349616e-30,8.776964e-25,1.053516e-21,2.159490e-22,-1.970361e-32
504.4642,200.00,275.0000,7.849027e+02,1.732850e-01,C,2.196132e-03,1.035826e+00,0.2194%,9.040058e-02,8.920064e-02,1.244426e-04,1.048863e-14,1.087894e-08,9.903139e-05,5.054030e-06,0.000000e+00,0.000000e+00,1.550633e-17,0.000000e+00,0.000000e+00,0.000000e+00,0.000000e+00,0.000000e+00,0.000000e+00,2.639177e-17,2.241857e-25,1.414036e-17,1.434977e-30,1.707684e-21,1.028940e-17,6.342173e-19,2.956507e-39,-2.185010e-17,-1.092600e-17,-1.414004e-17,-2.073889e-32,-1.706744e-21,-1.028835e-17,-6.339953e-19,-2.052355e-32,0.000000e+00,0.000000e+00,0.000000e+00,0.000000e+00,0.000000e+00,0.000000e+00,0.000000e+00,0.000000e+00,4.541665e-18,4.580327e-18,3.221019e-22,1.414238e-30,9.398883e-25,1.051047e-21,2.219852e-22,-2.052355e-32
524.4642,200.00,275.0000,8.350590e+02,1.712427e-01,C,2.194965e-03,1.035826e+00,0.2193%,9.325564e-02,9.208057e-02,1.246198e-04,1.140316e-14,1.140959e-08,9.966411e-05,5.180841e-06,0.000000e+00,0.000000e+00,1.550633e-17,0.000000e+00,0.000000e+00,0.000000e+00,0.000000e+00,0.000000e+00,0.000000e+00,2.643646e-17,3.983068e-25,1.417254e-17,1.500807e-30,1.789457e-21,1.031774e-17,6.516971e-19,5.083154e-39,-2.194210e-17,-1.097209e-17,-1.417221e-17,-2.158611e-32,-1.788447e-21,-1.031670e-17,-6.514679e-19,-2.134172e-32,0.000000e+00,0.000000e+00,0.000000e+00,0.000000e+00,0.000000e+00,0.000000e+00,0.000000e+00,0.000000e+00,4.494369e-18,4.534236e-18,3.292417e-22,1.479220e-30,1.010163e-24,1.042894e-21,2.291632e-22,-2.134171e-32
544.4642,200.00,275.0000,8.860862e+02,1.692675e-01,C,2.193958e-03,1.035826e+00,0.2192%,9.608127e-02,9.493183e-02,1.247913e-04,1.235883e-14,1.194410e-08,1.002817e-04,5.305293e-06,0.000000e+00,0.000000e+00,1.550633e-17,0.000000e+00,0.000000e+00,0.000000e+00,0.000000e+00,0.000000e+00,0.000000e+00,2.648030e-17,6.831704e-25,1.420352e-17,1.567008e-30,1.871607e-21,1.034504e-17,6.688510e-19,8.487793e-39,-2.203136e-17,-1.101682e-17,-1.420318e-17,-2.243376e-32,-1.870536e-21,-1.034401e-17,-6.686164e-19,-2.215846e-32,0.000000e+00,0.000000e+00,0.000000e+00,0.000000e+00,0.000000e+00,0.000000e+00,0.000000e+00,0.000000e+00,4.448939e-18,4.489507e-18,3.372213e-22,1.544574e-30,1.070914e-24,1.031872e-21,2.345394e-22,-2.215846e-32
564.4642,200.00,275.0000,9.379549e+02,1.673631e-01,C,2.193098e-03,1.035826e+00,0.2191%,9.887838e-02,9.775530e-02,1.249568e-04,1.335577e-14,1.247988e-08,1.008844e-04,5.427051e-06,0.000000e+00,0.000000e+00,1.550633e-17,0.000000e+00,0.000000e+00,0.000000e+00,0.000000e+00,0.000000e+00,0.000000e+00,2.652223e-17,1.134907e-24,1.423327e-17,1.633266e-30,1.953711e-21,1.037125e-17,6.856227e-19,1.373842e-38,-2.211770e-17,-1.106009e-17,-1.423293e-17,-2.328109e-32,-1.952572e-21,-1.037022e-17,-6.853827e-19,-2.297247e-32,0.000000e+00,0.000000e+00,0.000000e+00,0.000000e+00,0.000000e+00,0.000000e+00,0.000000e+00,0.000000e+00,4.404534e-18,4.446239e-18,3.435090e-22,1.609985e-30,1.139029e-24,1.024565e-21,2.399322e-22,-2.297246e-32
584.4642,200.00,275.0000,9.906143e+02,1.655129e-01,C,2.192366e-03,1.035826e+00,0.2190%,1.016479e-01,1.005518e-01,1.251168e-04,1.439414e-14,1.301724e-08,1.014730e-04,5.546287e-06,0.000000e+00,0.000000e+00,1.550633e-17,0.000000e+00,0.000000e+00,0.000000e+00,0.000000e+00,0.000000e+00,0.000000e+00,2.656264e-17,1.831554e-24,1.426192e-17,1.699640e-30,2.035805e-21,1.039648e-17,7.020396e-19,2.163191e-38,-2.220184e-17,-1.110227e-17,-1.426172e-17,-2.412714e-32,-2.035117e-21,-1.039561e-17,-7.018815e-19,-2.378261e-32,0.000000e+00,0.000000e+00,0.000000e+00,0.000000e+00,0.000000e+00,0.000000e+00,0.000000e+00,0.000000e+00,4.360805e-18,4.404065e-18,2.008209e-22,1.675512e-30,6.879644e-25,8.712295e-22,1.580643e-22,-2.378258e-32
604.4642,200.00,275.0000,1.044045e+03,1.637303e-01,C,2.191749e-03,1.035826e+00,0.2189%,1.043905e-01,1.033222e-01,1.252719e-04,1.547403e-14,1.355711e-08,1.020487e-04,5.663275e-06,0.000000e+00,0.000000e+00,1.550633e-17,0.000000e+00,0.000000e+00,0.000000e+00,0.000000e+00,0.000000e+00,0.000000e+00,2.660203e-17,2.879097e-24,1.428959e-17,1.766237e-30,2.118025e-21,1.042084e-17,7.181414e-19,3.321445e-38,-2.228314e-17,-1.114303e-17,-1.428938e-17,-2.497055e-32,-2.117289e-21,-1.041997e-17,-7.179784e-19,-2.458741e-32,0.000000e+00,0.000000e+00,0.000000e+00,0.000000e+00,0.000000e+00,0.000000e+00,0.000000e+00,0.000000e+00,4.318892e-18,4.363307e-18,2.061599e-22,1.741266e-30,7.362715e-25,8.658411e-22,1.630389e-22,-2.458738e-32
624.4642,200.00,275.0000,1.098213e+03,1.619974e-01,C,2.191234e-03,1.035826e+00,0.2189%,1.071071e-01,1.060671e-01,1.254229e-04,1.659557e-14,1.410059e-08,1.026125e-04,5.778294e-06,0.000000e+00,0.000000e+00,1.550633e-17,0.000000e+00,0.000000e+00,0.000000e+00,0.000000e+00,0.000000e+00,0.000000e+00,2.664099e-17,4.418672e-24,1.431640e-17,1.833211e-30,2.200532e-21,1.044444e-17,7.339709e-19,4.986051e-38,-2.236240e-17,-1.118277e-17,-1.431619e-17,-2.581108e-32,-2.199755e-21,-1.044358e-17,-7.338062e-19,-2.538658e-32,0.000000e+00,0.000000e+00,0.000000e+00,0.000000e+00,0.000000e+00,0.000000e+00,0.000000e+00,0.000000e+00,4.278584e-18,4.323565e-18,2.111493e-22,1.807400e-30,7.767575e-25,8.546582e-22,1.646952e-22,-2.538653e-32
644.4642,200.00,275.0000,1.153078e+03,1.603276e-01,C,2.190814e-03,1.035826e+00,0.2188%,1.097984e-01,1.087873e-01,1.255684e-04,1.775887e-14,1.464227e-08,1.031634e-04,5.890550e-06,0.000000e+00,0.000000e+00,1.550633e-17,0.000000e+00,0.000000e+00,0.000000e+00,0.000000e+00,0.000000e+00,0.000000e+00,2.667745e-17,6.632643e-24,1.434218e-17,1.899909e-30,2.282468e-21,1.046711e-17,7.494024e-19,7.328913e-38,-2.243900e-17,-1.122118e-17,-1.434196e-17,-2.664689e-32,-2.281647e-21,-1.046626e-17,-7.492327e-19,-2.617819e-32,0.000000e+00,0.000000e+00,0.000000e+00,0.000000e+00,0.000000e+00,0.000000e+00,0.000000e+00,0.000000e+00,4.238458e-18,4.285158e-18,2.158487e-22,1.873263e-30,8.214707e-25,8.566191e-22,1.696919e-22,-2.617811e-32
664.4642,200.00,275.0000,1.208602e+03,1.586914e-01,C,2.190473e-03,1.035826e+00,0.2188%,1.124651e-01,1.114834e-01,1.257113e-04,1.896409e-14,1.519073e-08,1.037040e-04,6.001494e-06,0.000000e+00,0.000000e+00,1.550633e-17,0.000000e+00,0.000000e+00,0.000000e+00,0.000000e+00,0.000000e+00,0.000000e+00,2.671488e-17,9.759018e-24,1.436736e-17,1.967386e-30,2.365159e-21,1.048926e-17,7.646648e-19,1.057117e-37,-2.251424e-17,-1.125892e-17,-1.436714e-17,-2.745853e-32,-2.364298e-21,-1.048842e-17,-7.644923e-19,-2.696508e-32,0.000000e+00,0.000000e+00,0.000000e+00,0.000000e+00,0.000000e+00,0.000000e+00,0.000000e+00,0.000000e+00,4.200633e-18,4.247417e-18,2.206624e-22,1.939928e-30,8.606769e-25,8.417566e-22,1.725127e-22,-2.696497e-32
684.4642,200.00,275.0000,1.264794e+03,1.571121e-01,C,2.190209e-03,1.035826e+00,0.2188%,1.151077e-01,1.141561e-01,1.258492e-04,2.021124e-14,1.573715e-08,1.042335e-04,6.109841e-06,0.000000e+00,0.000000e+00,1.550633e-17,0.000000e+00,0.000000e+00,0.000000e+00,0.000000e+00,0.000000e+00,0.000000e+00,2.674995e-17,2.296026e-31,1.439162e-17,2.034544e-30,2.447215e-21,1.051058e-17,7.795489e-19,-5.429381e-42,-2.258705e-17,-1.129545e-17,-1.439140e-17,-2.830090e-32,-2.446309e-21,-1.050974e-17,-7.793733e-19,-2.774315e-32,0.000000e+00,0.000000e+00,0.000000e+00,0.000000e+00,0.000000e+00,0.000000e+00,0.000000e+00,0.000000e+00,4.162904e-18,4.210882e-18,2.249784e-22,2.006243e-30,9.059578e-25,8.392279e-22,1.756530e-22,-2.774315e-32
704.4642,200.00,275.0000,1.321598e+03,1.555714e-01,C,2.190013e-03,1.035826e+00,0.2188%,1.177269e-01,1.168059e-01,1.259839e-04,2.150045e-14,1.628716e-08,1.047530e-04,6.216528e-06,0.000000e+00,0.000000e+00,1.550633e-17,0.000000e+00,0.000000e+00,0.000000e+00,0.000000e+00,0.000000e+00,0.000000e+00,2.678489e-17,4.592052e-31,1.441525e-17,2.102125e-30,2.529511e-21,1.053132e-17,7.942055e-19,-2.088224e-42,-2.265828e-17,-1.133118e-17,-1.441502e-17,-2.912675e-32,-2.528566e-21,-1.053049e-17,-7.940270e-19,-2.851057e-32,0.000000e+00,0.000000e+00,0.000000e+00,0.000000e+00,0.000000e+00,0.000000e+00,0.000000e+00,0.000000e+00,4.126616e-18,4.175150e-18,2.292819e-22,2.072998e-30,9.451117e-25,8.305353e-22,1.784814e-22,-2.851057e-32
724.4642,200.00,275.0000,1.378989e+03,1.540706e-01,C,2.189878e-03,1.035826e+00,0.2187%,1.203234e-01,1.194334e-01,1.261144e-04,2.283185e-14,1.683535e-08,1.052618e-04,6.320797e-06,0.000000e+00,0.000000e+00,1.550633e-17,0.000000e+00,0.000000e+00,0.000000e+00,0.000000e+00,0.000000e+00,0.000000e+00,2.681782e-17,4.592052e-31,1.443808e-17,2.169459e-30,2.611170e-21,1.055135e-17,8.085137e-19,-2.088224e-42,-2.272783e-17,-1.136608e-17,-1.443800e-17,-2.994315e-32,-2.610825e-21,-1.055067e-17,-8.084279e-19,-2.926877e-32,0.000000e+00,0.000000e+00,0.000000e+00,0.000000e+00,0.000000e+00,0.000000e+00,0.000000e+00,0.000000e+00,4.089988e-18,4.140248e-18,7.681907e-23,2.139516e-30,3.451975e-25,6.775250e-22,8.575327e-23,-2.926877e-32
744.4642,200.00,275.0000,1.436954e+03,1.526112e-01,C,2.189798e-03,1.035826e+00,0.2187%,1.228976e-01,1.220392e-01,1.262423e-04,2.420552e-14,1.738823e-08,1.057621e-04,6.423708e-06,0.000000e+00,0.000000e+00,1.550633e-17,0.000000e+00,0.000000e+00,0.000000e+00,0.000000e+00,0.000000e+00,0.000000e+00,2.685107e-17,4.592052e-31,1.446039e-17,2.237334e-30,2.693222e-21,1.057090e-17,8.226381e-19,5.011737e-42,-2.279563e-17,-1.140011e-17,-1.446031e-17,-3.075262e-32,-2.692859e-21,-1.057024e-17,-8.225509e-19,-3.001806e-32,0.000000e+00,0.000000e+00,0.000000e+00,0.000000e+00,0.000000e+00,0.000000e+00,0.000000e+00,0.000000e+00,4.055436e-18,4.106223e-18,7.982663e-23,2.206581e-30,3.637432e-25,6.689451e-22,8.714243e-23,-3.001806e-32
764.4642,200.00,275.0000,1.495459e+03,1.511949e-01,C,2.189768e-03,1.035826e+00,0.2187%,1.254502e-01,1.246238e-01,1.263676e-04,2.562159e-14,1.794469e-08,1.062536e-04,6.525127e-06,0.000000e+00,0.000000e+00,1.550633e-17,0.000000e+00,0.000000e+00,0.000000e+00,0.000000e+00,0.000000e+00,0.000000e+00,2.688422e-17,3.444039e-30,1.448217e-17,2.305617e-30,2.775482e-21,1.058999e-17,8.365584e-19,3.758802e-42,-2.286158e-17,-1.143321e-17,-1.448193e-17,-3.155522e-32,-2.774399e-21,-1.058918e-17,-8.363718e-19,-3.075767e-32,0.000000e+00,0.000000e+00,0.000000e+00,0.000000e+00,0.000000e+00,0.000000e+00,0.000000e+00,0.000000e+00,4.022645e-18,4.073121e-18,2.411530e-22,2.274062e-30,1.083138e-24,8.105365e-22,1.866170e-22,-3.075767e-32
784.4642,200.00,275.0000,1.554502e+03,1.498124e-01,C,2.189784e-03,1.035826e+00,0.2187%,1.279815e-01,1.271877e-01,1.264890e-04,2.708012e-14,1.849897e-08,1.067360e-04,6.624315e-06,0.000000e+00,0.000000e+00,1.550633e-17,0.000000e+00,0.000000e+00,0.000000e+00,0.000000e+00,0.000000e+00,0.000000e+00,2.691551e-17,3.673642e-30,1.450325e-17,2.373641e-30,2.857035e-21,1.060844e-17,8.501541e-19,1.044112e-41,-2.292610e-17,-1.146560e-17,-1.450301e-17,-3.235207e-32,-2.855914e-21,-1.060763e-17,-8.499649e-19,-3.148835e-32,0.000000e+00,0.000000e+00,0.000000e+00,0.000000e+00,0.000000e+00,0.000000e+00,0.000000e+00,0.000000e+00,3.989412e-18,4.040730e-18,2.447828e-22,2.341289e-30,1.120727e-24,8.068099e-22,1.892309e-22,-3.148835e-32
804.4642,200.00,275.0000,1.614036e+03,1.484652e-01,C,2.189842e-03,1.035826e+00,0.2187%,1.304922e-01,1.297312e-01,1.266075e-04,2.858124e-14,1.905415e-08,1.072098e-04,6.721749e-06,0.000000e+00,0.000000e+00,1.550633e-17,0.000000e+00,0.000000e+00,0.000000e+00,0.000000e+00,0.000000e+00,0.000000e+00,2.694596e-17,5.280860e-30,1.452378e-17,2.441769e-30,2.938345e-21,1.062639e-17,8.635025e-19,3.758802e-42,-2.298911e-17,-1.149724e-17,-1.452353e-17,-3.314223e-32,-2.937179e-21,-1.062558e-17,-8.633091e-19,-3.220902e-32,0.000000e+00,0.000000e+00,0.000000e+00,0.000000e+00,0.000000e+00,0.000000e+00,0.000000e+00,0.000000e+00,3.956853e-18,4.009089e-18,2.483903e-22,2.408627e-30,1.166669e-24,8.043518e-22,1.934288e-22,-3.220902e-32
824.4642,200.00,275.0000,1.674053e+03,1.471432e-01,C,2.189938e-03,1.035826e+00,0.2188%,1.329826e-01,1.322550e-01,1.267240e-04,3.012505e-14,1.961362e-08,1.076762e-04,6.817954e-06,0.000000e+00,0.000000e+00,1.550633e-17,0.000000e+00,0.000000e+00,0.000000e+00,0.000000e+00,0.000000e+00,0.000000e+00,2.697667e-17,1.125053e-29,1.454389e-17,2.510414e-30,3.019934e-21,1.064396e-17,8.766847e-19,1.252934e-42,-2.305108e-17,-1.152836e-17,-1.454364e-17,-3.392662e-32,-3.018726e-21,-1.064317e-17,-8.764907e-19,-3.292048e-32,0.000000e+00,0.000000e+00,0.000000e+00,0.000000e+00,0.000000e+00,0.000000e+00,0.000000e+00,0.000000e+00,3.925598e-18,3.977972e-18,2.518037e-22,2.476487e-30,1.208564e-24,7.941988e-22,1.940912e-22,-3.292048e-32
844.4642,200.00,275.0000,1.734534e+03,1.458590e-01,C,2.190068e-03,1.035826e+00,0.2188%,1.354533e-01,1.347593e-01,1.268372e-04,3.171165e-14,2.017167e-08,1.081343e-04,6.912203e-06,0.000000e+00,0.000000e+00,1.550633e-17,0.000000e+00,0.000000e+00,0.000000e+00,0.000000e+00,0.000000e+00,0.000000e+00,2.700592e-17,1.262814e-29,1.456342e-17,2.578899e-30,3.100907e-21,1.066101e-17,8.895848e-19,1.252934e-42,-2.311140e-17,-1.155866e-17,-1.456317e-17,-3.470417e-32,-3.099652e-21,-1.066022e-17,-8.893867e-19,-3.362163e-32,0.000000e+00,0.000000e+00,0.000000e+00,0.000000e+00,0.000000e+00,0.000000e+00,0.000000e+00,0.000000e+00,3.894519e-18,3.947672e-18,2.552062e-22,2.544195e-30,1.255257e-24,7.911120e-22,1.981260e-22,-3.362163e-32
864.4642,200.00,275.0000,1.795457e+03,1.446023e-01,C,2.190229e-03,1.035826e+00,0.2188%,1.379046e-01,1.372447e-01,1.269481e-04,3.334114e-14,2.073189e-08,1.085851e-04,7.005033e-06,0.000000e+00,0.000000e+00,1.550633e-17,0.000000e+00,0.000000e+00,0.000000e+00,0.000000e+00,0.000000e+00,0.000000e+00,2.703484e-17,2.387867e-29,1.458252e-17,2.647662e-30,3.181814e-21,1.067766e-17,9.022869e-19,-2.923513e-42,-2.317055e-17,-1.158837e-17,-1.458226e-17,-3.547585e-32,-3.180518e-21,-1.067688e-17,-9.020865e-19,-3.431344e-32,0.000000e+00,0.000000e+00,0.000000e+00,0.000000e+00,0.000000e+00,0.000000e+00,0.000000e+00,0.000000e+00,3.864282e-18,3.917957e-18,2.584369e-22,2.612186e-30,1.296088e-24,7.857305e-22,2.004071e-22,-3.431344e-32
884.4642,200.00,275.0000,1.856822e+03,1.433743e-01,C,2.190419e-03,1.035826e+00,0.2188%,1.403369e-01,1.397115e-01,1.270566e-04,3.501363e-14,2.129334e-08,1.090290e-04,7.096367e-06,0.000000e+00,0.000000e+00,1.550633e-17,0.000000e+00,0.000000e+00,0.000000e+00,0.000000e+00,0.000000e+00,0.000000e+00,2.706316e-17,3.466999e-29,1.460117e-17,2.716594e-30,3.262497e-21,1.069391e-17,9.147769e-19,-4.176447e-42,-2.322848e-17,-1.161747e-17,-1.460091e-17,-3.624094e-32,-3.261166e-21,-1.069313e-17,-9.145742e-19,-3.499480e-32,0.000000e+00,0.000000e+00,0.000000e+00,0.000000e+00,0.000000e+00,0.000000e+00,0.000000e+00,0.000000e+00,3.834679e-18,3.888855e-18,2.615714e-22,2.680353e-30,1.330718e-24,7.804802e-22,2.026229e-22,-3.499480e-32
904.4642,200.00,275.0000,1.918608e+03,1.421757e-01,C,2.190635e-03,1.035826e+00,0.2188%,1.427506e-01,1.421602e-01,1.271627e-04,3.672923e-14,2.185507e-08,1.094659e-04,7.186120e-06,0.000000e+00,0.000000e+00,1.550633e-17,0.000000e+00,0.000000e+00,0.000000e+00,0.000000e+00,0.000000e+00,0.000000e+00,2.709063e-17,5.556383e-29,1.461936e-17,2.785576e-30,3.342793e-21,1.070975e-17,9.270408e-19,-6.682315e-42,-2.328512e-17,-1.164594e-17,-1.461910e-17,-3.700019e-32,-3.341420e-21,-1.070897e-17,-9.268360e-19,-3.566675e-32,0.000000e+00,0.000000e+00,0.000000e+00,0.000000e+00,0.000000e+00,0.000000e+00,0.000000e+00,0.000000e+00,3.805517e-18,3.860394e-18,2.645752e-22,2.748576e-30,1.372571e-24,7.775503e-22,2.048515e-22,-3.566675e-32
924.4642,200.00,275.0000,1.980778e+03,1.409965e-01,C,2.190873e-03,1.035826e+00,0.2188%,1.451462e-01,1.445909e-01,1.272661e-04,3.848805e-14,2.241601e-08,1.098956e-04,7.274191e-06,0.000000e+00,0.000000e+00,1.550633e-17,0.000000e+00,0.000000e+00,0.000000e+00,0.000000e+00,0.000000e+00,0.000000e+00,2.711703e-17,8.564177e-29,1.463708e-17,2.854501e-30,3.422516e-21,1.072516e-17,9.390637e-19,-1.670579e-42,-2.334095e-17,-1.167400e-17,-1.463698e-17,-3.775365e-32,-3.421926e-21,-1.072454e-17,-9.389652e-19,-3.632916e-32,0.000000e+00,0.000000e+00,0.000000e+00,0.000000e+00,0.000000e+00,0.000000e+00,0.000000e+00,0.000000e+00,3.776075e-18,3.832331e-18,1.024329e-22,2.816748e-30,5.905783e-25,6.200663e-22,9.850410e-23,-3.632916e-32
944.4642,200.00,275.0000,2.043327e+03,1.398485e-01,C,2.191134e-03,1.035826e+00,0.2189%,1.475240e-01,1.470042e-01,1.273679e-04,4.029023e-14,2.298054e-08,1.103193e-04,7.361196e-06,0.000000e+00,0.000000e+00,1.550633e-17,0.000000e+00,0.000000e+00,0.000000e+00,0.000000e+00,0.000000e+00,0.000000e+00,2.714357e-17,1.276591e-28,1.465449e-17,2.923896e-30,3.502380e-21,1.074028e-17,9.509417e-19,1.252934e-42,-2.339541e-17,-1.170137e-17,-1.465439e-17,-3.850064e-32,-3.501775e-21,-1.073967e-17,-9.508405e-19,-3.698130e-32,0.000000e+00,0.000000e+00,0.000000e+00,0.000000e+00,0.000000e+00,0.000000e+00,0.000000e+00,0.000000e+00,3.748153e-18,3.804957e-18,1.040125e-22,2.885395e-30,6.047994e-25,6.146849e-22,1.012609e-22,-3.698130e-32
964.4642,200.00,275.0000,2.106254e+03,1.387212e-01,C,2.191416e-03,1.035826e+00,0.2189%,1.498843e-01,1.494004e-01,1.274680e-04,4.213586e-14,2.354804e-08,1.107372e-04,7.447074e-06,0.000000e+00,0.000000e+00,1.550633e-17,0.000000e+00,0.000000e+00,0.000000e+00,0.000000e+00,0.000000e+00,0.000000e+00,2.717005e-17,1.924070e-28,1.467158e-17,2.993680e-30,3.582250e-21,1.075512e-17,9.626633e-19,2.505868e-42,-2.344899e-17,-1.172831e-17,-1.467148e-17,-3.924233e-32,-3.581609e-21,-1.075451e-17,-9.625627e-19,-3.762429e-32,0.000000e+00,0.000000e+00,0.000000e+00,0.000000e+00,0.000000e+00,0.000000e+00,0.000000e+00,0.000000e+00,3.721059e-18,3.778022e-18,1.059390e-22,2.954438e-30,6.411744e-25,6.067879e-22,1.005862e-22,-3.762429e-32
984.4642,200.00,275.0000,2.169534e+03,1.376268e-01,C,2.191714e-03,1.035826e+00,0.2189%,1.522275e-01,1.517797e-01,1.275653e-04,4.402506e-14,2.411202e-08,1.111483e-04,7.531082e-06,0.000000e+00,0.000000e+00,1.550633e-17,0.000000e+00,0.000000e+00,0.000000e+00,0.000000e+00,0.000000e+00,0.000000e+00,2.719484e-17,2.808040e-28,1.468817e-17,3.063107e-30,3.661133e-21,1.076951e-17,9.741110e-19,-1.670579e-42,-2.350110e-17,-1.175451e-17,-1.468807e-17,-3.997758e-32,-3.660483e-21,-1.076890e-17,-9.740075e-19,-3.825695e-32,0.000000e+00,0.000000e+00,0.000000e+00,0.000000e+00,0.000000e+00,0.000000e+00,0.000000e+00,0.000000e+00,3.693740e-18,3.751822e-18,1.078652e-22,3.023129e-30,6.503472e-25,6.086162e-22,1.034559e-22,-3.825695e-32
1004.4642,200.00,275.0000,2.233148e+03,1.365432e-01,C,2.192032e-03,1.035826e+00,0.2190%,1.545539e-01,1.541425e-01,1.276618e-04,4.595799e-14,2.468313e-08,1.115544e-04,7.614517e-06,0.000000e+00,0.000000e+00,1.550633e-17,0.000000e+00,0.000000e+00,0.000000e+00,0.000000e+00,0.000000e+00,0.000000e+00,2.722065e-17,4.091518e-28,1.470459e-17,3.133426e-30,3.740645e-21,1.078374e-17,9.854901e-19,-3.341158e-42,-2.355278e-17,-1.178050e-17,-1.470448e-17,-4.070816e-32,-3.739968e-21,-1.078314e-17,-9.853858e-19,-3.888095e-32,0.000000e+00,0.000000e+00,0.000000e+00,0.000000e+00,0.000000e+00,0.000000e+00,0.000000e+00,0.000000e+00,3.667867e-18,3.725831e-18,1.098177e-22,3.092718e-30,6.767073e-25,5.987151e-22,1.043019e-22,-3.888095e-32
1024.4642,200.00,275.0000,2.297103e+03,1.354936e-01,C,2.192364e-03,1.035826e+00,0.2190%,1.568638e-01,1.564892e-01,1.277563e-04,4.793475e-14,2.525493e-08,1.119551e-04,7.696669e-06,0.000000e+00,0.000000e+00,1.550633e-17,0.000000e+00,0.000000e+00,0.000000e+00,0.000000e+00,0.000000e+00,0.000000e+00,2.724588e-17,5.861755e-28,1.472067e-17,3.203900e-30,3.819833e-21,1.079765e-17,9.966861e-19,-3.758802e-42,-2.360293e-17,-1.180572e-17,-1.472039e-17,-4.143262e-32,-3.818192e-21,-1.079690e-17,-9.964695e-19,-3.949486e-32,0.000000e+00,0.000000e+00,0.000000e+00,0.000000e+00,0.000000e+00,0.000000e+00,0.000000e+00,0.000000e+00,3.642947e-18,3.700609e-18,2.811153e-22,3.162467e-30,1.641176e-24,7.521674e-22,2.166597e-22,-3.949486e-32
1044.4642,200.00,275.0000,2.361362e+03,1.344561e-01,C,2.192706e-03,1.035826e+00,0.2190%,1.591575e-01,1.588199e-01,1.278478e-04,4.995549e-14,2.582078e-08,1.123489e-04,7.776745e-06,0.000000e+00,0.000000e+00,1.550633e-17,0.000000e+00,0.000000e+00,0.000000e+00,0.000000e+00,0.000000e+00,0.000000e+00,2.726888e-17,8.297838e-28,1.473622e-17,3.273726e-30,3.897569e-21,1.081110e-17,1.007575e-18,-7.935250e-42,-2.365259e-17,-1.183070e-17,-1.473611e-17,-4.215248e-32,-3.896847e-21,-1.081050e-17,-1.007469e-18,-4.010006e-32,0.000000e+00,0.000000e+00,0.000000e+00,0.000000e+00,0.000000e+00,0.000000e+00,0.000000e+00,0.000000e+00,3.616297e-18,3.675630e-18,1.133160e-22,3.231574e-30,7.220122e-25,5.951013e-22,1.063991e-22,-4.010006e-32
1064.4642,200.00,275.0000,2.425918e+03,1.334425e-01,C,2.193068e-03,1.035826e+00,0.2191%,1.614354e-01,1.611350e-01,1.279395e-04,5.202036e-14,2.639795e-08,1.127390e-04,7.856830e-06,0.000000e+00,0.000000e+00,1.550633e-17,0.000000e+00,0.000000e+00,0.000000e+00,0.000000e+00,0.000000e+00,0.000000e+00,2.729391e-17,1.168677e-27,1.475175e-17,3.344975e-30,3.976622e-21,1.082452e-17,1.018485e-18,-1.252934e-42,-2.370118e-17,-1.185515e-17,-1.475146e-17,-4.286693e-32,-3.974898e-21,-1.082378e-17,-1.018265e-18,-4.069575e-32,0.000000e+00,0.000000e+00,0.000000e+00,0.000000e+00,0.000000e+00,0.000000e+00,0.000000e+00,0.000000e+00,3.592734e-18,3.651182e-18,2.860736e-22,3.302108e-30,1.723924e-24,7.444230e-22,2.201899e-22,-4.069575e-32
1084.4642,200.00,275.0000,2.490769e+03,1.324418e-01,C,2.193434e-03,1.035826e+00,0.2191%,1.636976e-01,1.634348e-01,1.280279e-04,5.412947e-14,2.696764e-08,1.131226e-04,7.934744e-06,0.000000e+00,0.000000e+00,1.550633e-17,0.000000e+00,0.000000e+00,0.000000e+00,0.000000e+00,0.000000e+00,0.000000e+00,2.731643e-17,1.620076e-27,1.476674e-17,3.415405e-30,4.053973e-21,1.083746e-17,1.029072e-18,-5.429381e-42,-2.374923e-17,-1.187932e-17,-1.476662e-17,-4.357726e-32,-4.053206e-21,-1.083688e-17,-1.028963e-18,-4.128311e-32,0.000000e+00,0.000000e+00,0.000000e+00,0.000000e+00,0.000000e+00,0.000000e+00,0.000000e+00,0.000000e+00,3.567200e-18,3.627005e-18,1.167312e-22,3.371828e-30,7.676065e-25,5.839311e-22,1.081351e-22,-4.128311e-32
1104.4642,200.00,275.0000,2.555900e+03,1.314660e-01,C,2.193813e-03,1.035826e+00,0.2191%,1.659446e-01,1.657195e-01,1.281153e-04,5.628300e-14,2.754138e-08,1.135016e-04,8.011877e-06,0.000000e+00,0.000000e+00,1.550633e-17,0.000000e+00,0.000000e+00,0.000000e+00,0.000000e+00,0.000000e+00,0.000000e+00,2.733923e-17,2.225768e-27,1.478153e-17,3.486410e-30,4.131490e-21,1.085021e-17,1.039553e-18,3.758802e-42,-2.379616e-17,-1.190294e-17,-1.478141e-17,-4.428244e-32,-4.130694e-21,-1.084963e-17,-1.039444e-18,-4.186110e-32,0.000000e+00,0.000000e+00,0.000000e+00,0.000000e+00,0.000000e+00,0.000000e+00,0.000000e+00,0.000000e+00,3.543073e-18,3.603388e-18,1.183340e-22,3.442128e-30,7.962062e-25,5.812641e-22,1.090678e-22,-4.186110e-32
1124.4642,200.00,275.0000,2.621304e+03,1.305042e-01,C,2.194204e-03,1.035826e+00,0.2192%,1.681764e-01,1.679893e-01,1.282015e-04,5.848109e-14,2.811886e-08,1.138762e-04,8.088188e-06,0.000000e+00,0.000000e+00,1.550633e-17,0.000000e+00,0.000000e+00,0.000000e+00,0.000000e+00,0.000000e+00,0.000000e+00,2.736220e-17,3.031214e-27,1.479610e-17,3.557945e-30,4.209073e-21,1.086278e-17,1.049923e-18,2.088224e-42,-2.384249e-17,-1.192626e-17,-1.479598e-17,-4.498367e-32,-4.208255e-21,-1.086220e-17,-1.049813e-18,-4.243082e-32,0.000000e+00,0.000000e+00,0.000000e+00,0.000000e+00,0.000000e+00,0.000000e+00,0.000000e+00,0.000000e+00,3.519705e-18,3.580068e-18,1.199476e-22,3.512962e-30,8.173450e-25,5.745102e-22,1.098272e-22,-4.243082e-32
1144.4642,200.00,275.0000,2.686977e+03,1.295682e-01,C,2.194600e-03,1.035826e+00,0.2192%,1.703935e-01,1.702446e-01,1.282855e-04,6.072389e-14,2.869283e-08,1.142454e-04,8.162925e-06,0.000000e+00,0.000000e+00,1.550633e-17,0.000000e+00,0.000000e+00,0.000000e+00,0.000000e+00,0.000000e+00,0.000000e+00,2.738373e-17,4.090830e-27,1.481029e-17,3.629174e-30,4.285627e-21,1.087499e-17,1.060060e-18,-4.176447e-43,-2.388765e-17,-1.194899e-17,-1.481017e-17,-4.568006e-32,-4.284780e-21,-1.087442e-17,-1.059949e-18,-4.299140e-32,0.000000e+00,0.000000e+00,0.000000e+00,0.000000e+00,0.000000e+00,0.000000e+00,0.000000e+00,0.000000e+00,3.496079e-18,3.557336e-18,1.214141e-22,3.583494e-30,8.475502e-25,5.757754e-22,1.108442e-22,-4.299140e-32
1164.4642,200.00,275.0000,2.752875e+03,1.286353e-01,C,2.195010e-03,1.035826e+00,0.2193%,1.725960e-01,1.724856e-01,1.283694e-04,6.301160e-14,2.927629e-08,1.146110e-04,8.237479e-06,0.000000e+00,0.000000e+00,1.550633e-17,0.000000e+00,0.000000e+00,0.000000e+00,0.000000e+00,0.000000e+00,0.000000e+00,2.740667e-17,5.473267e-27,1.482443e-17,3.701614e-30,4.363101e-21,1.088716e-17,1.070189e-18,8.352894e-43,-2.393272e-17,-1.197169e-17,-1.482431e-17,-4.637341e-32,-4.362227e-21,-1.088660e-17,-1.070077e-18,-4.354446e-32,0.000000e+00,0.000000e+00,0.000000e+00,0.000000e+00,0.000000e+00,0.000000e+00,0.000000e+00,0.000000e+00,3.473950e-18,3.534644e-18,1.230205e-22,3.655241e-30,8.737081e-25,5.638797e-22,1.113777e-22,-4.354446e-32
1184.4642,200.00,275.0000,2.819017e+03,1.277291e-01,C,2.195422e-03,1.035826e+00,0.2193%,1.747842e-01,1.747125e-01,1.284509e-04,6.534436e-14,2.985501e-08,1.149712e-04,8.310385e-06,0.000000e+00,0.000000e+00,1.550633e-17,0.000000e+00,0.000000e+00,0.000000e+00,0.000000e+00,0.000000e+00,0.000000e+00,2.742795e-17,7.263019e-27,1.483817e-17,3.773624e-30,4.439357e-21,1.089897e-17,1.080073e-18,1.252934e-42,-2.397657e-17,-1.199377e-17,-1.483805e-17,-4.706172e-32,-4.438463e-21,-1.089841e-17,-1.079961e-18,-4.408820e-32,0.000000e+00,0.000000e+00,0.000000e+00,0.000000e+00,0.000000e+00,0.000000e+00,0.000000e+00,0.000000e+00,3.451384e-18,3.512563e-18,1.244593e-22,3.726563e-30,8.936924e-25,5.617848e-22,1.122308e-22,-4.408820e-32
1204.4642,200.00,275.0000,2.885359e+03,1.268384e-01,C,2.195842e-03,1.035826e+00,0.2193%,1.769584e-01,1.769255e-01,1.285312e-04,6.772238e-14,3.043530e-08,1.153268e-04,8.382318e-06,0.000000e+00,0.000000e+00,1.550633e-17,0.000000e+00,0.000000e+00,0.000000e+00,0.000000e+00,0.000000e+00,0.000000e+00,2.744896e-17,9.567770e-27,1.485168e-17,3.845945e-30,4.515341e-21,1.091057e-17,1.089822e-18,1.294699e-41,-2.401973e-17,-1.201550e-17,-1.485156e-17,-4.774210e-32,-4.514425e-21,-1.091002e-17,-1.089709e-18,-4.462102e-32,0.000000e+00,0.000000e+00,0.000000e+00,0.000000e+00,0.000000e+00,0.000000e+00,0.000000e+00,0.000000e+00,3.429225e-18,3.490826e-18,1.258707e-22,3.798203e-30,9.154124e-25,5.592878e-22,1.130489e-22,-4.462102e-32
1224.4642,200.00,275.0000,2.952013e+03,1.259636e-01,C,2.196267e-03,1.035826e+00,0.2194%,1.791186e-01,1.791248e-01,1.286100e-04,7.014573e-14,3.101689e-08,1.156792e-04,8.453305e-06,0.000000e+00,0.000000e+00,1.550633e-17,0.000000e+00,0.000000e+00,0.000000e+00,0.000000e+00,0.000000e+00,0.000000e+00,2.746959e-17,1.250508e-26,1.486496e-17,3.918524e-30,4.590973e-21,1.092196e-17,1.099432e-18,2.505868e-42,-2.406219e-17,-1.203689e-17,-1.486483e-17,-4.841693e-32,-4.590026e-21,-1.092141e-17,-1.099318e-18,-4.514489e-32,0.000000e+00,0.000000e+00,0.000000e+00,0.000000e+00,0.000000e+00,0.000000e+00,0.000000e+00,0.000000e+00,3.407402e-18,3.469443e-18,1.272428e-22,3.870107e-30,9.471702e-25,5.571006e-22,1.138532e-22,-4.514489e-32
1244.4642,200.00,275.0000,3.018851e+03,1.251050e-01,C,2.196696e-03,1.035826e+00,0.2194%,1.812652e-01,1.813108e-01,1.286876e-04,7.261470e-14,3.159904e-08,1.160271e-04,8.523261e-06,0.000000e+00,0.000000e+00,1.550633e-17,0.000000e+00,0.000000e+00,0.000000e+00,0.000000e+00,0.000000e+00,0.000000e+00,2.748975e-17,1.623382e-26,1.487799e-17,3.991314e-30,4.666175e-21,1.093314e-17,1.108896e-18,1.085876e-41,-2.410392e-17,-1.205791e-17,-1.487786e-17,-4.908357e-32,-4.665198e-21,-1.093258e-17,-1.108782e-18,-4.565707e-32,0.000000e+00,0.000000e+00,0.000000e+00,0.000000e+00,0.000000e+00,0.000000e+00,0.000000e+00,0.000000e+00,3.385834e-18,3.448423e-18,1.285708e-22,3.942230e-30,9.768787e-25,5.560357e-22,1.146770e-22,-4.565707e-32
1264.4642,200.00,275.0000,3.085885e+03,1.242506e-01,C,2.197136e-03,1.035826e+00,0.2195%,1.833985e-01,1.834835e-01,1.287648e-04,7.512948e-14,3.218889e-08,1.163716e-04,8.592917e-06,0.000000e+00,0.000000e+00,1.550633e-17,0.000000e+00,0.000000e+00,0.000000e+00,0.000000e+00,0.000000e+00,0.000000e+00,2.751086e-17,2.093218e-26,1.489096e-17,4.065144e-30,4.741993e-21,1.094425e-17,1.118330e-18,1.545285e-41,-2.414549e-17,-1.207885e-17,-1.489083e-17,-4.978532e-32,-4.740998e-21,-1.094370e-17,-1.118215e-18,-4.618645e-32,0.000000e+00,0.000000e+00,0.000000e+00,0.000000e+00,0.000000e+00,0.000000e+00,0.000000e+00,0.000000e+00,3.365369e-18,3.427476e-18,1.299752e-22,4.015359e-30,9.945015e-25,5.459770e-22,1.151633e-22,-4.618645e-32
1284.4642,200.00,275.0000,3.153111e+03,1.234249e-01,C,2.197572e-03,1.035826e+00,0.2195%,1.855185e-01,1.856432e-01,1.288395e-04,7.769023e-14,3.277077e-08,1.167109e-04,8.660754e-06,0.000000e+00,0.000000e+00,1.550633e-17,0.000000e+00,0.000000e+00,0.000000e+00,0.000000e+00,0.000000e+00,0.000000e+00,2.752982e-17,2.680633e-26,1.490349e-17,4.138210e-30,4.816111e-21,1.095498e-17,1.127491e-18,1.795872e-41,-2.418572e-17,-1.209913e-17,-1.490336e-17,-5.045793e-32,-4.815094e-21,-1.095443e-17,-1.127375e-18,-4.669109e-32,0.000000e+00,0.000000e+00,0.000000e+00,0.000000e+00,0.000000e+00,0.000000e+00,0.000000e+00,0.000000e+00,3.344097e-18,3.407202e-18,1.311952e-22,4.087752e-30,1.017648e-24,5.492051e-22,1.161001e-22,-4.669109e-32
1304.4642,200.00,275.0000,3.220526e+03,1.226046e-01,C,2.198017e-03,1.035826e+00,0.2196%,1.876256e-01,1.877900e-01,1.289138e-04,8.029718e-14,3.335965e-08,1.170471e-04,8.728249e-06,0.000000e+00,0.000000e+00,1.550633e-17,0.000000e+00,0.000000e+00,0.000000e+00,0.000000e+00,0.000000e+00,0.000000e+00,2.754957e-17,3.412147e-26,1.491596e-17,4.212241e-30,4.890719e-21,1.096564e-17,1.136613e-18,2.380575e-41,-2.422575e-17,-1.211930e-17,-1.491582e-17,-5.112886e-32,-4.889678e-21,-1.096509e-17,-1.136497e-18,-4.718916e-32,0.000000e+00,0.000000e+00,0.000000e+00,0.000000e+00,0.000000e+00,0.000000e+00,0.000000e+00,0.000000e+00,3.323811e-18,3.387028e-18,1.324758e-22,4.161112e-30,1.040711e-24,5.447420e-22,1.167451e-22,-4.718916e-32
1324.4642,200.00,275.0000,3.288118e+03,1.218015e-01,C,2.198463e-03,1.035826e+00,0.2196%,1.897198e-01,1.899242e-01,1.289867e-04,8.295053e-14,3.394727e-08,1.173791e-04,8.794624e-06,0.000000e+00,0.000000e+00,1.550633e-17,0.000000e+00,0.000000e+00,0.000000e+00,0.000000e+00,0.000000e+00,0.000000e+00,2.756851e-17,4.317195e-26,1.492816e-17,4.286299e-30,4.964607e-21,1.097607e-17,1.145573e-18,2.798220e-41,-2.426499e-17,-1.213908e-17,-1.492803e-17,-5.179692e-32,-4.963598e-21,-1.097553e-17,-1.145454e-18,-4.767950e-32,0.000000e+00,0.000000e+00,0.000000e+00,0.000000e+00,0.000000e+00,0.000000e+00,0.000000e+00,0.000000e+00,3.303520e-18,3.367252e-18,1.337783e-22,4.234502e-30,1.008687e-24,5.440138e-22,1.191261e-22,-4.767950e-32
1344.4642,200.00,275.0000,3.355898e+03,1.210041e-01,C,2.198916e-03,1.035826e+00,0.2196%,1.918014e-01,1.920460e-01,1.290591e-04,8.565049e-14,3.454126e-08,1.177083e-04,8.860626e-06,0.000000e+00,0.000000e+00,1.550633e-17,0.000000e+00,0.000000e+00,0.000000e+00,0.000000e+00,0.000000e+00,0.000000e+00,2.758809e-17,5.431916e-26,1.494028e-17,4.361271e-30,5.038892e-21,1.098642e-17,1.154488e-18,3.842331e-41,-2.430400e-17,-1.215874e-17,-1.494015e-17,-5.246384e-32,-5.037801e-21,-1.098589e-17,-1.154370e-18,-4.816368e-32,0.000000e+00,0.000000e+00,0.000000e+00,0.000000e+00,0.000000e+00,0.000000e+00,0.000000e+00,0.000000e+00,3.284091e-18,3.347588e-18,1.349447e-22,4.308807e-30,1.090121e-24,5.367527e-22,1.180141e-22,-4.816368e-32
1364.4642,200.00,275.0000,3.423841e+03,1.202245e-01,C,2.199369e-03,1.035826e+00,0.2197%,1.938706e-01,1.941555e-01,1.291300e-04,8.839730e-14,3.513318e-08,1.180334e-04,8.925466e-06,0.000000e+00,0.000000e+00,1.550633e-17,0.000000e+00,0.000000e+00,0.000000e+00,0.000000e+00,0.000000e+00,0.000000e+00,2.760673e-17,6.796008e-26,1.495214e-17,4.436190e-30,5.112327e-21,1.099654e-17,1.163233e-18,4.552327e-41,-2.434219e-17,-1.217799e-17,-1.495200e-17,-5.312817e-32,-5.111213e-21,-1.099601e-17,-1.163114e-18,-4.864030e-32,0.000000e+00,0.000000e+00,0.000000e+00,0.000000e+00,0.000000e+00,0.000000e+00,0.000000e+00,0.000000e+00,3.264544e-18,3.328335e-18,1.361236e-22,4.383062e-30,1.114354e-24,5.343166e-22,1.186781e-22,-4.864030e-32
1384.4642,200.00,275.0000,3.491945e+03,1.194512e-01,C,2.199827e-03,1.035826e+00,0.2197%,1.959276e-01,1.962529e-01,1.292004e-04,9.119119e-14,3.573090e-08,1.183556e-04,8.989891e-06,0.000000e+00,0.000000e+00,1.550633e-17,0.000000e+00,0.000000e+00,0.000000e+00,0.000000e+00,0.000000e+00,0.000000e+00,2.762588e-17,8.457825e-26,1.496391e-17,4.511973e-30,5.186059e-21,1.100658e-17,1.171926e-18,6.473493e-41,-2.438012e-17,-1.219712e-17,-1.496377e-17,-5.379140e-32,-5.184916e-21,-1.100605e-17,-1.171807e-18,-4.911068e-32,0.000000e+00,0.000000e+00,0.000000e+00,0.000000e+00,0.000000e+00,0.000000e+00,0.000000e+00,0.000000e+00,3.245759e-18,3.309210e-18,1.373331e-22,4.458182e-30,1.142965e-24,5.265602e-22,1.191348e-22,-4.911068e-32
1404.4642,200.00,275.0000,3.560193e+03,1.186960e-01,C,2.200284e-03,1.035826e+00,0.2198%,1.979725e-01,1.983384e-01,1.292692e-04,9.403240e-14,3.632562e-08,1.186736e-04,9.053112e-06,0.000000e+00,0.000000e+00,1.550633e-17,0.000000e+00,0.000000e+00,0.000000e+00,0.000000e+00,0.000000e+00,0.000000e+00,2.764394e-17,1.047139e-25,1.497540e-17,4.587618e-30,5.258811e-21,1.101637e-17,1.180443e-18,7.642898e-41,-2.441720e-17,-1.221582e-17,-1.497527e-17,-5.445222e-32,-5.257641e-21,-1.101585e-17,-1.180324e-18,-4.957357e-32,0.000000e+00,0.000000e+00,0.000000e+00,0.000000e+00,0.000000e+00,0.000000e+00,0.000000e+00,0.000000e+00,3.226745e-18,3.290509e-18,1.384591e-22,4.533166e-30,1.170159e-24,5.245607e-22,1.197810e-22,-4.957357e-32
1424.4642,200.00,275.0000,3.628604e+03,1.179594e-01,C,2.200738e-03,1.035826e+00,0.2198%,2.000055e-01,2.004122e-01,1.293363e-04,9.692115e-14,3.691682e-08,1.189880e-04,9.115114e-06,0.000000e+00,0.000000e+00,1.550633e-17,0.000000e+00,0.000000e+00,0.000000e+00,0.000000e+00,0.000000e+00,0.000000e+00,2.766087e-17,1.289926e-25,1.498662e-17,4.663069e-30,5.330500e-21,1.102592e-17,1.188780e-18,9.104655e-41,-2.445341e-17,-1.223409e-17,-1.498648e-17,-5.511109e-32,-5.329383e-21,-1.102539e-17,-1.188658e-18,-5.002936e-32,0.000000e+00,0.000000e+00,0.000000e+00,0.000000e+00,0.000000e+00,0.000000e+00,0.000000e+00,0.000000e+00,3.207457e-18,3.272242e-18,1.395845e-22,4.607958e-30,1.116924e-24,5.287338e-22,1.222439e-22,-5.002936e-32
1444.4642,200.00,275.0000,3.697158e+03,1.172176e-01,C,2.201205e-03,1.035826e+00,0.2199%,2.020268e-01,2.024743e-01,1.294041e-04,9.985772e-14,3.752153e-08,1.193005e-04,9.177431e-06,0.000000e+00,0.000000e+00,1.550633e-17,0.000000e+00,0.000000e+00,0.000000e+00,0.000000e+00,0.000000e+00,0.000000e+00,2.767965e-17,1.581866e-25,1.499793e-17,4.740306e-30,5.403600e-21,1.103554e-17,1.197179e-18,1.039935e-40,-2.448993e-17,-1.225251e-17,-1.499778e-17,-5.577073e-32,-5.402380e-21,-1.103502e-17,-1.197058e-18,-5.048045e-32,0.000000e+00,0.000000e+00,0.000000e+00,0.000000e+00,0.000000e+00,0.000000e+00,0.000000e+00,0.000000e+00,3.189720e-18,3.253824e-18,1.406645e-22,4.684535e-30,1.219990e-24,5.184621e-22,1.209510e-22,-5.048045e-32
1464.4642,200.00,275.0000,3.765849e+03,1.164947e-01,C,2.201659e-03,1.035826e+00,0.2199%,2.040366e-01,2.045250e-01,1.294691e-04,1.028423e-13,3.811364e-08,1.196081e-04,9.237698e-06,0.000000e+00,0.000000e+00,1.550633e-17,0.000000e+00,0.000000e+00,0.000000e+00,0.000000e+00,0.000000e+00,0.000000e+00,2.769564e-17,1.930444e-25,1.500876e-17,4.816257e-30,5.474206e-21,1.104475e-17,1.205267e-18,1.303052e-40,-2.452555e-17,-1.227048e-17,-1.500880e-17,-5.642849e-32,-5.474289e-21,-1.104439e-17,-1.205271e-18,-5.092440e-32,0.000000e+00,0.000000e+00,0.000000e+00,0.000000e+00,0.000000e+00,0.000000e+00,0.000000e+00,0.000000e+00,3.170083e-18,3.235850e-18,-4.180856e-23,4.759828e-30,-8.291457e-26,3.560254e-22,-3.993467e-24,-5.092440e-32
1484.4642,200.00,275.0000,3.834669e+03,1.157909e-01,C,2.202124e-03,1.035826e+00,0.2200%,2.060349e-01,2.065645e-01,1.295346e-04,1.058753e-13,3.871779e-08,1.199139e-04,9.298274e-06,0.000000e+00,0.000000e+00,1.550633e-17,0.000000e+00,0.000000e+00,0.000000e+00,0.000000e+00,0.000000e+00,0.000000e+00,2.771338e-17,2.346024e-25,1.501968e-17,4.893968e-30,5.546222e-21,1.105403e-17,1.213416e-18,1.582873e-40,-2.456027e-17,-1.228800e-17,-1.501954e-17,-5.708443e-32,-5.545046e-21,-1.105350e-17,-1.213292e-18,-5.136121e-32,0.000000e+00,0.000000e+00,0.000000e+00,0.000000e+00,0.000000e+00,0.000000e+00,0.000000e+00,0.000000e+00,3.153103e-18,3.218330e-18,1.433469e-22,4.836884e-30,1.176290e-24,5.207206e-22,1.238967e-22,-5.136121e-32
1504.4642,200.00,275.0990,3.917645e+03,1.149049e-01,C,2.202720e-03,1.035826e+00,0.2200%,2.080239e-01,2.085923e-01,1.296172e-04,1.089590e-13,3.946059e-08,1.202129e-04,9.369493e-06,0.000000e+00,0.000000e+00,1.550633e-17,0.000000e+00,0.000000e+00,0.000000e+00,0.000000e+00,0.000000e+00,0.000000e+00,2.775426e-17,2.847518e-25,1.503326e-17,4.988480e-30,5.638123e-21,1.106560e-17,1.223370e-18,1.841813e-40,-2.460415e-17,-1.231009e-17,-1.503311e-17,-5.773649e-32,-5.636864e-21,-1.106524e-17,-1.223253e-18,-5.178890e-32,0.000000e+00,0.000000e+00,0.000000e+00,0.000000e+00,0.000000e+00,0.000000e+00,0.000000e+00,0.000000e+00,3.150109e-18,3.196242e-18,1.453179e-22,4.930744e-30,1.258923e-24,3.568455e-22,1.172126e-22,-5.178890e-32
1524.4642,200.00,275.3239,4.006463e+03,1.139592e-01,C,2.203366e-03,1.035826e+00,0.2201%,2.100166e-01,2.106044e-01,1.297067e-04,1.121089e-13,4.021511e-08,1.203550e-04,9.438538e-06,0.000000e+00,0.000000e+00,1.550633e-17,0.000000e+00,0.000000e+00,0.000000e+00,0.000000e+00,0.000000e+00,0.000000e+00,2.780229e-17,3.449830e-25,1.504764e-17,5.089979e-30,5.737212e-21,1.107787e-17,1.233895e-18,2.200988e-40,-2.465117e-17,-1.233370e-17,-1.504768e-17,-5.817688e-32,-5.737374e-21,-1.107789e-17,-1.233912e-18,-5.202083e-32,0.000000e+00,0.000000e+00,0.000000e+00,0.000000e+00,0.000000e+00,0.000000e+00,0.000000e+00,0.000000e+00,3.151118e-18,3.172627e-18,-3.694352e-23,5.031802e-30,-1.610679e-25,-1.981094e-23,-1.695081e-23,-5.202083e-32
1544.4642,200.00,275.5193,4.083615e+03,1.132011e-01,C,2.203905e-03,1.035826e+00,0.2201%,2.120056e-01,2.126033e-01,1.297810e-04,1.153178e-13,4.082783e-08,1.204037e-04,9.494059e-06,0.000000e+00,0.000000e+00,1.550633e-17,0.000000e+00,0.000000e+00,0.000000e+00,0.000000e+00,0.000000e+00,0.000000e+00,2.783009e-17,4.155559e-25,1.505951e-17,5.178647e-30,5.819265e-21,1.108797e-17,1.242733e-18,2.723044e-40,-2.468891e-17,-1.235266e-17,-1.505936e-17,-5.848743e-32,-5.818132e-21,-1.108789e-17,-1.242623e-18,-5.213207e-32,0.000000e+00,0.000000e+00,0.000000e+00,0.000000e+00,0.000000e+00,0.000000e+00,0.000000e+00,0.000000e+00,3.141180e-18,3.153669e-18,1.499590e-22,5.120160e-30,1.133330e-24,8.163859e-23,1.103442e-22,-5.213207e-32
1564.4642,200.00,275.7056,4.157197e+03,1.124871e-01,C,2.204411e-03,1.035826e+00,0.2202%,2.139864e-01,2.145907e-01,1.298503e-04,1.185809e-13,4.139624e-08,1.204211e-04,9.544990e-06,0.000000e+00,0.000000e+00,1.550633e-17,0.000000e+00,0.000000e+00,0.000000e+00,0.000000e+00,0.000000e+00,0.000000e+00,2.785167e-17,4.983782e-25,1.507053e-17,5.263811e-30,5.895904e-21,1.109732e-17,1.250996e-18,3.224217e-40,-2.472451e-17,-1.237054e-17,-1.507038e-17,-5.875830e-32,-5.894670e-21,-1.109726e-17,-1.250888e-18,-5.220406e-32,0.000000e+00,0.000000e+00,0.000000e+00,0.000000e+00,0.000000e+00,0.000000e+00,0.000000e+00,0.000000e+00,3.127159e-18,3.135788e-18,1.510457e-22,5.205053e-30,1.234172e-24,5.360521e-23,1.083311e-22,-5.220406e-32
1584.4642,200.00,275.8894,4.229772e+03,1.118051e-01,C,2.204900e-03,1.035826e+00,0.2202%,2.159577e-01,2.165670e-01,1.299167e-04,1.218971e-13,4.194219e-08,1.204253e-04,9.593476e-06,0.000000e+00,0.000000e+00,1.550633e-17,0.000000e+00,0.000000e+00,0.000000e+00,0.000000e+00,0.000000e+00,0.000000e+00,2.787013e-17,5.953091e-25,1.508106e-17,5.347508e-30,5.969725e-21,1.110625e-17,1.258932e-18,3.917507e-40,-2.475855e-17,-1.238764e-17,-1.508091e-17,-5.901305e-32,-5.968571e-21,-1.110620e-17,-1.258821e-18,-5.225808e-32,0.000000e+00,0.000000e+00,0.000000e+00,0.000000e+00,0.000000e+00,0.000000e+00,0.000000e+00,0.000000e+00,3.111571e-18,3.118689e-18,1.520933e-22,5.288495e-30,1.153893e-24,4.517881e-23,1.102447e-22,-5.225808e-32
1604.4642,200.00,276.0727,4.302152e+03,1.111312e-01,C,2.205391e-03,1.035826e+00,0.2203%,2.179191e-01,2.185325e-01,1.299823e-04,1.252662e-13,4.248573e-08,1.204237e-04,9.641285e-06,0.000000e+00,0.000000e+00,1.550633e-17,0.000000e+00,0.000000e+00,0.000000e+00,0.000000e+00,0.000000e+00,0.000000e+00,2.788852e-17,7.085481e-25,1.509147e-17,5.431931e-30,6.043439e-21,1.111507e-17,1.266790e-18,4.481328e-40,-2.479224e-17,-1.240456e-17,-1.509132e-17,-5.926178e-32,-6.042168e-21,-1.111503e-17,-1.266681e-18,-5.230319e-32,0.000000e+00,0.000000e+00,0.000000e+00,0.000000e+00,0.000000e+00,0.000000e+00,0.000000e+00,0.000000e+00,3.096280e-18,3.101771e-18,1.529675e-22,5.372669e-30,1.270630e-24,3.598398e-23,1.088763e-22,-5.230319e-32
1624.4642,200.00,276.2562,4.374595e+03,1.104777e-01,C,2.205874e-03,1.035826e+00,0.2203%,2.198707e-01,2.204876e-01,1.300461e-04,1.286884e-13,4.301712e-08,1.204166e-04,9.687653e-06,0.000000e+00,0.000000e+00,1.550633e-17,0.000000e+00,0.000000e+00,0.000000e+00,0.000000e+00,0.000000e+00,0.000000e+00,2.790526e-17,7.339486e-25,1.510158e-17,5.515887e-30,6.115567e-21,1.112362e-17,1.274442e-18,4.531445e-40,-2.482494e-17,-1.242098e-17,-1.510143e-17,-5.950515e-32,-6.114381e-21,-1.112359e-17,-1.274331e-18,-5.234002e-32,0.000000e+00,0.000000e+00,0.000000e+00,0.000000e+00,0.000000e+00,0.000000e+00,0.000000e+00,0.000000e+00,3.080323e-18,3.085345e-18,1.539004e-22,5.456381e-30,1.185064e-24,3.616402e-23,1.110644e-22,-5.234002e-32
1644.4642,200.00,276.4398,4.447100e+03,1.098205e-01,C,2.206366e-03,1.035826e+00,0.2204%,2.218126e-01,2.224322e-01,1.301104e-04,1.321640e-13,4.355587e-08,1.204066e-04,9.734194e-06,0.000000e+00,0.000000e+00,1.550633e-17,0.000000e+00,0.000000e+00,0.000000e+00,0.000000e+00,0.000000e+00,0.000000e+00,2.792343e-17,3.989607e-25,1.511176e-17,5.601696e-30,6.188934e-21,1.113223e-17,1.282141e-18,2.180105e-40,-2.485787e-17,-1.243752e-17,-1.511160e-17,-5.974663e-32,-6.187629e-21,-1.113221e-17,-1.282031e-18,-5.237164e-32,0.000000e+00,0.000000e+00,0.000000e+00,0.000000e+00,0.000000e+00,0.000000e+00,0.000000e+00,0.000000e+00,3.065556e-18,3.068807e-18,1.547562e-22,5.541949e-30,1.304926e-24,2.623355e-23,1.096711e-22,-5.237164e-32
1664.4642,200.00,276.6237,4.519739e+03,1.091839e-01,C,2.206848e-03,1.035826e+00,0.2204%,2.237448e-01,2.243665e-01,1.301727e-04,1.356934e-13,4.408188e-08,1.203920e-04,9.779296e-06,0.000000e+00,0.000000e+00,1.550633e-17,0.000000e+00,0.000000e+00,0.000000e+00,0.000000e+00,0.000000e+00,0.000000e+00,2.793986e-17,2.161777e-25,1.512162e-17,5.686975e-30,6.260606e-21,1.114057e-17,1.289629e-18,1.014877e-40,-2.488981e-17,-1.245356e-17,-1.512147e-17,-5.998385e-32,-6.259396e-21,-1.114055e-17,-1.289517e-18,-5.239599e-32,0.000000e+00,0.000000e+00,0.000000e+00,0.000000e+00,0.000000e+00,0.000000e+00,0.000000e+00,0.000000e+00,3.050059e-18,3.052769e-18,1.556652e-22,5.626991e-30,1.210508e-24,2.602612e-23,1.117981e-22,-5.239599e-32
1684.4642,200.00,276.8081,4.592539e+03,1.085438e-01,C,2.207330e-03,1.035826e+00,0.2205%,2.256675e-01,2.262907e-01,1.302344e-04,1.392771e-13,4.460544e-08,1.203738e-04,9.823746e-06,0.000000e+00,0.000000e+00,1.550633e-17,0.000000e+00,0.000000e+00,0.000000e+00,0.000000e+00,0.000000e+00,0.000000e+00,2.795609e-17,1.168021e-25,1.513137e-17,5.772884e-30,6.331952e-21,1.114880e-17,1.297030e-18,5.596439e-41,-2.492196e-17,-1.246970e-17,-1.513140e-17,-6.021988e-32,-6.332131e-21,-1.114895e-17,-1.297050e-18,-5.241577e-32,0.000000e+00,0.000000e+00,0.000000e+00,0.000000e+00,0.000000e+00,0.000000e+00,0.000000e+00,0.000000e+00,3.034138e-18,3.036625e-18,-3.284183e-23,5.712665e-30,-1.796437e-25,-1.461057e-22,-2.028927e-23,-5.241577e-32
1704.4642,200.00,276.9927,4.665437e+03,1.079245e-01,C,2.207820e-03,1.035826e+00,0.2205%,2.275809e-01,2.282049e-01,1.302964e-04,1.429155e-13,4.513449e-08,1.203532e-04,9.868386e-06,0.000000e+00,0.000000e+00,1.550633e-17,0.000000e+00,0.000000e+00,0.000000e+00,0.000000e+00,0.000000e+00,0.000000e+00,2.797364e-17,6.294510e-26,1.514117e-17,5.860655e-30,6.404550e-21,1.115708e-17,1.304477e-18,3.132335e-41,-2.495310e-17,-1.248534e-17,-1.514101e-17,-6.045174e-32,-6.403199e-21,-1.115706e-17,-1.304366e-18,-5.242839e-32,0.000000e+00,0.000000e+00,0.000000e+00,0.000000e+00,0.000000e+00,0.000000e+00,0.000000e+00,0.000000e+00,3.020542e-18,3.020986e-18,1.572911e-22,5.800203e-30,1.350748e-24,1.672778e-23,1.109103e-22,-5.242839e-32
1724.4642,200.00,277.1777,4.738474e+03,1.073020e-01,C,2.208300e-03,1.035826e+00,0.2206%,2.294849e-01,2.301091e-01,1.303565e-04,1.466089e-13,4.565108e-08,1.203283e-04,9.911535e-06,0.000000e+00,0.000000e+00,1.550633e-17,0.000000e+00,0.000000e+00,0.000000e+00,0.000000e+00,0.000000e+00,0.000000e+00,2.798934e-17,3.383149e-26,1.515066e-17,5.947796e-30,6.475213e-21,1.116508e-17,1.311704e-18,1.503521e-41,-2.498443e-17,-1.250108e-17,-1.515069e-17,-6.068267e-32,-6.475394e-21,-1.116524e-17,-1.311724e-18,-5.243667e-32,0.000000e+00,0.000000e+00,0.000000e+00,0.000000e+00,0.000000e+00,0.000000e+00,0.000000e+00,0.000000e+00,3.004909e-18,3.005251e-18,-3.209702e-23,5.887113e-30,-1.806854e-25,-1.546683e-22,-2.032772e-23,-5.243667e-32
1744.4642,200.00,277.3629,4.811625e+03,1.067005e-01,C,2.208788e-03,1.035826e+00,0.2206%,2.313798e-01,2.320036e-01,1.304170e-04,1.503579e-13,4.617276e-08,1.203012e-04,9.954870e-06,0.000000e+00,0.000000e+00,1.550633e-17,0.000000e+00,0.000000e+00,0.000000e+00,0.000000e+00,0.000000e+00,0.000000e+00,2.800630e-17,1.814182e-26,1.516020e-17,6.036801e-30,6.547090e-21,1.117313e-17,1.318974e-18,-4.176447e-43,-2.501475e-17,-1.251630e-17,-1.516004e-17,-6.090992e-32,-6.545701e-21,-1.117312e-17,-1.318862e-18,-5.243825e-32,0.000000e+00,0.000000e+00,0.000000e+00,0.000000e+00,0.000000e+00,0.000000e+00,0.000000e+00,0.000000e+00,2.991553e-18,2.990028e-18,1.589226e-22,5.975891e-30,1.389061e-24,1.012947e-23,1.116878e-22,-5.243825e-32
1764.4642,200.00,277.5485,4.884916e+03,1.060960e-01,C,2.209264e-03,1.035826e+00,0.2207%,2.332656e-01,2.338884e-01,1.304755e-04,1.541627e-13,4.668116e-08,1.202699e-04,9.996698e-06,0.000000e+00,0.000000e+00,1.550633e-17,0.000000e+00,0.000000e+00,0.000000e+00,0.000000e+00,0.000000e+00,0.000000e+00,2.802136e-17,9.707598e-27,1.516942e-17,6.125108e-30,6.616924e-21,1.118090e-17,1.326019e-18,4.176447e-42,-2.504526e-17,-1.253162e-17,-1.516946e-17,-6.113654e-32,-6.617108e-21,-1.118106e-17,-1.326039e-18,-5.243577e-32,0.000000e+00,0.000000e+00,0.000000e+00,0.000000e+00,0.000000e+00,0.000000e+00,0.000000e+00,0.000000e+00,2.976102e-18,2.974714e-18,-3.140350e-23,6.063971e-30,-1.842319e-25,-1.597907e-22,-2.024800e-23,-5.243577e-32
1784.4642,200.00,277.7344,4.958314e+03,1.055006e-01,C,2.209748e-03,1.035826e+00,0.2207%,2.351425e-01,2.357637e-01,1.305344e-04,1.580241e-13,4.719514e-08,1.202366e-04,1.003869e-05,0.000000e+00,0.000000e+00,1.550633e-17,0.000000e+00,0.000000e+00,0.000000e+00,0.000000e+00,0.000000e+00,0.000000e+00,2.803761e-17,5.184886e-27,1.517871e-17,6.215288e-30,6.687883e-21,1.118872e-17,1.333104e-18,3.341158e-42,-2.507533e-17,-1.254671e-17,-1.517874e-17,-6.136096e-32,-6.688064e-21,-1.118888e-17,-1.333124e-18,-5.242788e-32,0.000000e+00,0.000000e+00,0.000000e+00,0.000000e+00,0.000000e+00,0.000000e+00,0.000000e+00,0.000000e+00,2.962272e-18,2.959614e-18,-3.104522e-23,6.153927e-30,-1.806928e-25,-1.651395e-22,-2.031851e-23,-5.242788e-32
1804.4642,200.00,277.9206,5.031829e+03,1.049266e-01,C,2.210230e-03,1.035826e+00,0.2208%,2.370106e-01,2.376295e-01,1.305925e-04,1.619423e-13,4.770363e-08,1.202002e-04,1.008001e-05,0.000000e+00,0.000000e+00,1.550633e-17,0.000000e+00,0.000000e+00,0.000000e+00,0.000000e+00,0.000000e+00,0.000000e+00,2.805345e-17,2.766711e-27,1.518785e-17,6.306035e-30,6.758399e-21,1.119642e-17,1.340097e-18,8.352894e-42,-2.510436e-17,-1.256129e-17,-1.518769e-17,-6.158187e-32,-6.757086e-21,-1.119641e-17,-1.339982e-18,-5.241348e-32,0.000000e+00,0.000000e+00,0.000000e+00,0.000000e+00,0.000000e+00,0.000000e+00,0.000000e+00,0.000000e+00,2.949089e-18,2.945040e-18,1.618634e-22,6.244453e-30,1.312632e-24,5.265021e-24,1.144795e-22,-5.241348e-32
1824.4642,200.00,278.1070,5.105431e+03,1.043376e-01,C,2.210708e-03,1.035826e+00,0.2208%,2.388699e-01,2.394860e-01,1.306498e-04,1.659180e-13,4.820881e-08,1.201609e-04,1.012063e-05,0.000000e+00,0.000000e+00,1.550633e-17,0.000000e+00,0.000000e+00,0.000000e+00,0.000000e+00,0.000000e+00,0.000000e+00,2.806887e-17,1.471753e-27,1.519686e-17,6.397335e-30,6.828306e-21,1.120399e-17,1.346991e-18,-5.429381e-42,-2.513419e-17,-1.257626e-17,-1.519689e-17,-6.180398e-32,-6.828487e-21,-1.120417e-17,-1.347011e-18,-5.239657e-32,0.000000e+00,0.000000e+00,0.000000e+00,0.000000e+00,0.000000e+00,0.000000e+00,0.000000e+00,0.000000e+00,2.934679e-18,2.930071e-18,-3.037813e-23,6.335531e-30,-1.805989e-25,-1.713239e-22,-2.029507e-23,-5.239657e-32
1844.4642,200.00,278.2936,5.179137e+03,1.037702e-01,C,2.211184e-03,1.035826e+00,0.2209%,2.407206e-01,2.413333e-01,1.307062e-04,1.699515e-13,4.870801e-08,1.201189e-04,1.016057e-05,0.000000e+00,0.000000e+00,1.550633e-17,0.000000e+00,0.000000e+00,0.000000e+00,0.000000e+00,0.000000e+00,0.000000e+00,2.808382e-17,7.815673e-28,1.520573e-17,6.489172e-30,6.897693e-21,1.121145e-17,1.353790e-18,2.923513e-42,-2.516295e-17,-1.259070e-17,-1.520576e-17,-6.202292e-32,-6.897879e-21,-1.121162e-17,-1.353810e-18,-5.237347e-32,0.000000e+00,0.000000e+00,0.000000e+00,0.000000e+00,0.000000e+00,0.000000e+00,0.000000e+00,0.000000e+00,2.920872e-18,2.915633e-18,-3.007601e-23,6.427149e-30,-1.862014e-25,-1.719052e-22,-2.021507e-23,-5.237347e-32
1864.4642,200.00,278.4806,5.252967e+03,1.032122e-01,C,2.211667e-03,1.035826e+00,0.2209%,2.425628e-01,2.431714e-01,1.307630e-04,1.740433e-13,4.921226e-08,1.200751e-04,1.020067e-05,0.000000e+00,0.000000e+00,1.550633e-17,0.000000e+00,0.000000e+00,0.000000e+00,0.000000e+00,0.000000e+00,0.000000e+00,2.809987e-17,4.187952e-28,1.521465e-17,6.582917e-30,6.968145e-21,1.121895e-17,1.360625e-18,5.011737e-42,-2.519126e-17,-1.260491e-17,-1.521449e-17,-6.224011e-32,-6.966780e-21,-1.121895e-17,-1.360509e-18,-5.234539e-32,0.000000e+00,0.000000e+00,0.000000e+00,0.000000e+00,0.000000e+00,0.000000e+00,0.000000e+00,0.000000e+00,2.908608e-18,2.901423e-18,1.635888e-22,6.520677e-30,1.364979e-24,-5.854932e-24,1.155108e-22,-5.234539e-32
1884.4642,200.00,278.6677,5.326865e+03,1.026517e-01,C,2.212146e-03,1.035826e+00,0.2210%,2.443966e-01,2.450005e-01,1.308189e-04,1.781941e-13,4.971172e-08,1.200286e-04,1.024006e-05,0.000000e+00,0.000000e+00,1.550633e-17,0.000000e+00,0.000000e+00,0.000000e+00,0.000000e+00,0.000000e+00,0.000000e+00,2.811540e-17,2.217961e-28,1.522344e-17,6.677201e-30,7.037949e-21,1.122632e-17,1.367359e-18,-4.176447e-42,-2.521974e-17,-1.261920e-17,-1.522327e-17,-6.245734e-32,-7.036447e-21,-1.122633e-17,-1.367245e-18,-5.231382e-32,0.000000e+00,0.000000e+00,0.000000e+00,0.000000e+00,0.000000e+00,0.000000e+00,0.000000e+00,0.000000e+00,2.895668e-18,2.887132e-18,1.642680e-22,6.614744e-30,1.502428e-24,-1.109856e-23,1.141756e-22,-5.231382e-32
1904.4642,200.00,278.8552,5.400885e+03,1.021008e-01,C,2.212610e-03,1.035826e+00,0.2210%,2.462221e-01,2.468207e-01,1.308728e-04,1.824044e-13,5.019464e-08,1.199783e-04,1.027789e-05,0.000000e+00,0.000000e+00,1.550633e-17,0.000000e+00,0.000000e+00,0.000000e+00,0.000000e+00,0.000000e+00,0.000000e+00,2.812882e-17,1.189342e-28,1.523188e-17,6.770578e-30,7.105402e-21,1.123341e-17,1.373859e-18,1.670579e-42,-2.524775e-17,-1.263326e-17,-1.523191e-17,-6.267304e-32,-7.105589e-21,-1.123359e-17,-1.373879e-18,-5.227746e-32,0.000000e+00,0.000000e+00,0.000000e+00,0.000000e+00,0.000000e+00,0.000000e+00,0.000000e+00,0.000000e+00,2.881071e-18,2.873073e-18,-2.914501e-23,6.707905e-30,-1.863205e-25,-1.793165e-22,-2.013519e-23,-5.227746e-32
1924.4642,200.00,279.0428,5.474974e+03,1.015596e-01,C,2.213093e-03,1.035826e+00,0.2211%,2.480393e-01,2.486321e-01,1.309282e-04,1.866746e-13,5.069289e-08,1.199277e-04,1.031672e-05,0.000000e+00,0.000000e+00,1.550633e-17,0.000000e+00,0.000000e+00,0.000000e+00,0.000000e+00,0.000000e+00,0.000000e+00,2.814484e-17,6.199270e-29,1.524057e-17,6.867315e-30,7.175571e-21,1.124070e-17,1.380526e-18,4.176447e-42,-2.527530e-17,-1.264708e-17,-1.524040e-17,-6.288744e-32,-7.174050e-21,-1.124071e-17,-1.380411e-18,-5.223651e-32,0.000000e+00,0.000000e+00,0.000000e+00,0.000000e+00,0.000000e+00,0.000000e+00,0.000000e+00,0.000000e+00,2.869539e-18,2.859248e-18,1.656813e-22,6.804427e-30,1.520755e-24,-1.482589e-23,1.148914e-22,-5.223651e-32
1944.4642,200.00,279.2307,5.549154e+03,1.010160e-01,C,2.213559e-03,1.035826e+00,0.2211%,2.498484e-01,2.504347e-01,1.309815e-04,1.910053e-13,5.117494e-08,1.198734e-04,1.035397e-05,0.000000e+00,0.000000e+00,1.550633e-17,0.000000e+00,0.000000e+00,0.000000e+00,0.000000e+00,0.000000e+00,0.000000e+00,2.815869e-17,3.489960e-29,1.524892e-17,6.963108e-30,7.243267e-21,1.124769e-17,1.386954e-18,-1.252934e-42,-2.530300e-17,-1.266098e-17,-1.524895e-17,-6.310201e-32,-7.243446e-21,-1.124788e-17,-1.386974e-18,-5.219219e-32,0.000000e+00,0.000000e+00,0.000000e+00,0.000000e+00,0.000000e+00,0.000000e+00,0.000000e+00,0.000000e+00,2.855690e-18,2.845350e-18,-2.851798e-23,6.900006e-30,-1.788812e-25,-1.872642e-22,-2.018153e-23,-5.219219e-32
1964.4642,200.00,279.4187,5.623405e+03,1.004945e-01,C,2.214033e-03,1.035826e+00,0.2212%,2.516494e-01,2.522287e-01,1.310351e-04,1.953972e-13,5.166051e-08,1.198177e-04,1.039137e-05,0.000000e+00,0.000000e+00,1.550633e-17,0.000000e+00,0.000000e+00,0.000000e+00,0.000000e+00,0.000000e+00,0.000000e+00,2.817352e-17,1.699059e-29,1.525731e-17,7.060853e-30,7.311992e-21,1.125473e-17,1.393415e-18,1.670579e-42,-2.532960e-17,-1.267433e-17,-1.525715e-17,-6.331392e-32,-7.310561e-21,-1.125474e-17,-1.393298e-18,-5.214216e-32,0.000000e+00,0.000000e+00,0.000000e+00,0.000000e+00,0.000000e+00,0.000000e+00,0.000000e+00,0.000000e+00,2.843914e-18,2.832002e-18,1.676610e-22,6.997539e-30,1.430810e-24,-1.616517e-23,1.171645e-22,-5.214216e-32
1984.4642,200.00,279.6070,5.697755e+03,9.997070e-02,C,2.214501e-03,1.035826e+00,0.2212%,2.534425e-01,2.540142e-01,1.310878e-04,1.998507e-13,5.214017e-08,1.197597e-04,1.042804e-05,0.000000e+00,0.000000e+00,1.550633e-17,0.000000e+00,0.000000e+00,0.000000e+00,0.000000e+00,0.000000e+00,0.000000e+00,2.818771e-17,1.102093e-29,1.526556e-17,7.159086e-30,7.379901e-21,1.126163e-17,1.399769e-18,4.594092e-42,-2.535635e-17,-1.268775e-17,-1.526539e-17,-6.352632e-32,-7.378454e-21,-1.126165e-17,-1.399652e-18,-5.208904e-32,0.000000e+00,0.000000e+00,0.000000e+00,0.000000e+00,0.000000e+00,0.000000e+00,0.000000e+00,0.000000e+00,2.831361e-18,2.818582e-18,1.683330e-22,7.095559e-30,1.447103e-24,-1.779437e-23,1.175011e-22,-5.208904e-32
2004.4642,200.00,279.7954,5.772153e+03,9.944463e-02,C,2.214964e-03,1.035826e+00,0.2213%,2.552277e-01,2.557912e-01,1.311396e-04,2.043665e-13,5.261367e-08,1.196992e-04,1.046398e-05,0.000000e+00,0.000000e+00,1.550633e-17,0.000000e+00,0.000000e+00,0.000000e+00,0.000000e+00,0.000000e+00,0.000000e+00,2.820126e-17,4.132847e-30,1.527366e-17,7.257785e-30,7.446955e-21,1.126841e-17,1.406016e-18,1.670579e-42,-2.538325e-17,-1.270124e-17,-1.527369e-17,-6.373926e-32,-7.447144e-21,-1.126860e-17,-1.406037e-18,-5.203284e-32,0.000000e+00,0.000000e+00,0.000000e+00,0.000000e+00,0.000000e+00,0.000000e+00,0.000000e+00,0.000000e+00,2.818008e-18,2.805091e-18,-2.767206e-23,7.194046e-30,-1.894939e-25,-1.925182e-22,-2.007095e-23,-5.203284e-32
2024.4642,200.00,279.9842,5.846694e+03,9.894081e-02,C,2.215433e-03,1.035826e+00,0.2213%,2.570051e-01,2.575599e-01,1.311917e-04,2.089452e-13,5.309046e-08,1.196377e-04,1.050005e-05,0.000000e+00,0.000000e+00,1.550633e-17,0.000000e+00,0.000000e+00,0.000000e+00,0.000000e+00,0.000000e+00,0.000000e+00,2.821572e-17,1.377616e-30,1.528180e-17,7.358480e-30,7.514996e-21,1.127522e-17,1.412294e-18,-3.758802e-42,-2.540903e-17,-1.271417e-17,-1.528163e-17,-6.394988e-32,-7.513526e-21,-1.127524e-17,-1.412176e-18,-5.197125e-32,0.000000e+00,0.000000e+00,0.000000e+00,0.000000e+00,0.000000e+00,0.000000e+00,0.000000e+00,0.000000e+00,2.806689e-18,2.792159e-18,1.691118e-22,7.294530e-30,1.469836e-24,-2.227617e-23,1.181769e-22,-5.197125e-32
2044.4642,200.00,280.1729,5.921231e+03,9.843491e-02,C,2.215896e-03,1.035826e+00,0.2213%,2.587748e-01,2.593203e-01,1.312429e-04,2.135875e-13,5.356077e-08,1.195739e-04,1.053538e-05,0.000000e+00,0.000000e+00,1.550633e-17,0.000000e+00,0.000000e+00,0.000000e+00,0.000000e+00,0.000000e+00,0.000000e+00,2.822948e-17,-4.592052e-31,1.528979e-17,7.459644e-30,7.582133e-21,1.128189e-17,1.418463e-18,7.935250e-42,-2.543494e-17,-1.272717e-17,-1.528962e-17,-6.416116e-32,-7.580642e-21,-1.128192e-17,-1.418344e-18,-5.190670e-32,0.000000e+00,0.000000e+00,0.000000e+00,0.000000e+00,0.000000e+00,0.000000e+00,0.000000e+00,0.000000e+00,2.794540e-18,2.779162e-18,1.697564e-22,7.395483e-30,1.491759e-24,-2.366150e-23,1.185005e-22,-5.190670e-32
2064.4642,200.00,280.3620,5.995880e+03,9.792696e-02,C,2.216353e-03,1.035826e+00,0.2214%,2.605369e-01,2.610726e-01,1.312931e-04,2.182939e-13,5.402433e-08,1.195078e-04,1.056997e-05,0.000000e+00,0.000000e+00,1.550633e-17,0.000000e+00,0.000000e+00,0.000000e+00,0.000000e+00,0.000000e+00,0.000000e+00,2.824253e-17,1.836821e-30,1.529762e-17,7.561259e-30,7.648329e-21,1.128844e-17,1.424521e-18,8.352894e-43,-2.546099e-17,-1.274023e-17,-1.529765e-17,-6.437326e-32,-7.648517e-21,-1.128864e-17,-1.424541e-18,-5.183928e-32,0.000000e+00,0.000000e+00,0.000000e+00,0.000000e+00,0.000000e+00,0.000000e+00,0.000000e+00,0.000000e+00,2.781543e-18,2.766100e-18,-2.686833e-23,7.496885e-30,-1.885846e-25,-1.970610e-22,-1.993200e-23,-5.183928e-32
2084.4642,200.00,280.5511,6.070556e+03,9.742924e-02,C,2.216817e-03,1.035826e+00,0.2214%,2.622915e-01,2.628167e-01,1.313436e-04,2.230651e-13,5.449169e-08,1.194407e-04,1.060467e-05,0.000000e+00,0.000000e+00,1.550633e-17,0.000000e+00,0.000000e+00,0.000000e+00,0.000000e+00,0.000000e+00,0.000000e+00,2.825644e-17,-4.132847e-30,1.530550e-17,7.664911e-30,7.715423e-21,1.129502e-17,1.430606e-18,-1.670579e-42,-2.548653e-17,-1.275304e-17,-1.530553e-17,-6.458468e-32,-7.715613e-21,-1.129522e-17,-1.430626e-18,-5.176781e-32,0.000000e+00,0.000000e+00,0.000000e+00,0.000000e+00,0.000000e+00,0.000000e+00,0.000000e+00,0.000000e+00,2.769908e-18,2.753289e-18,-2.658833e-23,7.600327e-30,-1.900521e-25,-2.005478e-22,-1.996015e-23,-5.176781e-32
2104.4642,200.00,280.7403,6.145287e+03,9.694179e-02,C,2.217273e-03,1.035826e+00,0.2215%,2.640386e-01,2.645528e-01,1.313932e-04,2.279018e-13,5.495113e-08,1.193716e-04,1.063863e-05,0.000000e+00,0.000000e+00,1.550633e-17,0.000000e+00,0.000000e+00,0.000000e+00,0.000000e+00,0.000000e+00,0.000000e+00,2.826960e-17,0.000000e+00,1.531322e-17,7.769017e-30,7.781575e-21,1.130146e-17,1.436580e-18,2.505868e-42,-2.551158e-17,-1.276560e-17,-1.531325e-17,-6.479560e-32,-7.781764e-21,-1.130166e-17,-1.436600e-18,-5.169243e-32,0.000000e+00,0.000000e+00,0.000000e+00,0.000000e+00,0.000000e+00,0.000000e+00,0.000000e+00,0.000000e+00,2.758024e-18,2.740731e-18,-2.580392e-23,7.704221e-30,-1.889947e-25,-1.996661e-22,-1.990007e-23,-5.169243e-32
2124.4642,200.00,280.9299,6.220139e+03,9.646458e-02,C,2.217736e-03,1.035826e+00,0.2215%,2.657784e-01,2.662810e-01,1.314430e-04,2.328047e-13,5.541420e-08,1.193015e-04,1.067271e-05,0.000000e+00,0.000000e+00,1.550633e-17,0.000000e+00,0.000000e+00,0.000000e+00,0.000000e+00,0.000000e+00,0.000000e+00,2.828359e-17,0.000000e+00,1.532099e-17,7.875203e-30,7.848609e-21,1.130794e-17,1.442581e-18,2.088224e-42,-2.553611e-17,-1.277790e-17,-1.532082e-17,-6.500605e-32,-7.847066e-21,-1.130797e-17,-1.442461e-18,-5.161317e-32,0.000000e+00,0.000000e+00,0.000000e+00,0.000000e+00,0.000000e+00,0.000000e+00,0.000000e+00,0.000000e+00,2.747472e-18,2.728427e-18,1.722702e-22,7.810197e-30,1.542621e-24,-3.046909e-23,1.196837e-22,-5.161317e-32
2144.4642,200.00,281.1196,6.295035e+03,9.598556e-02,C,2.218191e-03,1.035826e+00,0.2216%,2.675108e-01,2.680014e-01,1.314919e-04,2.377745e-13,5.586993e-08,1.192294e-04,1.070603e-05,0.000000e+00,0.000000e+00,1.550633e-17,0.000000e+00,0.000000e+00,0.000000e+00,0.000000e+00,0.000000e+00,0.000000e+00,2.829679e-17,9.184104e-31,1.532859e-17,7.981843e-30,7.914604e-21,1.131428e-17,1.448468e-18,0.000000e+00,-2.556077e-17,-1.279026e-17,-1.532842e-17,-6.521772e-32,-7.913051e-21,-1.131431e-17,-1.448348e-18,-5.153136e-32,0.000000e+00,0.000000e+00,0.000000e+00,0.000000e+00,0.000000e+00,0.000000e+00,0.000000e+00,0.000000e+00,2.736013e-18,2.716064e-18,1.728782e-22,7.916626e-30,1.552817e-24,-3.198330e-23,1.199704e-22,-5.153136e-32
2164.4642,200.00,281.3092,6.369928e+03,9.550504e-02,C,2.218640e-03,1.035826e+00,0.2216%,2.692360e-01,2.697140e-01,1.315398e-04,2.428119e-13,5.631810e-08,1.191554e-04,1.073859e-05,0.000000e+00,0.000000e+00,1.550633e-17,0.000000e+00,0.000000e+00,0.000000e+00,0.000000e+00,0.000000e+00,0.000000e+00,2.830918e-17,9.827447e-24,1.533604e-17,8.088932e-30,7.979521e-21,1.132048e-17,1.454240e-18,1.120123e-38,-2.558555e-17,-1.280268e-17,-1.533606e-17,-6.543071e-32,-7.979712e-21,-1.132069e-17,-1.454259e-18,-5.144709e-32,0.000000e+00,0.000000e+00,0.000000e+00,0.000000e+00,0.000000e+00,0.000000e+00,0.000000e+00,0.000000e+00,2.723628e-18,2.703655e-18,-2.558772e-23,8.023502e-30,-1.912846e-25,-2.057659e-22,-1.977299e-23,-5.144708e-32
2184.4642,200.00,281.4991,6.444919e+03,9.503459e-02,C,2.219094e-03,1.035826e+00,0.2217%,2.709541e-01,2.714189e-01,1.315879e-04,2.479176e-13,5.676957e-08,1.190806e-04,1.077126e-05,0.000000e+00,0.000000e+00,1.550633e-17,0.000000e+00,0.000000e+00,0.000000e+00,0.000000e+00,0.000000e+00,0.000000e+00,2.832235e-17,7.131718e-24,1.534352e-17,8.198131e-30,8.045277e-21,1.132672e-17,1.460036e-18,7.613245e-39,-2.560981e-17,-1.281484e-17,-1.534355e-17,-6.564353e-32,-8.045472e-21,-1.132692e-17,-1.460056e-18,-5.135915e-32,0.000000e+00,0.000000e+00,0.000000e+00,0.000000e+00,0.000000e+00,0.000000e+00,0.000000e+00,0.000000e+00,2.712541e-18,2.691492e-18,-2.533243e-23,8.132488e-30,-1.948252e-25,-2.083779e-22,-1.977710e-23,-5.135914e-32
2204.4642,200.00,281.6891,6.519934e+03,9.457462e-02,C,2.219540e-03,1.035826e+00,0.2217%,2.726651e-01,2.731161e-01,1.316351e-04,2.530924e-13,5.721220e-08,1.190038e-04,1.080316e-05,0.000000e+00,0.000000e+00,1.550633e-17,0.000000e+00,0.000000e+00,0.000000e+00,0.000000e+00,0.000000e+00,0.000000e+00,2.833468e-17,5.175011e-24,1.535084e-17,8.307769e-30,8.109957e-21,1.133281e-17,1.465717e-18,5.177959e-39,-2.563355e-17,-1.282674e-17,-1.535087e-17,-6.585596e-32,-8.110141e-21,-1.133302e-17,-1.465737e-18,-5.126739e-32,0.000000e+00,0.000000e+00,0.000000e+00,0.000000e+00,0.000000e+00,0.000000e+00,0.000000e+00,0.000000e+00,2.701131e-18,2.679590e-18,-2.511494e-23,8.241913e-30,-1.846629e-25,-2.075364e-22,-1.965779e-23,-5.126738e-32
2224.4642,200.00,281.8793,6.595027e+03,9.411303e-02,C,2.219991e-03,1.035826e+00,0.2218%,2.743691e-01,2.748059e-01,1.316825e-04,2.583371e-13,5.765900e-08,1.189264e-04,1.083517e-05,0.000000e+00,0.000000e+00,1.550633e-17,0.000000e+00,0.000000e+00,0.000000e+00,0.000000e+00,0.000000e+00,0.000000e+00,2.834776e-17,3.755507e-24,1.535820e-17,8.419580e-30,8.175406e-21,1.133893e-17,1.471421e-18,3.516151e-39,-2.565740e-17,-1.283870e-17,-1.535823e-17,-6.607009e-32,-8.175585e-21,-1.133915e-17,-1.471440e-18,-5.117344e-32,0.000000e+00,0.000000e+00,0.000000e+00,0.000000e+00,0.000000e+00,0.000000e+00,0.000000e+00,0.000000e+00,2.690365e-18,2.667637e-18,-2.485979e-23,8.353510e-30,-1.790652e-25,-2.107119e-22,-1.966830e-23,-5.117344e-32
2244.4642,200.00,282.0698,6.670274e+03,9.366198e-02,C,2.220435e-03,1.035826e+00,0.2218%,2.760661e-01,2.764882e-01,1.317289e-04,2.636523e-13,5.809680e-08,1.188475e-04,1.086642e-05,0.000000e+00,0.000000e+00,1.550633e-17,0.000000e+00,0.000000e+00,0.000000e+00,0.000000e+00,0.000000e+00,0.000000e+00,2.835998e-17,2.725341e-24,1.536540e-17,8.531831e-30,8.239732e-21,1.134492e-17,1.477008e-18,2.399369e-39,-2.568073e-17,-1.285039e-17,-1.536542e-17,-6.628488e-32,-8.239923e-21,-1.134513e-17,-1.477027e-18,-5.107647e-32,0.000000e+00,0.000000e+00,0.000000e+00,0.000000e+00,0.000000e+00,0.000000e+00,0.000000e+00,0.000000e+00,2.679253e-18,2.655946e-18,-2.464360e-23,8.465546e-30,-1.916523e-25,-2.103480e-22,-1.958570e-23,-5.107647e-32
2264.4642,200.00,282.2601,6.745417e+03,9.322160e-02,C,2.220883e-03,1.035826e+00,0.2218%,2.777563e-01,2.781630e-01,1.317755e-04,2.690390e-13,5.853750e-08,1.187676e-04,1.089777e-05,0.000000e+00,0.000000e+00,1.550633e-17,0.000000e+00,0.000000e+00,0.000000e+00,0.000000e+00,0.000000e+00,0.000000e+00,2.837291e-17,1.978040e-24,1.537263e-17,8.646304e-30,8.304858e-21,1.135093e-17,1.482617e-18,1.631320e-39,-2.570352e-17,-1.286181e-17,-1.537245e-17,-6.649897e-32,-8.303224e-21,-1.135097e-17,-1.482495e-18,-5.097544e-32,0.000000e+00,0.000000e+00,0.000000e+00,0.000000e+00,0.000000e+00,0.000000e+00,0.000000e+00,0.000000e+00,2.669395e-18,2.644523e-18,1.763423e-22,8.579805e-30,1.634001e-24,-3.749145e-23,1.216946e-22,-5.097544e-32
2284.4642,200.00,282.4507,6.820674e+03,9.276743e-02,C,2.221324e-03,1.035826e+00,0.2219%,2.794397e-01,2.798306e-01,1.318212e-04,2.744980e-13,5.897075e-08,1.186862e-04,1.092833e-05,0.000000e+00,0.000000e+00,1.550633e-17,0.000000e+00,0.000000e+00,0.000000e+00,0.000000e+00,0.000000e+00,0.000000e+00,2.838495e-17,1.435706e-24,1.537969e-17,8.761221e-30,8.368710e-21,1.135680e-17,1.488106e-18,1.110517e-39,-2.572705e-17,-1.287360e-17,-1.537972e-17,-6.671689e-32,-8.368896e-21,-1.135702e-17,-1.488125e-18,-5.087381e-32,0.000000e+00,0.000000e+00,0.000000e+00,0.000000e+00,0.000000e+00,0.000000e+00,0.000000e+00,0.000000e+00,2.657896e-18,2.632733e-18,-2.417944e-23,8.694504e-30,-1.863920e-25,-2.135246e-22,-1.953185e-23,-5.087381e-32
2304.4642,200.00,282.6412,6.895911e+03,9.233619e-02,C,2.221769e-03,1.035826e+00,0.2219%,2.811163e-01,2.814909e-01,1.318670e-04,2.800301e-13,5.940593e-08,1.186040e-04,1.095900e-05,0.000000e+00,0.000000e+00,1.550633e-17,0.000000e+00,0.000000e+00,0.000000e+00,0.000000e+00,0.000000e+00,0.000000e+00,2.839768e-17,1.042279e-24,1.538679e-17,8.878409e-30,8.433395e-21,1.136270e-17,1.493617e-18,7.571899e-40,-2.574942e-17,-1.288480e-17,-1.538662e-17,-6.693321e-32,-8.431724e-21,-1.136274e-17,-1.493495e-18,-5.076744e-32,0.000000e+00,0.000000e+00,0.000000e+00,0.000000e+00,0.000000e+00,0.000000e+00,0.000000e+00,0.000000e+00,2.648267e-18,2.621529e-18,1.774567e-22,8.811476e-30,1.671155e-24,-4.037596e-23,1.221885e-22,-5.076743e-32
2324.4642,200.00,282.8320,6.971235e+03,9.190344e-02,C,2.222205e-03,1.035826e+00,0.2220%,2.827863e-01,2.831441e-01,1.319119e-04,2.856362e-13,5.983227e-08,1.185203e-04,1.098889e-05,0.000000e+00,0.000000e+00,1.550633e-17,0.000000e+00,0.000000e+00,0.000000e+00,0.000000e+00,0.000000e+00,0.000000e+00,2.840949e-17,7.567302e-25,1.539373e-17,8.996044e-30,8.496809e-21,1.136845e-17,1.499008e-18,5.208030e-40,-2.577188e-17,-1.289605e-17,-1.539355e-17,-6.715152e-32,-8.495139e-21,-1.136849e-17,-1.498886e-18,-5.065904e-32,0.000000e+00,0.000000e+00,0.000000e+00,0.000000e+00,0.000000e+00,0.000000e+00,0.000000e+00,0.000000e+00,2.637606e-18,2.610277e-18,1.779831e-22,8.928892e-30,1.669342e-24,-3.989028e-23,1.224803e-22,-5.065903e-32
2344.4642,200.00,283.0228,7.046578e+03,9.146926e-02,C,2.222646e-03,1.035826e+00,0.2220%,2.844497e-01,2.847901e-01,1.319569e-04,2.913171e-13,6.026244e-08,1.184361e-04,1.101887e-05,0.000000e+00,0.000000e+00,1.550633e-17,0.000000e+00,0.000000e+00,0.000000e+00,0.000000e+00,0.000000e+00,0.000000e+00,2.842196e-17,5.495603e-25,1.540069e-17,9.116000e-30,8.560931e-21,1.137424e-17,1.504418e-18,3.524921e-40,-2.579444e-17,-1.290735e-17,-1.540052e-17,-6.737200e-32,-8.559242e-21,-1.137428e-17,-1.504296e-18,-5.054873e-32,0.000000e+00,0.000000e+00,0.000000e+00,0.000000e+00,0.000000e+00,0.000000e+00,0.000000e+00,0.000000e+00,2.627524e-18,2.598978e-18,1.785419e-22,9.048628e-30,1.689425e-24,-4.280363e-23,1.226785e-22,-5.054873e-32
2364.4642,200.00,283.2137,7.121957e+03,9.104584e-02,C,2.223079e-03,1.035826e+00,0.2221%,2.861066e-01,2.864291e-01,1.320009e-04,2.970738e-13,6.068252e-08,1.183503e-04,1.104806e-05,0.000000e+00,0.000000e+00,1.550633e-17,0.000000e+00,0.000000e+00,0.000000e+00,0.000000e+00,0.000000e+00,0.000000e+00,2.843348e-17,3.991628e-25,1.540749e-17,9.236407e-30,8.623786e-21,1.137987e-17,1.509708e-18,2.401457e-40,-2.581646e-17,-1.291838e-17,-1.540731e-17,-6.759293e-32,-8.622083e-21,-1.137992e-17,-1.509585e-18,-5.043522e-32,0.000000e+00,0.000000e+00,0.000000e+00,0.000000e+00,0.000000e+00,0.000000e+00,0.000000e+00,0.000000e+00,2.617025e-18,2.587951e-18,1.790523e-22,9.168814e-30,1.703538e-24,-4.194080e-23,1.229903e-22,-5.043522e-32
2384.4642,200.00,283.4047,7.197372e+03,9.062105e-02,C,2.223515e-03,1.035826e+00,0.2221%,2.877569e-01,2.880611e-01,1.320452e-04,3.029071e-13,6.110630e-08,1.182641e-04,1.107734e-05,0.000000e+00,0.000000e+00,1.550633e-17,0.000000e+00,0.000000e+00,0.000000e+00,0.000000e+00,0.000000e+00,0.000000e+00,2.844565e-17,2.900069e-25,1.541432e-17,9.359188e-30,8.687329e-21,1.138554e-17,1.515016e-18,1.632991e-40,-2.583856e-17,-1.292945e-17,-1.541414e-17,-6.781611e-32,-8.685616e-21,-1.138558e-17,-1.514893e-18,-5.031984e-32,0.000000e+00,0.000000e+00,0.000000e+00,0.000000e+00,0.000000e+00,0.000000e+00,0.000000e+00,0.000000e+00,2.607083e-18,2.576880e-18,1.795936e-22,9.291372e-30,1.712937e-24,-4.430327e-23,1.231823e-22,-5.031984e-32
2404.4642,200.00,283.5958,7.272836e+03,9.020710e-02,C,2.223943e-03,1.035826e+00,0.2221%,2.894009e-01,2.896862e-01,1.320884e-04,3.088180e-13,6.151972e-08,1.181765e-04,1.110584e-05,0.000000e+00,0.000000e+00,1.550633e-17,0.000000e+00,0.000000e+00,0.000000e+00,0.000000e+00,0.000000e+00,0.000000e+00,2.845683e-17,2.107476e-25,1.542098e-17,9.482426e-30,8.749558e-21,1.139105e-17,1.520203e-18,1.085876e-40,-2.586013e-17,-1.294025e-17,-1.542080e-17,-6.804004e-32,-8.747830e-21,-1.139110e-17,-1.520080e-18,-5.020147e-32,0.000000e+00,0.000000e+00,0.000000e+00,0.000000e+00,0.000000e+00,0.000000e+00,0.000000e+00,0.000000e+00,2.596705e-18,2.566083e-18,1.800857e-22,9.414386e-30,1.727970e-24,-4.284982e-23,1.235058e-22,-5.020147e-32
2424.4642,200.00,283.7869,7.348293e+03,8.979183e-02,C,2.224374e-03,1.035826e+00,0.2222%,2.910385e-01,2.913044e-01,1.321318e-04,3.148076e-13,6.193667e-08,1.180884e-04,1.113443e-05,0.000000e+00,0.000000e+00,1.550633e-17,0.000000e+00,0.000000e+00,0.000000e+00,0.000000e+00,0.000000e+00,0.000000e+00,2.846864e-17,1.532056e-25,1.542767e-17,9.608092e-30,8.812453e-21,1.139659e-17,1.525407e-18,7.517605e-41,-2.588178e-17,-1.295109e-17,-1.542749e-17,-6.826624e-32,-8.810716e-21,-1.139664e-17,-1.525283e-18,-5.008121e-32,0.000000e+00,0.000000e+00,0.000000e+00,0.000000e+00,0.000000e+00,0.000000e+00,0.000000e+00,0.000000e+00,2.586864e-18,2.555243e-18,1.806074e-22,9.539825e-30,1.736560e-24,-4.445835e-23,1.237156e-22,-5.008121e-32
2444.4642,200.00,283.9780,7.423761e+03,8.937522e-02,C,2.224796e-03,1.035826e+00,0.2222%,2.926698e-01,2.929158e-01,1.321741e-04,3.208767e-13,6.234396e-08,1.179989e-04,1.116220e-05,0.000000e+00,0.000000e+00,1.550633e-17,0.000000e+00,0.000000e+00,0.000000e+00,0.000000e+00,0.000000e+00,0.000000e+00,2.847945e-17,1.113981e-25,1.543419e-17,9.734219e-30,8.873931e-21,1.140199e-17,1.530487e-18,4.594092e-41,-2.590352e-17,-1.296197e-17,-1.543421e-17,-6.849501e-32,-8.874122e-21,-1.140221e-17,-1.530506e-18,-4.995927e-32,0.000000e+00,0.000000e+00,0.000000e+00,0.000000e+00,0.000000e+00,0.000000e+00,0.000000e+00,0.000000e+00,2.575925e-18,2.544360e-18,-2.249556e-23,9.665724e-30,-1.909513e-25,-2.195076e-22,-1.912175e-23,-4.995927e-32
2464.4642,200.00,284.1693,7.499297e+03,8.896959e-02,C,2.225222e-03,1.035826e+00,0.2223%,2.942948e-01,2.945206e-01,1.322166e-04,3.270264e-13,6.275369e-08,1.179091e-04,1.119008e-05,0.000000e+00,0.000000e+00,1.550633e-17,0.000000e+00,0.000000e+00,0.000000e+00,0.000000e+00,0.000000e+00,0.000000e+00,2.849085e-17,8.102998e-26,1.544074e-17,9.862829e-30,8.936111e-21,1.140741e-17,1.535585e-18,3.967625e-41,-2.592471e-17,-1.297257e-17,-1.544076e-17,-6.872469e-32,-8.936302e-21,-1.140763e-17,-1.535604e-18,-4.983443e-32,0.000000e+00,0.000000e+00,0.000000e+00,0.000000e+00,0.000000e+00,0.000000e+00,0.000000e+00,0.000000e+00,2.566146e-18,2.533756e-18,-2.229522e-23,9.794104e-30,-1.913218e-25,-2.202957e-22,-1.907691e-23,-4.983443e-32
2484.4642,200.00,284.3605,7.574811e+03,8.857496e-02,C,2.225652e-03,1.035826e+00,0.2223%,2.959137e-01,2.961186e-01,1.322594e-04,3.332577e-13,6.316591e-08,1.178190e-04,1.121805e-05,0.000000e+00,0.000000e+00,1.550633e-17,0.000000e+00,0.000000e+00,0.000000e+00,0.000000e+00,0.000000e+00,0.000000e+00,2.850286e-17,5.896654e-26,1.544731e-17,9.993978e-30,8.998995e-21,1.141285e-17,1.540701e-18,2.046459e-41,-2.594533e-17,-1.298290e-17,-1.544713e-17,-6.895526e-32,-8.997217e-21,-1.141290e-17,-1.540576e-18,-4.970666e-32,0.000000e+00,0.000000e+00,0.000000e+00,0.000000e+00,0.000000e+00,0.000000e+00,0.000000e+00,0.000000e+00,2.557523e-18,2.523432e-18,1.821073e-22,9.925023e-30,1.778200e-24,-4.637678e-23,1.244223e-22,-4.970666e-32
2504.4642,200.00,284.5518,7.650352e+03,8.817907e-02,C,2.226073e-03,1.035826e+00,0.2224%,2.975265e-01,2.977101e-01,1.323010e-04,3.395717e-13,6.356806e-08,1.177275e-04,1.124521e-05,0.000000e+00,0.000000e+00,1.550633e-17,0.000000e+00,0.000000e+00,0.000000e+00,0.000000e+00,0.000000e+00,0.000000e+00,2.851382e-17,4.293201e-26,1.545372e-17,1.012562e-29,9.060404e-21,1.141814e-17,1.545691e-18,1.545285e-41,-2.596605e-17,-1.299326e-17,-1.545353e-17,-6.918855e-32,-9.058614e-21,-1.141819e-17,-1.545566e-18,-4.957728e-32,0.000000e+00,0.000000e+00,0.000000e+00,0.000000e+00,0.000000e+00,0.000000e+00,0.000000e+00,0.000000e+00,2.547772e-18,2.513067e-18,1.825840e-22,1.005643e-29,1.790238e-24,-4.591407e-23,1.246888e-22,-4.957728e-32
2524.4642,200.00,284.7432,7.725941e+03,8.778200e-02,C,2.226483e-03,1.035826e+00,0.2224%,2.991332e-01,2.992950e-01,1.323416e-04,3.459693e-13,6.396012e-08,1.176348e-04,1.127156e-05,0.000000e+00,0.000000e+00,1.550633e-17,0.000000e+00,0.000000e+00,0.000000e+00,0.000000e+00,0.000000e+00,0.000000e+00,2.852372e-17,3.125718e-26,1.545994e-17,1.025774e-29,9.120296e-21,1.142329e-17,1.550555e-18,9.188184e-42,-2.598684e-17,-1.300366e-17,-1.545996e-17,-6.942484e-32,-9.120630e-21,-1.142351e-17,-1.550572e-18,-4.944647e-32,0.000000e+00,0.000000e+00,0.000000e+00,0.000000e+00,0.000000e+00,0.000000e+00,0.000000e+00,0.000000e+00,2.536885e-18,2.502664e-18,-2.167938e-23,1.018832e-29,-3.335507e-25,-2.192462e-22,-1.733444e-23,-4.944647e-32
2544.4642,200.00,284.9347,7.801555e+03,8.739595e-02,C,2.226911e-03,1.035826e+00,0.2224%,3.007339e-01,3.008734e-01,1.323836e-04,3.524519e-13,6.436790e-08,1.175429e-04,1.129890e-05,0.000000e+00,0.000000e+00,1.550633e-17,0.000000e+00,0.000000e+00,0.000000e+00,0.000000e+00,0.000000e+00,0.000000e+00,2.853583e-17,2.277933e-26,1.546640e-17,1.039461e-29,9.183011e-21,1.142863e-17,1.555578e-18,7.935250e-42,-2.600707e-17,-1.301379e-17,-1.546622e-17,-6.966222e-32,-9.181188e-21,-1.142867e-17,-1.555452e-18,-4.931285e-32,0.000000e+00,0.000000e+00,0.000000e+00,0.000000e+00,0.000000e+00,0.000000e+00,0.000000e+00,0.000000e+00,2.528758e-18,2.492543e-18,1.835390e-22,1.032495e-29,1.823184e-24,-4.640498e-23,1.251592e-22,-4.931285e-32
2564.4642,200.00,285.0487,7.846545e+03,8.544379e-02,C,2.236187e-03,1.035826e+00,0.2234%,3.023255e-01,3.024343e-01,1.328999e-04,3.590053e-13,6.420841e-08,1.176500e-04,1.132210e-05,0.000000e+00,0.000000e+00,1.550633e-17,0.000000e+00,0.000000e+00,0.000000e+00,0.000000e+00,0.000000e+00,0.000000e+00,2.861126e-17,1.653874e-26,1.553073e-17,1.046292e-29,9.175640e-21,1.147535e-17,1.560480e-18,2.088224e-42,-2.610953e-17,-1.306508e-17,-1.552952e-17,-7.002094e-32,-9.174424e-21,-1.147497e-17,-1.560328e-18,-4.926170e-32,0.000000e+00,0.000000e+00,0.000000e+00,0.000000e+00,0.000000e+00,0.000000e+00,0.000000e+00,0.000000e+00,2.501736e-18,2.441249e-18,1.204251e-21,1.039290e-29,1.215815e-24,3.833068e-22,1.518847e-22,-4.926170e-32
2584.4642,200.00,285.0921,7.863695e+03,8.383672e-02,C,2.244298e-03,1.035826e+00,0.2242%,3.038921e-01,3.039636e-01,1.333447e-04,3.655855e-13,6.383528e-08,1.176833e-04,1.132855e-05,0.000000e+00,0.000000e+00,1.550633e-17,0.000000e+00,0.000000e+00,0.000000e+00,0.000000e+00,0.000000e+00,0.000000e+00,2.865161e-17,1.203761e-26,1.558543e-17,1.050086e-29,9.138685e-21,1.151476e-17,1.562869e-18,1.670579e-42,-2.619416e-17,-1.310744e-17,-1.558472e-17,-7.026608e-32,-9.139522e-21,-1.151472e-17,-1.562874e-18,-4.912927e-32,0.000000e+00,0.000000e+00,0.000000e+00,0.000000e+00,0.000000e+00,0.000000e+00,0.000000e+00,0.000000e+00,2.457454e-18,2.398885e-18,7.080819e-22,1.043059e-29,-8.376406e-25,4.009794e-23,-4.860857e-24,-4.912927e-32
2604.4642,200.00,285.1350,7.880642e+03,8.227399e-02,C,2.252327e-03,1.035826e+00,0.2250%,3.054318e-01,3.054664e-01,1.337846e-04,3.721903e-13,6.347382e-08,1.177202e-04,1.133512e-05,0.000000e+00,0.000000e+00,1.550633e-17,0.000000e+00,0.000000e+00,0.000000e+00,0.000000e+00,0.000000e+00,0.000000e+00,2.869184e-17,8.811689e-27,1.563958e-17,1.053980e-29,9.102835e-21,1.155377e-17,1.565238e-18,1.127641e-41,-2.627669e-17,-1.314876e-17,-1.563867e-17,-7.051380e-32,-9.103731e-21,-1.155360e-17,-1.565236e-18,-4.899791e-32,0.000000e+00,0.000000e+00,0.000000e+00,0.000000e+00,0.000000e+00,0.000000e+00,0.000000e+00,0.000000e+00,2.415155e-18,2.357569e-18,9.075161e-22,1.046929e-29,-8.962177e-25,1.625898e-22,2.415438e-24,-4.899791e-32
2624.4642,200.00,285.1772,7.897304e+03,8.071001e-02,C,2.260264e-03,1.035826e+00,0.2258%,3.069451e-01,3.069431e-01,1.342200e-04,3.788203e-13,6.313879e-08,1.177609e-04,1.134263e-05,0.000000e+00,0.000000e+00,1.550633e-17,0.000000e+00,0.000000e+00,0.000000e+00,0.000000e+00,0.000000e+00,0.000000e+00,2.873335e-17,6.477549e-27,1.569323e-17,1.058196e-29,9.070117e-21,1.159244e-17,1.567720e-18,2.505868e-42,-2.635953e-17,-1.319023e-17,-1.569278e-17,-7.077045e-32,-9.070622e-21,-1.159251e-17,-1.567731e-18,-4.887197e-32,0.000000e+00,0.000000e+00,0.000000e+00,0.000000e+00,0.000000e+00,0.000000e+00,0.000000e+00,0.000000e+00,2.373816e-18,2.316099e-18,4.426619e-22,1.051119e-29,-5.052039e-25,-7.241667e-23,-1.062526e-23,-4.887197e-32
2644.4642,200.00,285.2188,7.913731e+03,7.919045e-02,C,2.268114e-03,1.035826e+00,0.2266%,3.084321e-01,3.083941e-01,1.346501e-04,3.854758e-13,6.280023e-08,1.178038e-04,1.134931e-05,0.000000e+00,0.000000e+00,1.550633e-17,0.000000e+00,0.000000e+00,0.000000e+00,0.000000e+00,0.000000e+00,0.000000e+00,2.877312e-17,4.785837e-27,1.574619e-17,1.062282e-29,9.036185e-21,1.163059e-17,1.570036e-18,-3.341158e-42,-2.644025e-17,-1.323064e-17,-1.574549e-17,-7.102948e-32,-9.036833e-21,-1.163054e-17,-1.570044e-18,-4.874685e-32,0.000000e+00,0.000000e+00,0.000000e+00,0.000000e+00,0.000000e+00,0.000000e+00,0.000000e+00,0.000000e+00,2.332872e-18,2.275693e-18,6.924671e-22,1.055179e-29,-6.478894e-25,5.105375e-23,-7.168775e-24,-4.874685e-32
2664.4642,200.00,285.2598,7.929914e+03,7.770137e-02,C,2.275883e-03,1.035826e+00,0.2273%,3.098933e-01,3.098197e-01,1.350755e-04,3.921572e-13,6.247225e-08,1.178498e-04,1.135611e-05,0.000000e+00,0.000000e+00,1.550633e-17,0.000000e+00,0.000000e+00,0.000000e+00,0.000000e+00,0.000000e+00,0.000000e+00,2.881281e-17,3.551493e-27,1.579860e-17,1.066471e-29,9.003320e-21,1.166835e-17,1.572337e-18,-2.505868e-42,-2.651957e-17,-1.327034e-17,-1.579760e-17,-7.129282e-32,-9.001967e-21,-1.166804e-17,-1.572188e-18,-4.862385e-32,0.000000e+00,0.000000e+00,0.000000e+00,0.000000e+00,0.000000e+00,0.000000e+00,0.000000e+00,0.000000e+00,2.293247e-18,2.235987e-18,1.007965e-21,1.059342e-29,1.352825e-24,3.151045e-22,1.484533e-22,-4.862385e-32
2684.4642,200.00,285.3000,7.945787e+03,7.623091e-02,C,2.283485e-03,1.035826e+00,0.2281%,3.113290e-01,3.112202e-01,1.354914e-04,3.988650e-13,6.214340e-08,1.178953e-04,1.136190e-05,0.000000e+00,0.000000e+00,1.550633e-17,0.000000e+00,0.000000e+00,0.000000e+00,0.000000e+00,0.000000e+00,0.000000e+00,2.884989e-17,2.647318e-27,1.584979e-17,1.070547e-29,8.969327e-21,1.170520e-17,1.574443e-18,4.176447e-42,-2.659811e-17,-1.330966e-17,-1.584892e-17,-7.156224e-32,-8.970166e-21,-1.170504e-17,-1.574443e-18,-4.850411e-32,0.000000e+00,0.000000e+00,0.000000e+00,0.000000e+00,0.000000e+00,0.000000e+00,0.000000e+00,0.000000e+00,2.251780e-18,2.196669e-18,8.674841e-22,1.063391e-29,-8.389179e-25,1.642445e-22,-2.224644e-25,-4.850411e-32
2704.4642,200.00,285.3396,7.961426e+03,7.476814e-02,C,2.291047e-03,1.035826e+00,0.2288%,3.127395e-01,3.125959e-01,1.359052e-04,4.055996e-13,6.183826e-08,1.179454e-04,1.136877e-05,0.000000e+00,0.000000e+00,1.550633e-17,0.000000e+00,0.000000e+00,0.000000e+00,0.000000e+00,0.000000e+00,0.000000e+00,2.888888e-17,1.982848e-27,1.590083e-17,1.074944e-29,8.938391e-21,1.174197e-17,1.576688e-18,2.505868e-42,-2.667646e-17,-1.334888e-17,-1.590029e-17,-7.183932e-32,-8.938982e-21,-1.174195e-17,-1.576690e-18,-4.838864e-32,0.000000e+00,0.000000e+00,0.000000e+00,0.000000e+00,0.000000e+00,0.000000e+00,0.000000e+00,0.000000e+00,2.212417e-18,2.157450e-18,5.304515e-22,1.067760e-29,-5.909957e-25,2.265223e-23,-2.021529e-24,-4.838864e-32
2724.4642,200.00,285.3786,7.976831e+03,7.334756e-02,C,2.298473e-03,1.035826e+00,0.2296%,3.141252e-01,3.139473e-01,1.363111e-04,4.123613e-13,6.152951e-08,1.179957e-04,1.137470e-05,0.000000e+00,0.000000e+00,1.550633e-17,0.000000e+00,0.000000e+00,0.000000e+00,0.000000e+00,0.000000e+00,0.000000e+00,2.892559e-17,1.491039e-27,1.595084e-17,1.079221e-29,8.906357e-21,1.177798e-17,1.578754e-18,-8.352894e-42,-2.675275e-17,-1.338707e-17,-1.595044e-17,-7.211901e-32,-8.906868e-21,-1.177801e-17,-1.578757e-18,-4.827397e-32,0.000000e+00,0.000000e+00,0.000000e+00,0.000000e+00,0.000000e+00,0.000000e+00,0.000000e+00,0.000000e+00,2.172833e-18,2.119260e-18,3.946113e-22,1.072009e-29,-5.112498e-25,-3.285361e-23,-3.895055e-24,-4.827397e-32
2744.4642,200.00,285.4170,7.991997e+03,7.195080e-02,C,2.305828e-03,1.035826e+00,0.2303%,3.154864e-01,3.152745e-01,1.367132e-04,4.191505e-13,6.123016e-08,1.180486e-04,1.138070e-05,0.000000e+00,0.000000e+00,1.550633e-17,0.000000e+00,0.000000e+00,0.000000e+00,0.000000e+00,0.000000e+00,0.000000e+00,2.896226e-17,1.129645e-27,1.600039e-17,1.083588e-29,8.875150e-21,1.181366e-17,1.580802e-18,-1.252934e-42,-2.682796e-17,-1.342472e-17,-1.599974e-17,-7.240386e-32,-8.875803e-21,-1.181356e-17,-1.580802e-18,-4.816177e-32,0.000000e+00,0.000000e+00,0.000000e+00,0.000000e+00,0.000000e+00,0.000000e+00,0.000000e+00,0.000000e+00,2.134299e-18,2.081612e-18,6.524559e-22,1.076348e-29,-6.537938e-25,9.659070e-23,-4.103241e-25,-4.816177e-32
2764.4642,200.00,285.4550,8.006990e+03,7.056893e-02,C,2.313134e-03,1.035826e+00,0.2310%,3.168234e-01,3.165781e-01,1.371131e-04,4.259678e-13,6.095264e-08,1.181052e-04,1.138771e-05,0.000000e+00,0.000000e+00,1.550633e-17,0.000000e+00,0.000000e+00,0.000000e+00,0.000000e+00,0.000000e+00,0.000000e+00,2.900065e-17,8.559585e-28,1.604973e-17,1.088269e-29,8.846808e-21,1.184920e-17,1.582980e-18,-3.341158e-42,-2.690257e-17,-1.346206e-17,-1.604863e-17,-7.269518e-32,-8.845508e-21,-1.184882e-17,-1.582830e-18,-4.805284e-32,0.000000e+00,0.000000e+00,0.000000e+00,0.000000e+00,0.000000e+00,0.000000e+00,0.000000e+00,0.000000e+00,2.098087e-18,2.044268e-18,1.100135e-21,1.080999e-29,1.299543e-24,3.850625e-22,1.505770e-22,-4.805284e-32
2784.4642,200.00,285.4921,8.021643e+03,6.920711e-02,C,2.320283e-03,1.035826e+00,0.2318%,3.181365e-01,3.178582e-01,1.375031e-04,4.328135e-13,6.065933e-08,1.181603e-04,1.139285e-05,0.000000e+00,0.000000e+00,1.550633e-17,0.000000e+00,0.000000e+00,0.000000e+00,0.000000e+00,0.000000e+00,0.000000e+00,2.903503e-17,6.525306e-28,1.609778e-17,1.092612e-29,8.815320e-21,1.188378e-17,1.584834e-18,7.935250e-42,-2.697628e-17,-1.349896e-17,-1.609706e-17,-7.299218e-32,-8.816029e-21,-1.188365e-17,-1.584837e-18,-4.794662e-32,0.000000e+00,0.000000e+00,0.000000e+00,0.000000e+00,0.000000e+00,0.000000e+00,0.000000e+00,0.000000e+00,2.058754e-18,2.007372e-18,7.193335e-22,1.085313e-29,-7.088202e-25,1.250784e-22,-2.936791e-24,-4.794662e-32
2804.4642,200.00,285.5285,8.036030e+03,6.787216e-02,C,2.327315e-03,1.035826e+00,0.2325%,3.194261e-01,3.191152e-01,1.378872e-04,4.396881e-13,6.038944e-08,1.182170e-04,1.139892e-05,0.000000e+00,0.000000e+00,1.550633e-17,0.000000e+00,0.000000e+00,0.000000e+00,0.000000e+00,0.000000e+00,0.000000e+00,2.907051e-17,5.065034e-28,1.614517e-17,1.097298e-29,8.786934e-21,1.191790e-17,1.586807e-18,2.088224e-42,-2.704872e-17,-1.353522e-17,-1.614469e-17,-7.329394e-32,-8.787479e-21,-1.191788e-17,-1.586812e-18,-4.784243e-32,0.000000e+00,0.000000e+00,0.000000e+00,0.000000e+00,0.000000e+00,0.000000e+00,0.000000e+00,0.000000e+00,2.021796e-18,1.971112e-18,4.759320e-22,1.089969e-29,-5.455643e-25,2.020184e-23,-4.791187e-24,-4.784243e-32
2824.4642,200.00,285.5644,8.050201e+03,6.656219e-02,C,2.334268e-03,1.035826e+00,0.2332%,3.206925e-01,3.203495e-01,1.382670e-04,4.465920e-13,6.012790e-08,1.182754e-04,1.140504e-05,0.000000e+00,0.000000e+00,1.550633e-17,0.000000e+00,0.000000e+00,0.000000e+00,0.000000e+00,0.000000e+00,0.000000e+00,2.910585e-17,3.834364e-28,1.619204e-17,1.102078e-29,8.759325e-21,1.195165e-17,1.588762e-18,-5.011737e-42,-2.711998e-17,-1.357089e-17,-1.619141e-17,-7.360048e-32,-8.759939e-21,-1.195155e-17,-1.588764e-18,-4.774025e-32,0.000000e+00,0.000000e+00,0.000000e+00,0.000000e+00,0.000000e+00,0.000000e+00,0.000000e+00,0.000000e+00,1.985873e-18,1.935443e-18,6.276055e-22,1.094718e-29,-6.138648e-25,1.016207e-22,-1.638407e-24,-4.774025e-32
2844.4642,200.00,285.6001,8.064283e+03,6.527042e-02,C,2.341195e-03,1.035826e+00,0.2338%,3.219361e-01,3.215613e-01,1.386447e-04,4.535255e-13,5.985899e-08,1.183364e-04,1.141037e-05,0.000000e+00,0.000000e+00,1.550633e-17,0.000000e+00,0.000000e+00,0.000000e+00,0.000000e+00,0.000000e+00,0.000000e+00,2.913999e-17,2.994018e-28,1.623862e-17,1.106699e-29,8.730263e-21,1.198517e-17,1.590567e-18,0.000000e+00,-2.719042e-17,-1.360615e-17,-1.623780e-17,-7.391297e-32,-8.730949e-21,-1.198496e-17,-1.590563e-18,-4.764077e-32,0.000000e+00,0.000000e+00,0.000000e+00,0.000000e+00,0.000000e+00,0.000000e+00,0.000000e+00,0.000000e+00,1.949566e-18,1.900183e-18,8.174380e-22,1.099308e-29,-6.861688e-25,2.140488e-22,3.955002e-24,-4.764077e-32
2864.4642,200.00,285.6347,8.077954e+03,6.399682e-02,C,2.347950e-03,1.035826e+00,0.2345%,3.231571e-01,3.227510e-01,1.390135e-04,4.604892e-13,5.961497e-08,1.183969e-04,1.141655e-05,0.000000e+00,0.000000e+00,1.550633e-17,0.000000e+00,0.000000e+00,0.000000e+00,0.000000e+00,0.000000e+00,0.000000e+00,2.917470e-17,2.341947e-28,1.628417e-17,1.111690e-29,8.704390e-21,1.201797e-17,1.592481e-18,-7.517605e-42,-2.726004e-17,-1.364099e-17,-1.628351e-17,-7.423132e-32,-8.704988e-21,-1.201784e-17,-1.592481e-18,-4.754389e-32,0.000000e+00,0.000000e+00,0.000000e+00,0.000000e+00,0.000000e+00,0.000000e+00,0.000000e+00,0.000000e+00,1.914662e-18,1.865336e-18,6.575149e-22,1.104267e-29,-5.975515e-25,1.336759e-22,4.501101e-25,-4.754389e-32
2884.4642,200.00,285.6690,8.091497e+03,6.274955e-02,C,2.354639e-03,1.035826e+00,0.2352%,3.243558e-01,3.239190e-01,1.393783e-04,4.674835e-13,5.936380e-08,1.184586e-04,1.142186e-05,0.000000e+00,0.000000e+00,1.550633e-17,0.000000e+00,0.000000e+00,0.000000e+00,0.000000e+00,0.000000e+00,0.000000e+00,2.920778e-17,1.809269e-28,1.632917e-17,1.116528e-29,8.677112e-21,1.205035e-17,1.594233e-18,8.352894e-42,-2.732838e-17,-1.367520e-17,-1.632855e-17,-7.455428e-32,-8.677694e-21,-1.205024e-17,-1.594234e-18,-4.744875e-32,0.000000e+00,0.000000e+00,0.000000e+00,0.000000e+00,0.000000e+00,0.000000e+00,0.000000e+00,0.000000e+00,1.879392e-18,1.831128e-18,6.191345e-22,1.109072e-29,-5.822290e-25,1.128874e-22,-1.917876e-24,-4.744875e-32
2904.4642,200.00,285.7026,8.104770e+03,6.152347e-02,C,2.361210e-03,1.035826e+00,0.2358%,3.255327e-01,3.250654e-01,1.397364e-04,4.745088e-13,5.912173e-08,1.185205e-04,1.142718e-05,0.000000e+00,0.000000e+00,1.550633e-17,0.000000e+00,0.000000e+00,0.000000e+00,0.000000e+00,0.000000e+00,0.000000e+00,2.924037e-17,1.446496e-28,1.637338e-17,1.121481e-29,8.650776e-21,1.208217e-17,1.595963e-18,-8.352894e-43,-2.739572e-17,-1.370891e-17,-1.637301e-17,-7.488261e-32,-8.651201e-21,-1.208217e-17,-1.595967e-18,-4.735578e-32,0.000000e+00,0.000000e+00,0.000000e+00,0.000000e+00,0.000000e+00,0.000000e+00,0.000000e+00,0.000000e+00,1.844645e-18,1.797423e-18,3.689019e-22,1.113993e-29,-4.249362e-25,3.789293e-24,-3.808915e-24,-4.735578e-32
2924.4642,200.00,285.7358,8.117876e+03,6.032053e-02,C,2.367740e-03,1.035826e+00,0.2365%,3.266880e-01,3.261907e-01,1.400924e-04,4.815656e-13,5.888558e-08,1.185846e-04,1.143256e-05,0.000000e+00,0.000000e+00,1.550633e-17,0.000000e+00,0.000000e+00,0.000000e+00,0.000000e+00,0.000000e+00,0.000000e+00,2.927311e-17,1.138829e-28,1.641732e-17,1.126510e-29,8.624977e-21,1.211379e-17,1.597681e-18,2.505868e-42,-2.746194e-17,-1.374205e-17,-1.641650e-17,-7.521589e-32,-8.625627e-21,-1.211355e-17,-1.597677e-18,-4.726467e-32,0.000000e+00,0.000000e+00,0.000000e+00,0.000000e+00,0.000000e+00,0.000000e+00,0.000000e+00,0.000000e+00,1.811172e-18,1.764278e-18,8.192949e-22,1.118988e-29,-6.501935e-25,2.358154e-22,4.225256e-24,-4.726467e-32
2944.4642,200.00,285.7683,8.130702e+03,5.913732e-02,C,2.374131e-03,1.035826e+00,0.2371%,3.278220e-01,3.272952e-01,1.404407e-04,4.886542e-13,5.865860e-08,1.186481e-04,1.143794e-05,0.000000e+00,0.000000e+00,1.550633e-17,0.000000e+00,0.000000e+00,0.000000e+00,0.000000e+00,0.000000e+00,0.000000e+00,2.930521e-17,9.138184e-29,1.646034e-17,1.131664e-29,8.600163e-21,1.214475e-17,1.599375e-18,1.670579e-42,-2.752722e-17,-1.377473e-17,-1.645944e-17,-7.555463e-32,-8.600873e-21,-1.214449e-17,-1.599373e-18,-4.717569e-32,0.000000e+00,0.000000e+00,0.000000e+00,0.000000e+00,0.000000e+00,0.000000e+00,0.000000e+00,0.000000e+00,1.777986e-18,1.731603e-18,9.003729e-22,1.124108e-29,-7.093339e-25,2.660560e-22,2.249104e-24,-4.717569e-32
2964.4642,200.00,285.8002,8.143307e+03,5.796427e-02,C,2.380428e-03,1.035826e+00,0.2378%,3.289351e-01,3.283792e-01,1.407837e-04,4.957752e-13,5.843906e-08,1.187122e-04,1.144335e-05,0.000000e+00,0.000000e+00,1.550633e-17,0.000000e+00,0.000000e+00,0.000000e+00,0.000000e+00,0.000000e+00,0.000000e+00,2.933702e-17,6.842158e-29,1.650274e-17,1.136923e-29,8.576140e-21,1.217526e-17,1.601053e-18,5.429381e-42,-2.759209e-17,-1.380719e-17,-1.650234e-17,-7.590045e-32,-8.576543e-21,-1.217522e-17,-1.601054e-18,-4.708981e-32,0.000000e+00,0.000000e+00,0.000000e+00,0.000000e+00,0.000000e+00,0.000000e+00,0.000000e+00,0.000000e+00,1.744929e-18,1.699137e-18,3.966474e-22,1.129333e-29,-4.035019e-25,3.640512e-23,-1.453149e-24,-4.708981e-32
2984.4642,200.00,285.8317,8.155752e+03,5.683079e-02,C,2.386650e-03,1.035826e+00,0.2384%,3.300275e-01,3.294429e-01,1.411222e-04,5.029290e-13,5.821189e-08,1.187767e-04,1.144782e-05,0.000000e+00,0.000000e+00,1.550633e-17,0.000000e+00,0.000000e+00,0.000000e+00,0.000000e+00,0.000000e+00,0.000000e+00,2.936700e-17,5.280860e-29,1.654451e-17,1.142023e-29,8.550674e-21,1.220530e-17,1.602562e-18,-4.594092e-42,-2.765490e-17,-1.383863e-17,-1.654377e-17,-7.624862e-32,-8.551293e-21,-1.220511e-17,-1.602563e-18,-4.700402e-32,0.000000e+00,0.000000e+00,0.000000e+00,0.000000e+00,0.000000e+00,0.000000e+00,0.000000e+00,0.000000e+00,1.712096e-18,1.667697e-18,7.345567e-22,1.134398e-29,-6.197432e-25,1.906836e-22,-1.171421e-24,-4.700402e-32
3004.4642,200.00,285.8625,8.167912e+03,5.570565e-02,C,2.392756e-03,1.035826e+00,0.2390%,3.310996e-01,3.304868e-01,1.414547e-04,5.101161e-13,5.800704e-08,1.188415e-04,1.145328e-05,0.000000e+00,0.000000e+00,1.550633e-17,0.000000e+00,0.000000e+00,0.000000e+00,0.000000e+00,0.000000e+00,0.000000e+00,2.939821e-17,4.454291e-29,1.658563e-17,1.147494e-29,8.528178e-21,1.223490e-17,1.604207e-18,1.252934e-42,-2.771739e-17,-1.386991e-17,-1.658493e-17,-7.660392e-32,-8.528708e-21,-1.223470e-17,-1.604203e-18,-4.692126e-32,0.000000e+00,0.000000e+00,0.000000e+00,0.000000e+00,0.000000e+00,0.000000e+00,0.000000e+00,0.000000e+00,1.680820e-18,1.636422e-18,6.950908e-22,1.139833e-29,-5.301255e-25,1.966945e-22,3.571682e-24,-4.692126e-32
3024.4642,200.00,285.8930,8.179950e+03,5.459844e-02,C,2.398813e-03,1.035826e+00,0.2396%,3.321517e-01,3.315110e-01,1.417843e-04,5.173368e-13,5.779320e-08,1.189073e-04,1.145782e-05,0.000000e+00,0.000000e+00,1.550633e-17,0.000000e+00,0.000000e+00,0.000000e+00,0.000000e+00,0.000000e+00,0.000000e+00,2.942780e-17,3.765483e-29,1.662632e-17,1.152790e-29,8.504113e-21,1.226416e-17,1.605686e-18,5.429381e-42,-2.777901e-17,-1.390075e-17,-1.662570e-17,-7.696482e-32,-8.504635e-21,-1.226402e-17,-1.605688e-18,-4.684051e-32,0.000000e+00,0.000000e+00,0.000000e+00,0.000000e+00,0.000000e+00,0.000000e+00,0.000000e+00,0.000000e+00,1.648798e-18,1.605581e-18,6.148821e-22,1.145094e-29,-5.221581e-25,1.450255e-22,-1.468362e-24,-4.684051e-32
3044.4642,200.00,285.9228,8.191723e+03,5.349917e-02,C,2.404758e-03,1.035826e+00,0.2402%,3.331840e-01,3.325160e-01,1.421079e-04,5.245917e-13,5.760126e-08,1.189735e-04,1.146336e-05,0.000000e+00,0.000000e+00,1.550633e-17,0.000000e+00,0.000000e+00,0.000000e+00,0.000000e+00,0.000000e+00,0.000000e+00,2.945868e-17,3.122595e-29,1.666637e-17,1.158461e-29,8.482993e-21,1.229300e-17,1.607304e-18,2.923513e-42,-2.784031e-17,-1.393143e-17,-1.666615e-17,-7.733311e-32,-8.483207e-21,-1.229304e-17,-1.607311e-18,-4.676280e-32,0.000000e+00,0.000000e+00,0.000000e+00,0.000000e+00,0.000000e+00,0.000000e+00,0.000000e+00,0.000000e+00,1.618367e-18,1.574896e-18,2.227877e-22,1.150728e-29,-2.140300e-25,-4.011505e-23,-6.527545e-24,-4.676280e-32
3064.4642,200.00,285.9521,8.203288e+03,5.244471e-02,C,2.410597e-03,1.035826e+00,0.2408%,3.341970e-01,3.335020e-01,1.424255e-04,5.318812e-13,5.740175e-08,1.190386e-04,1.146790e-05,0.000000e+00,0.000000e+00,1.550633e-17,0.000000e+00,0.000000e+00,0.000000e+00,0.000000e+00,0.000000e+00,0.000000e+00,2.948739e-17,2.066423e-29,1.670561e-17,1.163980e-29,8.460466e-21,1.232122e-17,1.608747e-18,4.594092e-42,-2.789924e-17,-1.396093e-17,-1.670498e-17,-7.770259e-32,-8.460979e-21,-1.232105e-17,-1.608747e-18,-4.668435e-32,0.000000e+00,0.000000e+00,0.000000e+00,0.000000e+00,0.000000e+00,0.000000e+00,0.000000e+00,0.000000e+00,1.588145e-18,1.545402e-18,6.304255e-22,1.156209e-29,-5.132870e-25,1.613838e-22,-5.072750e-25,-4.668435e-32
3084.4642,200.00,285.9809,8.214660e+03,5.139366e-02,C,2.416371e-03,1.035826e+00,0.2413%,3.351908e-01,3.344693e-01,1.427393e-04,5.392058e-13,5.720836e-08,1.191047e-04,1.147251e-05,0.000000e+00,0.000000e+00,1.550633e-17,0.000000e+00,0.000000e+00,0.000000e+00,0.000000e+00,0.000000e+00,0.000000e+00,2.951610e-17,1.790900e-29,1.674441e-17,1.169599e-29,8.438617e-21,1.234913e-17,1.610183e-18,-1.670579e-42,-2.795810e-17,-1.399038e-17,-1.674393e-17,-7.807995e-32,-8.439046e-21,-1.234903e-17,-1.610185e-18,-4.660916e-32,0.000000e+00,0.000000e+00,0.000000e+00,0.000000e+00,0.000000e+00,0.000000e+00,0.000000e+00,0.000000e+00,1.558000e-18,1.515944e-18,4.853375e-22,1.161791e-29,-4.292870e-25,9.323590e-23,-2.326084e-24,-4.660916e-32
3104.4642,200.00,286.0092,8.225839e+03,5.036076e-02,C,2.422046e-03,1.035826e+00,0.2419%,3.361659e-01,3.354182e-01,1.430480e-04,5.465660e-13,5.702103e-08,1.191706e-04,1.147712e-05,0.000000e+00,0.000000e+00,1.550633e-17,0.000000e+00,0.000000e+00,0.000000e+00,0.000000e+00,0.000000e+00,0.000000e+00,2.954442e-17,1.836821e-29,1.678257e-17,1.175319e-29,8.417425e-21,1.237657e-17,1.611600e-18,-3.758802e-42,-2.801605e-17,-1.401939e-17,-1.678227e-17,-7.846292e-32,-8.417778e-21,-1.237658e-17,-1.611607e-18,-4.653578e-32,0.000000e+00,0.000000e+00,0.000000e+00,0.000000e+00,0.000000e+00,0.000000e+00,0.000000e+00,0.000000e+00,1.528369e-18,1.486938e-18,2.969738e-22,1.167473e-29,-3.529905e-25,-6.567896e-24,-6.946897e-24,-4.653578e-32
3124.4642,200.00,286.0370,8.236825e+03,4.935964e-02,C,2.427606e-03,1.035826e+00,0.2425%,3.371224e-01,3.363490e-01,1.433496e-04,5.539621e-13,5.682665e-08,1.192350e-04,1.148074e-05,0.000000e+00,0.000000e+00,1.550633e-17,0.000000e+00,0.000000e+00,0.000000e+00,0.000000e+00,0.000000e+00,0.000000e+00,2.957051e-17,1.239854e-29,1.681983e-17,1.180897e-29,8.394962e-21,1.240335e-17,1.612844e-18,5.429381e-42,-2.807233e-17,-1.404756e-17,-1.681978e-17,-7.884921e-32,-8.395166e-21,-1.240346e-17,-1.612852e-18,-4.646284e-32,0.000000e+00,0.000000e+00,0.000000e+00,0.000000e+00,0.000000e+00,0.000000e+00,0.000000e+00,0.000000e+00,1.498183e-18,1.458769e-18,4.444251e-23,1.173012e-29,-2.041111e-25,-1.146843e-22,-7.866399e-24,-4.646284e-32
3144.4642,200.00,286.0643,8.247593e+03,4.837307e-02,C,2.433107e-03,1.035826e+00,0.2430%,3.380607e-01,3.372619e-01,1.436485e-04,5.613947e-13,5.665170e-08,1.193010e-04,1.148541e-05,0.000000e+00,0.000000e+00,1.550633e-17,0.000000e+00,0.000000e+00,0.000000e+00,0.000000e+00,0.000000e+00,0.000000e+00,2.959835e-17,9.643310e-30,1.685682e-17,1.186830e-29,8.375120e-21,1.242997e-17,1.614238e-18,-7.099960e-42,-2.812790e-17,-1.407537e-17,-1.685638e-17,-7.924137e-32,-8.375468e-21,-1.242986e-17,-1.614235e-18,-4.639180e-32,0.000000e+00,0.000000e+00,0.000000e+00,0.000000e+00,0.000000e+00,0.000000e+00,0.000000e+00,0.000000e+00,1.470450e-18,1.430958e-18,4.411470e-22,1.178906e-29,-3.479394e-25,1.080152e-22,2.763840e-24,-4.639180e-32
3164.4642,200.00,286.0912,8.258218e+03,4.739131e-02,C,2.438544e-03,1.035826e+00,0.2436%,3.389811e-01,3.381574e-01,1.439441e-04,5.688643e-13,5.648143e-08,1.193675e-04,1.149010e-05,0.000000e+00,0.000000e+00,1.550633e-17,0.000000e+00,0.000000e+00,0.000000e+00,0.000000e+00,0.000000e+00,0.000000e+00,2.962609e-17,1.102093e-29,1.689340e-17,1.192852e-29,8.355789e-21,1.245628e-17,1.615618e-18,8.352894e-43,-2.818330e-17,-1.410310e-17,-1.689290e-17,-7.964127e-32,-8.356195e-21,-1.245616e-17,-1.615619e-18,-4.632371e-32,0.000000e+00,0.000000e+00,0.000000e+00,0.000000e+00,0.000000e+00,0.000000e+00,0.000000e+00,0.000000e+00,1.442785e-18,1.403230e-18,4.924514e-22,1.184887e-29,-4.063991e-25,1.132387e-22,-1.368413e-24,-4.632371e-32
3184.4642,200.00,286.1175,8.268598e+03,4.644129e-02,C,2.443858e-03,1.035826e+00,0.2441%,3.398839e-01,3.390357e-01,1.442323e-04,5.763714e-13,5.630433e-08,1.194322e-04,1.149381e-05,0.000000e+00,0.000000e+00,1.550633e-17,0.000000e+00,0.000000e+00,0.000000e+00,0.000000e+00,0.000000e+00,0.000000e+00,2.965155e-17,3.673642e-30,1.692903e-17,1.198737e-29,8.335234e-21,1.248189e-17,1.616828e-18,2.088224e-42,-2.823701e-17,-1.412998e-17,-1.692863e-17,-8.004420e-32,-8.335564e-21,-1.248180e-17,-1.616828e-18,-4.625576e-32,0.000000e+00,0.000000e+00,0.000000e+00,0.000000e+00,0.000000e+00,0.000000e+00,0.000000e+00,0.000000e+00,1.414535e-18,1.376348e-18,3.998380e-22,1.190733e-29,-3.304813e-25,8.537980e-23,3.290613e-25,-4.625576e-32
3204.4642,200.00,286.1437,8.278936e+03,4.550334e-02,C,2.449178e-03,1.035826e+00,0.2446%,3.407693e-01,3.398970e-01,1.445216e-04,5.839162e-13,5.614330e-08,1.195001e-04,1.149860e-05,0.000000e+00,0.000000e+00,1.550633e-17,0.000000e+00,0.000000e+00,0.000000e+00,0.000000e+00,0.000000e+00,0.000000e+00,2.967927e-17,6.428873e-30,1.696483e-17,1.204946e-29,8.317011e-21,1.250765e-17,1.618195e-18,-8.352894e-43,-2.829013e-17,-1.415657e-17,-1.696376e-17,-8.045363e-32,-8.315534e-21,-1.250715e-17,-1.618029e-18,-4.618994e-32,0.000000e+00,0.000000e+00,0.000000e+00,0.000000e+00,0.000000e+00,0.000000e+00,0.000000e+00,0.000000e+00,1.389139e-18,1.349761e-18,1.070551e-21,1.196901e-29,1.477006e-24,4.999486e-22,1.661291e-22,-4.618994e-32
3224.4642,200.00,286.1687,8.288817e+03,4.457818e-02,C,2.454250e-03,1.035826e+00,0.2451%,3.416377e-01,3.407416e-01,1.447966e-04,5.914996e-13,5.597906e-08,1.195623e-04,1.150225e-05,0.000000e+00,0.000000e+00,1.550633e-17,0.000000e+00,0.000000e+00,0.000000e+00,0.000000e+00,0.000000e+00,0.000000e+00,2.970353e-17,3.214437e-30,1.699886e-17,1.211065e-29,8.297824e-21,1.253211e-17,1.619364e-18,2.088224e-42,-2.834263e-17,-1.418284e-17,-1.699845e-17,-8.086917e-32,-8.298223e-21,-1.253205e-17,-1.619371e-18,-4.612596e-32,0.000000e+00,0.000000e+00,0.000000e+00,0.000000e+00,0.000000e+00,0.000000e+00,0.000000e+00,0.000000e+00,1.360904e-18,1.323489e-18,4.041983e-22,1.202978e-29,-3.999261e-25,6.069272e-23,-6.819497e-24,-4.612596e-32
3244.4642,200.00,286.1935,8.298620e+03,4.367593e-02,C,2.459285e-03,1.035826e+00,0.2456%,3.424893e-01,3.415699e-01,1.450696e-04,5.991218e-13,5.581874e-08,1.196256e-04,1.150600e-05,0.000000e+00,0.000000e+00,1.550633e-17,0.000000e+00,0.000000e+00,0.000000e+00,0.000000e+00,0.000000e+00,0.000000e+00,2.972800e-17,1.377616e-30,1.703264e-17,1.217273e-29,8.279175e-21,1.255640e-17,1.620534e-18,-5.011737e-42,-2.839391e-17,-1.420851e-17,-1.703262e-17,-8.128940e-32,-8.279350e-21,-1.255651e-17,-1.620543e-18,-4.606297e-32,0.000000e+00,0.000000e+00,0.000000e+00,0.000000e+00,0.000000e+00,0.000000e+00,0.000000e+00,0.000000e+00,1.334092e-18,1.297823e-18,2.092487e-23,1.209144e-29,-1.748196e-25,-1.130540e-22,-8.238262e-24,-4.606297e-32
3264.4642,200.00,286.2181,8.308329e+03,4.278607e-02,C,2.464309e-03,1.035826e+00,0.2461%,3.433244e-01,3.423820e-01,1.453421e-04,6.067833e-13,5.566130e-08,1.196908e-04,1.150981e-05,0.000000e+00,0.000000e+00,1.550633e-17,0.000000e+00,0.000000e+00,0.000000e+00,0.000000e+00,0.000000e+00,0.000000e+00,2.975282e-17,6.888078e-30,1.706636e-17,1.223549e-29,8.260809e-21,1.258064e-17,1.621702e-18,-8.352894e-43,-2.844457e-17,-1.423386e-17,-1.706619e-17,-8.171575e-32,-8.261058e-21,-1.258067e-17,-1.621708e-18,-4.600175e-32,0.000000e+00,0.000000e+00,0.000000e+00,0.000000e+00,0.000000e+00,0.000000e+00,0.000000e+00,0.000000e+00,1.308250e-18,1.272466e-18,1.773359e-22,1.215377e-29,-2.487782e-25,-2.992289e-23,-5.728852e-24,-4.600175e-32
3284.4642,200.00,286.2422,8.317844e+03,4.191907e-02,C,2.469221e-03,1.035826e+00,0.2466%,3.441432e-01,3.431783e-01,1.456084e-04,6.144847e-13,5.551001e-08,1.197548e-04,1.151363e-05,0.000000e+00,0.000000e+00,1.550633e-17,0.000000e+00,0.000000e+00,0.000000e+00,0.000000e+00,0.000000e+00,0.000000e+00,2.977716e-17,3.673642e-30,1.709934e-17,1.229948e-29,8.243160e-21,1.260434e-17,1.622857e-18,-4.176447e-42,-2.849402e-17,-1.425861e-17,-1.709893e-17,-8.214671e-32,-8.243472e-21,-1.260424e-17,-1.622855e-18,-4.594141e-32,0.000000e+00,0.000000e+00,0.000000e+00,0.000000e+00,0.000000e+00,0.000000e+00,0.000000e+00,0.000000e+00,1.283139e-18,1.247719e-18,4.092315e-22,1.221733e-29,-3.118901e-25,1.072770e-22,1.477043e-24,-4.594141e-32
3304.4642,200.00,286.2658,8.327159e+03,4.106175e-02,C,2.474049e-03,1.035826e+00,0.2471%,3.449461e-01,3.439590e-01,1.458703e-04,6.222265e-13,5.536326e-08,1.198184e-04,1.151744e-05,0.000000e+00,0.000000e+00,1.550633e-17,0.000000e+00,0.000000e+00,0.000000e+00,0.000000e+00,0.000000e+00,0.000000e+00,2.980119e-17,9.184104e-31,1.713176e-17,1.236448e-29,8.226036e-21,1.262765e-17,1.623997e-18,6.264671e-42,-2.854300e-17,-1.428312e-17,-1.713139e-17,-8.258422e-32,-8.226337e-21,-1.262757e-17,-1.623998e-18,-4.588298e-32,0.000000e+00,0.000000e+00,0.000000e+00,0.000000e+00,0.000000e+00,0.000000e+00,0.000000e+00,0.000000e+00,1.258195e-18,1.223207e-18,3.678174e-22,1.228189e-29,-3.013393e-25,7.966141e-23,-1.062961e-24,-4.588298e-32
3324.4642,200.00,286.2889,8.336298e+03,4.021508e-02,C,2.478793e-03,1.035826e+00,0.2476%,3.457334e-01,3.447244e-01,1.461276e-04,6.300090e-13,5.522140e-08,1.198816e-04,1.152128e-05,0.000000e+00,0.000000e+00,1.550633e-17,0.000000e+00,0.000000e+00,0.000000e+00,0.000000e+00,0.000000e+00,0.000000e+00,2.982498e-17,4.592052e-30,1.716363e-17,1.243057e-29,8.209494e-21,1.265057e-17,1.625129e-18,4.176447e-42,-2.859145e-17,-1.430737e-17,-1.716358e-17,-8.302842e-32,-8.209649e-21,-1.265065e-17,-1.625135e-18,-4.582649e-32,0.000000e+00,0.000000e+00,0.000000e+00,0.000000e+00,0.000000e+00,0.000000e+00,0.000000e+00,0.000000e+00,1.233533e-18,1.198960e-18,4.813412e-23,1.234754e-29,-1.551891e-25,-8.372904e-23,-5.702717e-24,-4.582649e-32
3344.4642,200.00,286.3118,8.345324e+03,3.940437e-02,C,2.483476e-03,1.035826e+00,0.2480%,3.465051e-01,3.454747e-01,1.463808e-04,6.378330e-13,5.507046e-08,1.199440e-04,1.152416e-05,0.000000e+00,0.000000e+00,1.550633e-17,0.000000e+00,0.000000e+00,0.000000e+00,0.000000e+00,0.000000e+00,0.000000e+00,2.984692e-17,-1.836821e-30,1.719496e-17,1.249491e-29,8.191438e-21,1.267307e-17,1.626097e-18,5.429381e-42,-2.863791e-17,-1.433062e-17,-1.719450e-17,-8.347454e-32,-8.191733e-21,-1.267292e-17,-1.626092e-18,-4.576928e-32,0.000000e+00,0.000000e+00,0.000000e+00,0.000000e+00,0.000000e+00,0.000000e+00,0.000000e+00,0.000000e+00,1.209017e-18,1.175706e-18,4.604014e-22,1.241143e-29,-2.951899e-25,1.542153e-22,5.037182e-24,-4.576928e-32
3364.4642,200.00,286.3341,8.354121e+03,3.859844e-02,C,2.488068e-03,1.035826e+00,0.2485%,3.472618e-01,3.462103e-01,1.466299e-04,6.456987e-13,5.493743e-08,1.200065e-04,1.152802e-05,0.000000e+00,0.000000e+00,1.550633e-17,0.000000e+00,0.000000e+00,0.000000e+00,0.000000e+00,0.000000e+00,0.000000e+00,2.987025e-17,-1.377616e-30,1.722582e-17,1.256304e-29,8.175903e-21,1.269527e-17,1.627208e-18,0.000000e+00,-2.868417e-17,-1.435378e-17,-1.722497e-17,-8.392810e-32,-8.176410e-21,-1.269493e-17,-1.627202e-18,-4.571435e-32,0.000000e+00,0.000000e+00,0.000000e+00,0.000000e+00,0.000000e+00,0.000000e+00,0.000000e+00,0.000000e+00,1.186077e-18,1.152553e-18,8.425459e-22,1.247912e-29,-5.078404e-25,3.320268e-22,5.988933e-24,-4.571435e-32
3384.4642,200.00,286.3561,8.362814e+03,3.779997e-02,C,2.492589e-03,1.035826e+00,0.2489%,3.480035e-01,3.469313e-01,1.468744e-04,6.536068e-13,5.479555e-08,1.200680e-04,1.153094e-05,0.000000e+00,0.000000e+00,1.550633e-17,0.000000e+00,0.000000e+00,0.000000e+00,0.000000e+00,0.000000e+00,0.000000e+00,2.989168e-17,-1.377616e-30,1.725608e-17,1.262950e-29,8.158926e-21,1.271701e-17,1.628156e-18,-8.352894e-43,-2.873007e-17,-1.437675e-17,-1.725573e-17,-8.438885e-32,-8.159218e-21,-1.271692e-17,-1.628157e-18,-4.566151e-32,0.000000e+00,0.000000e+00,0.000000e+00,0.000000e+00,0.000000e+00,0.000000e+00,0.000000e+00,0.000000e+00,1.161601e-18,1.129579e-18,3.562289e-22,1.254511e-29,-2.920030e-25,8.481862e-23,-1.294225e-24,-4.566151e-32
3404.4642,200.00,286.3774,8.371231e+03,3.702289e-02,C,2.496998e-03,1.035826e+00,0.2494%,3.487306e-01,3.476380e-01,1.471137e-04,6.615577e-13,5.467194e-08,1.201287e-04,1.153481e-05,0.000000e+00,0.000000e+00,1.550633e-17,0.000000e+00,0.000000e+00,0.000000e+00,0.000000e+00,0.000000e+00,0.000000e+00,2.991428e-17,-1.377616e-30,1.728573e-17,1.269988e-29,8.144507e-21,1.273833e-17,1.629244e-18,2.088224e-42,-2.877482e-17,-1.439914e-17,-1.728526e-17,-8.485405e-32,-8.144863e-21,-1.273820e-17,-1.629246e-18,-4.560922e-32,0.000000e+00,0.000000e+00,0.000000e+00,0.000000e+00,0.000000e+00,0.000000e+00,0.000000e+00,0.000000e+00,1.139462e-18,1.107187e-18,4.682247e-22,1.261503e-29,-3.564246e-25,1.326190e-22,-1.960040e-24,-4.560922e-32
3424.4642,200.00,286.3983,8.379501e+03,3.626295e-02,C,2.501309e-03,1.035826e+00,0.2498%,3.494433e-01,3.483308e-01,1.473468e-04,6.695520e-13,5.453975e-08,1.201876e-04,1.153769e-05,0.000000e+00,0.000000e+00,1.550633e-17,0.000000e+00,0.000000e+00,0.000000e+00,0.000000e+00,0.000000e+00,0.000000e+00,2.993471e-17,9.184104e-31,1.731460e-17,1.276865e-29,8.128697e-21,1.275907e-17,1.630163e-18,-1.252934e-42,-2.881864e-17,-1.442107e-17,-1.731460e-17,-8.532464e-32,-8.128836e-21,-1.275918e-17,-1.630171e-18,-4.555797e-32,0.000000e+00,0.000000e+00,0.000000e+00,0.000000e+00,0.000000e+00,0.000000e+00,0.000000e+00,0.000000e+00,1.116069e-18,1.085256e-18,-3.027181e-24,1.268333e-29,-1.398478e-25,-1.039197e-22,-7.926589e-24,-4.555797e-32
3444.4642,200.00,286.4194,8.387807e+03,3.551523e-02,C,2.505662e-03,1.035826e+00,0.2503%,3.501419e-01,3.490097e-01,1.475824e-04,6.775902e-13,5.440898e-08,1.202494e-04,1.154069e-05,0.000000e+00,0.000000e+00,1.550633e-17,0.000000e+00,0.000000e+00,0.000000e+00,0.000000e+00,0.000000e+00,0.000000e+00,2.995595e-17,9.184104e-31,1.734376e-17,1.283797e-29,8.112990e-21,1.278003e-17,1.631092e-18,2.088224e-42,-2.886182e-17,-1.444268e-17,-1.734318e-17,-8.580117e-32,-8.113410e-21,-1.277984e-17,-1.631095e-18,-4.550800e-32,0.000000e+00,0.000000e+00,0.000000e+00,0.000000e+00,0.000000e+00,0.000000e+00,0.000000e+00,0.000000e+00,1.094136e-18,1.063646e-18,5.836855e-22,1.275217e-29,-4.195977e-25,1.906736e-22,-2.290189e-24,-4.550800e-32
3464.4642,200.00,286.4398,8.395863e+03,3.478031e-02,C,2.509897e-03,1.035826e+00,0.2507%,3.508266e-01,3.496751e-01,1.478113e-04,6.856727e-13,5.428359e-08,1.203094e-04,1.154368e-05,0.000000e+00,0.000000e+00,1.550633e-17,0.000000e+00,0.000000e+00,0.000000e+00,0.000000e+00,0.000000e+00,0.000000e+00,2.997660e-17,-4.592052e-31,1.737214e-17,1.290859e-29,8.097952e-21,1.280041e-17,1.632009e-18,4.176447e-43,-2.890432e-17,-1.446395e-17,-1.737148e-17,-8.628385e-32,-8.098363e-21,-1.280017e-17,-1.632007e-18,-4.545940e-32,0.000000e+00,0.000000e+00,0.000000e+00,0.000000e+00,0.000000e+00,0.000000e+00,0.000000e+00,0.000000e+00,1.072285e-18,1.042376e-18,6.550344e-22,1.282231e-29,-4.103677e-25,2.447691e-22,2.160068e-24,-4.545940e-32
3484.4642,200.00,286.4596,8.403687e+03,3.404476e-02,C,2.514010e-03,1.035826e+00,0.2511%,3.514977e-01,3.503272e-01,1.480346e-04,6.938002e-13,5.417595e-08,1.203682e-04,1.154763e-05,0.000000e+00,0.000000e+00,1.550633e-17,0.000000e+00,0.000000e+00,0.000000e+00,0.000000e+00,0.000000e+00,0.000000e+00,2.999834e-17,-1.836821e-30,1.739984e-17,1.298325e-29,8.085452e-21,1.282034e-17,1.633065e-18,7.099960e-42,-2.894692e-17,-1.448527e-17,-1.739972e-17,-8.677487e-32,-8.085592e-21,-1.282039e-17,-1.633075e-18,-4.541325e-32,0.000000e+00,0.000000e+00,0.000000e+00,0.000000e+00,0.000000e+00,0.000000e+00,0.000000e+00,0.000000e+00,1.051424e-18,1.021057e-18,1.126459e-22,1.289648e-29,-1.402408e-25,-4.995542e-23,-1.016943e-23,-4.541325e-32
3504.4642,200.00,286.4794,8.411496e+03,3.335384e-02,C,2.518124e-03,1.035826e+00,0.2515%,3.521553e-01,3.509662e-01,1.482570e-04,7.019730e-13,5.405749e-08,1.204279e-04,1.155071e-05,0.000000e+00,0.000000e+00,1.550633e-17,0.000000e+00,0.000000e+00,0.000000e+00,0.000000e+00,0.000000e+00,0.000000e+00,3.001881e-17,-9.184104e-31,1.742742e-17,1.305594e-29,8.071337e-21,1.284016e-17,1.633975e-18,4.594092e-42,-2.898698e-17,-1.450533e-17,-1.742654e-17,-8.726624e-32,-8.069689e-21,-1.283969e-17,-1.633800e-18,-4.536535e-32,0.000000e+00,0.000000e+00,0.000000e+00,0.000000e+00,0.000000e+00,0.000000e+00,0.000000e+00,0.000000e+00,1.031826e-18,1.001004e-18,8.809533e-22,1.296867e-29,1.647856e-24,4.696271e-22,1.747542e-22,-4.536535e-32
3524.4642,200.00,286.4984,8.419005e+03,3.266186e-02,C,2.522081e-03,1.035826e+00,0.2519%,3.527998e-01,3.515924e-01,1.484705e-04,7.101919e-13,5.393158e-08,1.204836e-04,1.155264e-05,0.000000e+00,0.000000e+00,1.550633e-17,0.000000e+00,0.000000e+00,0.000000e+00,0.000000e+00,0.000000e+00,0.000000e+00,3.003640e-17,-2.755231e-30,1.745383e-17,1.312703e-29,8.055769e-21,1.285911e-17,1.634691e-18,-1.670579e-42,-2.902717e-17,-1.452544e-17,-1.745326e-17,-8.776589e-32,-8.056103e-21,-1.285889e-17,-1.634687e-18,-4.531980e-32,0.000000e+00,0.000000e+00,0.000000e+00,0.000000e+00,0.000000e+00,0.000000e+00,0.000000e+00,0.000000e+00,1.009235e-18,9.808934e-19,5.679775e-22,1.303926e-29,-3.334422e-25,2.214058e-22,4.645964e-24,-4.531980e-32
3544.4642,200.00,286.5170,8.426351e+03,3.198766e-02,C,2.525954e-03,1.035826e+00,0.2523%,3.534313e-01,3.522060e-01,1.486799e-04,7.184572e-13,5.382290e-08,1.205392e-04,1.155563e-05,0.000000e+00,0.000000e+00,1.550633e-17,0.000000e+00,0.000000e+00,0.000000e+00,0.000000e+00,0.000000e+00,0.000000e+00,3.005551e-17,-9.184104e-31,1.747980e-17,1.320222e-29,8.042766e-21,1.287778e-17,1.635565e-18,-4.594092e-42,-2.906637e-17,-1.454506e-17,-1.747930e-17,-8.827063e-32,-8.043100e-21,-1.287761e-17,-1.635564e-18,-4.527491e-32,0.000000e+00,0.000000e+00,0.000000e+00,0.000000e+00,0.000000e+00,0.000000e+00,0.000000e+00,0.000000e+00,9.891339e-19,9.612734e-19,4.977559e-22,1.311395e-29,-3.338928e-25,1.726407e-22,3.917233e-25,-4.527491e-32
3564.4642,200.00,286.5354,8.433607e+03,3.132449e-02,C,2.529796e-03,1.035826e+00,0.2527%,3.540502e-01,3.528072e-01,1.488880e-04,7.267696e-13,5.371656e-08,1.205953e-04,1.155864e-05,0.000000e+00,0.000000e+00,1.550633e-17,0.000000e+00,0.000000e+00,0.000000e+00,0.000000e+00,0.000000e+00,0.000000e+00,3.007472e-17,0.000000e+00,1.750559e-17,1.327826e-29,8.030029e-21,1.289632e-17,1.636435e-18,5.011737e-42,-2.910499e-17,-1.456438e-17,-1.750491e-17,-8.878150e-32,-8.030424e-21,-1.289605e-17,-1.636431e-18,-4.523117e-32,0.000000e+00,0.000000e+00,0.000000e+00,0.000000e+00,0.000000e+00,0.000000e+00,0.000000e+00,0.000000e+00,9.697319e-19,9.419495e-19,6.802990e-22,1.318947e-29,-3.949999e-25,2.723007e-22,3.891046e-24,-4.523117e-32
3584.4642,200.00,286.5535,8.440772e+03,3.065433e-02,C,2.533591e-03,1.035826e+00,0.2530%,3.546566e-01,3.533963e-01,1.490933e-04,7.351294e-13,5.361337e-08,1.206515e-04,1.156171e-05,0.000000e+00,0.000000e+00,1.550633e-17,0.000000e+00,0.000000e+00,0.000000e+00,0.000000e+00,0.000000e+00,0.000000e+00,3.009393e-17,-2.755231e-30,1.753106e-17,1.335532e-29,8.017683e-21,1.291463e-17,1.637303e-18,5.011737e-42,-2.914406e-17,-1.458393e-17,-1.753098e-17,-8.930224e-32,-8.017866e-21,-1.291469e-17,-1.637313e-18,-4.519045e-32,0.000000e+00,0.000000e+00,0.000000e+00,0.000000e+00,0.000000e+00,0.000000e+00,0.000000e+00,0.000000e+00,9.498724e-19,9.223969e-19,7.537497e-23,1.326602e-29,-1.822371e-25,-6.491423e-23,-9.803970e-24,-4.519045e-32
3604.4642,200.00,286.5712,8.447763e+03,3.002919e-02,C,2.537279e-03,1.035826e+00,0.2534%,3.552508e-01,3.539735e-01,1.492922e-04,7.435374e-13,5.350136e-08,1.207051e-04,1.156374e-05,0.000000e+00,0.000000e+00,1.550633e-17,0.000000e+00,0.000000e+00,0.000000e+00,0.000000e+00,0.000000e+00,0.000000e+00,3.011078e-17,-1.377616e-30,1.755569e-17,1.343068e-29,8.003906e-21,1.293231e-17,1.637998e-18,-4.176447e-42,-2.918055e-17,-1.460219e-17,-1.755540e-17,-8.982281e-32,-8.004157e-21,-1.293224e-17,-1.638002e-18,-4.514762e-32,0.000000e+00,0.000000e+00,0.000000e+00,0.000000e+00,0.000000e+00,0.000000e+00,0.000000e+00,0.000000e+00,9.302366e-19,9.041344e-19,2.967809e-22,1.334086e-29,-2.511062e-25,6.724371e-23,-3.859227e-24,-4.514762e-32
3624.4642,200.00,286.5885,8.454587e+03,2.939693e-02,C,2.540924e-03,1.035826e+00,0.2538%,3.558329e-01,3.545389e-01,1.494895e-04,7.519940e-13,5.340533e-08,1.207596e-04,1.156683e-05,0.000000e+00,0.000000e+00,1.550633e-17,0.000000e+00,0.000000e+00,0.000000e+00,0.000000e+00,0.000000e+00,0.000000e+00,3.012945e-17,3.214437e-30,1.758017e-17,1.351000e-29,7.992431e-21,1.294991e-17,1.638852e-18,5.847026e-42,-2.921750e-17,-1.462069e-17,-1.757990e-17,-9.035277e-32,-7.992681e-21,-1.294986e-17,-1.638857e-18,-4.510747e-32,0.000000e+00,0.000000e+00,0.000000e+00,0.000000e+00,0.000000e+00,0.000000e+00,0.000000e+00,0.000000e+00,9.119527e-19,8.856419e-19,2.738496e-22,1.341964e-29,-2.498229e-25,5.027512e-23,-5.257642e-24,-4.510747e-32
3644.4642,200.00,286.6057,8.461380e+03,2.878373e-02,C,2.544515e-03,1.035826e+00,0.2541%,3.564033e-01,3.550929e-01,1.496832e-04,7.604998e-13,5.329905e-08,1.208130e-04,1.156891e-05,0.000000e+00,0.000000e+00,1.550633e-17,0.000000e+00,0.000000e+00,0.000000e+00,0.000000e+00,0.000000e+00,0.000000e+00,3.014620e-17,2.296026e-30,1.760417e-17,1.358732e-29,7.979346e-21,1.296714e-17,1.639538e-18,-7.099960e-42,-2.925338e-17,-1.463864e-17,-1.760393e-17,-9.088769e-32,-7.979587e-21,-1.296710e-17,-1.639545e-18,-4.506773e-32,0.000000e+00,0.000000e+00,0.000000e+00,0.000000e+00,0.000000e+00,0.000000e+00,0.000000e+00,0.000000e+00,8.928223e-19,8.676848e-19,2.419323e-22,1.349644e-29,-2.418856e-25,3.143464e-23,-6.968747e-24,-4.506773e-32
3664.4642,200.00,286.6222,8.467912e+03,2.817630e-02,C,2.548010e-03,1.035826e+00,0.2545%,3.569620e-01,3.556355e-01,1.498724e-04,7.690552e-13,5.320990e-08,1.208657e-04,1.157202e-05,0.000000e+00,0.000000e+00,1.550633e-17,0.000000e+00,0.000000e+00,0.000000e+00,0.000000e+00,0.000000e+00,0.000000e+00,3.016433e-17,-9.184104e-31,1.762766e-17,1.366893e-29,7.968730e-21,1.298403e-17,1.640379e-18,2.088224e-42,-2.928897e-17,-1.465645e-17,-1.762754e-17,-9.142979e-32,-7.968909e-21,-1.298405e-17,-1.640385e-18,-4.502949e-32,0.000000e+00,0.000000e+00,0.000000e+00,0.000000e+00,0.000000e+00,0.000000e+00,0.000000e+00,0.000000e+00,8.753630e-19,8.498757e-19,1.230229e-22,1.357750e-29,-1.791593e-25,-2.253739e-23,-6.372312e-24,-4.502949e-32
3684.4642,200.00,286.6385,8.474347e+03,2.759303e-02,C,2.551435e-03,1.035826e+00,0.2548%,3.575094e-01,3.561672e-01,1.500571e-04,7.776610e-13,5.311093e-08,1.209168e-04,1.157412e-05,0.000000e+00,0.000000e+00,1.550633e-17,0.000000e+00,0.000000e+00,0.000000e+00,0.000000e+00,0.000000e+00,0.000000e+00,3.018039e-17,1.836821e-30,1.765056e-17,1.374862e-29,7.956555e-21,1.300047e-17,1.641050e-18,-3.341158e-42,-2.932318e-17,-1.467357e-17,-1.765043e-17,-9.197546e-32,-7.956727e-21,-1.300048e-17,-1.641056e-18,-4.499092e-32,0.000000e+00,0.000000e+00,0.000000e+00,0.000000e+00,0.000000e+00,0.000000e+00,0.000000e+00,0.000000e+00,8.572118e-19,8.327549e-19,1.376592e-22,1.365664e-29,-1.718600e-25,-8.215824e-24,-5.350250e-24,-4.499092e-32
3704.4642,200.00,286.6549,8.480804e+03,2.700679e-02,C,2.554875e-03,1.035826e+00,0.2552%,3.580457e-01,3.566879e-01,1.502427e-04,7.863176e-13,5.301307e-08,1.209696e-04,1.157628e-05,0.000000e+00,0.000000e+00,1.550633e-17,0.000000e+00,0.000000e+00,0.000000e+00,0.000000e+00,0.000000e+00,0.000000e+00,3.019691e-17,-2.296026e-30,1.767357e-17,1.382901e-29,7.944501e-21,1.301699e-17,1.641726e-18,7.517605e-42,-2.935760e-17,-1.469080e-17,-1.767345e-17,-9.252993e-32,-7.944670e-21,-1.301701e-17,-1.641732e-18,-4.495455e-32,0.000000e+00,0.000000e+00,0.000000e+00,0.000000e+00,0.000000e+00,0.000000e+00,0.000000e+00,0.000000e+00,8.393099e-19,8.155275e-19,1.176695e-22,1.373648e-29,-1.697542e-25,-2.012790e-23,-6.461133e-24,-4.495455e-32
3724.4642,200.00,286.6708,8.487088e+03,2.644204e-02,C,2.558232e-03,1.035826e+00,0.2555%,3.585709e-01,3.571980e-01,1.504237e-04,7.950256e-13,5.291901e-08,1.210211e-04,1.157847e-05,0.000000e+00,0.000000e+00,1.550633e-17,0.000000e+00,0.000000e+00,0.000000e+00,0.000000e+00,0.000000e+00,0.000000e+00,3.021310e-17,-2.755231e-30,1.769602e-17,1.391064e-29,7.932920e-21,1.303312e-17,1.642396e-18,-8.352894e-43,-2.939080e-17,-1.470742e-17,-1.769560e-17,-9.308885e-32,-7.933154e-21,-1.303295e-17,-1.642392e-18,-4.491822e-32,0.000000e+00,0.000000e+00,0.000000e+00,0.000000e+00,0.000000e+00,0.000000e+00,0.000000e+00,0.000000e+00,8.223033e-19,7.989130e-19,4.261602e-22,1.381755e-29,-2.342524e-25,1.712943e-22,4.428690e-24,-4.491822e-32
3744.4642,200.00,286.6862,8.493171e+03,2.586703e-02,C,2.561507e-03,1.035826e+00,0.2558%,3.590855e-01,3.576977e-01,1.506012e-04,8.037856e-13,5.284093e-08,1.210721e-04,1.158165e-05,0.000000e+00,0.000000e+00,1.550633e-17,0.000000e+00,0.000000e+00,0.000000e+00,0.000000e+00,0.000000e+00,0.000000e+00,3.023072e-17,-2.296026e-30,1.771807e-17,1.399648e-29,7.923666e-21,1.304898e-17,1.643218e-18,1.002347e-41,-2.942464e-17,-1.472435e-17,-1.771799e-17,-9.365782e-32,-7.923777e-21,-1.304903e-17,-1.643228e-18,-4.488460e-32,0.000000e+00,0.000000e+00,0.000000e+00,0.000000e+00,0.000000e+00,0.000000e+00,0.000000e+00,0.000000e+00,8.060822e-19,7.819781e-19,8.383806e-23,1.390283e-29,-1.108967e-25,-4.525988e-23,-1.043218e-23,-4.488460e-32
3764.4642,200.00,286.7014,8.499161e+03,2.532917e-02,C,2.564705e-03,1.035826e+00,0.2561%,3.595895e-01,3.581871e-01,1.507737e-04,8.125981e-13,5.275333e-08,1.211213e-04,1.158383e-05,0.000000e+00,0.000000e+00,1.550633e-17,0.000000e+00,0.000000e+00,0.000000e+00,0.000000e+00,0.000000e+00,0.000000e+00,3.024621e-17,3.214437e-30,1.773948e-17,1.408047e-29,7.912901e-21,1.306435e-17,1.643872e-18,3.341158e-42,-2.945633e-17,-1.474021e-17,-1.773911e-17,-9.422793e-32,-7.913131e-21,-1.306422e-17,-1.643871e-18,-4.484938e-32,0.000000e+00,0.000000e+00,0.000000e+00,0.000000e+00,0.000000e+00,0.000000e+00,0.000000e+00,0.000000e+00,7.898850e-19,7.661198e-19,3.740996e-22,1.398625e-29,-2.300657e-25,1.327127e-22,1.332087e-24,-4.484938e-32
3784.4642,200.00,286.7161,8.504969e+03,2.480113e-02,C,2.567816e-03,1.035826e+00,0.2565%,3.600832e-01,3.586664e-01,1.509417e-04,8.214636e-13,5.266893e-08,1.211689e-04,1.158599e-05,0.000000e+00,0.000000e+00,1.550633e-17,0.000000e+00,0.000000e+00,0.000000e+00,0.000000e+00,0.000000e+00,0.000000e+00,3.026126e-17,1.377616e-30,1.776031e-17,1.416565e-29,7.902539e-21,1.307932e-17,1.644515e-18,-6.682315e-42,-2.948747e-17,-1.475579e-17,-1.775984e-17,-9.480446e-32,-7.902832e-21,-1.307914e-17,-1.644515e-18,-4.481506e-32,0.000000e+00,0.000000e+00,0.000000e+00,0.000000e+00,0.000000e+00,0.000000e+00,0.000000e+00,0.000000e+00,7.737846e-19,7.505349e-19,4.718361e-22,1.407085e-29,-2.930114e-25,1.722204e-22,-5.229724e-25,-4.481506e-32
3804.4642,200.00,286.7306,8.510715e+03,2.425836e-02,C,2.570883e-03,1.035826e+00,0.2568%,3.605667e-01,3.591358e-01,1.511064e-04,8.303828e-13,5.257435e-08,1.212156e-04,1.158713e-05,0.000000e+00,0.000000e+00,1.550633e-17,0.000000e+00,0.000000e+00,0.000000e+00,0.000000e+00,0.000000e+00,0.000000e+00,3.027441e-17,2.296026e-30,1.778071e-17,1.424873e-29,7.890511e-21,1.309395e-17,1.644991e-18,5.429381e-42,-2.951952e-17,-1.477183e-17,-1.778149e-17,-9.539238e-32,-7.892302e-21,-1.309450e-17,-1.645176e-18,-4.478394e-32,0.000000e+00,0.000000e+00,0.000000e+00,0.000000e+00,0.000000e+00,0.000000e+00,0.000000e+00,0.000000e+00,7.548952e-19,7.344985e-19,-7.767959e-22,1.415334e-29,-1.790169e-24,-5.535116e-22,-1.851239e-22,-4.478394e-32
3824.4642,200.00,286.7450,8.516390e+03,2.376595e-02,C,2.573933e-03,1.035826e+00,0.2571%,3.610402e-01,3.595956e-01,1.512711e-04,8.393563e-13,5.249369e-08,1.212636e-04,1.158936e-05,0.000000e+00,0.000000e+00,1.550633e-17,0.000000e+00,0.000000e+00,0.000000e+00,0.000000e+00,0.000000e+00,0.000000e+00,3.028957e-17,1.377616e-30,1.780115e-17,1.433584e-29,7.880690e-21,1.310863e-17,1.645634e-18,-4.176447e-43,-2.954861e-17,-1.478639e-17,-1.780091e-17,-9.597847e-32,-7.880910e-21,-1.310858e-17,-1.645640e-18,-4.474978e-32,0.000000e+00,0.000000e+00,0.000000e+00,0.000000e+00,0.000000e+00,0.000000e+00,0.000000e+00,0.000000e+00,7.409554e-19,7.199354e-19,2.378045e-22,1.423986e-29,-2.199341e-25,4.380497e-23,-6.423770e-24,-4.474978e-32
3844.4642,200.00,286.7588,8.521834e+03,2.326327e-02,C,2.576870e-03,1.035826e+00,0.2574%,3.615040e-01,3.600458e-01,1.514298e-04,8.483846e-13,5.241728e-08,1.213093e-04,1.159157e-05,0.000000e+00,0.000000e+00,1.550633e-17,0.000000e+00,0.000000e+00,0.000000e+00,0.000000e+00,0.000000e+00,0.000000e+00,3.030409e-17,-1.836821e-30,1.782084e-17,1.442435e-29,7.871338e-21,1.312277e-17,1.646264e-18,-4.594092e-42,-2.957835e-17,-1.480128e-17,-1.782076e-17,-9.657479e-32,-7.871496e-21,-1.312281e-17,-1.646272e-18,-4.471820e-32,0.000000e+00,0.000000e+00,0.000000e+00,0.000000e+00,0.000000e+00,0.000000e+00,0.000000e+00,0.000000e+00,7.257422e-19,7.050538e-19,7.239810e-23,1.432778e-29,-1.586706e-25,-4.141914e-23,-8.486394e-24,-4.471820e-32
3864.4642,200.00,286.7724,8.527201e+03,2.277090e-02,C,2.579765e-03,1.035826e+00,0.2576%,3.619583e-01,3.604867e-01,1.515859e-04,8.574683e-13,5.234345e-08,1.213548e-04,1.159383e-05,0.000000e+00,0.000000e+00,1.550633e-17,0.000000e+00,0.000000e+00,0.000000e+00,0.000000e+00,0.000000e+00,0.000000e+00,3.031861e-17,2.755231e-30,1.784025e-17,1.451400e-29,7.862313e-21,1.313672e-17,1.646896e-18,4.176447e-42,-2.960751e-17,-1.481587e-17,-1.784022e-17,-9.717755e-32,-7.862394e-21,-1.313676e-17,-1.646899e-18,-4.468739e-32,0.000000e+00,0.000000e+00,0.000000e+00,0.000000e+00,0.000000e+00,0.000000e+00,0.000000e+00,0.000000e+00,7.111059e-19,6.904635e-19,2.750073e-23,1.441683e-29,-8.042672e-26,-4.069001e-23,-3.266919e-24,-4.468739e-32
3884.4642,200.00,286.7859,8.532539e+03,2.228139e-02,C,2.582648e-03,1.035826e+00,0.2579%,3.624031e-01,3.609185e-01,1.517416e-04,8.666079e-13,5.227090e-08,1.214009e-04,1.159611e-05,0.000000e+00,0.000000e+00,1.550633e-17,0.000000e+00,0.000000e+00,0.000000e+00,0.000000e+00,0.000000e+00,0.000000e+00,3.033330e-17,2.755231e-30,1.785958e-17,1.460453e-29,7.853433e-21,1.315061e-17,1.647527e-18,4.176447e-43,-2.963652e-17,-1.483038e-17,-1.785953e-17,-9.778825e-32,-7.853508e-21,-1.315063e-17,-1.647528e-18,-4.465802e-32,0.000000e+00,0.000000e+00,0.000000e+00,0.000000e+00,0.000000e+00,0.000000e+00,0.000000e+00,0.000000e+00,6.967805e-19,6.759441e-19,5.638201e-23,1.450674e-29,-7.524248e-26,-2.041613e-23,-1.390123e-24,-4.465802e-32
3904.4642,200.00,286.7991,8.537754e+03,2.181120e-02,C,2.585450e-03,1.035826e+00,0.2582%,3.628386e-01,3.613413e-01,1.518923e-04,8.758042e-13,5.218818e-08,1.214448e-04,1.159733e-05,0.000000e+00,0.000000e+00,1.550633e-17,0.000000e+00,0.000000e+00,0.000000e+00,0.000000e+00,0.000000e+00,0.000000e+00,3.034570e-17,-1.836821e-30,1.787825e-17,1.469299e-29,7.842974e-21,1.316400e-17,1.647982e-18,-1.670579e-42,-2.966441e-17,-1.484434e-17,-1.787833e-17,-9.840329e-32,-7.843054e-21,-1.316411e-17,-1.647991e-18,-4.462837e-32,0.000000e+00,0.000000e+00,0.000000e+00,0.000000e+00,0.000000e+00,0.000000e+00,0.000000e+00,0.000000e+00,6.812905e-19,6.619846e-19,-7.704776e-23,1.459459e-29,-8.075925e-26,-1.115983e-22,-9.137193e-24,-4.462837e-32
3924.4642,200.00,286.8118,8.542764e+03,2.135348e-02,C,2.588159e-03,1.035826e+00,0.2585%,3.632652e-01,3.617553e-01,1.520386e-04,8.850577e-13,5.212194e-08,1.214876e-04,1.159960e-05,0.000000e+00,0.000000e+00,1.550633e-17,0.000000e+00,0.000000e+00,0.000000e+00,0.000000e+00,0.000000e+00,0.000000e+00,3.035950e-17,2.755231e-30,1.789643e-17,1.478611e-29,7.834910e-21,1.317707e-17,1.648597e-18,4.176447e-43,-2.969159e-17,-1.485795e-17,-1.789638e-17,-9.902410e-32,-7.834986e-21,-1.317709e-17,-1.648599e-18,-4.459910e-32,0.000000e+00,0.000000e+00,0.000000e+00,0.000000e+00,0.000000e+00,0.000000e+00,0.000000e+00,0.000000e+00,6.679056e-19,6.483829e-19,4.633054e-23,1.468709e-29,-7.625973e-26,-2.312569e-23,-1.844567e-24,-4.459910e-32
3944.4642,200.00,286.8248,8.547903e+03,2.089227e-02,C,2.590935e-03,1.035826e+00,0.2588%,3.636829e-01,3.621607e-01,1.521878e-04,8.943688e-13,5.204250e-08,1.215326e-04,1.160093e-05,0.000000e+00,0.000000e+00,1.550633e-17,0.000000e+00,0.000000e+00,0.000000e+00,0.000000e+00,0.000000e+00,0.000000e+00,3.037230e-17,1.377616e-30,1.791493e-17,1.487648e-29,7.824847e-21,1.319034e-17,1.649059e-18,-1.670579e-42,-2.971900e-17,-1.487166e-17,-1.791479e-17,-9.965428e-32,-7.824985e-21,-1.319033e-17,-1.649063e-18,-4.457179e-32,0.000000e+00,0.000000e+00,0.000000e+00,0.000000e+00,0.000000e+00,0.000000e+00,0.000000e+00,0.000000e+00,6.532965e-19,6.346653e-19,1.360597e-22,1.477683e-29,-1.384112e-25,1.163654e-23,-4.191088e-24,-4.457179e-32
3964.4642,200.00,286.8367,8.552606e+03,2.045457e-02,C,2.593480e-03,1.035826e+00,0.2590%,3.640919e-01,3.625577e-01,1.523253e-04,9.037385e-13,5.198196e-08,1.215724e-04,1.160318e-05,0.000000e+00,0.000000e+00,1.550633e-17,0.000000e+00,0.000000e+00,0.000000e+00,0.000000e+00,0.000000e+00,0.000000e+00,3.038526e-17,-4.592052e-30,1.793203e-17,1.497216e-29,7.817530e-21,1.320263e-17,1.649658e-18,2.088224e-42,-2.974504e-17,-1.488469e-17,-1.793216e-17,-1.002877e-31,-7.817534e-21,-1.320274e-17,-1.649662e-18,-4.454366e-32,0.000000e+00,0.000000e+00,0.000000e+00,0.000000e+00,0.000000e+00,0.000000e+00,0.000000e+00,0.000000e+00,6.402192e-19,6.216353e-19,-1.258332e-22,1.487187e-29,-3.874209e-27,-1.112797e-22,-3.917966e-24,-4.454366e-32
3984.4642,200.00,286.8493,8.557569e+03,2.001663e-02,C,2.596167e-03,1.035826e+00,0.2593%,3.644923e-01,3.629464e-01,1.524699e-04,9.131670e-13,5.190650e-08,1.216165e-04,1.160452e-05,0.000000e+00,0.000000e+00,1.550633e-17,0.000000e+00,0.000000e+00,0.000000e+00,0.000000e+00,0.000000e+00,0.000000e+00,3.039784e-17,-4.592052e-31,1.794995e-17,1.506467e-29,7.807964e-21,1.321549e-17,1.650112e-18,4.176447e-42,-2.977112e-17,-1.489774e-17,-1.794951e-17,-1.009298e-31,-7.808243e-21,-1.321533e-17,-1.650114e-18,-4.451709e-32,0.000000e+00,0.000000e+00,0.000000e+00,0.000000e+00,0.000000e+00,0.000000e+00,0.000000e+00,0.000000e+00,6.267253e-19,6.085871e-19,4.369627e-22,1.496374e-29,-2.783163e-25,1.646410e-22,-2.034129e-24,-4.451709e-32
4004.4642,200.00,286.8608,8.562115e+03,1.959043e-02,C,2.598638e-03,1.035826e+00,0.2595%,3.648845e-01,3.633269e-01,1.526035e-04,9.226552e-13,5.184987e-08,1.216558e-04,1.160683e-05,0.000000e+00,0.000000e+00,1.550633e-17,0.000000e+00,0.000000e+00,0.000000e+00,0.000000e+00,0.000000e+00,0.000000e+00,3.041075e-17,1.135831e-23,1.796657e-17,1.516259e-29,7.801142e-21,1.322744e-17,1.650710e-18,1.936117e-38,-2.979654e-17,-1.491046e-17,-1.796644e-17,-1.015778e-31,-7.801277e-21,-1.322743e-17,-1.650714e-18,-4.449084e-32,0.000000e+00,0.000000e+00,0.000000e+00,0.000000e+00,0.000000e+00,0.000000e+00,0.000000e+00,0.000000e+00,6.142196e-19,5.958783e-19,1.322087e-22,1.506101e-29,-1.349953e-25,9.928111e-24,-4.269261e-24,-4.449082e-32
4024.4642,200.00,286.8726,8.566764e+03,1.917526e-02,C,2.601172e-03,1.035826e+00,0.2598%,3.652684e-01,3.636994e-01,1.527398e-04,9.322036e-13,5.178001e-08,1.216970e-04,1.160817e-05,0.000000e+00,0.000000e+00,1.550633e-17,0.000000e+00,0.000000e+00,0.000000e+00,0.000000e+00,0.000000e+00,0.000000e+00,3.042258e-17,1.089521e-23,1.798347e-17,1.525767e-29,7.792307e-21,1.323957e-17,1.651152e-18,1.845530e-38,-2.982129e-17,-1.492285e-17,-1.798299e-17,-1.022319e-31,-7.792580e-21,-1.323937e-17,-1.651151e-18,-4.446492e-32,0.000000e+00,0.000000e+00,0.000000e+00,0.000000e+00,0.000000e+00,0.000000e+00,0.000000e+00,0.000000e+00,6.012850e-19,5.834876e-19,4.839542e-22,1.515544e-29,-2.731555e-25,1.997554e-22,6.997910e-25,-4.446491e-32
4044.4642,200.00,286.8842,8.571352e+03,1.876393e-02,C,2.603645e-03,1.035826e+00,0.2600%,3.656443e-01,3.640642e-01,1.528729e-04,9.418129e-13,5.171245e-08,1.217373e-04,1.160952e-05,0.000000e+00,0.000000e+00,1.550633e-17,0.000000e+00,0.000000e+00,0.000000e+00,0.000000e+00,0.000000e+00,0.000000e+00,3.043415e-17,1.046012e-23,1.799998e-17,1.535394e-29,7.783777e-21,1.325141e-17,1.651588e-18,1.760832e-38,-2.984584e-17,-1.493514e-17,-1.799948e-17,-1.028939e-31,-7.784052e-21,-1.325120e-17,-1.651587e-18,-4.444017e-32,0.000000e+00,0.000000e+00,0.000000e+00,0.000000e+00,0.000000e+00,0.000000e+00,0.000000e+00,0.000000e+00,5.883073e-19,5.712016e-19,4.926460e-22,1.525105e-29,-2.751874e-25,2.082152e-22,1.365763e-24,-4.444015e-32
4064.4642,200.00,286.8953,8.575743e+03,1.835060e-02,C,2.606045e-03,1.035826e+00,0.2603%,3.660123e-01,3.644213e-01,1.530026e-04,9.514835e-13,5.166060e-08,1.217770e-04,1.161194e-05,0.000000e+00,0.000000e+00,1.550633e-17,0.000000e+00,0.000000e+00,0.000000e+00,0.000000e+00,0.000000e+00,0.000000e+00,3.044728e-17,1.005269e-23,1.801613e-17,1.545502e-29,7.777553e-21,1.326303e-17,1.652189e-18,1.681939e-38,-2.987053e-17,-1.494749e-17,-1.801584e-17,-1.035648e-31,-7.777752e-21,-1.326294e-17,-1.652192e-18,-4.441689e-32,0.000000e+00,0.000000e+00,0.000000e+00,0.000000e+00,0.000000e+00,0.000000e+00,0.000000e+00,0.000000e+00,5.767508e-19,5.588460e-19,2.920755e-22,1.535145e-29,-1.993499e-25,9.383808e-23,-2.633197e-24,-4.441688e-32
4084.4642,200.00,286.9061,8.579991e+03,1.797378e-02,C,2.608357e-03,1.035826e+00,0.2605%,3.663726e-01,3.647709e-01,1.531270e-04,9.612164e-13,5.159851e-08,1.218140e-04,1.161326e-05,0.000000e+00,0.000000e+00,1.550633e-17,0.000000e+00,0.000000e+00,0.000000e+00,0.000000e+00,0.000000e+00,0.000000e+00,3.045799e-17,9.667708e-24,1.803157e-17,1.555394e-29,7.769729e-21,1.327411e-17,1.652611e-18,1.607974e-38,-2.989306e-17,-1.495877e-17,-1.803087e-17,-1.042360e-31,-7.770053e-21,-1.327379e-17,-1.652605e-18,-4.439142e-32,0.000000e+00,0.000000e+00,0.000000e+00,0.000000e+00,0.000000e+00,0.000000e+00,0.000000e+00,0.000000e+00,5.649336e-19,5.475731e-19,7.038279e-22,1.544971e-29,-3.245080e-25,3.267985e-22,5.796887e-24,-4.439140e-32
4104.4642,200.00,286.9167,8.584182e+03,1.758821e-02,C,2.610646e-03,1.035826e+00,0.2607%,3.667253e-01,3.651131e-01,1.532502e-04,9.710119e-13,5.153772e-08,1.218512e-04,1.161461e-05,0.000000e+00,0.000000e+00,1.550633e-17,0.000000e+00,0.000000e+00,0.000000e+00,0.000000e+00,0.000000e+00,0.000000e+00,3.046875e-17,9.305053e-24,1.804686e-17,1.565389e-29,7.762083e-21,1.328509e-17,1.653032e-18,1.538561e-38,-2.991612e-17,-1.497031e-17,-1.804639e-17,-1.049178e-31,-7.762354e-21,-1.328489e-17,-1.653032e-18,-4.436811e-32,0.000000e+00,0.000000e+00,0.000000e+00,0.000000e+00,0.000000e+00,0.000000e+00,0.000000e+00,0.000000e+00,5.526297e-19,5.360297e-19,4.786679e-22,1.554898e-29,-2.710493e-25,1.997997e-22,4.730172e-25,-4.436810e-32
4124.4642,200.00,286.9270,8.588268e+03,1.720843e-02,C,2.612860e-03,1.035826e+00,0.2609%,3.670706e-01,3.654482e-01,1.533694e-04,9.808707e-13,5.147962e-08,1.218869e-04,1.161596e-05,0.000000e+00,0.000000e+00,1.550633e-17,0.000000e+00,0.000000e+00,0.000000e+00,0.000000e+00,0.000000e+00,0.000000e+00,3.047913e-17,8.963293e-24,1.806166e-17,1.575519e-29,7.754789e-21,1.329571e-17,1.653448e-18,1.473952e-38,-2.993886e-17,-1.498169e-17,-1.806176e-17,-1.056071e-31,-7.754849e-21,-1.329583e-17,-1.653458e-18,-4.434562e-32,0.000000e+00,0.000000e+00,0.000000e+00,0.000000e+00,0.000000e+00,0.000000e+00,0.000000e+00,0.000000e+00,5.402729e-19,5.246512e-19,-1.074954e-22,1.564959e-29,-6.014787e-26,-1.211574e-22,-9.904879e-24,-4.434560e-32
4144.4642,200.00,286.9374,8.592366e+03,1.683658e-02,C,2.615102e-03,1.035826e+00,0.2612%,3.674086e-01,3.657761e-01,1.534900e-04,9.907936e-13,5.142199e-08,1.219240e-04,1.161738e-05,0.000000e+00,0.000000e+00,1.550633e-17,0.000000e+00,0.000000e+00,0.000000e+00,0.000000e+00,0.000000e+00,0.000000e+00,3.049002e-17,8.640759e-24,1.807664e-17,1.585734e-29,7.747540e-21,1.330646e-17,1.653873e-18,1.413059e-38,-2.996114e-17,-1.499284e-17,-1.807669e-17,-1.063030e-31,-7.747599e-21,-1.330654e-17,-1.653880e-18,-4.432354e-32,0.000000e+00,0.000000e+00,0.000000e+00,0.000000e+00,0.000000e+00,0.000000e+00,0.000000e+00,0.000000e+00,5.288804e-19,5.135018e-19,-5.089489e-23,1.575103e-29,-5.962675e-26,-7.949329e-23,-6.531423e-24,-4.432352e-32
4164.4642,200.00,286.9474,8.596320e+03,1.648262e-02,C,2.617244e-03,1.035826e+00,0.2614%,3.677395e-01,3.660972e-01,1.536052e-04,1.000781e-12,5.136738e-08,1.219590e-04,1.161879e-05,0.000000e+00,0.000000e+00,1.550633e-17,0.000000e+00,0.000000e+00,0.000000e+00,0.000000e+00,0.000000e+00,0.000000e+00,3.050030e-17,8.336407e-24,1.809096e-17,1.596095e-29,7.740693e-21,1.331675e-17,1.654289e-18,1.355800e-38,-2.998236e-17,-1.500346e-17,-1.809090e-17,-1.070039e-31,-7.740750e-21,-1.331674e-17,-1.654288e-18,-4.430112e-32,0.000000e+00,0.000000e+00,0.000000e+00,0.000000e+00,0.000000e+00,0.000000e+00,0.000000e+00,0.000000e+00,5.179409e-19,5.028813e-19,6.488664e-23,1.585395e-29,-5.771892e-26,5.022432e-24,3.061636e-25,-4.430111e-32
4184.4642,200.00,286.9573,8.600227e+03,1.612646e-02,C,2.619384e-03,1.035826e+00,0.2616%,3.680634e-01,3.664114e-01,1.537204e-04,1.010834e-12,5.131364e-08,1.219946e-04,1.162023e-05,0.000000e+00,0.000000e+00,1.550633e-17,0.000000e+00,0.000000e+00,0.000000e+00,0.000000e+00,0.000000e+00,0.000000e+00,3.051079e-17,8.048798e-24,1.810528e-17,1.606553e-29,7.733950e-21,1.332702e-17,1.654706e-18,1.301673e-38,-3.000373e-17,-1.501415e-17,-1.810520e-17,-1.077136e-31,-7.734007e-21,-1.332701e-17,-1.654705e-18,-4.428002e-32,0.000000e+00,0.000000e+00,0.000000e+00,0.000000e+00,0.000000e+00,0.000000e+00,0.000000e+00,0.000000e+00,5.070625e-19,4.921873e-19,8.050066e-23,1.595782e-29,-5.735498e-26,1.689710e-23,1.235377e-24,-4.428000e-32
4204.4642,200.00,286.9671,8.604079e+03,1.577359e-02,C,2.621502e-03,1.035826e+00,0.2618%,3.683805e-01,3.667190e-01,1.538344e-04,1.020952e-12,5.126116e-08,1.220302e-04,1.162169e-05,0.000000e+00,0.000000e+00,1.550633e-17,0.000000e+00,0.000000e+00,0.000000e+00,0.000000e+00,0.000000e+00,0.000000e+00,3.052133e-17,7.776852e-24,1.811945e-17,1.617119e-29,7.727368e-21,1.333720e-17,1.655124e-18,1.252308e-38,-3.002492e-17,-1.502475e-17,-1.811936e-17,-1.084311e-31,-7.727422e-21,-1.333718e-17,-1.655122e-18,-4.425969e-32,0.000000e+00,0.000000e+00,0.000000e+00,0.000000e+00,0.000000e+00,0.000000e+00,0.000000e+00,0.000000e+00,4.964122e-19,4.815848e-19,8.692037e-23,1.606276e-29,-5.436210e-26,2.167843e-23,1.659764e-24,-4.425967e-32
4224.4642,200.00,286.9763,8.607729e+03,1.544606e-02,C,2.623487e-03,1.035826e+00,0.2620%,3.686908e-01,3.670201e-01,1.539414e-04,1.031138e-12,5.121209e-08,1.220625e-04,1.162308e-05,0.000000e+00,0.000000e+00,1.550633e-17,0.000000e+00,0.000000e+00,0.000000e+00,0.000000e+00,0.000000e+00,0.000000e+00,3.053092e-17,7.519719e-24,1.813274e-17,1.627847e-29,7.721235e-21,1.334674e-17,1.655524e-18,1.204070e-38,-3.004460e-17,-1.503460e-17,-1.813241e-17,-1.091520e-31,-7.721423e-21,-1.334661e-17,-1.655525e-18,-4.423833e-32,0.000000e+00,0.000000e+00,0.000000e+00,0.000000e+00,0.000000e+00,0.000000e+00,0.000000e+00,0.000000e+00,4.863212e-19,4.717370e-19,3.253661e-22,1.616931e-29,-1.884495e-25,1.284506e-22,-2.135277e-25,-4.423832e-32
4244.4642,200.00,286.9857,8.611437e+03,1.510536e-02,C,2.625536e-03,1.035826e+00,0.2622%,3.689946e-01,3.673148e-01,1.540519e-04,1.041390e-12,5.116249e-08,1.220973e-04,1.162456e-05,0.000000e+00,0.000000e+00,1.550633e-17,0.000000e+00,0.000000e+00,0.000000e+00,0.000000e+00,0.000000e+00,0.000000e+00,3.054129e-17,7.276131e-24,1.814646e-17,1.638642e-29,7.715025e-21,1.335660e-17,1.655937e-18,1.158505e-38,-3.006508e-17,-1.504485e-17,-1.814604e-17,-1.098842e-31,-7.715276e-21,-1.335644e-17,-1.655940e-18,-4.421918e-32,0.000000e+00,0.000000e+00,0.000000e+00,0.000000e+00,0.000000e+00,0.000000e+00,0.000000e+00,0.000000e+00,4.762113e-19,4.614868e-19,4.148895e-22,1.627654e-29,-2.511867e-25,1.595660e-22,-2.931552e-24,-4.421917e-32
4264.4642,200.00,286.9954,8.615268e+03,1.476827e-02,C,2.627628e-03,1.035826e+00,0.2624%,3.692919e-01,3.676032e-01,1.541644e-04,1.051710e-12,5.111302e-08,1.221341e-04,1.162617e-05,0.000000e+00,0.000000e+00,1.550633e-17,0.000000e+00,0.000000e+00,0.000000e+00,0.000000e+00,0.000000e+00,0.000000e+00,3.055232e-17,7.045261e-24,1.816047e-17,1.649527e-29,7.708906e-21,1.336666e-17,1.656366e-18,1.116865e-38,-3.008536e-17,-1.505500e-17,-1.815989e-17,-1.106248e-31,-7.707160e-21,-1.336632e-17,-1.656192e-18,-4.420094e-32,0.000000e+00,0.000000e+00,0.000000e+00,0.000000e+00,0.000000e+00,0.000000e+00,0.000000e+00,0.000000e+00,4.669607e-19,4.513379e-19,5.795138e-22,1.638464e-29,1.746525e-24,3.398464e-22,1.736175e-22,-4.420093e-32
4284.4642,200.00,287.0039,8.618621e+03,1.445908e-02,C,2.629460e-03,1.035826e+00,0.2626%,3.695830e-01,3.678856e-01,1.542625e-04,1.062100e-12,5.105702e-08,1.221629e-04,1.162650e-05,0.000000e+00,0.000000e+00,1.550633e-17,0.000000e+00,0.000000e+00,0.000000e+00,0.000000e+00,0.000000e+00,0.000000e+00,3.055936e-17,6.825566e-24,1.817261e-17,1.660265e-29,7.701546e-21,1.337536e-17,1.656586e-18,1.076145e-38,-3.010397e-17,-1.506431e-17,-1.817229e-17,-1.113672e-31,-7.701727e-21,-1.337523e-17,-1.656587e-18,-4.418099e-32,0.000000e+00,0.000000e+00,0.000000e+00,0.000000e+00,0.000000e+00,0.000000e+00,0.000000e+00,0.000000e+00,4.553937e-19,4.420235e-19,3.188615e-22,1.649128e-29,-1.810390e-25,1.274707e-22,-4.036987e-25,-4.418097e-32
4304.4642,200.00,287.0123,8.621939e+03,1.415081e-02,C,2.631273e-03,1.035826e+00,0.2628%,3.698679e-01,3.681619e-01,1.543602e-04,1.072558e-12,5.101485e-08,1.221926e-04,1.162795e-05,0.000000e+00,0.000000e+00,1.550633e-17,0.000000e+00,0.000000e+00,0.000000e+00,0.000000e+00,0.000000e+00,0.000000e+00,3.056839e-17,6.618245e-24,1.818477e-17,1.671491e-29,7.696325e-21,1.338409e-17,1.656980e-18,1.039559e-38,-3.012254e-17,-1.507360e-17,-1.818475e-17,-1.121183e-31,-7.696373e-21,-1.338412e-17,-1.656982e-18,-4.416205e-32,0.000000e+00,0.000000e+00,0.000000e+00,0.000000e+00,0.000000e+00,0.000000e+00,0.000000e+00,0.000000e+00,4.458522e-19,4.327309e-19,1.310333e-23,1.660279e-29,-4.772196e-26,-2.629924e-23,-2.263337e-24,-4.416204e-32
4324.4642,200.00,287.0207,8.625274e+03,1.383926e-02,C,2.633114e-03,1.035826e+00,0.2630%,3.701467e-01,3.684323e-01,1.544596e-04,1.083086e-12,5.097250e-08,1.222238e-04,1.162944e-05,0.000000e+00,0.000000e+00,1.550633e-17,0.000000e+00,0.000000e+00,0.000000e+00,0.000000e+00,0.000000e+00,0.000000e+00,3.057783e-17,6.421365e-24,1.819711e-17,1.682799e-29,7.691074e-21,1.339296e-17,1.657377e-18,1.003976e-38,-3.014132e-17,-1.508300e-17,-1.819730e-17,-1.128792e-31,-7.691057e-21,-1.339310e-17,-1.657383e-18,-4.414452e-32,0.000000e+00,0.000000e+00,0.000000e+00,0.000000e+00,0.000000e+00,0.000000e+00,0.000000e+00,0.000000e+00,4.365142e-19,4.233339e-19,-1.906202e-22,1.671511e-29,1.748126e-26,-1.404322e-22,-5.946136e-24,-4.414451e-32
4344.4642,200.00,287.0296,8.628768e+03,1.353194e-02,C,2.635013e-03,1.035826e+00,0.2632%,3.704195e-01,3.686970e-01,1.545611e-04,1.093685e-12,5.091763e-08,1.222564e-04,1.162999e-05,0.000000e+00,0.000000e+00,1.550633e-17,0.000000e+00,0.000000e+00,0.000000e+00,0.000000e+00,0.000000e+00,0.000000e+00,3.058614e-17,6.233250e-24,1.820971e-17,1.693816e-29,7.683918e-21,1.340199e-17,1.657623e-18,9.701051e-39,-3.015985e-17,-1.509228e-17,-1.820989e-17,-1.136479e-31,-7.683900e-21,-1.340212e-17,-1.657628e-18,-4.412755e-32,0.000000e+00,0.000000e+00,0.000000e+00,0.000000e+00,0.000000e+00,0.000000e+00,0.000000e+00,0.000000e+00,4.262937e-19,4.140585e-19,-1.818071e-22,1.682451e-29,1.802545e-26,-1.310749e-22,-5.462846e-24,-4.412755e-32
4364.4642,200.00,287.0372,8.631779e+03,1.325119e-02,C,2.636671e-03,1.035826e+00,0.2633%,3.706866e-01,3.689560e-01,1.546507e-04,1.104355e-12,5.088052e-08,1.222832e-04,1.163143e-05,0.000000e+00,0.000000e+00,1.550633e-17,0.000000e+00,0.000000e+00,0.000000e+00,0.000000e+00,0.000000e+00,0.000000e+00,3.059444e-17,6.055678e-24,1.822085e-17,1.705431e-29,7.679367e-21,1.340999e-17,1.658003e-18,9.385730e-39,-3.017679e-17,-1.510075e-17,-1.822119e-17,-1.144190e-31,-7.679282e-21,-1.341021e-17,-1.658010e-18,-4.410908e-32,0.000000e+00,0.000000e+00,0.000000e+00,0.000000e+00,0.000000e+00,0.000000e+00,0.000000e+00,0.000000e+00,4.176446e-19,4.055803e-19,-3.444353e-22,1.693989e-29,8.468902e-26,-2.148629e-22,-6.822814e-24,-4.410907e-32
4384.4642,200.00,287.0458,8.635162e+03,1.295001e-02,C,2.638548e-03,1.035826e+00,0.2635%,3.709479e-01,3.692094e-01,1.547519e-04,1.115097e-12,5.083983e-08,1.223170e-04,1.163308e-05,0.000000e+00,0.000000e+00,1.550633e-17,0.000000e+00,0.000000e+00,0.000000e+00,0.000000e+00,0.000000e+00,0.000000e+00,3.060484e-17,5.886548e-24,1.823345e-17,1.717041e-29,7.674305e-21,1.341905e-17,1.658417e-18,9.089202e-39,-3.019498e-17,-1.510986e-17,-1.823309e-17,-1.152041e-31,-7.674483e-21,-1.341889e-17,-1.658415e-18,-4.409352e-32,0.000000e+00,0.000000e+00,0.000000e+00,0.000000e+00,0.000000e+00,0.000000e+00,0.000000e+00,0.000000e+00,4.098608e-19,3.964798e-19,3.631751e-22,1.705521e-29,-1.781565e-25,1.592165e-22,2.236113e-24,-4.409351e-32
4404.4642,200.00,287.0532,8.638092e+03,1.268791e-02,C,2.640152e-03,1.035826e+00,0.2637%,3.712037e-01,3.694575e-01,1.548378e-04,1.125912e-12,5.079255e-08,1.223424e-04,1.163348e-05,0.000000e+00,0.000000e+00,1.550633e-17,0.000000e+00,0.000000e+00,0.000000e+00,0.000000e+00,0.000000e+00,0.000000e+00,3.061114e-17,5.724923e-24,1.824409e-17,1.728512e-29,7.668161e-21,1.342668e-17,1.658626e-18,8.800192e-39,-3.021081e-17,-1.511778e-17,-1.824384e-17,-1.159885e-31,-7.668335e-21,-1.342659e-17,-1.658630e-18,-4.407522e-32,0.000000e+00,0.000000e+00,0.000000e+00,0.000000e+00,0.000000e+00,0.000000e+00,0.000000e+00,0.000000e+00,4.003264e-19,3.885559e-19,2.512494e-22,1.716913e-29,-1.737785e-25,8.349259e-23,-4.078560e-24,-4.407521e-32
4424.4642,200.00,287.0609,8.641132e+03,1.240085e-02,C,2.641824e-03,1.035826e+00,0.2638%,3.714540e-01,3.697002e-01,1.549281e-04,1.136800e-12,5.075736e-08,1.223713e-04,1.163506e-05,0.000000e+00,0.000000e+00,1.550633e-17,0.000000e+00,0.000000e+00,0.000000e+00,0.000000e+00,0.000000e+00,0.000000e+00,3.062018e-17,5.571899e-24,1.825533e-17,1.740448e-29,7.663857e-21,1.343476e-17,1.659020e-18,8.523293e-39,-3.022816e-17,-1.512646e-17,-1.825549e-17,-1.167881e-31,-7.663835e-21,-1.343487e-17,-1.659024e-18,-4.406018e-32,0.000000e+00,0.000000e+00,0.000000e+00,0.000000e+00,0.000000e+00,0.000000e+00,0.000000e+00,0.000000e+00,3.920113e-19,3.798727e-19,-1.589211e-22,1.728769e-29,2.188805e-26,-1.143827e-22,-3.834224e-24,-4.406017e-32
4444.4642,200.00,287.0685,8.644126e+03,1.214589e-02,C,2.643481e-03,1.035826e+00,0.2640%,3.716990e-01,3.699379e-01,1.550168e-04,1.147763e-12,5.071050e-08,1.223993e-04,1.163558e-05,0.000000e+00,0.000000e+00,1.550633e-17,0.000000e+00,0.000000e+00,0.000000e+00,0.000000e+00,0.000000e+00,0.000000e+00,3.062733e-17,5.425176e-24,1.826633e-17,1.752106e-29,7.657748e-21,1.344264e-17,1.659245e-18,8.263518e-39,-3.024358e-17,-1.513418e-17,-1.826577e-17,-1.175887e-31,-7.657989e-21,-1.344237e-17,-1.659239e-18,-4.404307e-32,0.000000e+00,0.000000e+00,0.000000e+00,0.000000e+00,0.000000e+00,0.000000e+00,0.000000e+00,0.000000e+00,3.837468e-19,3.721562e-19,5.627501e-22,1.740347e-29,-2.408356e-25,2.756149e-22,5.864888e-24,-4.404306e-32
4464.4642,200.00,287.0761,8.647125e+03,1.185972e-02,C,2.645139e-03,1.035826e+00,0.2642%,3.719387e-01,3.701703e-01,1.551062e-04,1.158800e-12,5.067696e-08,1.224288e-04,1.163724e-05,0.000000e+00,0.000000e+00,1.550633e-17,0.000000e+00,0.000000e+00,0.000000e+00,0.000000e+00,0.000000e+00,0.000000e+00,3.063665e-17,5.286219e-24,1.827750e-17,1.764271e-29,7.653655e-21,1.345067e-17,1.659644e-18,8.016690e-39,-3.026090e-17,-1.514284e-17,-1.827733e-17,-1.184062e-31,-7.653768e-21,-1.345061e-17,-1.659645e-18,-4.402975e-32,0.000000e+00,0.000000e+00,0.000000e+00,0.000000e+00,0.000000e+00,0.000000e+00,0.000000e+00,0.000000e+00,3.757450e-19,3.634907e-19,1.646043e-22,1.752430e-29,-1.133582e-25,5.246979e-23,-1.141105e-24,-4.402974e-32
4484.4642,200.00,287.0827,8.649746e+03,1.162956e-02,C,2.646574e-03,1.035826e+00,0.2643%,3.721733e-01,3.703978e-01,1.551832e-04,1.169913e-12,5.063552e-08,1.224512e-04,1.163765e-05,0.000000e+00,0.000000e+00,1.550633e-17,0.000000e+00,0.000000e+00,0.000000e+00,0.000000e+00,0.000000e+00,0.000000e+00,3.064222e-17,5.153008e-24,1.828702e-17,1.776259e-29,7.648287e-21,1.345749e-17,1.659842e-18,7.797427e-39,-3.027483e-17,-1.514982e-17,-1.828674e-17,-1.192188e-31,-7.648459e-21,-1.345738e-17,-1.659844e-18,-4.401210e-32,0.000000e+00,0.000000e+00,0.000000e+00,0.000000e+00,0.000000e+00,0.000000e+00,0.000000e+00,0.000000e+00,3.673856e-19,3.565177e-19,2.824545e-22,1.764337e-29,-1.713263e-25,1.086212e-22,-2.131250e-24,-4.401209e-32
4504.4642,200.00,287.0905,8.652812e+03,1.135984e-02,C,2.648273e-03,1.035826e+00,0.2645%,3.724028e-01,3.706204e-01,1.552743e-04,1.181102e-12,5.058961e-08,1.224820e-04,1.163830e-05,0.000000e+00,0.000000e+00,1.550633e-17,0.000000e+00,0.000000e+00,0.000000e+00,0.000000e+00,0.000000e+00,0.000000e+00,3.065029e-17,5.025648e-24,1.829832e-17,1.788215e-29,7.642292e-21,1.346559e-17,1.660080e-18,7.572734e-39,-3.029117e-17,-1.515799e-17,-1.829771e-17,-1.200504e-31,-7.642594e-21,-1.346531e-17,-1.660079e-18,-4.399896e-32,0.000000e+00,0.000000e+00,0.000000e+00,0.000000e+00,0.000000e+00,0.000000e+00,0.000000e+00,0.000000e+00,3.591148e-19,3.483417e-19,6.108397e-22,1.776210e-29,-3.019397e-25,2.796012e-22,8.074030e-25,-4.399896e-32
4524.4642,200.00,287.0966,8.655235e+03,1.111968e-02,C,2.649611e-03,1.035826e+00,0.2646%,3.726275e-01,3.708382e-01,1.553467e-04,1.192368e-12,5.056417e-08,1.225033e-04,1.163981e-05,0.000000e+00,0.000000e+00,1.550633e-17,0.000000e+00,0.000000e+00,0.000000e+00,0.000000e+00,0.000000e+00,0.000000e+00,3.065736e-17,4.905178e-24,1.830735e-17,1.800887e-29,7.639296e-21,1.347209e-17,1.660444e-18,7.366000e-39,-3.030573e-17,-1.516528e-17,-1.830753e-17,-1.208836e-31,-7.639269e-21,-1.347222e-17,-1.660449e-18,-4.398387e-32,0.000000e+00,0.000000e+00,0.000000e+00,0.000000e+00,0.000000e+00,0.000000e+00,0.000000e+00,0.000000e+00,3.516380e-19,3.410584e-19,-1.850152e-22,1.788799e-29,2.719755e-26,-1.284766e-22,-4.963213e-24,-4.398386e-32
4544.4642,200.00,287.1034,8.657929e+03,1.088159e-02,C,2.651088e-03,1.035826e+00,0.2648%,3.728473e-01,3.710514e-01,1.554257e-04,1.203712e-12,5.052401e-08,1.225285e-04,1.164039e-05,0.000000e+00,0.000000e+00,1.550633e-17,0.000000e+00,0.000000e+00,0.000000e+00,0.000000e+00,0.000000e+00,0.000000e+00,3.066388e-17,4.789178e-24,1.831717e-17,1.813192e-29,7.634087e-21,1.347913e-17,1.660661e-18,7.159683e-39,-3.032016e-17,-1.517250e-17,-1.831730e-17,-1.217258e-31,-7.634060e-21,-1.347922e-17,-1.660663e-18,-4.396950e-32,0.000000e+00,0.000000e+00,0.000000e+00,0.000000e+00,0.000000e+00,0.000000e+00,0.000000e+00,0.000000e+00,3.437199e-19,3.338345e-19,-1.387792e-22,1.801019e-29,2.687879e-26,-9.307921e-23,-2.245386e-24,-4.396950e-32
4564.4642,200.00,287.1108,8.660829e+03,1.063415e-02,C,2.652683e-03,1.035826e+00,0.2649%,3.730623e-01,3.712600e-01,1.555112e-04,1.215134e-12,5.048186e-08,1.225575e-04,1.164106e-05,0.000000e+00,0.000000e+00,1.550633e-17,0.000000e+00,0.000000e+00,0.000000e+00,0.000000e+00,0.000000e+00,0.000000e+00,3.067156e-17,4.678210e-24,1.832778e-17,1.825536e-29,7.628591e-21,1.348674e-17,1.660892e-18,6.970490e-39,-3.033517e-17,-1.518001e-17,-1.832727e-17,-1.225794e-31,-7.628826e-21,-1.348649e-17,-1.660889e-18,-4.395674e-32,0.000000e+00,0.000000e+00,0.000000e+00,0.000000e+00,0.000000e+00,0.000000e+00,0.000000e+00,0.000000e+00,3.363885e-19,3.263233e-19,5.108619e-22,1.813278e-29,-2.350677e-25,2.425549e-22,3.033923e-24,-4.395674e-32
4584.4642,200.00,287.1166,8.663118e+03,1.040612e-02,C,2.653977e-03,1.035826e+00,0.2650%,3.732728e-01,3.714640e-01,1.555813e-04,1.226636e-12,5.045887e-08,1.225788e-04,1.164263e-05,0.000000e+00,0.000000e+00,1.550633e-17,0.000000e+00,0.000000e+00,0.000000e+00,0.000000e+00,0.000000e+00,0.000000e+00,3.067876e-17,4.573092e-24,1.833653e-17,1.838576e-29,7.625909e-21,1.349303e-17,1.661259e-18,6.785891e-39,-3.034901e-17,-1.518694e-17,-1.833645e-17,-1.234368e-31,-7.626016e-21,-1.349304e-17,-1.661265e-18,-4.394280e-32,0.000000e+00,0.000000e+00,0.000000e+00,0.000000e+00,0.000000e+00,0.000000e+00,0.000000e+00,0.000000e+00,3.297514e-19,3.193979e-19,8.093344e-23,1.826233e-29,-1.075380e-25,-2.216275e-24,-5.632985e-24,-4.394279e-32
4604.4642,200.00,287.1230,8.665636e+03,1.018969e-02,C,2.655355e-03,1.035826e+00,0.2652%,3.734787e-01,3.716637e-01,1.556551e-04,1.238217e-12,5.042240e-08,1.226022e-04,1.164324e-05,0.000000e+00,0.000000e+00,1.550633e-17,0.000000e+00,0.000000e+00,0.000000e+00,0.000000e+00,0.000000e+00,0.000000e+00,3.068493e-17,4.471720e-24,1.834570e-17,1.851278e-29,7.621190e-21,1.349961e-17,1.661471e-18,6.620922e-39,-3.036215e-17,-1.519351e-17,-1.834529e-17,-1.243010e-31,-7.621363e-21,-1.349940e-17,-1.661466e-18,-4.392871e-32,0.000000e+00,0.000000e+00,0.000000e+00,0.000000e+00,0.000000e+00,0.000000e+00,0.000000e+00,0.000000e+00,3.227832e-19,3.128220e-19,4.097591e-22,1.838848e-29,-1.737926e-25,2.029898e-22,5.156626e-24,-4.392870e-32
4624.4642,200.00,287.1292,8.668103e+03,9.961910e-03,C,2.656715e-03,1.035826e+00,0.2653%,3.736802e-01,3.718591e-01,1.557281e-04,1.249879e-12,5.038647e-08,1.226256e-04,1.164383e-05,0.000000e+00,0.000000e+00,1.550633e-17,0.000000e+00,0.000000e+00,0.000000e+00,0.000000e+00,0.000000e+00,0.000000e+00,3.069106e-17,4.374709e-24,1.835475e-17,1.864094e-29,7.616539e-21,1.350610e-17,1.661679e-18,6.455952e-39,-3.037599e-17,-1.520044e-17,-1.835467e-17,-1.251776e-31,-7.616636e-21,-1.350610e-17,-1.661685e-18,-4.391645e-32,0.000000e+00,0.000000e+00,0.000000e+00,0.000000e+00,0.000000e+00,0.000000e+00,0.000000e+00,0.000000e+00,3.150787e-19,3.058981e-19,7.592341e-23,1.851576e-29,-9.728857e-26,-2.377418e-24,-5.744552e-24,-4.391645e-32
4644.4642,200.00,287.1357,8.670665e+03,9.735402e-03,C,2.658126e-03,1.035826e+00,0.2655%,3.738773e-01,3.720502e-01,1.558037e-04,1.261623e-12,5.035016e-08,1.226509e-04,1.164449e-05,0.000000e+00,0.000000e+00,1.550633e-17,0.000000e+00,0.000000e+00,0.000000e+00,0.000000e+00,0.000000e+00,0.000000e+00,3.069780e-17,4.281779e-24,1.836414e-17,1.876999e-29,7.611833e-21,1.351284e-17,1.661898e-18,6.297247e-39,-3.038975e-17,-1.520732e-17,-1.836397e-17,-1.260632e-31,-7.611931e-21,-1.351277e-17,-1.661898e-18,-4.390479e-32,0.000000e+00,0.000000e+00,0.000000e+00,0.000000e+00,0.000000e+00,0.000000e+00,0.000000e+00,0.000000e+00,3.080538e-19,2.990098e-19,1.735004e-22,1.864393e-29,-9.794781e-26,6.837792e-23,-1.489148e-25,-4.390478e-32
4664.4642,200.00,287.1415,8.672958e+03,9.513117e-03,C,2.659427e-03,1.035826e+00,0.2656%,3.740702e-01,3.722372e-01,1.558742e-04,1.273449e-12,5.032916e-08,1.226741e-04,1.164620e-05,0.000000e+00,0.000000e+00,1.550633e-17,0.000000e+00,0.000000e+00,0.000000e+00,0.000000e+00,0.000000e+00,0.000000e+00,3.070572e-17,4.193524e-24,1.837296e-17,1.890512e-29,7.609398e-21,1.351918e-17,1.662277e-18,6.151907e-39,-3.040327e-17,-1.521409e-17,-1.837281e-17,-1.269569e-31,-7.609498e-21,-1.351914e-17,-1.662279e-18,-4.389337e-32,0.000000e+00,0.000000e+00,0.000000e+00,0.000000e+00,0.000000e+00,0.000000e+00,0.000000e+00,0.000000e+00,3.024524e-19,2.922469e-19,1.413363e-22,1.877816e-29,-1.001643e-25,4.153879e-23,-1.997537e-24,-4.389336e-32
4684.4642,200.00,287.1467,8.675020e+03,9.325574e-03,C,2.660546e-03,1.035826e+00,0.2657%,3.742590e-01,3.724202e-01,1.559342e-04,1.285358e-12,5.029969e-08,1.226914e-04,1.164673e-05,0.000000e+00,0.000000e+00,1.550633e-17,0.000000e+00,0.000000e+00,0.000000e+00,0.000000e+00,0.000000e+00,0.000000e+00,3.071027e-17,4.108408e-24,1.838041e-17,1.903826e-29,7.605629e-21,1.352452e-17,1.662465e-18,6.009072e-39,-3.041467e-17,-1.521979e-17,-1.838060e-17,-1.278509e-31,-7.605593e-21,-1.352465e-17,-1.662470e-18,-4.387948e-32,0.000000e+00,0.000000e+00,0.000000e+00,0.000000e+00,0.000000e+00,0.000000e+00,0.000000e+00,0.000000e+00,2.955966e-19,2.865388e-19,-1.906275e-22,1.891041e-29,3.600834e-26,-1.287058e-22,-4.776970e-24,-4.387947e-32
4704.4642,200.00,287.1524,8.677256e+03,9.136458e-03,C,2.661799e-03,1.035826e+00,0.2658%,3.744437e-01,3.725993e-01,1.560013e-04,1.297350e-12,5.026820e-08,1.227131e-04,1.164738e-05,0.000000e+00,0.000000e+00,1.550633e-17,0.000000e+00,0.000000e+00,0.000000e+00,0.000000e+00,0.000000e+00,0.000000e+00,3.071613e-17,4.026667e-24,1.838876e-17,1.917184e-29,7.601560e-21,1.353051e-17,1.662674e-18,5.857885e-39,-3.042618e-17,-1.522555e-17,-1.838816e-17,-1.287547e-31,-7.601786e-21,-1.353021e-17,-1.662666e-18,-4.386636e-32,0.000000e+00,0.000000e+00,0.000000e+00,0.000000e+00,0.000000e+00,0.000000e+00,0.000000e+00,0.000000e+00,2.899552e-19,2.807806e-19,5.947795e-22,1.904308e-29,-2.256977e-25,3.053647e-22,7.948751e-24,-4.386635e-32
4724.4642,200.00,287.1579,8.679435e+03,8.926629e-03,C,2.662995e-03,1.035826e+00,0.2659%,3.746243e-01,3.727744e-01,1.560656e-04,1.309428e-12,5.023793e-08,1.227336e-04,1.164800e-05,0.000000e+00,0.000000e+00,1.550633e-17,0.000000e+00,0.000000e+00,0.000000e+00,0.000000e+00,0.000000e+00,0.000000e+00,3.072162e-17,3.948312e-24,1.839674e-17,1.930685e-29,7.597680e-21,1.353624e-17,1.662874e-18,5.743868e-39,-3.043895e-17,-1.523194e-17,-1.839700e-17,-1.296736e-31,-7.597575e-21,-1.353638e-17,-1.662875e-18,-4.385585e-32,0.000000e+00,0.000000e+00,0.000000e+00,0.000000e+00,0.000000e+00,0.000000e+00,0.000000e+00,0.000000e+00,2.826736e-19,2.743892e-19,-2.631240e-22,1.917718e-29,1.049109e-25,-1.450598e-22,-8.604208e-25,-4.385585e-32
4744.4642,200.00,287.1633,8.681577e+03,8.735227e-03,C,2.664194e-03,1.035826e+00,0.2661%,3.748011e-01,3.729458e-01,1.561299e-04,1.321590e-12,5.020810e-08,1.227544e-04,1.164865e-05,0.000000e+00,0.000000e+00,1.550633e-17,0.000000e+00,0.000000e+00,0.000000e+00,0.000000e+00,0.000000e+00,0.000000e+00,3.072727e-17,3.873111e-24,1.840473e-17,1.944307e-29,7.593843e-21,1.354197e-17,1.663077e-18,5.609386e-39,-3.045061e-17,-1.523778e-17,-1.840474e-17,-1.305973e-31,-7.593878e-21,-1.354201e-17,-1.663080e-18,-4.384435e-32,0.000000e+00,0.000000e+00,0.000000e+00,0.000000e+00,0.000000e+00,0.000000e+00,0.000000e+00,0.000000e+00,2.766620e-19,2.685568e-19,-1.608879e-23,1.931248e-29,-3.461870e-26,-3.261044e-23,-2.731867e-24,-4.384434e-32
4764.4642,200.00,287.1689,8.683775e+03,8.545775e-03,C,2.665408e-03,1.035826e+00,0.2662%,3.749740e-01,3.731135e-01,1.561952e-04,1.333839e-12,5.017833e-08,1.227760e-04,1.164933e-05,0.000000e+00,0.000000e+00,1.550633e-17,0.000000e+00,0.000000e+00,0.000000e+00,0.000000e+00,0.000000e+00,0.000000e+00,3.073317e-17,3.800893e-24,1.841283e-17,1.958038e-29,7.590001e-21,1.354779e-17,1.663283e-18,5.483257e-39,-3.046215e-17,-1.524355e-17,-1.841236e-17,-1.315299e-31,-7.590226e-21,-1.354757e-17,-1.663282e-18,-4.383324e-32,0.000000e+00,0.000000e+00,0.000000e+00,0.000000e+00,0.000000e+00,0.000000e+00,0.000000e+00,0.000000e+00,2.710272e-19,2.627816e-19,4.680094e-22,1.944885e-29,-2.246739e-25,2.166763e-22,7.587702e-25,-4.383324e-32
4784.4642,200.00,287.1740,8.685799e+03,8.352606e-03,C,2.666525e-03,1.035826e+00,0.2663%,3.751432e-01,3.732775e-01,1.562551e-04,1.346175e-12,5.015104e-08,1.227951e-04,1.164998e-05,0.000000e+00,0.000000e+00,1.550633e-17,0.000000e+00,0.000000e+00,0.000000e+00,0.000000e+00,0.000000e+00,0.000000e+00,3.073840e-17,3.731621e-24,1.842028e-17,1.971954e-29,7.586514e-21,1.355313e-17,1.663480e-18,5.367570e-39,-3.047392e-17,-1.524944e-17,-1.842041e-17,-1.324733e-31,-7.586536e-21,-1.355325e-17,-1.663489e-18,-4.382313e-32,0.000000e+00,0.000000e+00,0.000000e+00,0.000000e+00,0.000000e+00,0.000000e+00,0.000000e+00,0.000000e+00,2.644781e-19,2.568909e-19,-1.307386e-22,1.958707e-29,-2.183805e-26,-1.138566e-22,-9.101070e-24,-4.382313e-32
4804.4642,200.00,287.1792,8.687844e+03,8.174080e-03,C,2.667678e-03,1.035826e+00,0.2664%,3.753087e-01,3.734380e-01,1.563169e-04,1.358598e-12,5.012378e-08,1.228156e-04,1.165071e-05,0.000000e+00,0.000000e+00,1.550633e-17,0.000000e+00,0.000000e+00,0.000000e+00,0.000000e+00,0.000000e+00,0.000000e+00,3.074411e-17,3.665040e-24,1.842799e-17,1.985981e-29,7.583012e-21,1.355866e-17,1.663689e-18,5.274435e-39,-3.048480e-17,-1.525489e-17,-1.842763e-17,-1.334224e-31,-7.583171e-21,-1.355849e-17,-1.663686e-18,-4.381226e-32,0.000000e+00,0.000000e+00,0.000000e+00,0.000000e+00,0.000000e+00,0.000000e+00,0.000000e+00,0.000000e+00,2.593107e-19,2.514447e-19,3.572861e-22,1.972639e-29,-1.590201e-25,1.709868e-22,2.442929e-24,-4.381226e-32
4824.4642,200.00,287.1841,8.689782e+03,7.987120e-03,C,2.668755e-03,1.035826e+00,0.2665%,3.754707e-01,3.735950e-01,1.563748e-04,1.371110e-12,5.009814e-08,1.228342e-04,1.165138e-05,0.000000e+00,0.000000e+00,1.550633e-17,0.000000e+00,0.000000e+00,0.000000e+00,0.000000e+00,0.000000e+00,0.000000e+00,3.074926e-17,3.601094e-24,1.843518e-17,2.000172e-29,7.579745e-21,1.356382e-17,1.663886e-18,5.157077e-39,-3.049620e-17,-1.526059e-17,-1.843547e-17,-1.343834e-31,-7.579639e-21,-1.356399e-17,-1.663888e-18,-4.380275e-32,0.000000e+00,0.000000e+00,0.000000e+00,0.000000e+00,0.000000e+00,0.000000e+00,0.000000e+00,0.000000e+00,2.530606e-19,2.457391e-19,-2.930698e-22,1.986733e-29,1.062118e-25,-1.639209e-22,-2.311934e-24,-4.380274e-32
4844.4642,200.00,287.1889,8.691682e+03,7.822335e-03,C,2.669789e-03,1.035826e+00,0.2666%,3.756291e-01,3.737485e-01,1.564303e-04,1.383712e-12,5.007374e-08,1.228518e-04,1.165205e-05,0.000000e+00,0.000000e+00,1.550633e-17,0.000000e+00,0.000000e+00,0.000000e+00,0.000000e+00,0.000000e+00,0.000000e+00,3.075418e-17,3.539638e-24,1.844209e-17,2.014514e-29,7.576633e-21,1.356878e-17,1.664080e-18,5.059348e-39,-3.050626e-17,-1.526562e-17,-1.844211e-17,-1.353484e-31,-7.576657e-21,-1.356882e-17,-1.664083e-18,-4.379188e-32,0.000000e+00,0.000000e+00,0.000000e+00,0.000000e+00,0.000000e+00,0.000000e+00,0.000000e+00,0.000000e+00,2.479222e-19,2.407086e-19,-2.128544e-23,2.000979e-29,-2.377514e-26,-3.393670e-23,-2.767877e-24,-4.379188e-32
4864.4642,200.00,287.1936,8.693539e+03,7.656722e-03,C,2.670827e-03,1.035826e+00,0.2667%,3.757841e-01,3.738988e-01,1.564861e-04,1.396403e-12,5.004968e-08,1.228699e-04,1.165275e-05,0.000000e+00,0.000000e+00,1.550633e-17,0.000000e+00,0.000000e+00,0.000000e+00,0.000000e+00,0.000000e+00,0.000000e+00,3.075926e-17,3.480518e-24,1.844903e-17,2.028984e-29,7.573573e-21,1.357377e-17,1.664278e-18,4.959531e-39,-3.051636e-17,-1.527068e-17,-1.844883e-17,-1.363233e-31,-7.573659e-21,-1.357368e-17,-1.664277e-18,-4.378160e-32,0.000000e+00,0.000000e+00,0.000000e+00,0.000000e+00,0.000000e+00,0.000000e+00,0.000000e+00,0.000000e+00,2.428957e-19,2.356510e-19,1.945801e-22,2.015352e-29,-8.663239e-26,8.842452e-23,1.441865e-24,-4.378160e-32
4884.4642,200.00,287.1982,8.695353e+03,7.489201e-03,C,2.671842e-03,1.035826e+00,0.2668%,3.759357e-01,3.740457e-01,1.565406e-04,1.409186e-12,5.002645e-08,1.228875e-04,1.165345e-05,0.000000e+00,0.000000e+00,1.550633e-17,0.000000e+00,0.000000e+00,0.000000e+00,0.000000e+00,0.000000e+00,0.000000e+00,3.076426e-17,3.423653e-24,1.845582e-17,2.043596e-29,7.570621e-21,1.357864e-17,1.664474e-18,4.874331e-39,-3.052659e-17,-1.527580e-17,-1.845573e-17,-1.373085e-31,-7.570642e-21,-1.357859e-17,-1.664471e-18,-4.377201e-32,0.000000e+00,0.000000e+00,0.000000e+00,0.000000e+00,0.000000e+00,0.000000e+00,0.000000e+00,0.000000e+00,2.376724e-19,2.305336e-19,8.900522e-23,2.029865e-29,-2.139636e-26,4.573104e-23,3.452230e-24,-4.377201e-32
4904.4642,200.00,287.2029,8.697198e+03,7.315775e-03,C,2.672886e-03,1.035826e+00,0.2669%,3.760840e-01,3.741895e-01,1.565969e-04,1.422060e-12,5.000271e-08,1.229063e-04,1.165417e-05,0.000000e+00,0.000000e+00,1.550633e-17,0.000000e+00,0.000000e+00,0.000000e+00,0.000000e+00,0.000000e+00,0.000000e+00,3.076959e-17,3.368896e-24,1.846280e-17,2.058309e-29,7.567597e-21,1.358365e-17,1.664673e-18,4.780361e-39,-3.053718e-17,-1.528110e-17,-1.846282e-17,-1.383051e-31,-7.567620e-21,-1.358368e-17,-1.664675e-18,-4.376344e-32,0.000000e+00,0.000000e+00,0.000000e+00,0.000000e+00,0.000000e+00,0.000000e+00,0.000000e+00,0.000000e+00,2.324063e-19,2.252339e-19,-1.525239e-23,2.044479e-29,-2.300413e-26,-2.951593e-23,-2.409306e-24,-4.376344e-32
4924.4642,200.00,287.2074,8.698983e+03,7.150747e-03,C,2.673879e-03,1.035826e+00,0.2670%,3.762290e-01,3.743301e-01,1.566503e-04,1.435027e-12,4.998061e-08,1.229240e-04,1.165491e-05,0.000000e+00,0.000000e+00,1.550633e-17,0.000000e+00,0.000000e+00,0.000000e+00,0.000000e+00,0.000000e+00,0.000000e+00,3.077463e-17,3.316215e-24,1.846945e-17,2.073193e-29,7.564795e-21,1.358843e-17,1.664870e-18,4.697668e-39,-3.054726e-17,-1.528614e-17,-1.846961e-17,-1.393098e-31,-7.564757e-21,-1.358853e-17,-1.664872e-18,-4.375479e-32,0.000000e+00,0.000000e+00,0.000000e+00,0.000000e+00,0.000000e+00,0.000000e+00,0.000000e+00,0.000000e+00,2.273741e-19,2.201892e-19,-1.544080e-22,2.059262e-29,3.798850e-26,-9.682563e-23,-2.210869e-24,-4.375478e-32
4944.4642,200.00,287.2126,8.701023e+03,6.991723e-03,C,2.675015e-03,1.035826e+00,0.2671%,3.763709e-01,3.744677e-01,1.567112e-04,1.448088e-12,4.995615e-08,1.229461e-04,1.165580e-05,0.000000e+00,0.000000e+00,1.550633e-17,0.000000e+00,0.000000e+00,0.000000e+00,0.000000e+00,0.000000e+00,0.000000e+00,3.078106e-17,3.265377e-24,1.847706e-17,2.088127e-29,7.561732e-21,1.359389e-17,1.665092e-18,4.611633e-39,-3.055698e-17,-1.529101e-17,-1.847618e-17,-1.403230e-31,-7.560056e-21,-1.359335e-17,-1.664906e-18,-4.374615e-32,0.000000e+00,0.000000e+00,0.000000e+00,0.000000e+00,0.000000e+00,0.000000e+00,0.000000e+00,0.000000e+00,2.240807e-19,2.153265e-19,8.806010e-22,2.074094e-29,1.676533e-24,5.435569e-22,1.865569e-22,-4.374614e-32
4964.4642,200.00,287.2169,8.702727e+03,6.833509e-03,C,2.675948e-03,1.035826e+00,0.2672%,3.765098e-01,3.746024e-01,1.567607e-04,1.461243e-12,4.992355e-08,1.229617e-04,1.165542e-05,0.000000e+00,0.000000e+00,1.550633e-17,0.000000e+00,0.000000e+00,0.000000e+00,0.000000e+00,0.000000e+00,0.000000e+00,3.078384e-17,3.215969e-24,1.848316e-17,2.102835e-29,7.557229e-21,1.359825e-17,1.665110e-18,4.535204e-39,-3.056665e-17,-1.529585e-17,-1.848263e-17,-1.413459e-31,-7.557449e-21,-1.359798e-17,-1.665106e-18,-4.373787e-32,0.000000e+00,0.000000e+00,0.000000e+00,0.000000e+00,0.000000e+00,0.000000e+00,0.000000e+00,0.000000e+00,2.171896e-19,2.104870e-19,5.326745e-22,2.088700e-29,-2.204917e-25,2.674017e-22,4.520098e-24,-4.373786e-32
4984.4642,200.00,287.2207,8.704227e+03,6.682312e-03,C,2.676794e-03,1.035826e+00,0.2673%,3.766457e-01,3.747341e-01,1.568062e-04,1.474493e-12,4.990534e-08,1.229758e-04,1.165612e-05,0.000000e+00,0.000000e+00,1.550633e-17,0.000000e+00,0.000000e+00,0.000000e+00,0.000000e+00,0.000000e+00,0.000000e+00,3.078797e-17,3.168915e-24,1.848884e-17,2.118210e-29,7.554967e-21,1.360233e-17,1.665295e-18,4.454181e-39,-3.057589e-17,-1.530047e-17,-1.848898e-17,-1.423765e-31,-7.554922e-21,-1.360241e-17,-1.665297e-18,-4.372932e-32,0.000000e+00,0.000000e+00,0.000000e+00,0.000000e+00,0.000000e+00,0.000000e+00,0.000000e+00,0.000000e+00,2.120811e-19,2.058607e-19,-1.416971e-22,2.103972e-29,4.524661e-26,-8.490157e-23,-1.428525e-24,-4.372931e-32
5004.4642,200.00,287.2246,8.705756e+03,6.552490e-03,C,2.677643e-03,1.035826e+00,0.2674%,3.767786e-01,3.748629e-01,1.568522e-04,1.487840e-12,4.988705e-08,1.229901e-04,1.165680e-05,0.000000e+00,0.000000e+00,1.550633e-17,0.000000e+00,0.000000e+00,0.000000e+00,0.000000e+00,0.000000e+00,0.000000e+00,3.079219e-17,3.123561e-24,1.849454e-17,2.133706e-29,7.552675e-21,1.360642e-17,1.665478e-18,4.384434e-39,-3.058383e-17,-1.530444e-17,-1.849407e-17,-1.434111e-31,-7.552894e-21,-1.360620e-17,-1.665477e-18,-4.371934e-32,0.000000e+00,0.000000e+00,0.000000e+00,0.000000e+00,0.000000e+00,0.000000e+00,0.000000e+00,0.000000e+00,2.083551e-19,2.018873e-19,4.646096e-22,2.119365e-29,-2.191939e-25,2.189575e-22,7.359466e-25,-4.371934e-32
5024.4642,200.00,287.2280,8.707130e+03,6.409698e-03,C,2.678410e-03,1.035826e+00,0.2675%,3.769086e-01,3.749888e-01,1.568934e-04,1.501283e-12,4.987121e-08,1.230025e-04,1.165750e-05,0.000000e+00,0.000000e+00,1.550633e-17,0.000000e+00,0.000000e+00,0.000000e+00,0.000000e+00,0.000000e+00,0.000000e+00,3.079587e-17,3.079894e-24,1.849968e-17,2.149409e-29,7.550729e-21,1.361012e-17,1.665658e-18,4.304664e-39,-3.059257e-17,-1.530882e-17,-1.850011e-17,-1.444602e-31,-7.550617e-21,-1.361038e-17,-1.665668e-18,-4.371117e-32,0.000000e+00,0.000000e+00,0.000000e+00,0.000000e+00,0.000000e+00,0.000000e+00,0.000000e+00,0.000000e+00,2.033055e-19,1.975158e-19,-4.308842e-22,2.134963e-29,1.120037e-25,-2.590498e-22,-9.529272e-24,-4.371117e-32
5044.4642,200.00,287.2328,8.709013e+03,6.263581e-03,C,2.679476e-03,1.035826e+00,0.2676%,3.770356e-01,3.751120e-01,1.569507e-04,1.514824e-12,4.984960e-08,1.230239e-04,1.165843e-05,0.000000e+00,0.000000e+00,1.550633e-17,0.000000e+00,0.000000e+00,0.000000e+00,0.000000e+00,0.000000e+00,0.000000e+00,3.080222e-17,3.037598e-24,1.850684e-17,2.165052e-29,7.548048e-21,1.361526e-17,1.665879e-18,4.244523e-39,-3.060151e-17,-1.531329e-17,-1.850615e-17,-1.455206e-31,-7.546328e-21,-1.361482e-17,-1.665693e-18,-4.370378e-32,0.000000e+00,0.000000e+00,0.000000e+00,0.000000e+00,0.000000e+00,0.000000e+00,0.000000e+00,0.000000e+00,2.007083e-19,1.930412e-19,6.829308e-22,2.150500e-29,1.720156e-24,4.371309e-22,1.861693e-22,-4.370378e-32
5064.4642,200.00,287.2369,8.710624e+03,6.106268e-03,C,2.680345e-03,1.035826e+00,0.2677%,3.771601e-01,3.752327e-01,1.569968e-04,1.528465e-12,4.981979e-08,1.230388e-04,1.165810e-05,0.000000e+00,0.000000e+00,1.550633e-17,0.000000e+00,0.000000e+00,0.000000e+00,0.000000e+00,0.000000e+00,0.000000e+00,3.080498e-17,2.996362e-24,1.851253e-17,2.180463e-29,7.543929e-21,1.361932e-17,1.665898e-18,4.184382e-39,-3.061114e-17,-1.531811e-17,-1.851270e-17,-1.465946e-31,-7.543890e-21,-1.361943e-17,-1.665901e-18,-4.369775e-32,0.000000e+00,0.000000e+00,0.000000e+00,0.000000e+00,0.000000e+00,0.000000e+00,0.000000e+00,0.000000e+00,1.938397e-19,1.882223e-19,-1.682968e-22,2.165803e-29,3.908634e-26,-1.024053e-22,-2.701680e-24,-4.369775e-32
5084.4642,200.00,287.2400,8.711860e+03,5.988713e-03,C,2.681036e-03,1.035826e+00,0.2677%,3.772818e-01,3.753506e-01,1.570342e-04,1.542205e-12,4.980609e-08,1.230496e-04,1.165878e-05,0.000000e+00,0.000000e+00,1.550633e-17,0.000000e+00,0.000000e+00,0.000000e+00,0.000000e+00,0.000000e+00,0.000000e+00,3.080829e-17,2.957145e-24,1.851718e-17,2.196623e-29,7.542263e-21,1.362267e-17,1.666071e-18,4.110877e-39,-3.061834e-17,-1.532171e-17,-1.851745e-17,-1.476669e-31,-7.542215e-21,-1.362285e-17,-1.666080e-18,-4.368855e-32,0.000000e+00,0.000000e+00,0.000000e+00,0.000000e+00,0.000000e+00,0.000000e+00,0.000000e+00,0.000000e+00,1.899530e-19,1.846203e-19,-2.752571e-22,2.181856e-29,4.811680e-26,-1.786452e-22,-8.691170e-24,-4.368854e-32
5104.4642,200.00,287.2434,8.713198e+03,5.872803e-03,C,2.681803e-03,1.035826e+00,0.2678%,3.774007e-01,3.754659e-01,1.570755e-04,1.556045e-12,4.979140e-08,1.230628e-04,1.165955e-05,0.000000e+00,0.000000e+00,1.550633e-17,0.000000e+00,0.000000e+00,0.000000e+00,0.000000e+00,0.000000e+00,0.000000e+00,3.081238e-17,2.919277e-24,1.852234e-17,2.212882e-29,7.540457e-21,1.362638e-17,1.666259e-18,4.052407e-39,-3.062544e-17,-1.532526e-17,-1.852201e-17,-1.487491e-31,-7.540608e-21,-1.362622e-17,-1.666257e-18,-4.367963e-32,0.000000e+00,0.000000e+00,0.000000e+00,0.000000e+00,0.000000e+00,0.000000e+00,0.000000e+00,0.000000e+00,1.869447e-19,1.810679e-19,3.341188e-22,2.198007e-29,-1.508316e-25,1.595283e-22,1.508736e-24,-4.367962e-32
5124.4642,200.00,287.2478,8.714941e+03,5.695132e-03,C,2.682763e-03,1.035826e+00,0.2679%,3.775170e-01,3.755787e-01,1.571265e-04,1.569986e-12,4.976082e-08,1.230812e-04,1.165935e-05,0.000000e+00,0.000000e+00,1.550633e-17,0.000000e+00,0.000000e+00,0.000000e+00,0.000000e+00,0.000000e+00,0.000000e+00,3.081621e-17,2.882127e-24,1.852864e-17,2.228642e-29,7.536225e-21,1.363088e-17,1.666294e-18,3.997278e-39,-3.063632e-17,-1.533071e-17,-1.852948e-17,-1.498615e-31,-7.537919e-21,-1.363143e-17,-1.666483e-18,-4.367688e-32,0.000000e+00,0.000000e+00,0.000000e+00,0.000000e+00,0.000000e+00,0.000000e+00,0.000000e+00,0.000000e+00,1.798896e-19,1.756210e-19,-8.417053e-22,2.213656e-29,-1.693710e-24,-5.490973e-22,-1.897903e-22,-4.367688e-32
5144.4642,200.00,287.2510,8.716206e+03,5.598425e-03,C,2.683462e-03,1.035826e+00,0.2680%,3.776310e-01,3.756891e-01,1.571642e-04,1.584030e-12,4.974774e-08,1.230929e-04,1.166011e-05,0.000000e+00,0.000000e+00,1.550633e-17,0.000000e+00,0.000000e+00,0.000000e+00,0.000000e+00,0.000000e+00,0.000000e+00,3.081990e-17,2.846790e-24,1.853335e-17,2.245227e-29,7.534713e-21,1.363427e-17,1.666477e-18,3.939643e-39,-3.064225e-17,-1.533368e-17,-1.853356e-17,-1.509590e-31,-7.534663e-21,-1.363440e-17,-1.666481e-18,-4.366709e-32,0.000000e+00,0.000000e+00,0.000000e+00,0.000000e+00,0.000000e+00,0.000000e+00,0.000000e+00,0.000000e+00,1.776495e-19,1.726555e-19,-2.028000e-22,2.230131e-29,5.019896e-26,-1.255936e-22,-4.474903e-24,-4.366709e-32
5164.4642,200.00,287.2542,8.717443e+03,5.488509e-03,C,2.684173e-03,1.035826e+00,0.2681%,3.777424e-01,3.757970e-01,1.572027e-04,1.598177e-12,4.973466e-08,1.231051e-04,1.166087e-05,0.000000e+00,0.000000e+00,1.550633e-17,0.000000e+00,0.000000e+00,0.000000e+00,0.000000e+00,0.000000e+00,0.000000e+00,3.082375e-17,2.812669e-24,1.853815e-17,2.261944e-29,7.533128e-21,1.363772e-17,1.666659e-18,3.883678e-39,-3.064899e-17,-1.533705e-17,-1.853785e-17,-1.520706e-31,-7.533281e-21,-1.363759e-17,-1.666659e-18,-4.365873e-32,0.000000e+00,0.000000e+00,0.000000e+00,0.000000e+00,0.000000e+00,0.000000e+00,0.000000e+00,0.000000e+00,1.747661e-19,1.692842e-19,2.948624e-22,2.246737e-29,-1.527710e-25,1.322841e-22,-6.503076e-25,-4.365873e-32
5184.4642,200.00,287.2580,8.718968e+03,5.332403e-03,C,2.685000e-03,1.035826e+00,0.2681%,3.778512e-01,3.759025e-01,1.572464e-04,1.612428e-12,4.970781e-08,1.231203e-04,1.166066e-05,0.000000e+00,0.000000e+00,1.550633e-17,0.000000e+00,0.000000e+00,0.000000e+00,0.000000e+00,0.000000e+00,0.000000e+00,3.082678e-17,2.779218e-24,1.854357e-17,2.278225e-29,7.529408e-21,1.364160e-17,1.666687e-18,3.828549e-39,-3.065855e-17,-1.534184e-17,-1.854448e-17,-1.532090e-31,-7.531041e-21,-1.364216e-17,-1.666872e-18,-4.365537e-32,0.000000e+00,0.000000e+00,0.000000e+00,0.000000e+00,0.000000e+00,0.000000e+00,0.000000e+00,0.000000e+00,1.682241e-19,1.644949e-19,-9.060589e-22,2.262904e-29,-1.632564e-24,-5.608729e-22,-1.853483e-22,-4.365536e-32
5204.4642,200.00,287.2612,8.720227e+03,5.229938e-03,C,2.685722e-03,1.035826e+00,0.2682%,3.779578e-01,3.760059e-01,1.572854e-04,1.626786e-12,4.969513e-08,1.231333e-04,1.166150e-05,0.000000e+00,0.000000e+00,1.550633e-17,0.000000e+00,0.000000e+00,0.000000e+00,0.000000e+00,0.000000e+00,0.000000e+00,3.083093e-17,2.747293e-24,1.854844e-17,2.295232e-29,7.527939e-21,1.364510e-17,1.666877e-18,3.776761e-39,-3.066484e-17,-1.534498e-17,-1.854878e-17,-1.543402e-31,-7.527824e-21,-1.364529e-17,-1.666881e-18,-4.364724e-32,0.000000e+00,0.000000e+00,0.000000e+00,0.000000e+00,0.000000e+00,0.000000e+00,0.000000e+00,0.000000e+00,1.660900e-19,1.613505e-19,-3.370496e-22,2.279798e-29,1.158478e-25,-1.885009e-22,-3.974863e-24,-4.364723e-32
5224.4642,200.00,287.2640,8.721317e+03,5.132666e-03,C,2.686340e-03,1.035826e+00,0.2683%,3.780620e-01,3.761068e-01,1.573191e-04,1.641248e-12,4.968452e-08,1.231434e-04,1.166223e-05,0.000000e+00,0.000000e+00,1.550633e-17,0.000000e+00,0.000000e+00,0.000000e+00,0.000000e+00,0.000000e+00,0.000000e+00,3.083424e-17,2.716531e-24,1.855262e-17,2.312447e-29,7.526685e-21,1.364811e-17,1.667051e-18,3.737503e-39,-3.067081e-17,-1.534797e-17,-1.855255e-17,-1.554803e-31,-7.526764e-21,-1.364810e-17,-1.667055e-18,-4.363896e-32,0.000000e+00,0.000000e+00,0.000000e+00,0.000000e+00,0.000000e+00,0.000000e+00,0.000000e+00,0.000000e+00,1.634298e-19,1.583648e-19,7.852563e-23,2.296899e-29,-7.898526e-26,1.060043e-23,-4.725352e-24,-4.363895e-32
5244.4642,200.00,287.2681,8.722953e+03,4.989059e-03,C,2.687233e-03,1.035826e+00,0.2684%,3.781639e-01,3.762056e-01,1.573662e-04,1.655817e-12,4.965697e-08,1.231612e-04,1.166212e-05,0.000000e+00,0.000000e+00,1.550633e-17,0.000000e+00,0.000000e+00,0.000000e+00,0.000000e+00,0.000000e+00,0.000000e+00,3.083806e-17,2.686204e-24,1.855849e-17,2.329112e-29,7.522934e-21,1.365230e-17,1.667093e-18,3.684879e-39,-3.067961e-17,-1.535238e-17,-1.855879e-17,-1.566476e-31,-7.522820e-21,-1.365246e-17,-1.667095e-18,-4.363563e-32,0.000000e+00,0.000000e+00,0.000000e+00,0.000000e+00,0.000000e+00,0.000000e+00,0.000000e+00,0.000000e+00,1.584497e-19,1.539559e-19,-2.984796e-22,2.313448e-29,1.141561e-25,-1.600682e-22,-1.710734e-24,-4.363563e-32
