t_Myr,dt_kyr,T,P_CO2,rel_change,slowest,Da,A_reactive,supply_efficiency,Y_Alkalinity,Y_C,Y_Si,Y_Al,Y_Fe,Y_Ca,Y_Mg,Y_Na,F_out_Alkalinity,F_out_C,F_out_Si,F_out_Al,F_out_Fe,F_out_Ca,F_out_Mg,F_out_Na,F_diss_Alkalinity,F_diss_C,F_diss_Si,F_diss_Al,F_diss_Fe,F_diss_Ca,F_diss_Mg,F_diss_Na,F_prec_Alkalinity,F_prec_C,F_prec_Si,F_prec_Al,F_prec_Fe,F_prec_Ca,F_prec_Mg,F_prec_Na,F_cont_Alkalinity,F_cont_C,F_cont_Si,F_cont_Al,F_cont_Fe,F_cont_Ca,F_cont_Mg,F_cont_Na,F_net_Alkalinity,F_net_C,F_net_Si,F_net_Al,F_net_Fe,F_net_Ca,F_net_Mg,F_net_Na
2.0200,20.00,275.0000,2.849521e-01,1.000000e+00,C,4.147520e-03,1.333333e-01,0.4139%,1.080153e-04,9.898000e-05,3.750564e-05,2.773565e-19,3.646460e-12,3.906319e-05,2.041118e-07,0.000000e+00,0.000000e+00,1.550633e-18,0.000000e+00,0.000000e+00,0.000000e+00,0.000000e+00,0.000000e+00,0.000000e+00,1.740737e-18,2.726531e-32,7.543736e-19,4.469600e-33,4.705800e-24,6.244300e-19,3.292861e-21,-1.252934e-43,-4.720615e-24,-1.873845e-26,-7.166638e-19,-2.130592e-34,-4.705385e-24,-1.322263e-26,-7.020555e-29,-2.144059e-34,0.000000e+00,0.000000e+00,0.000000e+00,0.000000e+00,0.000000e+00,0.000000e+00,0.000000e+00,0.000000e+00,1.740732e-18,1.550633e-18,3.770986e-20,4.256541e-33,4.148694e-28,6.244300e-19,3.292861e-21,-2.144059e-34
4.4200,24.00,275.0000,3.386606e-01,9.999997e-01,Mg,4.094195e-03,1.333333e-01,0.4086%,2.419618e-04,2.165800e-04,3.974907e-05,5.883542e-19,4.179553e-12,8.681324e-05,4.572566e-07,0.000000e+00,0.000000e+00,1.550633e-18,0.000000e+00,0.000000e+00,0.000000e+00,0.000000e+00,0.000000e+00,0.000000e+00,1.791974e-18,7.127313e-27,7.760424e-19,4.522560e-33,4.731401e-24,6.348892e-19,3.384573e-21,1.737402e-40,-4.997213e-24,-2.361912e-25,-7.532422e-19,-5.525163e-34,-4.731254e-24,-9.540043e-26,-5.024526e-28,-5.525220e-34,0.000000e+00,0.000000e+00,0.000000e+00,0.000000e+00,0.000000e+00,0.000000e+00,0.000000e+00,0.000000e+00,1.791969e-18,1.550633e-18,2.280019e-20,3.970044e-33,1.467641e-28,6.348891e-19,3.384572e-21,-5.525218e-34
6.8200,24.00,275.0000,3.924927e-01,9.999993e-01,Mg,4.050066e-03,1.333333e-01,0.4042%,3.795680e-04,3.341800e-04,4.121058e-05,8.810110e-19,4.229269e-12,1.352956e-04,7.169118e-07,0.000000e+00,0.000000e+00,1.550633e-18,0.000000e+00,0.000000e+00,0.000000e+00,0.000000e+00,0.000000e+00,0.000000e+00,1.834467e-18,8.968852e-33,7.947527e-19,4.572384e-33,4.774834e-24,6.430661e-19,3.457578e-21,-3.341158e-43,-5.391704e-24,-5.546336e-25,-7.783652e-19,-8.164460e-34,-4.774181e-24,-2.201269e-25,-1.166360e-27,-8.164466e-34,0.000000e+00,0.000000e+00,0.000000e+00,0.000000e+00,0.000000e+00,0.000000e+00,0.000000e+00,0.000000e+00,1.834461e-18,1.550632e-18,1.638751e-20,3.755938e-33,6.529540e-28,6.430659e-19,3.457577e-21,-8.164466e-34
9.2200,24.00,275.0000,4.439674e-01,9.999989e-01,Mg,4.014665e-03,1.333333e-01,0.4007%,5.200051e-04,4.517799e-04,4.229189e-05,1.159202e-18,4.282023e-12,1.842999e-04,9.812076e-07,0.000000e+00,0.000000e+00,1.550633e-18,0.000000e+00,0.000000e+00,0.000000e+00,0.000000e+00,0.000000e+00,0.000000e+00,1.867405e-18,4.963363e-31,8.101618e-19,4.608092e-33,4.825787e-24,6.488608e-19,3.508687e-21,-1.252934e-43,-5.886149e-24,-9.190817e-25,-7.977154e-19,-1.022741e-33,-4.825351e-24,-3.759779e-25,-2.001614e-27,-1.022750e-33,0.000000e+00,0.000000e+00,0.000000e+00,0.000000e+00,0.000000e+00,0.000000e+00,0.000000e+00,0.000000e+00,1.867399e-18,1.550632e-18,1.244640e-20,3.585352e-33,4.360032e-28,6.488604e-19,3.508685e-21,-1.022750e-33
11.6200,24.00,275.0000,6.717367e-01,9.999978e-01,Mg,3.877801e-03,1.333333e-01,0.3870%,5.977981e-04,5.337191e-04,4.081834e-05,1.406020e-18,4.524596e-12,1.996312e-04,1.264535e-06,0.000000e+00,0.000000e+00,1.550633e-18,0.000000e+00,0.000000e+00,0.000000e+00,0.000000e+00,0.000000e+00,0.000000e+00,2.064398e-18,4.645865e-31,8.820713e-19,5.307357e-33,5.119684e-24,6.955814e-19,3.964523e-21,-2.505868e-43,-1.134135e-18,-5.670656e-19,-8.972173e-19,-1.745507e-33,-5.105004e-24,-5.670644e-19,-4.403997e-27,-1.745499e-33,0.000000e+00,0.000000e+00,0.000000e+00,0.000000e+00,0.000000e+00,0.000000e+00,0.000000e+00,0.000000e+00,9.302632e-19,9.835674e-19,-1.514596e-20,3.561851e-33,1.468085e-26,1.285170e-19,3.964518e-21,-1.745499e-33
14.0200,24.00,275.0000,9.065588e-01,9.999974e-01,Mg,3.785046e-03,1.333333e-01,0.3778%,6.648573e-04,6.035219e-04,3.996704e-05,1.699976e-18,4.800334e-12,2.059996e-04,1.579289e-06,0.000000e+00,0.000000e+00,1.550633e-18,0.000000e+00,0.000000e+00,0.000000e+00,0.000000e+00,0.000000e+00,0.000000e+00,2.215191e-18,4.935021e-30,9.360134e-19,5.923970e-33,5.464002e-24,7.304731e-19,4.310967e-21,2.923513e-43,-1.373224e-18,-6.866102e-19,-9.442052e-19,-1.765840e-33,-5.482212e-24,-6.866086e-19,-5.525783e-27,-1.768170e-33,0.000000e+00,0.000000e+00,0.000000e+00,0.000000e+00,0.000000e+00,0.000000e+00,0.000000e+00,0.000000e+00,8.419668e-19,8.640227e-19,-8.191848e-21,4.158130e-33,-1.820973e-26,4.386453e-20,4.310961e-21,-1.768170e-33
16.4200,24.00,275.0000,1.119033e+00,9.999972e-01,Mg,3.723472e-03,1.333333e-01,0.3717%,7.259339e-04,6.654716e-04,3.949567e-05,2.034323e-18,5.065138e-12,2.067551e-04,1.915677e-06,0.000000e+00,0.000000e+00,1.550633e-18,0.000000e+00,0.000000e+00,0.000000e+00,0.000000e+00,0.000000e+00,0.000000e+00,2.323655e-18,4.305049e-33,9.744779e-19,6.414438e-33,5.773202e-24,7.554351e-19,4.540355e-21,-8.352894e-44,-1.551052e-18,-7.755239e-19,-9.791253e-19,-1.785652e-33,-5.806342e-24,-7.755203e-19,-6.424622e-27,-1.804336e-33,0.000000e+00,0.000000e+00,0.000000e+00,0.000000e+00,0.000000e+00,0.000000e+00,0.000000e+00,0.000000e+00,7.726023e-19,7.751090e-19,-4.647378e-21,4.628786e-33,-3.314010e-26,-2.008523e-20,4.540348e-21,-1.804336e-33
18.8200,24.00,275.0000,1.301546e+00,9.999965e-01,Mg,3.681327e-03,1.333333e-01,0.3675%,7.824965e-04,7.216559e-04,3.923143e-05,2.400881e-18,5.270574e-12,2.033682e-04,2.265782e-06,0.000000e+00,0.000000e+00,1.550633e-18,0.000000e+00,0.000000e+00,0.000000e+00,0.000000e+00,0.000000e+00,0.000000e+00,2.402107e-18,3.228787e-33,1.002298e-18,6.795603e-33,6.028094e-24,7.737360e-19,4.677002e-21,7.099960e-43,-1.679843e-18,-8.399199e-19,-1.004860e-18,-1.786246e-33,-6.021427e-24,-8.399180e-19,-8.081811e-27,-1.786244e-33,0.000000e+00,0.000000e+00,0.000000e+00,0.000000e+00,0.000000e+00,0.000000e+00,0.000000e+00,0.000000e+00,7.222632e-19,7.107130e-19,-2.561303e-21,5.009357e-33,6.666897e-27,-6.618205e-20,4.676994e-21,-1.786244e-33
21.2200,24.00,275.0000,1.452248e+00,9.999960e-01,Mg,3.652088e-03,1.333333e-01,0.3645%,8.358730e-04,7.737115e-04,3.909330e-05,2.792112e-18,5.435696e-12,1.970516e-04,2.623344e-06,0.000000e+00,0.000000e+00,1.550633e-18,0.000000e+00,0.000000e+00,0.000000e+00,0.000000e+00,0.000000e+00,0.000000e+00,2.458725e-18,1.759222e-29,1.022558e-18,7.084460e-33,6.227266e-24,7.873631e-19,4.740700e-21,3.341158e-43,-1.770684e-18,-8.853403e-19,-1.023767e-18,-1.789306e-33,-6.256758e-24,-8.853382e-19,-9.375069e-27,-1.789306e-33,0.000000e+00,0.000000e+00,0.000000e+00,0.000000e+00,0.000000e+00,0.000000e+00,0.000000e+00,0.000000e+00,6.880405e-19,6.652926e-19,-1.209489e-21,5.295154e-33,-2.949216e-26,-9.797511e-20,4.740690e-21,-1.789306e-33
23.6200,24.00,275.0000,1.572520e+00,9.999955e-01,Mg,3.631838e-03,1.333333e-01,0.3625%,8.871671e-04,8.229061e-04,3.903899e-05,3.202269e-18,5.582876e-12,1.887702e-04,2.983452e-06,0.000000e+00,0.000000e+00,1.550633e-18,0.000000e+00,0.000000e+00,0.000000e+00,0.000000e+00,0.000000e+00,0.000000e+00,2.499104e-18,6.385823e-32,1.037300e-18,7.296451e-33,6.375736e-24,7.975920e-19,4.747401e-21,-8.352894e-44,-1.832282e-18,-9.161390e-19,-1.037583e-18,-1.788504e-33,-6.352009e-24,-9.161367e-19,-1.065891e-26,-1.788495e-33,0.000000e+00,0.000000e+00,0.000000e+00,0.000000e+00,0.000000e+00,0.000000e+00,0.000000e+00,0.000000e+00,6.668224e-19,6.344939e-19,-2.829021e-22,5.507948e-33,2.372728e-26,-1.185447e-19,4.747390e-21,-1.788495e-33
26.0200,24.00,275.0000,1.665455e+00,9.999949e-01,Mg,3.618121e-03,1.333333e-01,0.3612%,9.372687e-04,8.702216e-04,3.904432e-05,3.634325e-18,5.646746e-12,1.792827e-04,3.342287e-06,0.000000e+00,0.000000e+00,1.550633e-18,0.000000e+00,0.000000e+00,0.000000e+00,0.000000e+00,0.000000e+00,0.000000e+00,2.527087e-18,-3.587541e-34,1.047899e-18,7.444402e-33,6.480039e-24,8.052586e-19,4.709551e-21,-4.176447e-44,-1.871029e-18,-9.355129e-19,-1.047516e-18,-1.784646e-33,-6.477855e-24,-9.355105e-19,-1.191680e-26,-1.784637e-33,0.000000e+00,0.000000e+00,0.000000e+00,0.000000e+00,0.000000e+00,0.000000e+00,0.000000e+00,0.000000e+00,6.560575e-19,6.151200e-19,3.833920e-22,5.659757e-33,2.183957e-27,-1.302519e-19,4.709539e-21,-1.784637e-33
28.4200,24.00,275.0000,1.734936e+00,9.999943e-01,Mg,3.609104e-03,1.333333e-01,0.3603%,9.868808e-04,9.164163e-04,3.909437e-05,4.071975e-18,5.711658e-12,1.691797e-04,3.696922e-06,0.000000e+00,0.000000e+00,1.550633e-18,0.000000e+00,0.000000e+00,0.000000e+00,0.000000e+00,0.000000e+00,0.000000e+00,2.545832e-18,2.213527e-28,1.055448e-18,7.541670e-33,6.548637e-24,8.110235e-19,4.638654e-21,8.018778e-42,-1.892272e-18,-9.461342e-19,-1.054524e-18,-1.778912e-33,-6.547539e-24,-9.461315e-19,-1.314251e-26,-1.778941e-33,0.000000e+00,0.000000e+00,0.000000e+00,0.000000e+00,0.000000e+00,0.000000e+00,0.000000e+00,0.000000e+00,6.535601e-19,6.044987e-19,9.241065e-22,5.762758e-33,1.098271e-27,-1.351080e-19,4.638641e-21,-1.778941e-33
30.8200,24.00,275.0000,1.785119e+00,9.999937e-01,Mg,3.603624e-03,1.333333e-01,0.3597%,1.036546e-03,9.620719e-04,3.917893e-05,4.511611e-18,5.739486e-12,1.589149e-04,4.045163e-06,0.000000e+00,0.000000e+00,1.550633e-18,0.000000e+00,0.000000e+00,0.000000e+00,0.000000e+00,0.000000e+00,0.000000e+00,2.557427e-18,1.435016e-32,1.060665e-18,7.597796e-33,6.588157e-24,8.153112e-19,4.542918e-21,7.517605e-43,-1.900172e-18,-9.500845e-19,-1.059318e-18,-1.772345e-33,-6.619260e-24,-9.500817e-19,-1.437956e-26,-1.772501e-33,0.000000e+00,0.000000e+00,0.000000e+00,0.000000e+00,0.000000e+00,0.000000e+00,0.000000e+00,0.000000e+00,6.572547e-19,6.005484e-19,1.346962e-21,5.825451e-33,-3.110315e-26,-1.347705e-19,4.542904e-21,-1.772501e-33
33.2200,24.00,275.0000,1.820050e+00,9.999930e-01,Mg,3.600754e-03,1.333333e-01,0.3594%,1.086666e-03,1.007623e-03,3.929051e-05,4.954695e-18,5.752595e-12,1.488256e-04,4.385431e-06,0.000000e+00,0.000000e+00,1.550633e-18,0.000000e+00,0.000000e+00,0.000000e+00,0.000000e+00,0.000000e+00,0.000000e+00,2.563634e-18,2.636921e-28,1.064143e-18,7.621920e-33,6.605238e-24,8.184734e-19,4.429626e-21,2.330457e-41,-1.898430e-18,-9.492135e-19,-1.062508e-18,-1.766570e-33,-6.604545e-24,-9.492105e-19,-1.548242e-26,-1.766565e-33,0.000000e+00,0.000000e+00,0.000000e+00,0.000000e+00,0.000000e+00,0.000000e+00,0.000000e+00,0.000000e+00,6.652032e-19,6.014194e-19,1.634755e-21,5.855350e-33,6.930797e-28,-1.307371e-19,4.429611e-21,-1.766565e-33
35.6200,24.00,275.0000,1.843492e+00,9.999923e-01,Mg,3.599774e-03,1.333333e-01,0.3593%,1.137519e-03,1.053384e-03,3.942301e-05,5.399076e-18,5.760893e-12,1.391530e-04,4.716643e-06,0.000000e+00,0.000000e+00,1.550633e-18,0.000000e+00,0.000000e+00,0.000000e+00,0.000000e+00,0.000000e+00,0.000000e+00,2.565857e-18,4.876042e-29,1.066348e-18,7.621879e-33,6.605660e-24,8.207882e-19,4.304767e-21,1.503521e-42,-1.889742e-18,-9.448695e-19,-1.064504e-18,-1.761784e-33,-6.596770e-24,-9.448663e-19,-1.667262e-26,-1.761776e-33,0.000000e+00,0.000000e+00,0.000000e+00,0.000000e+00,0.000000e+00,0.000000e+00,0.000000e+00,0.000000e+00,6.761147e-19,6.057634e-19,1.844202e-21,5.860095e-33,8.890187e-27,-1.240781e-19,4.304751e-21,-1.761776e-33
38.0200,24.00,275.0000,1.863551e+00,3.082581e-01,Mg,3.599300e-03,1.333333e-01,0.3593%,1.188708e-03,1.099251e-03,3.955947e-05,5.850316e-18,5.751768e-12,1.303830e-04,4.412859e-06,0.000000e+00,0.000000e+00,1.550633e-18,0.000000e+00,0.000000e+00,0.000000e+00,0.000000e+00,0.000000e+00,0.000000e+00,2.566976e-18,3.587541e-34,1.068202e-18,7.615419e-33,6.601699e-24,8.227567e-19,4.425225e-21,4.176447e-43,-1.886449e-18,-9.432230e-19,-1.066324e-18,-1.495412e-33,-6.602823e-24,-9.348504e-19,-8.369214e-21,-1.762003e-33,0.000000e+00,0.000000e+00,0.000000e+00,0.000000e+00,0.000000e+00,0.000000e+00,0.000000e+00,0.000000e+00,6.805273e-19,6.074099e-19,1.877529e-21,6.120008e-33,-1.123924e-27,-1.120938e-19,-3.943989e-21,-1.762003e-33
40.9000,28.80,275.0000,1.878075e+00,2.834279e-01,Mg,3.600195e-03,1.333333e-01,0.3594%,1.251575e-03,1.155044e-03,3.987749e-05,6.385587e-18,6.601635e-12,1.207577e-04,4.070959e-06,0.000000e+00,0.000000e+00,1.550633e-18,0.000000e+00,0.000000e+00,0.000000e+00,0.000000e+00,0.000000e+00,0.000000e+00,2.565087e-18,2.699624e-30,1.069399e-18,7.587893e-33,6.583727e-24,8.243937e-19,4.552095e-21,5.011737e-43,-1.869764e-18,-9.348803e-19,-1.067363e-18,-1.761145e-33,-6.603686e-24,-9.267236e-19,-8.153102e-21,-1.761144e-33,0.000000e+00,0.000000e+00,0.000000e+00,0.000000e+00,0.000000e+00,0.000000e+00,0.000000e+00,0.000000e+00,6.953237e-19,6.157526e-19,2.036737e-21,5.826748e-33,-1.995888e-26,-1.023299e-19,-3.601007e-21,-1.761144e-33
44.3560,34.56,275.0000,1.889405e+00,2.533331e-01,C,3.602243e-03,1.333333e-01,0.3596%,1.328810e-03,1.223075e-03,4.028085e-05,7.128960e-18,7.651679e-12,1.104231e-04,3.703265e-06,0.000000e+00,0.000000e+00,1.550633e-18,0.000000e+00,0.000000e+00,0.000000e+00,0.000000e+00,0.000000e+00,0.000000e+00,2.560562e-18,3.134983e-28,1.070147e-18,7.541058e-33,6.553973e-24,8.258134e-19,4.680348e-21,1.227875e-41,-1.847566e-18,-9.237818e-19,-1.068011e-18,-1.764141e-33,-6.553321e-24,-9.159262e-19,-7.851670e-21,-1.764212e-33,0.000000e+00,0.000000e+00,0.000000e+00,0.000000e+00,0.000000e+00,0.000000e+00,0.000000e+00,0.000000e+00,7.129957e-19,6.268511e-19,2.135203e-21,5.776917e-33,6.521884e-28,-9.011279e-20,-3.171323e-21,-1.764212e-33
48.5032,41.47,275.0000,1.900185e+00,2.599139e-01,C,3.605106e-03,1.333333e-01,0.3599%,1.423940e-03,1.306311e-03,4.078096e-05,8.004930e-18,8.942534e-12,9.975310e-05,3.322768e-06,0.000000e+00,0.000000e+00,1.550633e-18,0.000000e+00,0.000000e+00,0.000000e+00,0.000000e+00,0.000000e+00,0.000000e+00,2.553932e-18,7.145951e-29,1.070708e-18,7.477933e-33,6.515549e-24,8.271493e-19,4.808191e-21,3.811426e-40,-1.821717e-18,-9.108573e-19,-1.068551e-18,-1.772535e-33,-6.516053e-24,-9.033627e-19,-7.490570e-21,-1.772797e-33,0.000000e+00,0.000000e+00,0.000000e+00,0.000000e+00,0.000000e+00,0.000000e+00,0.000000e+00,0.000000e+00,7.322146e-19,6.397756e-19,2.157068e-21,5.705398e-33,-5.034829e-28,-7.621337e-20,-2.682379e-21,-1.772797e-33
52.6504,41.47,275.0000,1.913387e+00,2.656537e-01,C,3.607621e-03,1.333333e-01,0.3601%,1.521005e-03,1.390916e-03,4.106287e-05,9.193611e-18,8.899760e-12,9.059254e-05,3.000323e-06,0.000000e+00,0.000000e+00,1.550633e-18,0.000000e+00,0.000000e+00,0.000000e+00,0.000000e+00,0.000000e+00,0.000000e+00,2.547714e-18,2.525629e-31,1.071468e-18,7.417815e-33,6.481663e-24,8.284601e-19,4.917356e-21,-4.176447e-44,-1.799395e-18,-8.996944e-19,-1.069355e-18,-1.779142e-33,-6.482155e-24,-8.925218e-19,-7.172300e-21,-1.784335e-33,0.000000e+00,0.000000e+00,0.000000e+00,0.000000e+00,0.000000e+00,0.000000e+00,0.000000e+00,0.000000e+00,7.483192e-19,6.509385e-19,2.112524e-21,5.638673e-33,-4.925463e-28,-6.406179e-20,-2.254945e-21,-1.784335e-33
56.7976,41.47,275.0000,1.929445e+00,2.704474e-01,C,3.609697e-03,1.333333e-01,0.3603%,1.619963e-03,1.476859e-03,4.133562e-05,1.022119e-17,8.880694e-12,8.290193e-05,2.729585e-06,0.000000e+00,0.000000e+00,1.550633e-18,0.000000e+00,0.000000e+00,0.000000e+00,0.000000e+00,0.000000e+00,0.000000e+00,2.542042e-18,4.666494e-29,1.072441e-18,7.361859e-33,6.452407e-24,8.297695e-19,5.010587e-21,2.046459e-42,-1.780899e-18,-8.904488e-19,-1.070424e-18,-1.802846e-33,-6.439599e-24,-8.835403e-19,-6.903476e-21,-1.802825e-33,0.000000e+00,0.000000e+00,0.000000e+00,0.000000e+00,0.000000e+00,0.000000e+00,0.000000e+00,0.000000e+00,7.611428e-19,6.601841e-19,2.016842e-21,5.559013e-33,1.280895e-26,-5.377084e-20,-1.892889e-21,-1.802825e-33
60.9448,41.47,275.0000,1.949469e+00,2.742322e-01,C,3.611114e-03,1.333333e-01,0.3605%,1.720401e-03,1.563881e-03,4.159456e-05,1.114603e-17,8.843859e-12,7.643666e-05,2.501956e-06,0.000000e+00,0.000000e+00,1.550633e-18,0.000000e+00,0.000000e+00,0.000000e+00,0.000000e+00,0.000000e+00,0.000000e+00,2.537392e-18,7.644993e-27,1.073771e-18,7.313308e-33,6.429523e-24,8.311895e-19,5.092850e-21,9.244566e-40,-1.766398e-18,-8.831982e-19,-1.071874e-18,-1.821847e-33,-6.423101e-24,-8.765046e-19,-6.688204e-21,-1.821835e-33,0.000000e+00,0.000000e+00,0.000000e+00,0.000000e+00,0.000000e+00,0.000000e+00,0.000000e+00,0.000000e+00,7.709947e-19,6.674347e-19,1.897437e-21,5.491461e-33,6.421897e-27,-4.531503e-20,-1.595354e-21,-1.821834e-33
65.0920,41.47,275.0000,1.973623e+00,2.771340e-01,C,3.611925e-03,1.333333e-01,0.3605%,1.821961e-03,1.651735e-03,4.183748e-05,1.223662e-17,8.819737e-12,7.097310e-05,2.309572e-06,0.000000e+00,0.000000e+00,1.550633e-18,0.000000e+00,0.000000e+00,0.000000e+00,0.000000e+00,0.000000e+00,0.000000e+00,2.533698e-18,1.381203e-31,1.075428e-18,7.271158e-33,6.412372e-24,8.327203e-19,5.166639e-21,1.252934e-43,-1.755337e-18,-8.776681e-19,-1.073660e-18,-1.842105e-33,-6.424781e-24,-8.711428e-19,-6.519435e-21,-1.842085e-33,0.000000e+00,0.000000e+00,0.000000e+00,0.000000e+00,0.000000e+00,0.000000e+00,0.000000e+00,0.000000e+00,7.783610e-19,6.729649e-19,1.767341e-21,5.429054e-33,-1.240871e-26,-3.842246e-20,-1.352796e-21,-1.842085e-33
69.2392,41.47,275.0000,2.001594e+00,2.792638e-01,C,3.612048e-03,1.333333e-01,0.3606%,1.924354e-03,1.740211e-03,4.206405e-05,1.304560e-17,8.801811e-12,6.632221e-05,2.145783e-06,0.000000e+00,0.000000e+00,1.550633e-18,0.000000e+00,0.000000e+00,0.000000e+00,0.000000e+00,0.000000e+00,0.000000e+00,2.531147e-18,4.925693e-31,1.077464e-18,7.237333e-33,6.401573e-24,8.344122e-19,5.235101e-21,3.341158e-43,-1.747251e-18,-8.736253e-19,-1.075781e-18,-1.862571e-33,-6.406017e-24,-8.672281e-19,-6.390978e-21,-1.862977e-33,0.000000e+00,0.000000e+00,0.000000e+00,0.000000e+00,0.000000e+00,0.000000e+00,0.000000e+00,0.000000e+00,7.838954e-19,6.770076e-19,1.683116e-21,5.374762e-33,-4.444029e-27,-3.281589e-20,-1.155877e-21,-1.862977e-33
73.3864,41.47,275.0000,2.032914e+00,2.807842e-01,C,3.611753e-03,1.333333e-01,0.3605%,2.027349e-03,1.829134e-03,4.227461e-05,1.404625e-17,8.833473e-12,6.233079e-05,2.005203e-06,0.000000e+00,0.000000e+00,1.550633e-18,0.000000e+00,0.000000e+00,0.000000e+00,0.000000e+00,0.000000e+00,0.000000e+00,2.529245e-18,1.885185e-28,1.079714e-18,7.208381e-33,6.394710e-24,8.361745e-19,5.298113e-21,3.136512e-41,-1.741495e-18,-8.707476e-19,-1.078153e-18,-1.884018e-33,-6.373495e-24,-8.644469e-19,-6.294060e-21,-1.883992e-33,0.000000e+00,0.000000e+00,0.000000e+00,0.000000e+00,0.000000e+00,0.000000e+00,0.000000e+00,0.000000e+00,7.877500e-19,6.798853e-19,1.560088e-21,5.324363e-33,2.121462e-26,-2.827234e-20,-9.959464e-22,-1.883992e-33
77.5336,41.47,275.0000,2.067104e+00,2.817869e-01,C,3.611034e-03,1.333333e-01,0.3605%,2.130770e-03,1.918369e-03,4.247012e-05,1.511815e-17,8.792187e-12,5.887734e-05,1.883556e-06,0.000000e+00,0.000000e+00,1.550633e-18,0.000000e+00,0.000000e+00,0.000000e+00,0.000000e+00,0.000000e+00,0.000000e+00,2.528026e-18,-1.435016e-33,1.082182e-18,7.184598e-33,6.391813e-24,8.380218e-19,5.357348e-21,9.188184e-43,-1.737707e-18,-8.688534e-19,-1.080775e-18,-1.904955e-33,-6.392307e-24,-8.626226e-19,-6.223669e-21,-1.904928e-33,0.000000e+00,0.000000e+00,0.000000e+00,0.000000e+00,0.000000e+00,0.000000e+00,0.000000e+00,0.000000e+00,7.903196e-19,6.817795e-19,1.406705e-21,5.279643e-33,-4.943706e-28,-2.460085e-20,-8.663210e-22,-1.904928e-33
81.6808,41.47,275.0000,2.103719e+00,2.824227e-01,C,3.609888e-03,1.333333e-01,0.3603%,2.234480e-03,2.007805e-03,4.265177e-05,1.634284e-17,8.795530e-12,5.586569e-05,1.777458e-06,0.000000e+00,0.000000e+00,1.550633e-18,0.000000e+00,0.000000e+00,0.000000e+00,0.000000e+00,0.000000e+00,0.000000e+00,2.527514e-18,2.785381e-26,1.084874e-18,7.167828e-33,6.392896e-24,8.399654e-19,5.414143e-21,2.406803e-39,-1.735307e-18,-8.676538e-19,-1.083528e-18,-1.925595e-33,-6.402774e-24,-8.614743e-19,-6.172043e-21,-1.925576e-33,0.000000e+00,0.000000e+00,0.000000e+00,0.000000e+00,0.000000e+00,0.000000e+00,0.000000e+00,0.000000e+00,7.922066e-19,6.829791e-19,1.346163e-21,5.242233e-33,-9.877993e-27,-2.150887e-20,-7.578998e-22,-1.925573e-33
85.8280,41.47,275.0000,2.142368e+00,2.827481e-01,C,3.608525e-03,1.333333e-01,0.3602%,2.338372e-03,2.097356e-03,4.282060e-05,1.710941e-17,8.801270e-12,5.321965e-05,1.684230e-06,0.000000e+00,0.000000e+00,1.550633e-18,0.000000e+00,0.000000e+00,0.000000e+00,0.000000e+00,0.000000e+00,0.000000e+00,2.527325e-18,1.696907e-31,1.087662e-18,7.150896e-33,6.396162e-24,8.419323e-19,5.467850e-21,-4.594092e-43,-1.734080e-18,-8.670404e-19,-1.086410e-18,-1.945358e-33,-6.404032e-24,-8.608963e-19,-6.136126e-21,-1.945487e-33,0.000000e+00,0.000000e+00,0.000000e+00,0.000000e+00,0.000000e+00,0.000000e+00,0.000000e+00,0.000000e+00,7.932448e-19,6.835925e-19,1.251622e-21,5.205538e-33,-7.870358e-27,-1.896401e-20,-6.682766e-22,-1.945487e-33
89.9752,41.47,275.0000,2.182739e+00,2.828334e-01,C,3.606943e-03,1.333333e-01,0.3600%,2.442361e-03,2.186957e-03,4.297773e-05,1.809375e-17,8.809735e-12,5.087899e-05,1.601752e-06,0.000000e+00,0.000000e+00,1.550633e-18,0.000000e+00,0.000000e+00,0.000000e+00,0.000000e+00,0.000000e+00,0.000000e+00,2.527473e-18,3.179996e-30,1.090547e-18,7.138508e-33,6.401616e-24,8.439294e-19,5.519294e-21,7.935250e-43,-1.733758e-18,-8.668795e-19,-1.089382e-18,-1.965094e-33,-6.401430e-24,-8.607587e-19,-6.112414e-21,-1.965055e-33,0.000000e+00,0.000000e+00,0.000000e+00,0.000000e+00,0.000000e+00,0.000000e+00,0.000000e+00,0.000000e+00,7.937149e-19,6.837534e-19,1.165339e-21,5.173414e-33,1.863745e-28,-1.682930e-20,-5.931202e-22,-1.965055e-33
94.1224,41.47,275.0000,2.224572e+00,2.827368e-01,C,3.605214e-03,1.333333e-01,0.3599%,2.546381e-03,2.276554e-03,4.312414e-05,1.907555e-17,8.843664e-12,4.879540e-05,1.528324e-06,0.000000e+00,0.000000e+00,1.550633e-18,0.000000e+00,0.000000e+00,0.000000e+00,0.000000e+00,0.000000e+00,0.000000e+00,2.527834e-18,-3.228787e-33,1.093488e-18,7.128325e-33,6.408625e-24,8.459350e-19,5.568561e-21,-7.517605e-43,-1.734122e-18,-8.670617e-19,-1.092403e-18,-1.984036e-33,-6.410780e-24,-8.609549e-19,-6.097970e-21,-1.983991e-33,0.000000e+00,0.000000e+00,0.000000e+00,0.000000e+00,0.000000e+00,0.000000e+00,0.000000e+00,0.000000e+00,7.937121e-19,6.835712e-19,1.084814e-21,5.144290e-33,-2.154749e-27,-1.501994e-20,-5.294092e-22,-1.983991e-33
98.2696,41.47,275.0000,2.267655e+00,2.824657e-01,C,3.603266e-03,1.333333e-01,0.3597%,2.650380e-03,2.366106e-03,4.326083e-05,1.985697e-17,8.833925e-12,4.693004e-05,1.462579e-06,0.000000e+00,0.000000e+00,1.550633e-18,0.000000e+00,0.000000e+00,0.000000e+00,0.000000e+00,0.000000e+00,0.000000e+00,2.528549e-18,6.457573e-33,1.096529e-18,7.121394e-33,6.417866e-24,8.479802e-19,5.616766e-21,-7.935250e-43,-1.735144e-18,-8.675728e-19,-1.095513e-18,-2.002457e-33,-6.417876e-24,-8.614711e-19,-6.092344e-21,-2.002418e-33,0.000000e+00,0.000000e+00,0.000000e+00,0.000000e+00,0.000000e+00,0.000000e+00,0.000000e+00,0.000000e+00,7.934056e-19,6.830602e-19,1.015715e-21,5.118937e-33,-9.814322e-30,-1.349090e-20,-4.755776e-22,-2.002418e-33
102.4168,41.47,275.0000,2.311826e+00,2.820855e-01,C,3.601317e-03,1.333333e-01,0.3595%,2.754313e-03,2.455578e-03,4.338845e-05,2.059749e-17,8.847839e-12,4.525126e-05,1.403404e-06,0.000000e+00,0.000000e+00,1.550633e-18,0.000000e+00,0.000000e+00,0.000000e+00,0.000000e+00,0.000000e+00,0.000000e+00,2.529222e-18,4.305049e-33,1.099540e-18,7.114810e-33,6.427400e-24,8.499870e-19,5.662580e-21,4.176447e-44,-1.736578e-18,-8.682899e-19,-1.098633e-18,-2.020251e-33,-6.428229e-24,-8.621878e-19,-6.092366e-21,-2.020208e-33,0.000000e+00,0.000000e+00,0.000000e+00,0.000000e+00,0.000000e+00,0.000000e+00,0.000000e+00,0.000000e+00,7.926448e-19,6.823430e-19,9.069825e-22,5.094559e-33,-8.290405e-28,-1.220079e-20,-4.297856e-22,-2.020208e-33
107.3934,49.77,275.0000,2.365491e+00,2.815630e-01,C,3.598844e-03,1.333333e-01,0.3592%,2.879322e-03,2.563037e-03,4.380765e-05,2.144691e-17,1.049278e-11,4.366716e-05,1.341428e-06,0.000000e+00,0.000000e+00,1.550633e-18,0.000000e+00,0.000000e+00,0.000000e+00,0.000000e+00,0.000000e+00,0.000000e+00,2.530126e-18,3.939120e-31,1.103139e-18,7.108984e-33,6.439732e-24,8.523609e-19,5.715237e-21,-6.682315e-43,-1.738549e-18,-8.692761e-19,-1.102267e-18,-2.040887e-33,-6.457645e-24,-8.631694e-19,-6.096352e-21,-2.040842e-33,0.000000e+00,0.000000e+00,0.000000e+00,0.000000e+00,0.000000e+00,0.000000e+00,0.000000e+00,0.000000e+00,7.915767e-19,6.813569e-19,8.714316e-22,5.068097e-33,-1.791234e-26,-1.080856e-20,-3.811151e-22,-2.040842e-33
113.3654,59.72,275.0000,2.431797e+00,2.807695e-01,C,3.595742e-03,1.333333e-01,0.3589%,3.029073e-03,2.691759e-03,4.430494e-05,2.255552e-17,1.253533e-11,4.202929e-05,1.276152e-06,0.000000e+00,0.000000e+00,1.550633e-18,0.000000e+00,0.000000e+00,0.000000e+00,0.000000e+00,0.000000e+00,0.000000e+00,2.531397e-18,6.493449e-31,1.107483e-18,7.104624e-33,6.456290e-24,8.551973e-19,5.776277e-21,2.505868e-43,-1.741548e-18,-8.707754e-19,-1.106693e-18,-2.064458e-33,-6.445768e-24,-8.646547e-19,-6.109807e-21,-2.064412e-33,0.000000e+00,0.000000e+00,0.000000e+00,0.000000e+00,0.000000e+00,0.000000e+00,0.000000e+00,0.000000e+00,7.898492e-19,6.798575e-19,7.900946e-22,5.040165e-33,1.052239e-26,-9.457342e-21,-3.335302e-22,-2.064412e-33
120.5318,71.66,275.0000,2.513594e+00,2.796751e-01,C,3.591833e-03,1.333333e-01,0.3585%,3.208313e-03,2.845825e-03,4.489136e-05,2.390316e-17,1.498742e-11,4.037206e-05,1.208537e-06,0.000000e+00,0.000000e+00,1.550633e-18,0.000000e+00,0.000000e+00,0.000000e+00,0.000000e+00,0.000000e+00,0.000000e+00,2.533195e-18,7.464022e-29,1.112732e-18,7.103252e-33,6.478626e-24,8.585903e-19,5.847316e-21,1.607932e-41,-1.745688e-18,-8.728461e-19,-1.111985e-18,-2.091029e-33,-6.477998e-24,-8.667006e-19,-6.133757e-21,-2.090977e-33,0.000000e+00,0.000000e+00,0.000000e+00,0.000000e+00,0.000000e+00,0.000000e+00,0.000000e+00,0.000000e+00,7.875067e-19,6.777868e-19,7.471868e-22,5.012223e-33,6.284743e-28,-8.110361e-21,-2.864413e-22,-2.090977e-33
129.1314,86.00,275.0000,2.614375e+00,2.781949e-01,C,3.587015e-03,1.333333e-01,0.3581%,3.422628e-03,3.030045e-03,4.557969e-05,2.528566e-17,1.799773e-11,3.873744e-05,1.139761e-06,0.000000e+00,0.000000e+00,1.550633e-18,0.000000e+00,0.000000e+00,0.000000e+00,0.000000e+00,0.000000e+00,0.000000e+00,2.535508e-18,1.435016e-33,1.119005e-18,7.105384e-33,6.507740e-24,8.626052e-19,5.929400e-21,-2.505868e-43,-1.751301e-18,-8.756527e-19,-1.118344e-18,-2.120764e-33,-6.506957e-24,-8.694681e-19,-6.171912e-21,-2.120707e-33,0.000000e+00,0.000000e+00,0.000000e+00,0.000000e+00,0.000000e+00,0.000000e+00,0.000000e+00,0.000000e+00,7.842071e-19,6.749802e-19,6.606615e-22,4.984621e-33,7.834101e-28,-6.862897e-21,-2.425120e-22,-2.120707e-33
139.4510,103.20,275.0000,2.738433e+00,2.763041e-01,C,3.581188e-03,1.333333e-01,0.3575%,3.678558e-03,3.250070e-03,4.638554e-05,2.726041e-17,2.168286e-11,3.717413e-05,1.071159e-06,0.000000e+00,0.000000e+00,1.550633e-18,0.000000e+00,0.000000e+00,0.000000e+00,0.000000e+00,0.000000e+00,0.000000e+00,2.538285e-18,7.820839e-32,1.126419e-18,7.111343e-33,6.544735e-24,8.673071e-19,6.023681e-21,-9.188184e-43,-1.758489e-18,-8.792471e-19,-1.125848e-18,-2.153443e-33,-6.536081e-24,-8.730080e-19,-6.225279e-21,-2.153386e-33,0.000000e+00,0.000000e+00,0.000000e+00,0.000000e+00,0.000000e+00,0.000000e+00,0.000000e+00,0.000000e+00,7.797964e-19,6.713858e-19,5.709653e-22,4.957900e-33,8.654647e-27,-5.700882e-21,-2.015978e-22,-2.153386e-33
151.8344,123.83,275.0000,2.891158e+00,2.739449e-01,C,3.574102e-03,1.333333e-01,0.3568%,3.983714e-03,3.512516e-03,4.732845e-05,2.937180e-17,2.615378e-11,3.573692e-05,1.004186e-06,0.000000e+00,0.000000e+00,1.550633e-18,0.000000e+00,0.000000e+00,0.000000e+00,0.000000e+00,0.000000e+00,0.000000e+00,2.541712e-18,-7.175082e-34,1.135181e-18,7.124059e-33,6.592363e-24,8.728139e-19,6.132801e-21,-2.088224e-43,-1.767487e-18,-8.837470e-19,-1.134658e-18,-2.188778e-33,-6.581131e-24,-8.774351e-19,-6.296690e-21,-2.188714e-33,0.000000e+00,0.000000e+00,0.000000e+00,0.000000e+00,0.000000e+00,0.000000e+00,0.000000e+00,0.000000e+00,7.742252e-19,6.668859e-19,5.237613e-22,4.935282e-33,1.123217e-26,-4.621215e-21,-1.638887e-22,-2.188714e-33
166.6946,148.60,275.0000,3.079251e+00,2.710486e-01,C,3.565718e-03,1.333333e-01,0.3559%,4.346906e-03,3.825097e-03,4.843241e-05,3.209200e-17,3.155505e-11,3.448370e-05,9.402925e-07,0.000000e+00,0.000000e+00,1.550633e-18,0.000000e+00,0.000000e+00,0.000000e+00,0.000000e+00,0.000000e+00,0.000000e+00,2.545551e-18,4.734325e-27,1.145372e-18,7.143541e-33,6.651635e-24,8.791623e-19,6.257883e-21,9.950385e-40,-1.778580e-18,-8.892940e-19,-1.144978e-18,-2.226316e-33,-6.654122e-24,-8.828872e-19,-6.389930e-21,-2.226241e-33,0.000000e+00,0.000000e+00,0.000000e+00,0.000000e+00,0.000000e+00,0.000000e+00,0.000000e+00,0.000000e+00,7.669712e-19,6.613389e-19,3.934283e-22,4.917225e-33,-2.487769e-27,-3.724975e-21,-1.320463e-22,-2.226240e-33
184.5268,178.32,275.0000,3.311241e+00,2.676066e-01,C,3.555685e-03,1.333333e-01,0.3549%,4.778253e-03,4.196772e-03,4.972811e-05,3.505877e-17,3.822969e-11,3.347529e-05,8.809022e-07,0.000000e+00,0.000000e+00,1.550633e-18,0.000000e+00,0.000000e+00,0.000000e+00,0.000000e+00,0.000000e+00,0.000000e+00,2.550086e-18,2.111318e-28,1.157241e-18,7.173974e-33,6.727122e-24,8.864949e-19,6.403218e-21,4.581562e-41,-1.791829e-18,-8.959193e-19,-1.156890e-18,-2.190808e-33,-6.726384e-24,-8.893940e-19,-6.506472e-21,-2.264958e-33,0.000000e+00,0.000000e+00,0.000000e+00,0.000000e+00,0.000000e+00,0.000000e+00,0.000000e+00,0.000000e+00,7.582574e-19,6.547136e-19,3.512085e-22,4.983165e-33,7.380144e-28,-2.899098e-21,-1.032539e-22,-2.264958e-33
204.5268,200.00,275.0000,3.579114e+00,2.638135e-01,C,3.544695e-03,1.333333e-01,0.3538%,5.255481e-03,4.608854e-03,5.072534e-05,3.882878e-17,4.340110e-11,3.247379e-05,8.278432e-07,0.000000e+00,0.000000e+00,1.550633e-18,0.000000e+00,0.000000e+00,0.000000e+00,0.000000e+00,0.000000e+00,0.000000e+00,2.554878e-18,7.584061e-30,1.170070e-18,7.214531e-33,6.815932e-24,8.943613e-19,6.561413e-21,1.545285e-42,-1.806513e-18,-9.032622e-19,-1.169750e-18,-2.282172e-33,-6.814427e-24,-8.965996e-19,-6.641610e-21,-2.301468e-33,0.000000e+00,0.000000e+00,0.000000e+00,0.000000e+00,0.000000e+00,0.000000e+00,0.000000e+00,0.000000e+00,7.483652e-19,6.473707e-19,3.192969e-22,4.932359e-33,1.504556e-27,-2.238286e-21,-8.019686e-23,-2.301468e-33
224.5268,200.00,275.0000,3.854534e+00,2.600923e-01,C,3.534003e-03,1.333333e-01,0.3528%,5.725239e-03,5.015659e-03,5.088807e-05,4.197718e-17,4.399295e-11,3.119751e-05,7.821643e-07,0.000000e+00,0.000000e+00,1.550633e-18,0.000000e+00,0.000000e+00,0.000000e+00,0.000000e+00,0.000000e+00,0.000000e+00,2.559479e-18,4.635103e-31,1.182470e-18,7.261059e-33,6.909454e-24,9.019196e-19,6.716895e-21,2.923513e-43,-1.821005e-18,-9.105088e-19,-1.182207e-18,-2.332324e-33,-6.907780e-24,-9.037045e-19,-6.781030e-21,-2.332052e-33,0.000000e+00,0.000000e+00,0.000000e+00,0.000000e+00,0.000000e+00,0.000000e+00,0.000000e+00,0.000000e+00,7.384746e-19,6.401241e-19,2.634578e-22,4.928735e-33,1.674043e-27,-1.784959e-21,-6.413525e-23,-2.332052e-33
244.5268,200.00,275.0000,4.136740e+00,2.565241e-01,C,3.523691e-03,1.333333e-01,0.3517%,6.188760e-03,5.417967e-03,5.101464e-05,4.582993e-17,4.459399e-11,3.016638e-05,7.451846e-07,0.000000e+00,0.000000e+00,1.550633e-18,0.000000e+00,0.000000e+00,0.000000e+00,0.000000e+00,0.000000e+00,0.000000e+00,2.563531e-18,7.677337e-32,1.194282e-18,7.310216e-33,7.004468e-24,9.090790e-19,6.867939e-21,3.341158e-43,-1.834981e-18,-9.174980e-19,-1.194107e-18,-2.357524e-33,-7.003498e-24,-9.105518e-19,-6.920814e-21,-2.357415e-33,0.000000e+00,0.000000e+00,0.000000e+00,0.000000e+00,0.000000e+00,0.000000e+00,0.000000e+00,0.000000e+00,7.285503e-19,6.331350e-19,1.754009e-22,4.952692e-33,9.701976e-28,-1.472783e-21,-5.287466e-23,-2.357415e-33
264.5268,200.00,275.0000,4.425965e+00,2.530991e-01,C,3.513549e-03,1.333333e-01,0.3507%,6.646139e-03,5.815939e-03,5.111197e-05,4.974269e-17,4.521775e-11,2.932002e-05,7.147711e-07,0.000000e+00,0.000000e+00,1.550633e-18,0.000000e+00,0.000000e+00,0.000000e+00,0.000000e+00,0.000000e+00,0.000000e+00,2.567444e-18,5.453062e-32,1.205655e-18,7.365072e-33,7.103115e-24,9.159401e-19,7.017287e-21,-8.352894e-43,-1.848471e-18,-9.242439e-19,-1.205516e-18,-2.378412e-33,-7.102006e-24,-9.171554e-19,-7.061019e-21,-2.378294e-33,0.000000e+00,0.000000e+00,0.000000e+00,0.000000e+00,0.000000e+00,0.000000e+00,0.000000e+00,0.000000e+00,7.189726e-19,6.263890e-19,1.387231e-22,4.986660e-33,1.109429e-27,-1.215286e-21,-4.373182e-23,-2.378294e-33
284.5268,200.00,275.0000,4.722293e+00,2.498159e-01,C,3.503727e-03,1.333333e-01,0.3498%,7.097511e-03,6.209732e-03,5.118463e-05,5.347748e-17,4.585128e-11,2.861533e-05,6.894053e-07,0.000000e+00,0.000000e+00,1.550633e-18,0.000000e+00,0.000000e+00,0.000000e+00,0.000000e+00,0.000000e+00,0.000000e+00,2.570972e-18,6.098819e-32,1.216529e-18,7.422097e-33,7.203339e-24,9.224739e-19,7.163871e-21,-1.252934e-43,-1.861472e-18,-9.307452e-19,-1.216462e-18,-2.395322e-33,-7.203040e-24,-9.235143e-19,-7.201256e-21,-2.395226e-33,0.000000e+00,0.000000e+00,0.000000e+00,0.000000e+00,0.000000e+00,0.000000e+00,0.000000e+00,0.000000e+00,7.094996e-19,6.198877e-19,6.713478e-23,5.026775e-33,2.996541e-28,-1.040439e-21,-3.738461e-23,-2.395226e-33
304.5268,200.00,275.0000,5.025796e+00,2.466826e-01,C,3.494067e-03,1.333333e-01,0.3488%,7.543033e-03,6.599499e-03,5.123726e-05,5.698296e-17,4.650560e-11,2.802198e-05,6.680148e-07,0.000000e+00,0.000000e+00,1.550633e-18,0.000000e+00,0.000000e+00,0.000000e+00,0.000000e+00,0.000000e+00,0.000000e+00,2.574414e-18,8.610098e-32,1.227017e-18,7.483832e-33,7.306877e-24,9.287545e-19,7.309632e-21,-9.605828e-43,-1.873943e-18,-9.369816e-19,-1.226934e-18,1.042826e-33,-7.305494e-24,-9.296094e-19,-7.340512e-21,-2.408618e-33,0.000000e+00,0.000000e+00,0.000000e+00,0.000000e+00,0.000000e+00,0.000000e+00,0.000000e+00,0.000000e+00,7.004703e-19,6.136513e-19,8.308440e-23,8.526658e-33,1.383211e-27,-8.549252e-22,-3.088021e-23,-2.408618e-33
324.5268,200.00,275.0000,5.336507e+00,2.436630e-01,C,3.484699e-03,1.333333e-01,0.3479%,7.982871e-03,6.985386e-03,5.127277e-05,6.063880e-17,4.716858e-11,2.751713e-05,6.497924e-07,0.000000e+00,0.000000e+00,1.550633e-18,0.000000e+00,0.000000e+00,0.000000e+00,0.000000e+00,0.000000e+00,0.000000e+00,2.577548e-18,1.183888e-31,1.237068e-18,7.547107e-33,7.411809e-24,9.347545e-19,7.453359e-21,-7.935250e-43,-1.886022e-18,-9.430215e-19,-1.237046e-18,-2.412150e-33,-7.411307e-24,-9.355074e-19,-7.480505e-21,-2.419067e-33,0.000000e+00,0.000000e+00,0.000000e+00,0.000000e+00,0.000000e+00,0.000000e+00,0.000000e+00,0.000000e+00,6.915260e-19,6.076114e-19,2.196958e-23,5.134957e-33,5.024446e-28,-7.528950e-22,-2.714587e-23,-2.419067e-33
344.5268,200.00,275.0000,5.654405e+00,2.407750e-01,C,3.475452e-03,1.333333e-01,0.3469%,8.417204e-03,7.367532e-03,5.129455e-05,6.464845e-17,4.788006e-11,2.708412e-05,6.341482e-07,0.000000e+00,0.000000e+00,1.550633e-18,0.000000e+00,0.000000e+00,0.000000e+00,0.000000e+00,0.000000e+00,0.000000e+00,2.580691e-18,1.470892e-31,1.246796e-18,7.615285e-33,7.520275e-24,9.405478e-19,7.597099e-21,-6.682315e-43,-1.897628e-18,-9.488258e-19,-1.246750e-18,-2.426965e-33,-7.514478e-24,-9.411705e-19,-7.619635e-21,-2.426810e-33,0.000000e+00,0.000000e+00,0.000000e+00,0.000000e+00,0.000000e+00,0.000000e+00,0.000000e+00,0.000000e+00,6.830623e-19,6.018071e-19,4.577042e-23,5.188320e-33,5.797300e-27,-6.227756e-22,-2.253630e-23,-2.426810e-33
364.5268,200.00,275.0000,5.979487e+00,2.379936e-01,C,3.466516e-03,1.333333e-01,0.3461%,8.846203e-03,7.746069e-03,5.130420e-05,6.849591e-17,4.854319e-11,2.670959e-05,6.206094e-07,0.000000e+00,0.000000e+00,1.550633e-18,0.000000e+00,0.000000e+00,0.000000e+00,0.000000e+00,0.000000e+00,0.000000e+00,2.583507e-18,1.657444e-31,1.256114e-18,7.683698e-33,7.629413e-24,9.460834e-19,7.738764e-21,7.517605e-43,-1.908858e-18,-9.544413e-19,-1.256122e-18,-2.427974e-33,-7.628721e-24,-9.466448e-19,-7.759049e-21,-2.432267e-33,0.000000e+00,0.000000e+00,0.000000e+00,0.000000e+00,0.000000e+00,0.000000e+00,0.000000e+00,0.000000e+00,6.746491e-19,5.961916e-19,-8.366076e-24,5.255724e-33,6.921098e-28,-5.613301e-22,-2.028470e-23,-2.432267e-33
384.5268,200.00,275.0000,6.311768e+00,2.353220e-01,C,3.457708e-03,1.333333e-01,0.3452%,9.270041e-03,8.121121e-03,5.130421e-05,7.261517e-17,4.925221e-11,2.638391e-05,6.088337e-07,0.000000e+00,0.000000e+00,1.550633e-18,0.000000e+00,0.000000e+00,0.000000e+00,0.000000e+00,0.000000e+00,0.000000e+00,2.586329e-18,1.894222e-31,1.265138e-18,7.756229e-33,7.741664e-24,9.514353e-19,7.880515e-21,-3.341158e-43,-1.919695e-18,-9.598589e-19,-1.265158e-18,-2.435561e-33,-7.740875e-24,-9.519244e-19,-7.898199e-21,-2.434984e-33,0.000000e+00,0.000000e+00,0.000000e+00,0.000000e+00,0.000000e+00,0.000000e+00,0.000000e+00,0.000000e+00,6.666338e-19,5.907740e-19,-1.942642e-23,5.320668e-33,7.893746e-28,-4.891405e-22,-1.768470e-23,-2.434984e-33
404.5268,200.00,275.0000,6.651234e+00,2.327435e-01,C,3.449061e-03,1.333333e-01,0.3443%,9.688886e-03,8.492807e-03,5.129601e-05,7.675248e-17,4.997698e-11,2.609906e-05,5.985366e-07,0.000000e+00,0.000000e+00,1.550633e-18,0.000000e+00,0.000000e+00,0.000000e+00,0.000000e+00,0.000000e+00,0.000000e+00,2.589096e-18,2.037723e-31,1.273866e-18,7.831860e-33,7.856427e-24,9.566027e-19,8.022014e-21,-2.505868e-43,-1.930192e-18,-9.651101e-19,-1.273894e-18,-2.378804e-33,-7.855553e-24,-9.570313e-19,-8.037510e-21,-2.437273e-33,0.000000e+00,0.000000e+00,0.000000e+00,0.000000e+00,0.000000e+00,0.000000e+00,0.000000e+00,0.000000e+00,6.589039e-19,5.855228e-19,-2.815103e-23,5.453056e-33,8.739631e-28,-4.285860e-22,-1.549613e-23,-2.437273e-33
424.5268,200.00,275.0000,6.997850e+00,2.302757e-01,C,3.440680e-03,1.333333e-01,0.3435%,1.010290e-02,8.861239e-03,5.128058e-05,8.071234e-17,5.070690e-11,2.584847e-05,5.894843e-07,0.000000e+00,0.000000e+00,1.550633e-18,0.000000e+00,0.000000e+00,0.000000e+00,0.000000e+00,0.000000e+00,0.000000e+00,2.591627e-18,2.166875e-31,1.282254e-18,7.907792e-33,7.971925e-24,9.615616e-19,8.161997e-21,6.264671e-43,-1.940284e-18,-9.701565e-19,-1.282290e-18,-2.433458e-33,-7.970878e-24,-9.619378e-19,-8.175589e-21,-2.437201e-33,0.000000e+00,0.000000e+00,0.000000e+00,0.000000e+00,0.000000e+00,0.000000e+00,0.000000e+00,0.000000e+00,6.513431e-19,5.804764e-19,-3.617175e-23,5.474334e-33,1.046858e-27,-3.762226e-22,-1.359137e-23,-2.437201e-33
444.5268,200.00,275.0000,7.351627e+00,2.278792e-01,C,3.432369e-03,1.333333e-01,0.3426%,1.051225e-02,9.226523e-03,5.125962e-05,8.446014e-17,5.146959e-11,2.562749e-05,5.815114e-07,0.000000e+00,0.000000e+00,1.550633e-18,0.000000e+00,0.000000e+00,0.000000e+00,0.000000e+00,0.000000e+00,0.000000e+00,2.594266e-18,2.252976e-31,1.290420e-18,7.988668e-33,8.091090e-24,9.663846e-19,8.302872e-21,8.352894e-44,-1.950122e-18,-9.750764e-19,-1.290461e-18,-2.436013e-33,-8.088350e-24,-9.667168e-19,-8.314858e-21,-2.435810e-33,0.000000e+00,0.000000e+00,0.000000e+00,0.000000e+00,0.000000e+00,0.000000e+00,0.000000e+00,0.000000e+00,6.441442e-19,5.755565e-19,-4.156146e-23,5.552654e-33,2.739891e-27,-3.321763e-22,-1.198605e-23,-2.435810e-33
464.5268,200.00,275.0000,7.712526e+00,2.255788e-01,C,3.424300e-03,1.333333e-01,0.3418%,1.091708e-02,9.588759e-03,5.123350e-05,8.911112e-17,5.221630e-11,2.543157e-05,5.744547e-07,0.000000e+00,0.000000e+00,1.550633e-18,0.000000e+00,0.000000e+00,0.000000e+00,0.000000e+00,0.000000e+00,0.000000e+00,2.596709e-18,2.166875e-31,1.298284e-18,8.069845e-33,8.211023e-24,9.710240e-19,8.442479e-21,-3.758802e-43,-1.959602e-18,-9.798170e-19,-1.298330e-18,-2.433308e-33,-8.213069e-24,-9.713175e-19,-8.453045e-21,-2.433091e-33,0.000000e+00,0.000000e+00,0.000000e+00,0.000000e+00,0.000000e+00,0.000000e+00,0.000000e+00,0.000000e+00,6.371069e-19,5.708159e-19,-4.654851e-23,5.636537e-33,-2.046170e-27,-2.935223e-22,-1.056589e-23,-2.433091e-33
484.5268,200.00,275.0000,8.080567e+00,2.233616e-01,C,3.416420e-03,1.333333e-01,0.3411%,1.131754e-02,9.948044e-03,5.120314e-05,9.435566e-17,5.298291e-11,2.525742e-05,5.681968e-07,0.000000e+00,0.000000e+00,1.550633e-18,0.000000e+00,0.000000e+00,0.000000e+00,0.000000e+00,0.000000e+00,0.000000e+00,2.599046e-18,2.023373e-31,1.305885e-18,8.152447e-33,8.332424e-24,9.755045e-19,8.581434e-21,2.505868e-43,-1.968773e-18,-9.844031e-19,-1.305936e-18,-2.429454e-33,-8.331191e-24,-9.757642e-19,-8.590752e-21,-2.429226e-33,0.000000e+00,0.000000e+00,0.000000e+00,0.000000e+00,0.000000e+00,0.000000e+00,0.000000e+00,0.000000e+00,6.302736e-19,5.662298e-19,-5.080675e-23,5.722994e-33,1.232813e-27,-2.596965e-22,-9.317928e-24,-2.429226e-33
504.5268,200.00,275.0000,8.455690e+00,2.212150e-01,C,3.408675e-03,1.333333e-01,0.3403%,1.171377e-02,1.030447e-02,5.116941e-05,9.849230e-17,5.376371e-11,2.510228e-05,5.626391e-07,0.000000e+00,0.000000e+00,1.550633e-18,0.000000e+00,0.000000e+00,0.000000e+00,0.000000e+00,0.000000e+00,0.000000e+00,2.601373e-18,1.865521e-31,1.313261e-18,8.237761e-33,8.456067e-24,9.798503e-19,8.720429e-21,4.594092e-43,-1.977684e-18,-9.888592e-19,-1.313315e-18,-2.424633e-33,-8.456856e-24,-9.800807e-19,-8.728658e-21,-2.424395e-33,0.000000e+00,0.000000e+00,0.000000e+00,0.000000e+00,0.000000e+00,0.000000e+00,0.000000e+00,0.000000e+00,6.236895e-19,5.617737e-19,-5.392173e-23,5.813127e-33,-7.892965e-28,-2.303702e-22,-8.228717e-24,-2.424395e-33
524.5268,200.00,275.0000,8.837877e+00,2.191384e-01,C,3.401082e-03,1.333333e-01,0.3395%,1.210591e-02,1.065812e-02,5.113282e-05,1.027714e-16,5.455620e-11,2.496372e-05,5.576946e-07,0.000000e+00,0.000000e+00,1.550633e-18,0.000000e+00,0.000000e+00,0.000000e+00,0.000000e+00,0.000000e+00,0.000000e+00,2.603656e-18,1.808121e-31,1.320414e-18,8.325143e-33,8.581570e-24,9.840622e-19,8.859213e-21,8.352894e-44,-1.986334e-18,-9.931847e-19,-1.320470e-18,-2.362191e-33,-8.580164e-24,-9.842668e-19,-8.866477e-21,-2.418685e-33,0.000000e+00,0.000000e+00,0.000000e+00,0.000000e+00,0.000000e+00,0.000000e+00,0.000000e+00,0.000000e+00,6.173225e-19,5.574482e-19,-5.624125e-23,5.962952e-33,1.406496e-27,-2.046168e-22,-7.263706e-24,-2.418685e-33
544.5268,200.00,275.0000,9.227109e+00,2.171195e-01,C,3.393655e-03,1.333333e-01,0.3388%,1.249409e-02,1.100907e-02,5.109377e-05,1.074792e-16,5.535769e-11,2.483971e-05,5.532898e-07,0.000000e+00,0.000000e+00,1.550633e-18,0.000000e+00,0.000000e+00,0.000000e+00,0.000000e+00,0.000000e+00,0.000000e+00,2.605864e-18,1.664619e-31,1.327342e-18,8.413976e-33,8.708496e-24,9.881410e-19,8.997531e-21,7.517605e-43,-1.994772e-18,-9.974044e-19,-1.327438e-18,-2.409228e-33,-8.711549e-24,-9.883464e-19,-9.004998e-21,-2.412244e-33,0.000000e+00,0.000000e+00,0.000000e+00,0.000000e+00,0.000000e+00,0.000000e+00,0.000000e+00,0.000000e+00,6.110924e-19,5.532285e-19,-9.500568e-23,6.004748e-33,-3.053267e-27,-2.054686e-22,-7.466857e-24,-2.412244e-33
564.5268,200.00,275.0000,9.623381e+00,2.151812e-01,C,3.386338e-03,1.333333e-01,0.3381%,1.287844e-02,1.135741e-02,5.105286e-05,1.116349e-16,5.617477e-11,2.472867e-05,5.493688e-07,0.000000e+00,0.000000e+00,1.550633e-18,0.000000e+00,0.000000e+00,0.000000e+00,0.000000e+00,0.000000e+00,0.000000e+00,2.608100e-18,1.492417e-31,1.334086e-18,8.505839e-33,8.837890e-24,9.921104e-19,9.136194e-21,-4.176447e-44,-2.002899e-18,-1.001469e-18,-1.334145e-18,-2.405275e-33,-8.836335e-24,-9.922723e-19,-9.141842e-21,-2.405006e-33,0.000000e+00,0.000000e+00,0.000000e+00,0.000000e+00,0.000000e+00,0.000000e+00,0.000000e+00,0.000000e+00,6.052010e-19,5.491643e-19,-5.915394e-23,6.100563e-33,1.555195e-27,-1.618200e-22,-5.647680e-24,-2.405006e-33
584.5268,200.00,275.0000,1.002663e+01,2.132877e-01,C,3.379213e-03,1.333333e-01,0.3374%,1.325907e-02,1.170320e-02,5.101018e-05,1.165062e-16,5.700205e-11,2.462895e-05,5.458703e-07,0.000000e+00,0.000000e+00,1.550633e-18,0.000000e+00,0.000000e+00,0.000000e+00,0.000000e+00,0.000000e+00,0.000000e+00,2.610206e-18,1.205414e-31,1.340607e-18,8.597969e-33,8.967946e-24,9.959486e-19,9.273920e-21,4.176447e-44,-2.010863e-18,-1.005451e-18,-1.340704e-18,-2.397494e-33,-8.966803e-24,-9.961155e-19,-9.279969e-21,-2.397169e-33,0.000000e+00,0.000000e+00,0.000000e+00,0.000000e+00,0.000000e+00,0.000000e+00,0.000000e+00,0.000000e+00,5.993429e-19,5.451814e-19,-9.646032e-23,6.200475e-33,1.142852e-27,-1.669302e-22,-6.049252e-24,-2.397169e-33
604.5268,200.00,275.0000,1.043687e+01,2.114617e-01,C,3.372149e-03,1.333333e-01,0.3366%,1.363610e-02,1.204653e-02,5.096644e-05,1.205549e-16,5.785157e-11,2.453958e-05,5.427621e-07,0.000000e+00,0.000000e+00,1.550633e-18,0.000000e+00,0.000000e+00,0.000000e+00,0.000000e+00,0.000000e+00,0.000000e+00,2.612420e-18,1.191064e-31,1.346982e-18,8.694439e-33,9.101247e-24,9.997018e-19,9.412652e-21,8.352894e-44,-2.018568e-18,-1.009304e-18,-1.347042e-18,-2.389269e-33,-9.097329e-24,-9.998298e-19,-9.417001e-21,-2.388965e-33,0.000000e+00,0.000000e+00,0.000000e+00,0.000000e+00,0.000000e+00,0.000000e+00,0.000000e+00,0.000000e+00,5.938527e-19,5.413287e-19,-6.009658e-23,6.305170e-33,3.918606e-27,-1.280356e-22,-4.348720e-24,-2.388965e-33
624.5268,200.00,275.0000,1.085406e+01,2.096908e-01,C,3.365299e-03,1.333333e-01,0.3360%,1.400964e-02,1.238744e-02,5.092140e-05,1.250080e-16,5.867939e-11,2.445917e-05,5.399899e-07,0.000000e+00,0.000000e+00,1.550633e-18,0.000000e+00,0.000000e+00,0.000000e+00,0.000000e+00,0.000000e+00,0.000000e+00,2.614458e-18,9.471108e-32,1.353138e-18,8.790061e-33,9.234518e-24,1.003326e-18,9.550017e-21,-2.505868e-43,-2.026061e-18,-1.013052e-18,-1.353198e-18,-2.380285e-33,-9.232688e-24,-1.003439e-18,-9.553797e-21,-2.379986e-33,0.000000e+00,0.000000e+00,0.000000e+00,0.000000e+00,0.000000e+00,0.000000e+00,0.000000e+00,0.000000e+00,5.883970e-19,5.375812e-19,-6.040315e-23,6.409776e-33,1.829327e-27,-1.134205e-22,-3.780220e-24,-2.379986e-33
644.5268,200.00,275.0000,1.127818e+01,2.079632e-01,C,3.358600e-03,1.333333e-01,0.3353%,1.437979e-02,1.272602e-02,5.087550e-05,1.299247e-16,5.952792e-11,2.438690e-05,5.375253e-07,0.000000e+00,0.000000e+00,1.550633e-18,0.000000e+00,0.000000e+00,0.000000e+00,0.000000e+00,0.000000e+00,0.000000e+00,2.616430e-18,9.040603e-32,1.359113e-18,8.886659e-33,9.368889e-24,1.006844e-18,9.686892e-21,-6.264671e-43,-2.033394e-18,-1.016718e-18,-1.359209e-18,-2.369921e-33,-9.368547e-24,-1.006967e-18,-9.691305e-21,-2.370729e-33,0.000000e+00,0.000000e+00,0.000000e+00,0.000000e+00,0.000000e+00,0.000000e+00,0.000000e+00,0.000000e+00,5.830363e-19,5.339145e-19,-9.605821e-23,6.516738e-33,3.425708e-28,-1.230392e-22,-4.413228e-24,-2.370729e-33
664.5268,200.00,275.0000,1.170916e+01,2.063008e-01,C,3.351989e-03,1.333333e-01,0.3346%,1.474665e-02,1.306232e-02,5.082912e-05,1.349370e-16,6.039149e-11,2.432206e-05,5.353441e-07,0.000000e+00,0.000000e+00,1.550633e-18,0.000000e+00,0.000000e+00,0.000000e+00,0.000000e+00,0.000000e+00,0.000000e+00,2.618446e-18,7.892590e-32,1.364944e-18,8.986304e-33,9.505638e-24,1.010280e-18,9.824236e-21,-5.011737e-43,-2.040469e-18,-1.020256e-18,-1.365004e-18,2.135043e-32,-9.506206e-24,-1.010368e-18,-9.827025e-21,-2.361009e-33,0.000000e+00,0.000000e+00,0.000000e+00,0.000000e+00,0.000000e+00,0.000000e+00,0.000000e+00,0.000000e+00,5.779770e-19,5.303764e-19,-6.015686e-23,3.033673e-32,-5.685919e-28,-8.836716e-23,-2.789236e-24,-2.361009e-33
684.5268,200.00,275.0000,1.214701e+01,2.046691e-01,C,3.345475e-03,1.333333e-01,0.3340%,1.511033e-02,1.339640e-02,5.078241e-05,1.394520e-16,6.129198e-11,2.426393e-05,5.334197e-07,0.000000e+00,0.000000e+00,1.550633e-18,0.000000e+00,0.000000e+00,0.000000e+00,0.000000e+00,0.000000e+00,0.000000e+00,2.620487e-18,6.601075e-32,1.370633e-18,9.088631e-33,9.644546e-24,1.013633e-18,9.961899e-21,5.429381e-43,-2.047432e-18,-1.023739e-18,-1.370693e-18,-2.351370e-33,-9.640705e-24,-1.013711e-18,-9.964273e-21,-2.351042e-33,0.000000e+00,0.000000e+00,0.000000e+00,0.000000e+00,0.000000e+00,0.000000e+00,0.000000e+00,0.000000e+00,5.730556e-19,5.268944e-19,-5.935467e-23,6.737261e-33,3.840874e-27,-7.799178e-23,-2.373567e-24,-2.351042e-33
704.5268,200.00,275.0000,1.259168e+01,2.030902e-01,C,3.339135e-03,1.333333e-01,0.3334%,1.547092e-02,1.372832e-02,5.073525e-05,1.443427e-16,6.214754e-11,2.421171e-05,5.317205e-07,0.000000e+00,0.000000e+00,1.550633e-18,0.000000e+00,0.000000e+00,0.000000e+00,0.000000e+00,0.000000e+00,0.000000e+00,2.622407e-18,5.022557e-32,1.376146e-18,9.190656e-33,9.783708e-24,1.016884e-18,1.009855e-20,-4.594092e-43,-2.054188e-18,-1.027117e-18,-1.376204e-18,-2.338583e-33,-9.783957e-24,-1.016952e-18,-1.010053e-20,-2.340742e-33,0.000000e+00,0.000000e+00,0.000000e+00,0.000000e+00,0.000000e+00,0.000000e+00,0.000000e+00,0.000000e+00,5.682195e-19,5.235159e-19,-5.874707e-23,6.852074e-33,-2.489709e-28,-6.816923e-23,-1.973079e-24,-2.340742e-33
724.5268,200.00,275.0000,1.304312e+01,2.015523e-01,C,3.332905e-03,1.333333e-01,0.3327%,1.582850e-02,1.405812e-02,5.068798e-05,1.490811e-16,6.303671e-11,2.416497e-05,5.302324e-07,0.000000e+00,0.000000e+00,1.550633e-18,0.000000e+00,0.000000e+00,0.000000e+00,0.000000e+00,0.000000e+00,0.000000e+00,2.624320e-18,5.022557e-32,1.381518e-18,9.294562e-33,9.924507e-24,1.020055e-18,1.023521e-20,-5.847026e-43,-2.060786e-18,-1.030416e-18,-1.381576e-18,-2.330545e-33,-9.922259e-24,-1.020114e-18,-1.023682e-20,-2.330198e-33,0.000000e+00,0.000000e+00,0.000000e+00,0.000000e+00,0.000000e+00,0.000000e+00,0.000000e+00,0.000000e+00,5.635342e-19,5.202165e-19,-5.794494e-23,6.964017e-33,2.247281e-27,-5.930610e-23,-1.609203e-24,-2.330198e-33
744.5268,200.00,275.0000,1.350137e+01,2.000549e-01,C,3.326791e-03,1.333333e-01,0.3321%,1.618316e-02,1.438586e-02,5.064065e-05,1.536450e-16,6.393468e-11,2.412324e-05,5.289375e-07,0.000000e+00,0.000000e+00,1.550633e-18,0.000000e+00,0.000000e+00,0.000000e+00,0.000000e+00,0.000000e+00,0.000000e+00,2.626210e-18,3.874544e-32,1.386753e-18,9.399993e-33,1.006670e-23,1.023146e-18,1.037172e-20,4.594092e-43,-2.067226e-18,-1.033637e-18,-1.386810e-18,-2.319788e-33,-1.006436e-23,-1.023198e-18,-1.037300e-20,-2.319431e-33,0.000000e+00,0.000000e+00,0.000000e+00,0.000000e+00,0.000000e+00,0.000000e+00,0.000000e+00,0.000000e+00,5.589839e-19,5.169958e-19,-5.701291e-23,7.080205e-33,2.335980e-27,-5.122554e-23,-1.273286e-24,-2.319431e-33
764.5268,200.00,275.0000,1.396628e+01,1.985974e-01,C,3.320797e-03,1.333333e-01,0.3315%,1.653498e-02,1.471160e-02,5.059339e-05,1.584136e-16,6.486279e-11,2.408600e-05,5.278168e-07,0.000000e+00,0.000000e+00,1.550633e-18,0.000000e+00,0.000000e+00,0.000000e+00,0.000000e+00,0.000000e+00,0.000000e+00,2.628063e-18,3.874544e-32,1.391851e-18,9.506616e-33,1.021005e-23,1.026159e-18,1.050795e-20,3.758802e-43,-2.073510e-18,-1.036780e-18,-1.391907e-18,-2.308843e-33,-1.020403e-23,-1.026203e-18,-1.050891e-20,-2.308477e-33,0.000000e+00,0.000000e+00,0.000000e+00,0.000000e+00,0.000000e+00,0.000000e+00,0.000000e+00,0.000000e+00,5.545528e-19,5.138533e-19,-5.603554e-23,7.197773e-33,6.016392e-27,-4.378096e-23,-9.601884e-25,-2.308477e-33
784.5268,200.00,275.0000,1.443787e+01,1.971793e-01,C,3.314929e-03,1.333333e-01,0.3309%,1.688404e-02,1.503536e-02,5.054622e-05,1.635406e-16,6.576881e-11,2.405288e-05,5.268561e-07,0.000000e+00,0.000000e+00,1.550633e-18,0.000000e+00,0.000000e+00,0.000000e+00,0.000000e+00,0.000000e+00,0.000000e+00,2.629865e-18,3.731042e-32,1.396813e-18,9.614067e-33,1.035432e-23,1.029094e-18,1.064374e-20,-5.429381e-43,-2.079639e-18,-1.039844e-18,-1.396868e-18,-2.297728e-33,-1.034902e-23,-1.029131e-18,-1.064441e-20,-2.297353e-33,0.000000e+00,0.000000e+00,0.000000e+00,0.000000e+00,0.000000e+00,0.000000e+00,0.000000e+00,0.000000e+00,5.502268e-19,5.107885e-19,-5.507803e-23,7.316339e-33,5.293558e-27,-3.685118e-23,-6.656668e-25,-2.297353e-33
804.5268,200.00,275.0000,1.491611e+01,1.957895e-01,C,3.309190e-03,1.333333e-01,0.3304%,1.723041e-02,1.535721e-02,5.049921e-05,1.686721e-16,6.666653e-11,2.402352e-05,5.260415e-07,0.000000e+00,0.000000e+00,1.550633e-18,0.000000e+00,0.000000e+00,0.000000e+00,0.000000e+00,0.000000e+00,0.000000e+00,2.631605e-18,2.726531e-32,1.401641e-18,9.721978e-33,1.049925e-23,1.031952e-18,1.077897e-20,6.682315e-43,-2.085659e-18,-1.042855e-18,-1.401729e-18,-2.246197e-33,-1.050269e-23,-1.032004e-18,-1.078065e-20,-2.286132e-33,0.000000e+00,0.000000e+00,0.000000e+00,0.000000e+00,0.000000e+00,0.000000e+00,0.000000e+00,0.000000e+00,5.459460e-19,5.077777e-19,-8.765281e-23,7.475781e-33,-3.441971e-27,-5.207950e-23,-1.687027e-24,-2.286132e-33
824.5268,200.00,275.0000,1.540097e+01,1.944382e-01,C,3.303516e-03,1.333333e-01,0.3298%,1.757418e-02,1.567719e-02,5.045260e-05,1.743748e-16,6.760556e-11,2.399774e-05,5.253690e-07,0.000000e+00,0.000000e+00,1.550633e-18,0.000000e+00,0.000000e+00,0.000000e+00,0.000000e+00,0.000000e+00,0.000000e+00,2.633401e-18,1.722020e-32,1.406371e-18,9.832949e-33,1.064654e-23,1.034756e-18,1.091477e-20,0.000000e+00,-2.091527e-18,-1.045789e-18,-1.406457e-18,-2.275175e-33,-1.064441e-23,-1.034802e-18,-1.091623e-20,-2.274777e-33,0.000000e+00,0.000000e+00,0.000000e+00,0.000000e+00,0.000000e+00,0.000000e+00,0.000000e+00,0.000000e+00,5.418740e-19,5.048436e-19,-8.619009e-23,7.557774e-33,2.128061e-27,-4.622147e-23,-1.453709e-24,-2.274777e-33
844.5268,200.00,275.0000,1.589241e+01,1.931248e-01,C,3.297912e-03,1.333333e-01,0.3292%,1.791540e-02,1.599533e-02,5.040642e-05,1.797692e-16,6.854082e-11,2.397523e-05,5.248276e-07,0.000000e+00,0.000000e+00,1.550633e-18,0.000000e+00,0.000000e+00,0.000000e+00,0.000000e+00,0.000000e+00,0.000000e+00,2.635240e-18,2.152524e-32,1.411003e-18,9.946772e-33,1.079602e-23,1.037505e-18,1.105108e-20,2.088224e-43,-2.097242e-18,-1.048647e-18,-1.411054e-18,-2.271275e-33,-1.079483e-23,-1.037524e-18,-1.105098e-20,-2.263314e-33,0.000000e+00,0.000000e+00,0.000000e+00,0.000000e+00,0.000000e+00,0.000000e+00,0.000000e+00,0.000000e+00,5.379984e-19,5.019855e-19,-5.146964e-23,7.675498e-33,1.194839e-27,-1.953039e-23,9.373927e-26,-2.263314e-33
864.5268,200.00,275.0000,1.639043e+01,1.918385e-01,C,3.292449e-03,1.333333e-01,0.3287%,1.825414e-02,1.631169e-02,5.036049e-05,1.849733e-16,6.948546e-11,2.395562e-05,5.243990e-07,0.000000e+00,0.000000e+00,1.550633e-18,0.000000e+00,0.000000e+00,0.000000e+00,0.000000e+00,0.000000e+00,0.000000e+00,2.636983e-18,1.578518e-32,1.415505e-18,1.006015e-32,1.094559e-23,1.040179e-18,1.118645e-20,-1.670579e-43,-2.102852e-18,-1.051453e-18,-1.415555e-18,-2.252198e-33,-1.094276e-23,-1.040193e-18,-1.118613e-20,-2.251782e-33,0.000000e+00,0.000000e+00,0.000000e+00,0.000000e+00,0.000000e+00,0.000000e+00,0.000000e+00,0.000000e+00,5.341314e-19,4.991802e-19,-5.021049e-23,7.807950e-33,2.832627e-27,-1.460004e-23,3.164540e-25,-2.251782e-33
884.5268,200.00,275.0000,1.689490e+01,1.905789e-01,C,3.287128e-03,1.333333e-01,0.3282%,1.859047e-02,1.662628e-02,5.031484e-05,1.906516e-16,7.044250e-11,2.393864e-05,5.240727e-07,0.000000e+00,0.000000e+00,1.550633e-18,0.000000e+00,0.000000e+00,0.000000e+00,0.000000e+00,0.000000e+00,0.000000e+00,2.638619e-18,1.148013e-32,1.419879e-18,1.017273e-32,1.109497e-23,1.042779e-18,1.132074e-20,-8.352894e-44,-2.108357e-18,-1.054206e-18,-1.419961e-18,-2.240652e-33,-1.109323e-23,-1.042810e-18,-1.132158e-20,-2.240226e-33,0.000000e+00,0.000000e+00,0.000000e+00,0.000000e+00,0.000000e+00,0.000000e+00,0.000000e+00,0.000000e+00,5.302618e-19,4.964273e-19,-8.175719e-23,7.932078e-33,1.733407e-27,-3.102842e-23,-8.390812e-25,-2.240226e-33
904.5268,200.00,275.0000,1.740584e+01,1.893559e-01,C,3.281820e-03,1.333333e-01,0.3276%,1.892444e-02,1.693916e-02,5.026991e-05,1.958797e-16,7.140237e-11,2.392434e-05,5.238581e-07,0.000000e+00,0.000000e+00,1.550633e-18,0.000000e+00,0.000000e+00,0.000000e+00,0.000000e+00,0.000000e+00,0.000000e+00,2.640399e-18,4.305049e-33,1.424192e-18,1.029048e-32,1.124804e-23,1.045347e-18,1.145657e-20,3.341158e-43,-2.113713e-18,-1.056884e-18,-1.424240e-18,-2.229033e-33,-1.124399e-23,-1.045353e-18,-1.145584e-20,-2.228597e-33,0.000000e+00,0.000000e+00,0.000000e+00,0.000000e+00,0.000000e+00,0.000000e+00,0.000000e+00,0.000000e+00,5.266858e-19,4.937488e-19,-4.765869e-23,8.061451e-33,4.048349e-27,-5.767256e-24,7.246573e-25,-2.228597e-33
924.5268,200.00,275.0000,1.792321e+01,1.881487e-01,C,3.276660e-03,1.333333e-01,0.3271%,1.925613e-02,1.725036e-02,5.022529e-05,2.013255e-16,7.236651e-11,2.391228e-05,5.237302e-07,0.000000e+00,0.000000e+00,1.550633e-18,0.000000e+00,0.000000e+00,0.000000e+00,0.000000e+00,0.000000e+00,0.000000e+00,2.642053e-18,2.296026e-32,1.428379e-18,1.040688e-32,1.140054e-23,1.047843e-18,1.159110e-20,1.670579e-43,-2.119011e-18,-1.059534e-18,-1.428458e-18,-2.217445e-33,-1.140041e-23,-1.047866e-18,-1.159160e-20,-2.216999e-33,0.000000e+00,0.000000e+00,0.000000e+00,0.000000e+00,0.000000e+00,0.000000e+00,0.000000e+00,0.000000e+00,5.230416e-19,4.910994e-19,-7.856018e-23,8.189439e-33,1.360126e-28,-2.283446e-23,-5.016089e-25,-2.216999e-33
944.5268,200.00,275.0000,1.844695e+01,1.869773e-01,C,3.271584e-03,1.333333e-01,0.3266%,1.958558e-02,1.755991e-02,5.018120e-05,2.069200e-16,7.336253e-11,2.390239e-05,5.236904e-07,0.000000e+00,0.000000e+00,1.550633e-18,0.000000e+00,0.000000e+00,0.000000e+00,0.000000e+00,0.000000e+00,0.000000e+00,2.643703e-18,2.152524e-32,1.432475e-18,1.052484e-32,1.155439e-23,1.050287e-18,1.172561e-20,-4.176447e-44,-2.124162e-18,-1.062109e-18,-1.432552e-18,-2.205807e-33,-1.154833e-23,-1.050306e-18,-1.172594e-20,-2.205351e-33,0.000000e+00,0.000000e+00,0.000000e+00,0.000000e+00,0.000000e+00,0.000000e+00,0.000000e+00,0.000000e+00,5.195407e-19,4.885235e-19,-7.704971e-23,8.319034e-33,6.064516e-27,-1.901917e-23,-3.385596e-25,-2.205351e-33
964.5268,200.00,275.0000,1.897706e+01,1.858312e-01,C,3.266594e-03,1.333333e-01,0.3261%,1.991285e-02,1.786786e-02,5.013763e-05,2.127069e-16,7.430986e-11,2.389452e-05,5.237325e-07,0.000000e+00,0.000000e+00,1.550633e-18,0.000000e+00,0.000000e+00,0.000000e+00,0.000000e+00,0.000000e+00,0.000000e+00,2.645340e-18,1.578518e-32,1.436480e-18,1.064412e-32,1.170941e-23,1.052681e-18,1.186000e-20,-9.188184e-43,-2.129211e-18,-1.064635e-18,-1.436556e-18,3.055490e-32,-1.170833e-23,-1.052696e-18,-1.186019e-20,-2.193705e-33,0.000000e+00,0.000000e+00,0.000000e+00,0.000000e+00,0.000000e+00,0.000000e+00,0.000000e+00,0.000000e+00,5.161289e-19,4.859984e-19,-7.554185e-23,4.119902e-32,1.074039e-27,-1.549138e-23,-1.888907e-25,-2.193705e-33
984.5268,200.00,275.0000,1.951347e+01,1.847101e-01,C,3.261693e-03,1.333333e-01,0.3256%,2.023799e-02,1.817421e-02,5.009459e-05,2.185845e-16,7.530446e-11,2.388851e-05,5.238503e-07,0.000000e+00,0.000000e+00,1.550633e-18,0.000000e+00,0.000000e+00,0.000000e+00,0.000000e+00,0.000000e+00,0.000000e+00,2.646958e-18,2.152524e-32,1.440396e-18,1.076449e-32,1.186543e-23,1.055024e-18,1.199419e-20,1.252934e-43,-2.134160e-18,-1.067109e-18,-1.440470e-18,-2.182548e-33,-1.186477e-23,-1.055036e-18,-1.199423e-20,-2.182072e-33,0.000000e+00,0.000000e+00,0.000000e+00,0.000000e+00,0.000000e+00,0.000000e+00,0.000000e+00,0.000000e+00,5.127975e-19,4.835235e-19,-7.404531e-23,8.581945e-33,6.668520e-28,-1.218999e-23,-4.740537e-26,-2.182072e-33
1004.5268,200.00,275.0000,2.005616e+01,1.836137e-01,C,3.256882e-03,1.333333e-01,0.3252%,2.056105e-02,1.847902e-02,5.005209e-05,2.244565e-16,7.628641e-11,2.388424e-05,5.240384e-07,0.000000e+00,0.000000e+00,1.550633e-18,0.000000e+00,0.000000e+00,0.000000e+00,0.000000e+00,0.000000e+00,0.000000e+00,2.648548e-18,1.291515e-32,1.444224e-18,1.088573e-32,1.202233e-23,1.057317e-18,1.212808e-20,3.758802e-43,-2.139009e-18,-1.069534e-18,-1.444296e-18,-2.170934e-33,-1.202116e-23,-1.057326e-18,-1.212799e-20,-2.170630e-33,0.000000e+00,0.000000e+00,0.000000e+00,0.000000e+00,0.000000e+00,0.000000e+00,0.000000e+00,0.000000e+00,5.095382e-19,4.810986e-19,-7.258669e-23,8.714799e-33,1.165160e-27,-9.070514e-24,8.748104e-26,-2.170630e-33
1024.5268,200.00,275.0000,2.060520e+01,1.825416e-01,C,3.252097e-03,1.333333e-01,0.3247%,2.088208e-02,1.878232e-02,5.001029e-05,2.302140e-16,7.729641e-11,2.388172e-05,5.243022e-07,0.000000e+00,0.000000e+00,1.550633e-18,0.000000e+00,0.000000e+00,0.000000e+00,0.000000e+00,0.000000e+00,0.000000e+00,2.650234e-18,2.296026e-32,1.447995e-18,1.101107e-32,1.218222e-23,1.059581e-18,1.226307e-20,2.088224e-43,-2.143760e-18,-1.071910e-18,-1.448035e-18,-2.178077e-33,-1.217871e-23,-1.059567e-18,-1.226136e-20,-2.159076e-33,0.000000e+00,0.000000e+00,0.000000e+00,0.000000e+00,0.000000e+00,0.000000e+00,0.000000e+00,0.000000e+00,5.064743e-19,4.787231e-19,-3.973658e-23,8.832990e-33,3.514567e-27,1.412987e-23,1.709213e-24,-2.159076e-33
1044.5268,200.00,275.0000,2.116029e+01,1.814837e-01,C,3.247472e-03,1.333333e-01,0.3242%,2.120114e-02,1.908412e-02,4.996885e-05,2.363912e-16,7.829548e-11,2.388053e-05,5.246156e-07,0.000000e+00,0.000000e+00,1.550633e-18,0.000000e+00,0.000000e+00,0.000000e+00,0.000000e+00,0.000000e+00,0.000000e+00,2.651747e-18,3.444039e-32,1.451649e-18,1.113339e-32,1.234038e-23,1.061777e-18,1.239611e-20,3.758802e-43,-2.148456e-18,-1.074258e-18,-1.451719e-18,-2.131474e-33,-1.233913e-23,-1.061780e-18,-1.239578e-20,-2.147352e-33,0.000000e+00,0.000000e+00,0.000000e+00,0.000000e+00,0.000000e+00,0.000000e+00,0.000000e+00,0.000000e+00,5.032916e-19,4.763749e-19,-6.949401e-23,9.001914e-33,1.255006e-27,-3.633354e-24,3.285222e-25,-2.147352e-33
1064.5268,200.00,275.0000,2.172157e+01,1.804496e-01,C,3.242877e-03,1.333333e-01,0.3238%,2.151825e-02,1.938445e-02,4.992813e-05,2.427109e-16,7.931228e-11,2.388085e-05,5.249947e-07,0.000000e+00,0.000000e+00,1.550633e-18,0.000000e+00,0.000000e+00,0.000000e+00,0.000000e+00,0.000000e+00,0.000000e+00,2.653343e-18,4.018046e-32,1.455249e-18,1.125946e-32,1.250130e-23,1.063944e-18,1.253011e-20,2.923513e-43,-2.153054e-18,-1.076557e-18,-1.455317e-18,-2.134588e-33,-1.249995e-23,-1.063945e-18,-1.252968e-20,-2.135876e-33,0.000000e+00,0.000000e+00,0.000000e+00,0.000000e+00,0.000000e+00,0.000000e+00,0.000000e+00,0.000000e+00,5.002896e-19,4.740755e-19,-6.793280e-23,9.124877e-33,1.353522e-27,-1.247853e-24,4.336756e-25,-2.135876e-33
1084.5268,200.00,275.0000,2.228895e+01,1.794391e-01,C,3.238378e-03,1.333333e-01,0.3233%,2.183348e-02,1.968335e-02,4.988793e-05,2.491718e-16,8.033016e-11,2.388244e-05,5.254255e-07,0.000000e+00,0.000000e+00,1.550633e-18,0.000000e+00,0.000000e+00,0.000000e+00,0.000000e+00,0.000000e+00,0.000000e+00,2.654885e-18,4.305049e-32,1.458765e-18,1.138556e-32,1.266250e-23,1.066063e-18,1.266348e-20,0.000000e+00,-2.157555e-18,-1.078808e-18,-1.458831e-18,-2.124483e-33,-1.266115e-23,-1.066062e-18,-1.266294e-20,-2.124442e-33,0.000000e+00,0.000000e+00,0.000000e+00,0.000000e+00,0.000000e+00,0.000000e+00,0.000000e+00,0.000000e+00,4.973301e-19,4.718246e-19,-6.646017e-23,9.261082e-33,1.345157e-27,1.125666e-24,5.449875e-25,-2.124442e-33
1104.5268,200.00,275.0000,2.286240e+01,1.784519e-01,C,3.233977e-03,1.333333e-01,0.3229%,2.214685e-02,1.998084e-02,4.984825e-05,2.555443e-16,8.134912e-11,2.388522e-05,5.259043e-07,0.000000e+00,0.000000e+00,1.550633e-18,0.000000e+00,0.000000e+00,0.000000e+00,0.000000e+00,0.000000e+00,0.000000e+00,2.656366e-18,4.879055e-32,1.462197e-18,1.151145e-32,1.282380e-23,1.068135e-18,1.279614e-20,-3.341158e-43,-2.161959e-18,-1.081011e-18,-1.462263e-18,-2.113593e-33,-1.282242e-23,-1.068131e-18,-1.279548e-20,-2.113054e-33,0.000000e+00,0.000000e+00,0.000000e+00,0.000000e+00,0.000000e+00,0.000000e+00,0.000000e+00,0.000000e+00,4.944062e-19,4.696220e-19,-6.514865e-23,9.397853e-33,1.382243e-27,3.494192e-24,6.524082e-25,-2.113054e-33
1124.5268,200.00,275.0000,2.344190e+01,1.774780e-01,C,3.229610e-03,1.333333e-01,0.3224%,2.245841e-02,2.027695e-02,4.980925e-05,2.617691e-16,8.238349e-11,2.388923e-05,5.264377e-07,0.000000e+00,0.000000e+00,1.550633e-18,0.000000e+00,0.000000e+00,0.000000e+00,0.000000e+00,0.000000e+00,0.000000e+00,2.657912e-18,5.453062e-32,1.465578e-18,1.164061e-32,1.298755e-23,1.070179e-18,1.292956e-20,4.176447e-44,-2.166312e-18,-1.083188e-18,-1.465642e-18,-2.102307e-33,-1.298883e-23,-1.070174e-18,-1.292881e-20,-2.101756e-33,0.000000e+00,0.000000e+00,0.000000e+00,0.000000e+00,0.000000e+00,0.000000e+00,0.000000e+00,0.000000e+00,4.915994e-19,4.674453e-19,-6.363571e-23,9.538307e-33,-1.276510e-27,5.460634e-24,7.457889e-25,-2.101756e-33
1144.5268,200.00,275.0000,2.402739e+01,1.765270e-01,C,3.225343e-03,1.333333e-01,0.3220%,2.276821e-02,2.057170e-02,4.977076e-05,2.686722e-16,8.341698e-11,2.389427e-05,5.270120e-07,0.000000e+00,0.000000e+00,1.550633e-18,0.000000e+00,0.000000e+00,0.000000e+00,0.000000e+00,0.000000e+00,0.000000e+00,2.659386e-18,6.888078e-32,1.468878e-18,1.176919e-32,1.315115e-23,1.072177e-18,1.306211e-20,9.188184e-43,-2.170570e-18,-1.085317e-18,-1.468940e-18,-2.091013e-33,-1.314968e-23,-1.072170e-18,-1.306127e-20,-2.090512e-33,0.000000e+00,0.000000e+00,0.000000e+00,0.000000e+00,0.000000e+00,0.000000e+00,0.000000e+00,0.000000e+00,4.888157e-19,4.653162e-19,-6.229685e-23,9.678174e-33,1.471893e-27,7.488482e-24,8.410222e-25,-2.090512e-33
1164.5268,200.00,275.0000,2.461886e+01,1.755985e-01,C,3.221114e-03,1.333333e-01,0.3216%,2.307627e-02,2.086511e-02,4.973293e-05,2.759675e-16,8.446473e-11,2.390039e-05,5.276347e-07,0.000000e+00,0.000000e+00,1.550633e-18,0.000000e+00,0.000000e+00,0.000000e+00,0.000000e+00,0.000000e+00,0.000000e+00,2.660914e-18,1.061912e-31,1.472127e-18,1.190077e-32,1.331701e-23,1.074148e-18,1.319533e-20,-2.505868e-43,-2.174733e-18,-1.087399e-18,-1.472158e-18,-2.079415e-33,-1.331289e-23,-1.074119e-18,-1.319277e-20,-2.079321e-33,0.000000e+00,0.000000e+00,0.000000e+00,0.000000e+00,0.000000e+00,0.000000e+00,0.000000e+00,0.000000e+00,4.861810e-19,4.632343e-19,-3.103236e-23,9.821354e-33,4.124816e-27,2.924867e-23,2.560928e-24,-2.079321e-33
1184.5268,200.00,275.0000,2.521623e+01,1.746731e-01,C,3.216986e-03,1.333333e-01,0.3212%,2.338263e-02,2.115721e-02,4.969559e-05,2.829518e-16,8.569427e-11,2.390739e-05,5.282921e-07,0.000000e+00,0.000000e+00,1.550633e-18,0.000000e+00,0.000000e+00,0.000000e+00,0.000000e+00,0.000000e+00,0.000000e+00,2.662360e-18,1.148013e-31,1.475297e-18,1.203135e-32,1.348243e-23,1.076074e-18,1.332753e-20,2.505868e-43,-2.178889e-18,-1.089477e-18,-1.475357e-18,-2.068860e-33,-1.345165e-23,-1.076063e-18,-1.332652e-20,-2.068274e-33,0.000000e+00,0.000000e+00,0.000000e+00,0.000000e+00,0.000000e+00,0.000000e+00,0.000000e+00,0.000000e+00,4.834711e-19,4.611560e-19,-5.949600e-23,9.962494e-33,3.077799e-26,1.099400e-23,1.011727e-24,-2.068274e-33
1204.5268,200.00,275.0000,2.581948e+01,1.737794e-01,C,3.212960e-03,1.333333e-01,0.3208%,2.368733e-02,2.144802e-02,4.965871e-05,2.901957e-16,8.655076e-11,2.391521e-05,5.289819e-07,0.000000e+00,0.000000e+00,1.550633e-18,0.000000e+00,0.000000e+00,0.000000e+00,0.000000e+00,0.000000e+00,0.000000e+00,2.663718e-18,1.463717e-31,1.478389e-18,1.216069e-32,1.364723e-23,1.077954e-18,1.345861e-20,1.670579e-43,-2.182908e-18,-1.091487e-18,-1.478447e-18,-1.022973e-33,-1.364561e-23,-1.077941e-18,-1.345751e-20,-2.057243e-33,0.000000e+00,0.000000e+00,0.000000e+00,0.000000e+00,0.000000e+00,0.000000e+00,0.000000e+00,0.000000e+00,4.808102e-19,4.591461e-19,-5.840018e-23,1.113772e-32,1.617149e-27,1.289657e-23,1.102185e-24,-2.057243e-33
1224.5268,200.00,275.0000,2.642861e+01,1.728887e-01,C,3.208911e-03,1.333333e-01,0.3204%,2.399040e-02,2.173756e-02,4.962265e-05,2.971098e-16,8.762118e-11,2.392405e-05,5.297225e-07,0.000000e+00,0.000000e+00,1.550633e-18,0.000000e+00,0.000000e+00,0.000000e+00,0.000000e+00,0.000000e+00,0.000000e+00,2.665249e-18,2.095124e-31,1.481462e-18,1.229656e-32,1.381667e-23,1.079828e-18,1.359184e-20,-7.517605e-43,-2.186921e-18,-1.093493e-18,-1.481518e-18,-2.046963e-33,-1.381501e-23,-1.079814e-18,-1.359067e-20,-2.046354e-33,0.000000e+00,0.000000e+00,0.000000e+00,0.000000e+00,0.000000e+00,0.000000e+00,0.000000e+00,0.000000e+00,4.783280e-19,4.571395e-19,-5.685866e-23,1.024959e-32,1.662970e-27,1.418770e-23,1.170875e-24,-2.046354e-33
1244.5268,200.00,275.0000,2.704326e+01,1.720292e-01,C,3.205028e-03,1.333333e-01,0.3200%,2.429190e-02,2.202584e-02,4.958690e-05,3.039206e-16,8.866890e-11,2.393342e-05,5.304775e-07,0.000000e+00,0.000000e+00,1.550633e-18,0.000000e+00,0.000000e+00,0.000000e+00,0.000000e+00,0.000000e+00,0.000000e+00,2.666550e-18,2.439528e-31,1.484428e-18,1.242685e-32,1.398252e-23,1.081638e-18,1.372215e-20,-4.176447e-44,-2.190798e-18,-1.095432e-18,-1.484484e-18,-1.761681e-33,-1.398081e-23,-1.081622e-18,-1.372089e-20,-2.035504e-33,0.000000e+00,0.000000e+00,0.000000e+00,0.000000e+00,0.000000e+00,0.000000e+00,0.000000e+00,0.000000e+00,4.757517e-19,4.552006e-19,-5.587384e-23,1.066517e-32,1.708383e-27,1.601174e-23,1.258071e-24,-2.035504e-33
1264.5268,200.00,275.0000,2.766405e+01,1.711723e-01,C,3.201125e-03,1.333333e-01,0.3196%,2.459181e-02,2.231291e-02,4.955187e-05,3.111250e-16,8.974541e-11,2.394378e-05,5.312819e-07,0.000000e+00,0.000000e+00,1.550633e-18,0.000000e+00,0.000000e+00,0.000000e+00,0.000000e+00,0.000000e+00,0.000000e+00,2.668015e-18,3.329238e-31,1.487378e-18,1.256342e-32,1.415289e-23,1.083442e-18,1.385453e-20,-7.099960e-43,-2.194670e-18,-1.097368e-18,-1.487432e-18,-1.915044e-33,-1.415111e-23,-1.083425e-18,-1.385320e-20,-2.024778e-33,0.000000e+00,0.000000e+00,0.000000e+00,0.000000e+00,0.000000e+00,0.000000e+00,0.000000e+00,0.000000e+00,4.733454e-19,4.532645e-19,-5.447424e-23,1.064838e-32,1.784027e-27,1.722433e-23,1.323878e-24,-2.024778e-33
1284.5268,200.00,275.0000,2.829047e+01,1.703366e-01,C,3.197327e-03,1.333333e-01,0.3192%,2.489019e-02,2.259877e-02,4.951729e-05,3.192514e-16,9.081445e-11,2.395472e-05,5.321081e-07,0.000000e+00,0.000000e+00,1.550633e-18,0.000000e+00,0.000000e+00,0.000000e+00,0.000000e+00,0.000000e+00,0.000000e+00,2.669375e-18,4.391150e-31,1.490252e-18,1.269807e-32,1.432215e-23,1.085202e-18,1.398553e-20,6.682315e-43,-2.198451e-18,-1.099259e-18,-1.490305e-18,-2.014852e-33,-1.432035e-23,-1.085184e-18,-1.398413e-20,-2.014051e-33,0.000000e+00,0.000000e+00,0.000000e+00,0.000000e+00,0.000000e+00,0.000000e+00,0.000000e+00,0.000000e+00,4.709237e-19,4.513737e-19,-5.332175e-23,1.068321e-32,1.799508e-27,1.864753e-23,1.396742e-24,-2.014051e-33
1304.5268,200.00,275.0000,2.892258e+01,1.695132e-01,C,3.193571e-03,1.333333e-01,0.3188%,2.518708e-02,2.288343e-02,4.948330e-05,3.267578e-16,9.189367e-11,2.396636e-05,5.329660e-07,0.000000e+00,0.000000e+00,1.550633e-18,0.000000e+00,0.000000e+00,0.000000e+00,0.000000e+00,0.000000e+00,0.000000e+00,2.670757e-18,5.854867e-31,1.493080e-18,1.283472e-32,1.449298e-23,1.086938e-18,1.411680e-20,8.352894e-44,-2.202182e-18,-1.101125e-18,-1.493132e-18,5.579832e-33,-1.449113e-23,-1.086918e-18,-1.411533e-20,-2.003574e-33,0.000000e+00,0.000000e+00,0.000000e+00,0.000000e+00,0.000000e+00,0.000000e+00,0.000000e+00,0.000000e+00,4.685755e-19,4.495080e-19,-5.210231e-23,1.841455e-32,1.845304e-27,1.990121e-23,1.463458e-24,-2.003574e-33
1324.5268,200.00,275.0000,2.956033e+01,1.687012e-01,C,3.189860e-03,1.333333e-01,0.3185%,2.548249e-02,2.316693e-02,4.944989e-05,3.341142e-16,9.298240e-11,2.397864e-05,5.338535e-07,0.000000e+00,0.000000e+00,1.550633e-18,0.000000e+00,0.000000e+00,0.000000e+00,0.000000e+00,0.000000e+00,0.000000e+00,2.672159e-18,7.576886e-31,1.495864e-18,1.297328e-32,1.466531e-23,1.088649e-18,1.424830e-20,4.176447e-44,-2.205866e-18,-1.102967e-18,-1.495915e-18,-1.972147e-33,-1.466718e-23,-1.088628e-18,-1.424678e-20,-1.993132e-33,0.000000e+00,0.000000e+00,0.000000e+00,0.000000e+00,0.000000e+00,0.000000e+00,0.000000e+00,0.000000e+00,4.662930e-19,4.476656e-19,-5.083358e-23,1.100113e-32,-1.876813e-27,2.096134e-23,1.523581e-24,-1.993132e-33
1344.5268,200.00,275.0000,3.020365e+01,1.679008e-01,C,3.186254e-03,1.333333e-01,0.3181%,2.577645e-02,2.344928e-02,4.941687e-05,3.415134e-16,9.406145e-11,2.399140e-05,5.347576e-07,0.000000e+00,0.000000e+00,1.550633e-18,0.000000e+00,0.000000e+00,0.000000e+00,0.000000e+00,0.000000e+00,0.000000e+00,2.673444e-18,9.872912e-31,1.498575e-18,1.310932e-32,1.483611e-23,1.090317e-18,1.437821e-20,6.264671e-43,-2.209503e-18,-1.104786e-18,-1.498653e-18,-1.983475e-33,-1.483717e-23,-1.090315e-18,-1.437842e-20,-1.982797e-33,0.000000e+00,0.000000e+00,0.000000e+00,0.000000e+00,0.000000e+00,0.000000e+00,0.000000e+00,0.000000e+00,4.639406e-19,4.458470e-19,-7.813756e-23,1.112584e-32,-1.056076e-27,2.799749e-24,-2.104935e-25,-1.982797e-33
1364.5268,200.00,275.0000,3.085261e+01,1.671212e-01,C,3.182633e-03,1.333333e-01,0.3178%,2.606900e-02,2.373049e-02,4.938457e-05,3.489050e-16,9.516782e-11,2.400486e-05,5.356998e-07,0.000000e+00,0.000000e+00,1.550633e-18,0.000000e+00,0.000000e+00,0.000000e+00,0.000000e+00,0.000000e+00,0.000000e+00,2.674873e-18,1.320215e-30,1.501270e-18,1.325133e-32,1.501123e-23,1.091981e-18,1.451005e-20,-4.594092e-43,-2.213050e-18,-1.106560e-18,-1.501319e-18,-1.973182e-33,-1.500925e-23,-1.091958e-18,-1.450841e-20,-1.972788e-33,0.000000e+00,0.000000e+00,0.000000e+00,0.000000e+00,0.000000e+00,0.000000e+00,0.000000e+00,0.000000e+00,4.618228e-19,4.440732e-19,-4.848627e-23,1.127815e-32,1.987239e-27,2.308569e-23,1.643244e-24,-1.972788e-33
1384.5268,200.00,275.0000,3.150709e+01,1.663528e-01,C,3.179118e-03,1.333333e-01,0.3174%,2.636016e-02,2.401059e-02,4.935264e-05,3.564076e-16,9.626295e-11,2.401874e-05,5.366552e-07,0.000000e+00,0.000000e+00,1.550633e-18,0.000000e+00,0.000000e+00,0.000000e+00,0.000000e+00,0.000000e+00,0.000000e+00,2.676178e-18,1.736370e-30,1.503894e-18,1.339050e-32,1.518457e-23,1.093602e-18,1.464018e-20,1.127641e-42,-2.216551e-18,-1.108310e-18,-1.503942e-18,-1.953534e-33,-1.518254e-23,-1.093578e-18,-1.463848e-20,-1.962369e-33,0.000000e+00,0.000000e+00,0.000000e+00,0.000000e+00,0.000000e+00,0.000000e+00,0.000000e+00,0.000000e+00,4.596270e-19,4.423227e-19,-4.742042e-23,1.143697e-32,2.030621e-27,2.415866e-23,1.703244e-24,-1.962369e-33
1404.5268,200.00,275.0000,3.216704e+01,1.655956e-01,C,3.175649e-03,1.333333e-01,0.3171%,2.664995e-02,2.428958e-02,4.932124e-05,3.643290e-16,9.736527e-11,2.403311e-05,5.376337e-07,0.000000e+00,0.000000e+00,1.550633e-18,0.000000e+00,0.000000e+00,0.000000e+00,0.000000e+00,0.000000e+00,0.000000e+00,2.677487e-18,2.290286e-30,1.506476e-18,1.353106e-32,1.535906e-23,1.095199e-18,1.477034e-20,1.252934e-43,-2.220005e-18,-1.110038e-18,-1.506522e-18,-1.953024e-33,-1.535698e-23,-1.095174e-18,-1.476858e-20,-1.952336e-33,0.000000e+00,0.000000e+00,0.000000e+00,0.000000e+00,0.000000e+00,0.000000e+00,0.000000e+00,0.000000e+00,4.574827e-19,4.405954e-19,-4.633782e-23,1.157804e-32,2.076372e-27,2.513068e-23,1.759595e-24,-1.952336e-33
1424.5268,200.00,275.0000,3.283245e+01,1.648495e-01,C,3.172226e-03,1.333333e-01,0.3167%,2.693840e-02,2.456749e-02,4.929035e-05,3.718758e-16,9.847434e-11,2.404796e-05,5.386341e-07,0.000000e+00,0.000000e+00,1.550633e-18,0.000000e+00,0.000000e+00,0.000000e+00,0.000000e+00,0.000000e+00,0.000000e+00,2.678799e-18,2.973354e-30,1.509015e-18,1.367289e-32,1.553460e-23,1.096774e-18,1.490049e-20,-2.088224e-43,-2.223413e-18,-1.111742e-18,-1.509060e-18,-1.943091e-33,-1.553248e-23,-1.096748e-18,-1.489868e-20,-1.942369e-33,0.000000e+00,0.000000e+00,0.000000e+00,0.000000e+00,0.000000e+00,0.000000e+00,0.000000e+00,0.000000e+00,4.553864e-19,4.388912e-19,-4.524702e-23,1.172980e-32,2.124578e-27,2.601479e-23,1.812756e-24,-1.942369e-33
1444.5268,200.00,275.0000,3.350329e+01,1.641144e-01,C,3.168850e-03,1.333333e-01,0.3164%,2.722553e-02,2.484433e-02,4.925997e-05,3.800604e-16,9.958964e-11,2.406325e-05,5.396550e-07,0.000000e+00,0.000000e+00,1.550633e-18,0.000000e+00,0.000000e+00,0.000000e+00,0.000000e+00,0.000000e+00,0.000000e+00,2.680110e-18,3.886024e-30,1.511513e-18,1.381589e-32,1.571113e-23,1.098325e-18,1.503060e-20,4.594092e-43,-2.226775e-18,-1.113423e-18,-1.511557e-18,-1.933260e-33,-1.570896e-23,-1.098298e-18,-1.502874e-20,-1.932527e-33,0.000000e+00,0.000000e+00,0.000000e+00,0.000000e+00,0.000000e+00,0.000000e+00,0.000000e+00,0.000000e+00,4.533347e-19,4.372099e-19,-4.415563e-23,1.188263e-32,2.170604e-27,2.682321e-23,1.863157e-24,-1.932527e-33
1464.5268,200.00,275.0000,3.417950e+01,1.633901e-01,C,3.165581e-03,1.333333e-01,0.3161%,2.751137e-02,2.512012e-02,4.922991e-05,3.878986e-16,1.006901e-10,2.407884e-05,5.406832e-07,0.000000e+00,0.000000e+00,1.550633e-18,0.000000e+00,0.000000e+00,0.000000e+00,0.000000e+00,0.000000e+00,0.000000e+00,2.681282e-18,5.031167e-30,1.513942e-18,1.395528e-32,1.588531e-23,1.099835e-18,1.515871e-20,8.770539e-43,-2.230092e-18,-1.115082e-18,-1.514013e-18,-1.923532e-33,-1.588636e-23,-1.099826e-18,-1.515870e-20,-1.922791e-33,0.000000e+00,0.000000e+00,0.000000e+00,0.000000e+00,0.000000e+00,0.000000e+00,0.000000e+00,0.000000e+00,4.511906e-19,4.355514e-19,-7.081180e-23,1.203175e-32,-1.049080e-27,8.744298e-24,1.005555e-26,-1.922791e-33
1484.5268,200.00,275.0000,3.486110e+01,1.626858e-01,C,3.162300e-03,1.333333e-01,0.3157%,2.779593e-02,2.539488e-02,4.920050e-05,3.961508e-16,1.018161e-10,2.409496e-05,5.417415e-07,0.000000e+00,0.000000e+00,1.550633e-18,0.000000e+00,0.000000e+00,0.000000e+00,0.000000e+00,0.000000e+00,0.000000e+00,2.682581e-18,6.509234e-30,1.516358e-18,1.410020e-32,1.606354e-23,1.101341e-18,1.528859e-20,0.000000e+00,-2.233321e-18,-1.116696e-18,-1.516400e-18,-1.913883e-33,-1.606127e-23,-1.101313e-18,-1.528661e-20,-1.913124e-33,0.000000e+00,0.000000e+00,0.000000e+00,0.000000e+00,0.000000e+00,0.000000e+00,0.000000e+00,0.000000e+00,4.492606e-19,4.339366e-19,-4.225910e-23,1.218632e-32,2.273787e-27,2.864098e-23,1.974929e-24,-1.913124e-33
1504.5268,200.00,275.0000,3.554798e+01,1.619830e-01,C,3.159067e-03,1.333333e-01,0.3154%,2.807925e-02,2.566860e-02,4.917155e-05,4.041704e-16,1.029470e-10,2.411143e-05,5.428165e-07,0.000000e+00,0.000000e+00,1.550633e-18,0.000000e+00,0.000000e+00,0.000000e+00,0.000000e+00,0.000000e+00,0.000000e+00,2.683870e-18,8.386235e-30,1.518734e-18,1.424595e-32,1.624252e-23,1.102825e-18,1.541828e-20,7.935250e-43,-2.236547e-18,-1.118310e-18,-1.518775e-18,-1.899862e-33,-1.624020e-23,-1.102796e-18,-1.541626e-20,-1.903597e-33,0.000000e+00,0.000000e+00,0.000000e+00,0.000000e+00,0.000000e+00,0.000000e+00,0.000000e+00,0.000000e+00,4.473232e-19,4.323233e-19,-4.121903e-23,1.234609e-32,2.319638e-27,2.927321e-23,2.014573e-24,-1.903597e-33
1524.5268,200.00,275.0000,3.624011e+01,1.612908e-01,C,3.155882e-03,1.333333e-01,0.3151%,2.836133e-02,2.594132e-02,4.914307e-05,4.131301e-16,1.040819e-10,2.412824e-05,5.439072e-07,0.000000e+00,0.000000e+00,1.550633e-18,0.000000e+00,0.000000e+00,0.000000e+00,0.000000e+00,0.000000e+00,0.000000e+00,2.685146e-18,1.075401e-29,1.521070e-18,1.439242e-32,1.642216e-23,1.104287e-18,1.554775e-20,5.011737e-43,-2.239728e-18,-1.119901e-18,-1.521111e-18,-1.873302e-33,-1.641980e-23,-1.104257e-18,-1.554569e-20,-1.894174e-33,0.000000e+00,0.000000e+00,0.000000e+00,0.000000e+00,0.000000e+00,0.000000e+00,0.000000e+00,0.000000e+00,4.454179e-19,4.307324e-19,-4.018887e-23,1.251912e-32,2.359468e-27,2.990037e-23,2.058112e-24,-1.894174e-33
1544.5268,200.00,275.0000,3.693747e+01,1.606090e-01,C,3.152746e-03,1.333333e-01,0.3148%,2.864221e-02,2.621305e-02,4.911503e-05,4.216646e-16,1.052205e-10,2.414537e-05,5.450126e-07,0.000000e+00,0.000000e+00,1.550633e-18,0.000000e+00,0.000000e+00,0.000000e+00,0.000000e+00,0.000000e+00,0.000000e+00,2.686407e-18,1.372737e-29,1.523367e-18,1.453947e-32,1.660238e-23,1.105726e-18,1.567697e-20,1.712343e-42,-2.242865e-18,-1.121469e-18,-1.523407e-18,-1.883906e-33,-1.659997e-23,-1.105696e-18,-1.567486e-20,-1.884854e-33,0.000000e+00,0.000000e+00,0.000000e+00,0.000000e+00,0.000000e+00,0.000000e+00,0.000000e+00,0.000000e+00,4.435417e-19,4.291637e-19,-3.918876e-23,1.265557e-32,2.406512e-27,3.049645e-23,2.100540e-24,-1.884854e-33
1564.5268,200.00,275.0000,3.764005e+01,1.599377e-01,C,3.149716e-03,1.333333e-01,0.3145%,2.892190e-02,2.648379e-02,4.908725e-05,4.302286e-16,1.063402e-10,2.416270e-05,5.461192e-07,0.000000e+00,0.000000e+00,1.550633e-18,0.000000e+00,0.000000e+00,0.000000e+00,0.000000e+00,0.000000e+00,0.000000e+00,2.687516e-18,1.744406e-29,1.525599e-18,1.468209e-32,1.677960e-23,1.107125e-18,1.580389e-20,2.505868e-42,-2.245958e-18,-1.123016e-18,-1.525664e-18,-1.876430e-33,-1.678065e-23,-1.107113e-18,-1.580374e-20,-1.875635e-33,0.000000e+00,0.000000e+00,0.000000e+00,0.000000e+00,0.000000e+00,0.000000e+00,0.000000e+00,0.000000e+00,4.415577e-19,4.276172e-19,-6.530557e-23,1.280566e-32,-1.044470e-27,1.251642e-23,1.505169e-25,-1.875635e-33
1584.5268,200.00,275.0000,3.834781e+01,1.592858e-01,C,3.146677e-03,1.333333e-01,0.3142%,2.920042e-02,2.675356e-02,4.906006e-05,4.385969e-16,1.074844e-10,2.418042e-05,5.472511e-07,0.000000e+00,0.000000e+00,1.550633e-18,0.000000e+00,0.000000e+00,0.000000e+00,0.000000e+00,0.000000e+00,0.000000e+00,2.688738e-18,2.204472e-29,1.527819e-18,1.482991e-32,1.696069e-23,1.108521e-18,1.593244e-20,2.714691e-42,-2.248965e-18,-1.124519e-18,-1.527856e-18,-1.867288e-33,-1.695818e-23,-1.108489e-18,-1.593024e-20,-1.866484e-33,0.000000e+00,0.000000e+00,0.000000e+00,0.000000e+00,0.000000e+00,0.000000e+00,0.000000e+00,0.000000e+00,4.397732e-19,4.261137e-19,-3.754194e-23,1.296262e-32,2.510557e-27,3.203828e-23,2.201789e-24,-1.866484e-33
1604.5268,200.00,275.0000,3.906068e+01,1.586351e-01,C,3.143687e-03,1.333333e-01,0.3139%,2.947779e-02,2.702238e-02,4.903328e-05,4.477253e-16,1.086305e-10,2.419841e-05,5.483945e-07,0.000000e+00,0.000000e+00,1.550633e-18,0.000000e+00,0.000000e+00,0.000000e+00,0.000000e+00,0.000000e+00,0.000000e+00,2.689937e-18,2.771590e-29,1.530001e-18,1.497798e-32,1.714210e-23,1.109896e-18,1.606060e-20,2.798220e-42,-2.251969e-18,-1.126022e-18,-1.530038e-18,2.986977e-32,-1.713956e-23,-1.109863e-18,-1.605836e-20,-1.857467e-33,0.000000e+00,0.000000e+00,0.000000e+00,0.000000e+00,0.000000e+00,0.000000e+00,0.000000e+00,0.000000e+00,4.379678e-19,4.246112e-19,-3.665537e-23,4.484776e-32,2.536953e-27,3.262194e-23,2.243509e-24,-1.857467e-33
1624.5268,200.00,275.0000,3.977866e+01,1.579855e-01,C,3.140746e-03,1.333333e-01,0.3136%,2.975402e-02,2.729025e-02,4.900691e-05,4.565894e-16,1.097781e-10,2.421665e-05,5.495489e-07,0.000000e+00,0.000000e+00,1.550633e-18,0.000000e+00,0.000000e+00,0.000000e+00,0.000000e+00,0.000000e+00,0.000000e+00,2.691111e-18,3.473026e-29,1.532146e-18,1.512617e-32,1.732372e-23,1.111249e-18,1.618833e-20,4.259976e-42,-2.254972e-18,-1.127523e-18,-1.532208e-18,-1.849426e-33,-1.732566e-23,-1.111234e-18,-1.618811e-20,-1.848711e-33,0.000000e+00,0.000000e+00,0.000000e+00,0.000000e+00,0.000000e+00,0.000000e+00,0.000000e+00,0.000000e+00,4.361389e-19,4.231097e-19,-6.228949e-23,1.327675e-32,-1.937346e-27,1.440103e-23,2.212422e-25,-1.848711e-33
1644.5268,200.00,275.0000,4.050171e+01,1.573550e-01,C,3.137798e-03,1.333333e-01,0.3133%,3.002914e-02,2.755720e-02,4.898109e-05,4.657320e-16,1.109499e-10,2.423524e-05,5.507264e-07,0.000000e+00,0.000000e+00,1.550633e-18,0.000000e+00,0.000000e+00,0.000000e+00,0.000000e+00,0.000000e+00,0.000000e+00,2.692392e-18,4.330592e-29,1.534280e-18,1.527948e-32,1.750919e-23,1.112599e-18,1.631765e-20,5.304088e-42,-2.257889e-18,-1.128982e-18,-1.534315e-18,1.128181e-33,-1.750654e-23,-1.112565e-18,-1.631534e-20,-1.839761e-33,0.000000e+00,0.000000e+00,0.000000e+00,0.000000e+00,0.000000e+00,0.000000e+00,0.000000e+00,0.000000e+00,4.345025e-19,4.216508e-19,-3.478724e-23,1.640766e-32,2.646523e-27,3.346112e-23,2.310546e-24,-1.839761e-33
1664.5268,200.00,275.0000,4.122978e+01,1.567346e-01,C,3.134955e-03,1.333333e-01,0.3130%,3.030316e-02,2.782322e-02,4.895548e-05,4.747103e-16,1.120991e-10,2.425392e-05,5.519000e-07,0.000000e+00,0.000000e+00,1.550633e-18,0.000000e+00,0.000000e+00,0.000000e+00,0.000000e+00,0.000000e+00,0.000000e+00,2.693508e-18,5.379589e-29,1.536351e-18,1.542759e-32,1.769107e-23,1.113910e-18,1.644440e-20,6.807609e-42,-2.260764e-18,-1.130419e-18,-1.536385e-18,-1.831911e-33,-1.768837e-23,-1.113876e-18,-1.644205e-20,-1.831036e-33,0.000000e+00,0.000000e+00,0.000000e+00,0.000000e+00,0.000000e+00,0.000000e+00,0.000000e+00,0.000000e+00,4.327447e-19,4.202135e-19,-3.405191e-23,1.359568e-32,2.694910e-27,3.410895e-23,2.354137e-24,-1.831036e-33
1684.5268,200.00,275.0000,4.196286e+01,1.561151e-01,C,3.132162e-03,1.333333e-01,0.3127%,3.057611e-02,2.808834e-02,4.893024e-05,4.835824e-16,1.132479e-10,2.427282e-05,5.530820e-07,0.000000e+00,0.000000e+00,1.550633e-18,0.000000e+00,0.000000e+00,0.000000e+00,0.000000e+00,0.000000e+00,0.000000e+00,2.694593e-18,6.651014e-29,1.538386e-18,1.557546e-32,1.787289e-23,1.115199e-18,1.657059e-20,8.144072e-42,-2.263636e-18,-1.131856e-18,-1.538445e-18,-1.807904e-33,-1.787393e-23,-1.115183e-18,-1.657030e-20,-1.822443e-33,0.000000e+00,0.000000e+00,0.000000e+00,0.000000e+00,0.000000e+00,0.000000e+00,0.000000e+00,0.000000e+00,4.309562e-19,4.187770e-19,-5.949068e-23,1.376755e-32,-1.041088e-27,1.609661e-23,2.850543e-25,-1.822443e-33
1704.5268,200.00,275.0000,4.270088e+01,1.555149e-01,C,3.129362e-03,1.333333e-01,0.3124%,3.084798e-02,2.835256e-02,4.890553e-05,4.933907e-16,1.144454e-10,2.429201e-05,5.542847e-07,0.000000e+00,0.000000e+00,1.550633e-18,0.000000e+00,0.000000e+00,0.000000e+00,0.000000e+00,0.000000e+00,0.000000e+00,2.695778e-18,8.189638e-29,1.540411e-18,1.572825e-32,1.805841e-23,1.116487e-18,1.669829e-20,9.355242e-42,-2.266424e-18,-1.133249e-18,-1.540443e-18,-1.814742e-33,-1.805160e-23,-1.116451e-18,-1.669586e-20,-1.813761e-33,0.000000e+00,0.000000e+00,0.000000e+00,0.000000e+00,0.000000e+00,0.000000e+00,0.000000e+00,0.000000e+00,4.293541e-19,4.173836e-19,-3.249275e-23,1.391350e-32,6.802914e-27,3.515920e-23,2.437363e-24,-1.813761e-33
1724.5268,200.00,275.0000,4.344385e+01,1.549149e-01,C,3.126611e-03,1.333333e-01,0.3122%,3.111881e-02,2.861589e-02,4.888116e-05,5.024765e-16,1.155990e-10,2.431138e-05,5.554945e-07,0.000000e+00,0.000000e+00,1.550633e-18,0.000000e+00,0.000000e+00,0.000000e+00,0.000000e+00,0.000000e+00,0.000000e+00,2.696927e-18,1.004138e-28,1.542401e-18,1.588063e-32,1.824378e-23,1.117753e-18,1.682538e-20,1.123464e-41,-2.269211e-18,-1.134644e-18,-1.542432e-18,-1.806395e-33,-1.823970e-23,-1.117718e-18,-1.682291e-20,-1.805466e-33,0.000000e+00,0.000000e+00,0.000000e+00,0.000000e+00,0.000000e+00,0.000000e+00,0.000000e+00,0.000000e+00,4.277156e-19,4.159894e-19,-3.169188e-23,1.407424e-32,4.079576e-27,3.556880e-23,2.472451e-24,-1.805466e-33
1744.5268,200.00,275.0000,4.419167e+01,1.543249e-01,C,3.123911e-03,1.333333e-01,0.3119%,3.138861e-02,2.887835e-02,4.885714e-05,5.118784e-16,1.167612e-10,2.433091e-05,5.567103e-07,0.000000e+00,0.000000e+00,1.550633e-18,0.000000e+00,0.000000e+00,0.000000e+00,0.000000e+00,0.000000e+00,0.000000e+00,2.698038e-18,1.226480e-28,1.544355e-18,1.603252e-32,1.842891e-23,1.118999e-18,1.695181e-20,1.445051e-41,-2.271956e-18,-1.136016e-18,-1.544386e-18,-8.218857e-34,-1.842600e-23,-1.118963e-18,-1.694930e-20,-1.797195e-33,0.000000e+00,0.000000e+00,0.000000e+00,0.000000e+00,0.000000e+00,0.000000e+00,0.000000e+00,0.000000e+00,4.260819e-19,4.146168e-19,-3.095808e-23,1.521063e-32,2.916089e-27,3.603562e-23,2.509436e-24,-1.797195e-33
1764.5268,200.00,275.0000,4.494436e+01,1.537358e-01,C,3.121205e-03,1.333333e-01,0.3116%,3.165739e-02,2.913995e-02,4.883361e-05,5.216109e-16,1.179537e-10,2.435070e-05,5.579453e-07,0.000000e+00,0.000000e+00,1.550633e-18,0.000000e+00,0.000000e+00,0.000000e+00,0.000000e+00,0.000000e+00,0.000000e+00,2.699244e-18,1.491900e-28,1.546300e-18,1.618920e-32,1.861768e-23,1.120243e-18,1.707970e-20,1.774990e-41,-2.274699e-18,-1.137388e-18,-1.546330e-18,-1.772792e-33,-1.861473e-23,-1.120207e-18,-1.707717e-20,-1.789005e-33,0.000000e+00,0.000000e+00,0.000000e+00,0.000000e+00,0.000000e+00,0.000000e+00,0.000000e+00,0.000000e+00,4.245448e-19,4.132450e-19,-3.006948e-23,1.441641e-32,2.942126e-27,3.619190e-23,2.530605e-24,-1.789005e-33
1784.5268,200.00,275.0000,4.570185e+01,1.531653e-01,C,3.118603e-03,1.333333e-01,0.3114%,3.192517e-02,2.940069e-02,4.881025e-05,5.312020e-16,1.191189e-10,2.437052e-05,5.591713e-07,0.000000e+00,0.000000e+00,1.550633e-18,0.000000e+00,0.000000e+00,0.000000e+00,0.000000e+00,0.000000e+00,0.000000e+00,2.700273e-18,1.808034e-28,1.548185e-18,1.633974e-32,1.880209e-23,1.121448e-18,1.720469e-20,2.058988e-41,-2.277359e-18,-1.138718e-18,-1.548215e-18,-1.782652e-33,-1.879909e-23,-1.121411e-18,-1.720212e-20,-1.780877e-33,0.000000e+00,0.000000e+00,0.000000e+00,0.000000e+00,0.000000e+00,0.000000e+00,0.000000e+00,0.000000e+00,4.229140e-19,4.119151e-19,-2.946354e-23,1.455709e-32,2.994557e-27,3.681982e-23,2.577775e-24,-1.780877e-33
1804.5268,200.00,275.0000,4.646412e+01,1.525954e-01,C,3.115997e-03,1.333333e-01,0.3111%,3.219195e-02,2.966059e-02,4.878736e-05,5.406956e-16,1.203069e-10,2.439058e-05,5.604153e-07,0.000000e+00,0.000000e+00,1.550633e-18,0.000000e+00,0.000000e+00,0.000000e+00,0.000000e+00,0.000000e+00,0.000000e+00,2.701393e-18,2.183119e-28,1.550062e-18,1.649494e-32,1.899003e-23,1.122651e-18,1.733110e-20,2.497515e-41,-2.280018e-18,-1.140047e-18,-1.550090e-18,-1.666783e-33,-1.898690e-23,-1.122614e-18,-1.732849e-20,-1.772869e-33,0.000000e+00,0.000000e+00,0.000000e+00,0.000000e+00,0.000000e+00,0.000000e+00,0.000000e+00,0.000000e+00,4.213757e-19,4.105855e-19,-2.871051e-23,1.482815e-32,3.127140e-27,3.710450e-23,2.608392e-24,-1.772869e-33
1824.5268,200.00,275.0000,4.723117e+01,1.520352e-01,C,3.113440e-03,1.333333e-01,0.3109%,3.245777e-02,2.991966e-02,4.876477e-05,5.506234e-16,1.214907e-10,2.441075e-05,5.616630e-07,0.000000e+00,0.000000e+00,1.550633e-18,0.000000e+00,0.000000e+00,0.000000e+00,0.000000e+00,0.000000e+00,0.000000e+00,2.702468e-18,2.626453e-28,1.551904e-18,1.664922e-32,1.917742e-23,1.123834e-18,1.745671e-20,2.977807e-41,-2.282634e-18,-1.141356e-18,-1.551932e-18,-1.765921e-33,-1.917430e-23,-1.123796e-18,-1.745407e-20,-1.764949e-33,0.000000e+00,0.000000e+00,0.000000e+00,0.000000e+00,0.000000e+00,0.000000e+00,0.000000e+00,0.000000e+00,4.198338e-19,4.092770e-19,-2.803448e-23,1.488330e-32,3.119389e-27,3.748643e-23,2.642167e-24,-1.764949e-33
1844.5268,200.00,275.0000,4.800293e+01,1.514756e-01,C,3.110878e-03,1.333333e-01,0.3106%,3.272262e-02,3.017790e-02,4.874264e-05,5.606881e-16,1.226969e-10,2.443115e-05,5.629277e-07,0.000000e+00,0.000000e+00,1.550633e-18,0.000000e+00,0.000000e+00,0.000000e+00,0.000000e+00,0.000000e+00,0.000000e+00,2.703632e-18,3.149315e-28,1.553738e-18,1.680811e-32,1.936833e-23,1.125015e-18,1.758371e-20,3.533274e-41,-2.285251e-18,-1.142664e-18,-1.553766e-18,4.430260e-33,-1.936519e-23,-1.124977e-18,-1.758105e-20,-1.757146e-33,0.000000e+00,0.000000e+00,0.000000e+00,0.000000e+00,0.000000e+00,0.000000e+00,0.000000e+00,0.000000e+00,4.183813e-19,4.079687e-19,-2.722155e-23,2.123837e-32,3.142696e-27,3.760648e-23,2.661452e-24,-1.757146e-33
1864.5268,200.00,275.0000,4.877936e+01,1.509255e-01,C,3.108421e-03,1.333333e-01,0.3104%,3.298652e-02,3.043533e-02,4.872064e-05,5.706771e-16,1.238723e-10,2.445153e-05,5.641806e-07,0.000000e+00,0.000000e+00,1.550633e-18,0.000000e+00,0.000000e+00,0.000000e+00,0.000000e+00,0.000000e+00,0.000000e+00,2.704610e-18,3.762842e-28,1.555514e-18,1.696025e-32,1.955437e-23,1.126158e-18,1.770759e-20,4.214035e-41,-2.287825e-18,-1.143951e-18,-1.555566e-18,-1.750430e-33,-1.955698e-23,-1.126138e-18,-1.770717e-20,-1.749430e-33,0.000000e+00,0.000000e+00,0.000000e+00,0.000000e+00,0.000000e+00,0.000000e+00,0.000000e+00,0.000000e+00,4.167852e-19,4.066814e-19,-5.189763e-23,1.520982e-32,-2.607426e-27,1.977967e-23,4.255871e-25,-1.749430e-33
1884.5268,200.00,275.0000,4.956045e+01,1.503848e-01,C,3.105959e-03,1.333333e-01,0.3101%,3.324949e-02,3.069196e-02,4.869908e-05,5.807785e-16,1.250812e-10,2.447211e-05,5.654496e-07,0.000000e+00,0.000000e+00,1.550633e-18,0.000000e+00,0.000000e+00,0.000000e+00,0.000000e+00,0.000000e+00,0.000000e+00,2.705674e-18,4.481613e-28,1.557282e-18,1.711685e-32,1.974383e-23,1.127299e-18,1.783282e-20,4.911502e-41,-2.290358e-18,-1.145218e-18,-1.557333e-18,-1.742810e-33,-1.974301e-23,-1.127279e-18,-1.783238e-20,-1.741798e-33,0.000000e+00,0.000000e+00,0.000000e+00,0.000000e+00,0.000000e+00,0.000000e+00,0.000000e+00,0.000000e+00,4.153163e-19,4.054149e-19,-5.114260e-23,1.537404e-32,8.205824e-28,2.011311e-23,4.384240e-25,-1.741798e-33
1904.5268,200.00,275.0000,5.034619e+01,1.498535e-01,C,3.103547e-03,1.333333e-01,0.3099%,3.351153e-02,3.094779e-02,4.867779e-05,5.909508e-16,1.262611e-10,2.449277e-05,5.667200e-07,0.000000e+00,0.000000e+00,1.550633e-18,0.000000e+00,0.000000e+00,0.000000e+00,0.000000e+00,0.000000e+00,0.000000e+00,2.706685e-18,5.320065e-28,1.559017e-18,1.727212e-32,1.993243e-23,1.128420e-18,1.795711e-20,5.788556e-41,-2.292849e-18,-1.146464e-18,-1.559068e-18,-1.735278e-33,-1.993346e-23,-1.128400e-18,-1.795665e-20,-1.734253e-33,0.000000e+00,0.000000e+00,0.000000e+00,0.000000e+00,0.000000e+00,0.000000e+00,0.000000e+00,0.000000e+00,4.138366e-19,4.041692e-19,-5.047364e-23,1.553684e-32,-1.031128e-27,2.054992e-23,4.549186e-25,-1.734253e-33
1924.5268,200.00,275.0000,5.113652e+01,1.493315e-01,C,3.101131e-03,1.333333e-01,0.3096%,3.377267e-02,3.120283e-02,4.865692e-05,6.012611e-16,1.274742e-10,2.451362e-05,5.680058e-07,0.000000e+00,0.000000e+00,1.550633e-18,0.000000e+00,0.000000e+00,0.000000e+00,0.000000e+00,0.000000e+00,0.000000e+00,2.707780e-18,6.296048e-28,1.560745e-18,1.743180e-32,2.012443e-23,1.129540e-18,1.808272e-20,6.845197e-41,-2.295298e-18,-1.147689e-18,-1.560770e-18,-1.257654e-33,-2.012107e-23,-1.129501e-18,-1.807992e-20,-1.726789e-33,0.000000e+00,0.000000e+00,0.000000e+00,0.000000e+00,0.000000e+00,0.000000e+00,0.000000e+00,0.000000e+00,4.124811e-19,4.029443e-19,-2.474501e-23,1.617414e-32,3.351820e-27,3.904941e-23,2.797253e-24,-1.726789e-33
1944.5268,200.00,275.0000,5.193146e+01,1.488099e-01,C,3.098764e-03,1.333333e-01,0.3094%,3.403290e-02,3.145709e-02,4.863630e-05,6.117325e-16,1.286812e-10,2.453454e-05,5.692921e-07,0.000000e+00,0.000000e+00,1.550633e-18,0.000000e+00,0.000000e+00,0.000000e+00,0.000000e+00,0.000000e+00,0.000000e+00,2.708818e-18,7.428534e-28,1.562441e-18,1.759000e-32,2.031543e-23,1.130640e-18,1.820733e-20,8.031308e-41,-2.297748e-18,-1.148914e-18,-1.562465e-18,-1.617542e-33,-2.031204e-23,-1.130601e-18,-1.820450e-20,-1.719435e-33,0.000000e+00,0.000000e+00,0.000000e+00,0.000000e+00,0.000000e+00,0.000000e+00,0.000000e+00,0.000000e+00,4.110700e-19,4.017193e-19,-2.412330e-23,1.597246e-32,3.393600e-27,3.920622e-23,2.823577e-24,-1.719435e-33
1964.5268,200.00,275.0000,5.273092e+01,1.482889e-01,C,3.096447e-03,1.333333e-01,0.3092%,3.429225e-02,3.171059e-02,4.861594e-05,6.220066e-16,1.298811e-10,2.455552e-05,5.705780e-07,0.000000e+00,0.000000e+00,1.550633e-18,0.000000e+00,0.000000e+00,0.000000e+00,0.000000e+00,0.000000e+00,0.000000e+00,2.709800e-18,8.738532e-28,1.564105e-18,1.774660e-32,2.050533e-23,1.131721e-18,1.833089e-20,9.346889e-41,-2.300198e-18,-1.150138e-18,-1.564153e-18,-1.712832e-33,-2.051067e-23,-1.131700e-18,-1.833040e-20,-1.712190e-33,0.000000e+00,0.000000e+00,0.000000e+00,0.000000e+00,0.000000e+00,0.000000e+00,0.000000e+00,0.000000e+00,4.096022e-19,4.004945e-19,-4.833874e-23,1.603376e-32,-5.344580e-27,2.142743e-23,4.889209e-25,-1.712190e-33
1984.5268,200.00,275.0000,5.353481e+01,1.477771e-01,C,3.094127e-03,1.333333e-01,0.3089%,3.455073e-02,3.196332e-02,4.859597e-05,6.332561e-16,1.311021e-10,2.457665e-05,5.718779e-07,0.000000e+00,0.000000e+00,1.550633e-18,0.000000e+00,0.000000e+00,0.000000e+00,0.000000e+00,0.000000e+00,0.000000e+00,2.710860e-18,1.025067e-27,1.565762e-18,1.790749e-32,2.069856e-23,1.132800e-18,1.845572e-20,1.089635e-40,-2.302606e-18,-1.151343e-18,-1.565810e-18,-1.706106e-33,-2.069960e-23,-1.132779e-18,-1.845523e-20,-1.705026e-33,0.000000e+00,0.000000e+00,0.000000e+00,0.000000e+00,0.000000e+00,0.000000e+00,0.000000e+00,0.000000e+00,4.082539e-19,3.992902e-19,-4.759488e-23,1.620138e-32,-1.036600e-27,2.159174e-23,4.956885e-25,-1.705026e-33
2004.5268,200.00,275.0000,5.434316e+01,1.472745e-01,C,3.091856e-03,1.333333e-01,0.3087%,3.480834e-02,3.221530e-02,4.857624e-05,6.437406e-16,1.323154e-10,2.459782e-05,5.731766e-07,0.000000e+00,0.000000e+00,1.550633e-18,0.000000e+00,0.000000e+00,0.000000e+00,0.000000e+00,0.000000e+00,0.000000e+00,2.711860e-18,1.199034e-27,1.567388e-18,1.806661e-32,2.089058e-23,1.133860e-18,1.857946e-20,1.262540e-40,-2.304973e-18,-1.152526e-18,-1.567435e-18,-1.699034e-33,-2.089162e-23,-1.133838e-18,-1.857895e-20,-1.697943e-33,0.000000e+00,0.000000e+00,0.000000e+00,0.000000e+00,0.000000e+00,0.000000e+00,0.000000e+00,0.000000e+00,4.068869e-19,3.981064e-19,-4.694579e-23,1.636757e-32,-1.036955e-27,2.188376e-23,5.069684e-25,-1.697943e-33
2024.5268,200.00,275.0000,5.515598e+01,1.467810e-01,C,3.089583e-03,1.333333e-01,0.3085%,3.506510e-02,3.246653e-02,4.855690e-05,6.547538e-16,1.335495e-10,2.461915e-05,5.744889e-07,0.000000e+00,0.000000e+00,1.550633e-18,0.000000e+00,0.000000e+00,0.000000e+00,0.000000e+00,0.000000e+00,0.000000e+00,2.712937e-18,1.398874e-27,1.569007e-18,1.822995e-32,2.108589e-23,1.134919e-18,1.870446e-20,1.464680e-40,-2.307300e-18,-1.153690e-18,-1.569029e-18,-1.653950e-33,-2.108235e-23,-1.134879e-18,-1.870153e-20,-1.690934e-33,0.000000e+00,0.000000e+00,0.000000e+00,0.000000e+00,0.000000e+00,0.000000e+00,0.000000e+00,0.000000e+00,4.056369e-19,3.969432e-19,-2.170119e-23,1.657600e-32,3.545631e-27,4.012784e-23,2.928266e-24,-1.690934e-33
2044.5268,200.00,275.0000,5.597317e+01,1.462879e-01,C,3.087359e-03,1.333333e-01,0.3083%,3.532101e-02,3.271702e-02,4.853778e-05,6.660336e-16,1.347946e-10,2.464050e-05,5.757992e-07,0.000000e+00,0.000000e+00,1.550633e-18,0.000000e+00,0.000000e+00,0.000000e+00,0.000000e+00,0.000000e+00,0.000000e+00,2.713950e-18,1.627641e-27,1.570595e-18,1.839138e-32,2.127986e-23,1.135958e-18,1.882829e-20,1.694385e-40,-2.309626e-18,-1.154853e-18,-1.570617e-18,-1.685146e-33,-2.127316e-23,-1.135918e-18,-1.882534e-20,-1.684017e-33,0.000000e+00,0.000000e+00,0.000000e+00,0.000000e+00,0.000000e+00,0.000000e+00,0.000000e+00,0.000000e+00,4.043241e-19,3.957798e-19,-2.111651e-23,1.670624e-32,6.697959e-27,4.029464e-23,2.953636e-24,-1.684017e-33
2064.5268,200.00,275.0000,5.679473e+01,1.458038e-01,C,3.085184e-03,1.333333e-01,0.3080%,3.557609e-02,3.296679e-02,4.851887e-05,6.769161e-16,1.360007e-10,2.466187e-05,5.771070e-07,0.000000e+00,0.000000e+00,1.550633e-18,0.000000e+00,0.000000e+00,0.000000e+00,0.000000e+00,0.000000e+00,0.000000e+00,2.714900e-18,1.888880e-27,1.572153e-18,1.855075e-32,2.147237e-23,1.136978e-18,1.895093e-20,1.942883e-40,-2.311912e-18,-1.155996e-18,-1.572174e-18,-1.678339e-33,-2.146876e-23,-1.136938e-18,-1.894794e-20,-1.677203e-33,0.000000e+00,0.000000e+00,0.000000e+00,0.000000e+00,0.000000e+00,0.000000e+00,0.000000e+00,0.000000e+00,4.029878e-19,3.946368e-19,-2.061687e-23,1.687241e-32,3.609558e-27,4.061059e-23,2.989656e-24,-1.677203e-33
2084.5268,200.00,275.0000,5.762069e+01,1.453202e-01,C,3.083006e-03,1.333333e-01,0.3078%,3.583035e-02,3.321583e-02,4.850031e-05,6.879110e-16,1.372283e-10,2.468338e-05,5.784275e-07,0.000000e+00,0.000000e+00,1.550633e-18,0.000000e+00,0.000000e+00,0.000000e+00,0.000000e+00,0.000000e+00,0.000000e+00,2.715922e-18,2.186709e-27,1.573704e-18,1.871419e-32,2.166809e-23,1.137997e-18,1.907477e-20,2.230223e-40,-2.314197e-18,-1.157139e-18,-1.573725e-18,-1.536318e-33,-2.166440e-23,-1.137956e-18,-1.907175e-20,-1.670475e-33,0.000000e+00,0.000000e+00,0.000000e+00,0.000000e+00,0.000000e+00,0.000000e+00,0.000000e+00,0.000000e+00,4.017245e-19,3.934941e-19,-2.002994e-23,1.717787e-32,3.692867e-27,4.108752e-23,3.016700e-24,-1.670474e-33
2104.5268,200.00,275.0000,5.845094e+01,1.448454e-01,C,3.080878e-03,1.333333e-01,0.3076%,3.608380e-02,3.346416e-02,4.848196e-05,6.994379e-16,1.384621e-10,2.470490e-05,5.797447e-07,0.000000e+00,0.000000e+00,1.550633e-18,0.000000e+00,0.000000e+00,0.000000e+00,0.000000e+00,0.000000e+00,0.000000e+00,2.716877e-18,2.525279e-27,1.575226e-18,1.887543e-32,2.186222e-23,1.138997e-18,1.919735e-20,2.556403e-40,-2.316443e-18,-1.158262e-18,-1.575245e-18,-1.664984e-33,-2.185730e-23,-1.138956e-18,-1.919431e-20,-1.663821e-33,0.000000e+00,0.000000e+00,0.000000e+00,0.000000e+00,0.000000e+00,0.000000e+00,0.000000e+00,0.000000e+00,4.004336e-19,3.923709e-19,-1.952022e-23,1.721045e-32,4.922643e-27,4.093171e-23,3.039672e-24,-1.663820e-33
2124.5268,200.00,275.0000,5.928545e+01,1.443710e-01,C,3.078799e-03,1.333333e-01,0.3074%,3.633645e-02,3.371178e-02,4.846381e-05,7.106543e-16,1.396876e-10,2.472642e-05,5.810580e-07,0.000000e+00,0.000000e+00,1.550633e-18,0.000000e+00,0.000000e+00,0.000000e+00,0.000000e+00,0.000000e+00,0.000000e+00,2.717764e-18,2.909177e-27,1.576717e-18,1.903431e-32,2.205464e-23,1.139979e-18,1.931862e-20,2.926854e-40,-2.318689e-18,-1.159385e-18,-1.576760e-18,-1.658437e-33,-2.205302e-23,-1.139955e-18,-1.931806e-20,-1.657252e-33,0.000000e+00,0.000000e+00,0.000000e+00,0.000000e+00,0.000000e+00,0.000000e+00,0.000000e+00,0.000000e+00,3.990750e-19,3.912479e-19,-4.320984e-23,1.737587e-32,1.614954e-27,2.323995e-23,5.603168e-25,-1.657252e-33
2144.5268,200.00,275.0000,6.012421e+01,1.439055e-01,C,3.076717e-03,1.333333e-01,0.3072%,3.658830e-02,3.395870e-02,4.844600e-05,7.224213e-16,1.409063e-10,2.474806e-05,5.823830e-07,0.000000e+00,0.000000e+00,1.550633e-18,0.000000e+00,0.000000e+00,0.000000e+00,0.000000e+00,0.000000e+00,0.000000e+00,2.718720e-18,3.343964e-27,1.578203e-18,1.919714e-32,2.225016e-23,1.140959e-18,1.944105e-20,3.349511e-40,-2.320895e-18,-1.160488e-18,-1.578245e-18,-1.569029e-33,-2.225507e-23,-1.140935e-18,-1.944048e-20,-1.650782e-33,0.000000e+00,0.000000e+00,0.000000e+00,0.000000e+00,0.000000e+00,0.000000e+00,0.000000e+00,0.000000e+00,3.978258e-19,3.901451e-19,-4.263055e-23,1.762811e-32,-4.911357e-27,2.343770e-23,5.681491e-25,-1.650781e-33
2164.5268,200.00,275.0000,6.096722e+01,1.434489e-01,C,3.074633e-03,1.333333e-01,0.3070%,3.683937e-02,3.420493e-02,4.842853e-05,7.338198e-16,1.421618e-10,2.476981e-05,5.837195e-07,0.000000e+00,0.000000e+00,1.550633e-18,0.000000e+00,0.000000e+00,0.000000e+00,0.000000e+00,0.000000e+00,0.000000e+00,2.719745e-18,3.835391e-27,1.579683e-18,1.936392e-32,2.244885e-23,1.141938e-18,1.956465e-20,3.807667e-40,-2.323059e-18,-1.161570e-18,-1.579701e-18,-1.645522e-33,-2.244490e-23,-1.141896e-18,-1.956154e-20,-1.644368e-33,0.000000e+00,0.000000e+00,0.000000e+00,0.000000e+00,0.000000e+00,0.000000e+00,0.000000e+00,0.000000e+00,3.966853e-19,3.890626e-19,-1.801529e-23,1.771840e-32,3.950338e-27,4.146505e-23,3.115985e-24,-1.644367e-33
2184.5268,200.00,275.0000,6.181447e+01,1.429926e-01,C,3.072598e-03,1.333333e-01,0.3068%,3.708966e-02,3.445047e-02,4.841123e-05,7.457148e-16,1.434054e-10,2.479156e-05,5.850515e-07,0.000000e+00,0.000000e+00,1.550633e-18,0.000000e+00,0.000000e+00,0.000000e+00,0.000000e+00,0.000000e+00,0.000000e+00,2.720697e-18,4.389181e-27,1.581134e-18,1.952816e-32,2.264566e-23,1.142898e-18,1.968688e-20,4.343505e-40,-2.325225e-18,-1.162653e-18,-1.581151e-18,-1.498723e-33,-2.264165e-23,-1.142857e-18,-1.968374e-20,-1.638048e-33,0.000000e+00,0.000000e+00,0.000000e+00,0.000000e+00,0.000000e+00,0.000000e+00,0.000000e+00,0.000000e+00,3.954726e-19,3.879797e-19,-1.751678e-23,1.802944e-32,4.005286e-27,4.159722e-23,3.139715e-24,-1.638047e-33
2204.5268,200.00,275.0000,6.266586e+01,1.425365e-01,C,3.070612e-03,1.333333e-01,0.3066%,3.733919e-02,3.469533e-02,4.839410e-05,7.572730e-16,1.446537e-10,2.481329e-05,5.863781e-07,0.000000e+00,0.000000e+00,1.550633e-18,0.000000e+00,0.000000e+00,0.000000e+00,0.000000e+00,0.000000e+00,0.000000e+00,2.721577e-18,5.011975e-27,1.582556e-18,1.968972e-32,2.284049e-23,1.143840e-18,1.980768e-20,4.930713e-40,-2.327391e-18,-1.163736e-18,-1.582597e-18,-1.633048e-33,-2.283882e-23,-1.143816e-18,-1.980709e-20,-1.631802e-33,0.000000e+00,0.000000e+00,0.000000e+00,0.000000e+00,0.000000e+00,0.000000e+00,0.000000e+00,0.000000e+00,3.941866e-19,3.868966e-19,-4.091265e-23,1.805667e-32,1.668119e-27,2.389753e-23,5.868957e-25,-1.631801e-33
2224.5268,200.00,275.0000,6.352139e+01,1.420978e-01,C,3.068624e-03,1.333333e-01,0.3064%,3.758796e-02,3.493951e-02,4.837729e-05,7.689492e-16,1.459090e-10,2.483512e-05,5.877154e-07,0.000000e+00,0.000000e+00,1.550633e-18,0.000000e+00,0.000000e+00,0.000000e+00,0.000000e+00,0.000000e+00,0.000000e+00,2.722522e-18,5.711669e-27,1.583972e-18,1.985508e-32,2.303837e-23,1.144781e-18,1.992960e-20,5.571798e-40,-2.329476e-18,-1.164779e-18,-1.583989e-18,-1.626891e-33,-2.303079e-23,-1.144739e-18,-1.992641e-20,-1.625638e-33,0.000000e+00,0.000000e+00,0.000000e+00,0.000000e+00,0.000000e+00,0.000000e+00,0.000000e+00,0.000000e+00,3.930468e-19,3.858541e-19,-1.663145e-23,1.822819e-32,7.586023e-27,4.199934e-23,3.191752e-24,-1.625638e-33
2244.5268,200.00,275.0000,6.438101e+01,1.416508e-01,C,3.066684e-03,1.333333e-01,0.3062%,3.783598e-02,3.518303e-02,4.836064e-05,7.813335e-16,1.471444e-10,2.485692e-05,5.890467e-07,0.000000e+00,0.000000e+00,1.550633e-18,0.000000e+00,0.000000e+00,0.000000e+00,0.000000e+00,0.000000e+00,0.000000e+00,2.723392e-18,6.495535e-27,1.585360e-18,2.001762e-32,2.323412e-23,1.145703e-18,2.005004e-20,6.304347e-40,-2.331602e-18,-1.165842e-18,-1.585400e-18,-1.620817e-33,-2.323196e-23,-1.145679e-18,-2.004944e-20,-1.619532e-33,0.000000e+00,0.000000e+00,0.000000e+00,0.000000e+00,0.000000e+00,0.000000e+00,0.000000e+00,0.000000e+00,3.917903e-19,3.847909e-19,-3.989665e-23,1.839680e-32,2.163788e-27,2.431383e-23,6.032200e-25,-1.619532e-33
2264.5268,200.00,275.0000,6.524473e+01,1.412125e-01,C,3.064742e-03,1.333333e-01,0.3060%,3.808326e-02,3.542589e-02,4.834431e-05,7.932137e-16,1.483889e-10,2.487882e-05,5.903883e-07,0.000000e+00,0.000000e+00,1.550633e-18,0.000000e+00,0.000000e+00,0.000000e+00,0.000000e+00,0.000000e+00,0.000000e+00,2.724325e-18,7.372841e-27,1.586743e-18,2.018389e-32,2.343286e-23,1.146625e-18,2.017157e-20,7.114160e-40,-2.333689e-18,-1.166885e-18,-1.586782e-18,-1.614850e-33,-2.343581e-23,-1.146600e-18,-2.017097e-20,-1.613568e-33,0.000000e+00,0.000000e+00,0.000000e+00,0.000000e+00,0.000000e+00,0.000000e+00,0.000000e+00,0.000000e+00,3.906367e-19,3.837474e-19,-3.935346e-23,1.856904e-32,-2.953915e-27,2.441577e-23,6.075992e-25,-1.613567e-33
2284.5268,200.00,275.0000,6.611252e+01,1.407832e-01,C,3.062799e-03,1.333333e-01,0.3058%,3.832980e-02,3.566809e-02,4.832827e-05,8.055435e-16,1.496839e-10,2.490080e-05,5.917400e-07,0.000000e+00,0.000000e+00,1.550633e-18,0.000000e+00,0.000000e+00,0.000000e+00,0.000000e+00,0.000000e+00,0.000000e+00,2.725320e-18,8.353081e-27,1.588121e-18,2.035394e-32,2.363464e-23,1.147545e-18,2.029421e-20,8.010426e-40,-2.335734e-18,-1.167908e-18,-1.588137e-18,-1.608877e-33,-2.362873e-23,-1.147503e-18,-2.029095e-20,-1.607529e-33,0.000000e+00,0.000000e+00,0.000000e+00,0.000000e+00,0.000000e+00,0.000000e+00,0.000000e+00,0.000000e+00,3.895862e-19,3.827248e-19,-1.521376e-23,1.874506e-32,5.912290e-27,4.225450e-23,3.257311e-24,-1.607528e-33
2304.5268,200.00,275.0000,6.698437e+01,1.403536e-01,C,3.060905e-03,1.333333e-01,0.3056%,3.857563e-02,3.590964e-02,4.831237e-05,8.176832e-16,1.509206e-10,2.492275e-05,5.930851e-07,0.000000e+00,0.000000e+00,1.550633e-18,0.000000e+00,0.000000e+00,0.000000e+00,0.000000e+00,0.000000e+00,0.000000e+00,2.726237e-18,9.445346e-27,1.589471e-18,2.052093e-32,2.383414e-23,1.148448e-18,2.041529e-20,9.001079e-40,-2.337782e-18,-1.168932e-18,-1.589486e-18,-1.603091e-33,-2.383034e-23,-1.148405e-18,-2.041202e-20,-1.601779e-33,0.000000e+00,0.000000e+00,0.000000e+00,0.000000e+00,0.000000e+00,0.000000e+00,0.000000e+00,0.000000e+00,3.884557e-19,3.817007e-19,-1.477192e-23,1.891783e-32,3.802352e-27,4.232782e-23,3.272600e-24,-1.601778e-33
2324.5268,200.00,275.0000,6.786023e+01,1.399329e-01,C,3.059058e-03,1.333333e-01,0.3054%,3.882073e-02,3.615056e-02,4.829661e-05,8.301600e-16,1.521609e-10,2.494467e-05,5.944231e-07,0.000000e+00,0.000000e+00,1.550633e-18,0.000000e+00,0.000000e+00,0.000000e+00,0.000000e+00,0.000000e+00,0.000000e+00,2.727075e-18,1.066034e-26,1.590793e-18,2.068476e-32,2.403123e-23,1.149332e-18,2.053478e-20,1.010324e-39,-2.339789e-18,-1.169936e-18,-1.590807e-18,-1.337873e-33,-2.402758e-23,-1.149289e-18,-2.053148e-20,-1.595990e-33,0.000000e+00,0.000000e+00,0.000000e+00,0.000000e+00,0.000000e+00,0.000000e+00,0.000000e+00,0.000000e+00,3.872867e-19,3.806972e-19,-1.441530e-23,1.934689e-32,3.654470e-27,4.260110e-23,3.306764e-24,-1.595989e-33
2344.5268,200.00,275.0000,6.874004e+01,1.395124e-01,C,3.057210e-03,1.333333e-01,0.3053%,3.906513e-02,3.639083e-02,4.828114e-05,8.424525e-16,1.534387e-10,2.496666e-05,5.957703e-07,0.000000e+00,0.000000e+00,1.550633e-18,0.000000e+00,0.000000e+00,0.000000e+00,0.000000e+00,0.000000e+00,0.000000e+00,2.727973e-18,1.201080e-26,1.592110e-18,2.085214e-32,2.423123e-23,1.150215e-18,2.065532e-20,1.131608e-39,-2.341796e-18,-1.170940e-18,-1.592124e-18,-1.591620e-33,-2.422460e-23,-1.150172e-18,-2.065199e-20,-1.590272e-33,0.000000e+00,0.000000e+00,0.000000e+00,0.000000e+00,0.000000e+00,0.000000e+00,0.000000e+00,0.000000e+00,3.861761e-19,3.796932e-19,-1.398866e-23,1.926052e-32,6.630905e-27,4.268798e-23,3.328498e-24,-1.590271e-33
2364.5268,200.00,275.0000,6.962376e+01,1.390922e-01,C,3.055410e-03,1.333333e-01,0.3051%,3.930882e-02,3.663047e-02,4.826580e-05,8.549425e-16,1.546971e-10,2.498860e-05,5.971095e-07,0.000000e+00,0.000000e+00,1.550633e-18,0.000000e+00,0.000000e+00,0.000000e+00,0.000000e+00,0.000000e+00,0.000000e+00,2.728789e-18,1.350802e-26,1.593400e-18,2.101620e-32,2.442866e-23,1.151080e-18,2.077420e-20,1.266591e-39,-2.343805e-18,-1.171944e-18,-1.593437e-18,-1.585979e-33,-2.442896e-23,-1.151055e-18,-2.077357e-20,-1.584572e-33,0.000000e+00,0.000000e+00,0.000000e+00,0.000000e+00,0.000000e+00,0.000000e+00,0.000000e+00,0.000000e+00,3.849836e-19,3.786891e-19,-3.691945e-23,1.943022e-32,-2.992994e-28,2.510833e-23,6.358643e-25,-1.584571e-33
2384.5268,200.00,275.0000,7.051145e+01,1.386802e-01,C,3.053608e-03,1.333333e-01,0.3049%,3.955182e-02,3.686949e-02,4.825073e-05,8.676103e-16,1.559489e-10,2.501061e-05,5.984579e-07,0.000000e+00,0.000000e+00,1.550633e-18,0.000000e+00,0.000000e+00,0.000000e+00,0.000000e+00,0.000000e+00,0.000000e+00,2.729662e-18,1.516689e-26,1.594686e-18,2.118380e-32,2.462897e-23,1.151944e-18,2.089411e-20,1.413143e-39,-2.345774e-18,-1.172929e-18,-1.594722e-18,-1.580477e-33,-2.462837e-23,-1.151919e-18,-2.089347e-20,-1.579104e-33,0.000000e+00,0.000000e+00,0.000000e+00,0.000000e+00,0.000000e+00,0.000000e+00,0.000000e+00,0.000000e+00,3.838880e-19,3.777041e-19,-3.645856e-23,1.960333e-32,5.993244e-28,2.522919e-23,6.408645e-25,-1.579102e-33
2404.5268,200.00,275.0000,7.140308e+01,1.382782e-01,C,3.051805e-03,1.333333e-01,0.3047%,3.979413e-02,3.710789e-02,4.823593e-05,8.803308e-16,1.572236e-10,2.503270e-05,5.998154e-07,0.000000e+00,0.000000e+00,1.550633e-18,0.000000e+00,0.000000e+00,0.000000e+00,0.000000e+00,0.000000e+00,0.000000e+00,2.730593e-18,1.700213e-26,1.595967e-18,2.135498e-32,2.483218e-23,1.152808e-18,2.101505e-20,1.575606e-39,-2.347700e-18,-1.173891e-18,-1.595980e-18,-1.574942e-33,-2.482739e-23,-1.152765e-18,-2.101165e-20,-1.573264e-33,0.000000e+00,0.000000e+00,0.000000e+00,0.000000e+00,0.000000e+00,0.000000e+00,0.000000e+00,0.000000e+00,3.828925e-19,3.767423e-19,-1.279818e-23,1.978003e-32,4.791000e-27,4.300682e-23,3.395204e-24,-1.573263e-33
2424.5268,200.00,275.0000,7.229853e+01,1.378655e-01,C,3.050050e-03,1.333333e-01,0.3045%,4.003577e-02,3.734568e-02,4.822125e-05,8.929593e-16,1.584888e-10,2.505472e-05,6.011641e-07,0.000000e+00,0.000000e+00,1.550633e-18,0.000000e+00,0.000000e+00,0.000000e+00,0.000000e+00,0.000000e+00,0.000000e+00,2.731440e-18,1.902738e-26,1.597221e-18,2.152258e-32,2.503263e-23,1.153654e-18,2.113426e-20,1.753523e-39,-2.349674e-18,-1.174879e-18,-1.597257e-18,-9.441827e-34,-2.503825e-23,-1.153628e-18,-2.113361e-20,-1.568212e-33,0.000000e+00,0.000000e+00,0.000000e+00,0.000000e+00,0.000000e+00,0.000000e+00,0.000000e+00,0.000000e+00,3.817654e-19,3.757540e-19,-3.549896e-23,2.057839e-32,-5.620743e-27,2.532555e-23,6.456730e-25,-1.568210e-33
2444.5268,200.00,275.0000,7.319780e+01,1.374713e-01,C,3.048294e-03,1.333333e-01,0.3044%,4.027673e-02,3.758285e-02,4.820684e-05,9.058617e-16,1.597960e-10,2.507680e-05,6.025213e-07,0.000000e+00,0.000000e+00,1.550633e-18,0.000000e+00,0.000000e+00,0.000000e+00,0.000000e+00,0.000000e+00,0.000000e+00,2.732342e-18,2.126133e-26,1.598471e-18,2.169368e-32,2.523597e-23,1.154499e-18,2.125448e-20,1.948229e-39,-2.351564e-18,-1.175824e-18,-1.598483e-18,-1.564222e-33,-2.522851e-23,-1.154456e-18,-2.125104e-20,-1.562754e-33,0.000000e+00,0.000000e+00,0.000000e+00,0.000000e+00,0.000000e+00,0.000000e+00,0.000000e+00,0.000000e+00,3.807781e-19,3.748094e-19,-1.199831e-23,2.012946e-32,7.458166e-27,4.310821e-23,3.435553e-24,-1.562752e-33
2464.5268,200.00,275.0000,7.410092e+01,1.370686e-01,C,3.046585e-03,1.333333e-01,0.3042%,4.051702e-02,3.781942e-02,4.819253e-05,9.189612e-16,1.610717e-10,2.509883e-05,6.038694e-07,0.000000e+00,0.000000e+00,1.550633e-18,0.000000e+00,0.000000e+00,0.000000e+00,0.000000e+00,0.000000e+00,0.000000e+00,2.733158e-18,2.371922e-26,1.599694e-18,2.186104e-32,2.543638e-23,1.155326e-18,2.137291e-20,2.162481e-39,-2.353495e-18,-1.176789e-18,-1.599729e-18,-1.558911e-33,-2.543405e-23,-1.155300e-18,-2.137226e-20,-1.557354e-33,0.000000e+00,0.000000e+00,0.000000e+00,0.000000e+00,0.000000e+00,0.000000e+00,0.000000e+00,0.000000e+00,3.796628e-19,3.738439e-19,-3.461749e-23,2.030213e-32,2.333371e-27,2.549579e-23,6.530945e-25,-1.557352e-33
2484.5268,200.00,275.0000,7.500784e+01,1.366823e-01,C,3.044875e-03,1.333333e-01,0.3040%,4.075665e-02,3.805540e-02,4.817847e-05,9.319510e-16,1.623405e-10,2.512091e-05,6.052257e-07,0.000000e+00,0.000000e+00,1.550633e-18,0.000000e+00,0.000000e+00,0.000000e+00,0.000000e+00,0.000000e+00,0.000000e+00,2.734028e-18,2.642267e-26,1.600914e-18,2.203182e-32,2.563962e-23,1.156152e-18,2.149233e-20,2.397489e-39,-2.355348e-18,-1.177716e-18,-1.600925e-18,-1.553809e-33,-2.563230e-23,-1.156109e-18,-2.148885e-20,-1.552360e-33,0.000000e+00,0.000000e+00,0.000000e+00,0.000000e+00,0.000000e+00,0.000000e+00,0.000000e+00,0.000000e+00,3.786806e-19,3.729170e-19,-1.127553e-23,2.047801e-32,7.318791e-27,4.329560e-23,3.478652e-24,-1.552358e-33
2504.5268,200.00,275.0000,7.591851e+01,1.362879e-01,C,3.043213e-03,1.333333e-01,0.3039%,4.099563e-02,3.829078e-02,4.816451e-05,9.453246e-16,1.635995e-10,2.514294e-05,6.065721e-07,0.000000e+00,0.000000e+00,1.550633e-18,0.000000e+00,0.000000e+00,0.000000e+00,0.000000e+00,0.000000e+00,0.000000e+00,2.734811e-18,2.938884e-26,1.602107e-18,2.219869e-32,2.583979e-23,1.156961e-18,2.160991e-20,2.651960e-39,-2.357241e-18,-1.178663e-18,-1.602140e-18,-1.548693e-33,-2.584076e-23,-1.156935e-18,-2.160924e-20,-1.547229e-33,0.000000e+00,0.000000e+00,0.000000e+00,0.000000e+00,0.000000e+00,0.000000e+00,0.000000e+00,0.000000e+00,3.775697e-19,3.719701e-19,-3.381914e-23,2.065000e-32,-9.719719e-28,2.576061e-23,6.638170e-25,-1.547226e-33
2524.5268,200.00,275.0000,7.683293e+01,1.359022e-01,C,3.041549e-03,1.333333e-01,0.3037%,4.123396e-02,3.852557e-02,4.815080e-05,9.587038e-16,1.648794e-10,2.516501e-05,6.079265e-07,0.000000e+00,0.000000e+00,1.550633e-18,0.000000e+00,0.000000e+00,0.000000e+00,0.000000e+00,0.000000e+00,0.000000e+00,2.735646e-18,3.264241e-26,1.603296e-18,2.236891e-32,2.604272e-23,1.157769e-18,2.172844e-20,2.931448e-39,-2.359095e-18,-1.179590e-18,-1.603329e-18,-1.543635e-33,-2.604445e-23,-1.157743e-18,-2.172777e-20,-1.542157e-33,0.000000e+00,0.000000e+00,0.000000e+00,0.000000e+00,0.000000e+00,0.000000e+00,0.000000e+00,0.000000e+00,3.765509e-19,3.710432e-19,-3.340927e-23,2.082528e-32,-1.735798e-27,2.584071e-23,6.673159e-25,-1.542154e-33
2544.5268,200.00,275.0000,7.775109e+01,1.355250e-01,C,3.039884e-03,1.333333e-01,0.3035%,4.147165e-02,3.875978e-02,4.813732e-05,9.721408e-16,1.661716e-10,2.518712e-05,6.092887e-07,0.000000e+00,0.000000e+00,1.550633e-18,0.000000e+00,0.000000e+00,0.000000e+00,0.000000e+00,0.000000e+00,0.000000e+00,2.736533e-18,3.620685e-26,1.604481e-18,2.254251e-32,2.624843e-23,1.158577e-18,2.184793e-20,3.235535e-39,-2.360909e-18,-1.180497e-18,-1.604492e-18,-1.530819e-33,-2.624348e-23,-1.158533e-18,-2.184439e-20,-1.537134e-33,0.000000e+00,0.000000e+00,0.000000e+00,0.000000e+00,0.000000e+00,0.000000e+00,0.000000e+00,0.000000e+00,3.756238e-19,3.701362e-19,-1.021717e-23,2.101169e-32,4.947001e-27,4.349884e-23,3.540218e-24,-1.537131e-33
2564.5268,200.00,275.0000,7.867293e+01,1.351392e-01,C,3.038267e-03,1.333333e-01,0.3034%,4.170870e-02,3.899341e-02,4.812393e-05,9.855193e-16,1.674608e-10,2.520917e-05,6.106404e-07,0.000000e+00,0.000000e+00,1.550633e-18,0.000000e+00,0.000000e+00,0.000000e+00,0.000000e+00,0.000000e+00,0.000000e+00,2.737329e-18,4.010226e-26,1.605641e-18,2.271196e-32,2.645088e-23,1.159367e-18,2.196551e-20,3.564431e-39,-2.362765e-18,-1.181425e-18,-1.605673e-18,-1.533717e-33,-2.645034e-23,-1.159341e-18,-2.196484e-20,-1.532205e-33,0.000000e+00,0.000000e+00,0.000000e+00,0.000000e+00,0.000000e+00,0.000000e+00,0.000000e+00,0.000000e+00,3.745642e-19,3.692080e-19,-3.257347e-23,2.117824e-32,5.363841e-28,2.590705e-23,6.709567e-25,-1.532201e-33
2584.5268,200.00,275.0000,7.959840e+01,1.347705e-01,C,3.036648e-03,1.333333e-01,0.3032%,4.194513e-02,3.922646e-02,4.811078e-05,9.992883e-16,1.687476e-10,2.523125e-05,6.119995e-07,0.000000e+00,0.000000e+00,1.550633e-18,0.000000e+00,0.000000e+00,0.000000e+00,0.000000e+00,0.000000e+00,0.000000e+00,2.738176e-18,4.435902e-26,1.606797e-18,2.288472e-32,2.665607e-23,1.160156e-18,2.208403e-20,3.924190e-39,-2.364540e-18,-1.182313e-18,-1.606806e-18,-1.488889e-33,-2.665102e-23,-1.160112e-18,-2.208045e-20,-1.527311e-33,0.000000e+00,0.000000e+00,0.000000e+00,0.000000e+00,0.000000e+00,0.000000e+00,0.000000e+00,0.000000e+00,3.736360e-19,3.683203e-19,-9.539670e-24,2.139583e-32,5.051767e-27,4.361013e-23,3.580163e-24,-1.527307e-33
2604.5268,200.00,275.0000,8.052746e+01,1.343934e-01,C,3.035076e-03,1.333333e-01,0.3030%,4.218094e-02,3.945895e-02,4.809771e-05,1.012881e-15,1.700439e-10,2.525326e-05,6.133474e-07,0.000000e+00,0.000000e+00,1.550633e-18,0.000000e+00,0.000000e+00,0.000000e+00,0.000000e+00,0.000000e+00,0.000000e+00,2.738932e-18,4.899929e-26,1.607926e-18,2.305317e-32,2.685784e-23,1.160928e-18,2.220058e-20,4.314688e-39,-2.366358e-18,-1.183221e-18,-1.607958e-18,-1.523998e-33,-2.686023e-23,-1.160902e-18,-2.219990e-20,-1.522397e-33,0.000000e+00,0.000000e+00,0.000000e+00,0.000000e+00,0.000000e+00,0.000000e+00,0.000000e+00,0.000000e+00,3.725741e-19,3.674120e-19,-3.183736e-23,2.152917e-32,-2.395110e-27,2.611681e-23,6.796693e-25,-1.522393e-33
2624.5268,200.00,275.0000,8.146039e+01,1.340260e-01,C,3.033503e-03,1.333333e-01,0.3029%,4.241612e-02,3.969087e-02,4.808485e-05,1.026645e-15,1.713562e-10,2.527532e-05,6.147033e-07,0.000000e+00,0.000000e+00,1.550633e-18,0.000000e+00,0.000000e+00,0.000000e+00,0.000000e+00,0.000000e+00,0.000000e+00,2.739736e-18,5.405745e-26,1.609053e-18,2.322482e-32,2.706229e-23,1.161699e-18,2.231803e-20,4.736216e-39,-2.368132e-18,-1.184107e-18,-1.609085e-18,-1.518990e-33,-2.705749e-23,-1.161673e-18,-2.231735e-20,-1.517058e-33,0.000000e+00,0.000000e+00,0.000000e+00,0.000000e+00,0.000000e+00,0.000000e+00,0.000000e+00,0.000000e+00,3.716039e-19,3.665262e-19,-3.146526e-23,2.170583e-32,4.806496e-27,2.618561e-23,6.827364e-25,-1.517053e-33
2644.5268,200.00,275.0000,8.239666e+01,1.336641e-01,C,3.031930e-03,1.333333e-01,0.3027%,4.265070e-02,3.992224e-02,4.807222e-05,1.040595e-15,1.726236e-10,2.529740e-05,6.160654e-07,0.000000e+00,0.000000e+00,1.550633e-18,0.000000e+00,0.000000e+00,0.000000e+00,0.000000e+00,0.000000e+00,0.000000e+00,2.740589e-18,5.956535e-26,1.610177e-18,2.339973e-32,2.726944e-23,1.162470e-18,2.243641e-20,5.194916e-39,-2.369874e-18,-1.184980e-18,-1.610185e-18,-1.514224e-33,-2.726422e-23,-1.162426e-18,-2.243277e-20,-1.513050e-33,0.000000e+00,0.000000e+00,0.000000e+00,0.000000e+00,0.000000e+00,0.000000e+00,0.000000e+00,0.000000e+00,3.707148e-19,3.656533e-19,-8.581544e-24,2.188551e-32,5.220722e-27,4.378524e-23,3.639981e-24,-1.513045e-33
2664.5268,200.00,275.0000,8.333665e+01,1.332956e-01,C,3.030403e-03,1.333333e-01,0.3026%,4.288467e-02,4.015305e-02,4.805966e-05,1.054690e-15,1.739330e-10,2.531942e-05,6.174164e-07,0.000000e+00,0.000000e+00,1.550633e-18,0.000000e+00,0.000000e+00,0.000000e+00,0.000000e+00,0.000000e+00,0.000000e+00,2.741348e-18,6.554818e-26,1.611275e-18,2.357011e-32,2.747297e-23,1.163223e-18,2.255274e-20,5.690117e-39,-2.371654e-18,-1.185869e-18,-1.611305e-18,-1.509945e-33,-2.747034e-23,-1.163197e-18,-2.255205e-20,-1.508264e-33,0.000000e+00,0.000000e+00,0.000000e+00,0.000000e+00,0.000000e+00,0.000000e+00,0.000000e+00,0.000000e+00,3.696940e-19,3.647638e-19,-3.071718e-23,2.206016e-32,2.627379e-27,2.626259e-23,6.866923e-25,-1.508258e-33
2684.5268,200.00,275.0000,8.428008e+01,1.329349e-01,C,3.028875e-03,1.333333e-01,0.3024%,4.311804e-02,4.038330e-02,4.804731e-05,1.068820e-15,1.752281e-10,2.534145e-05,6.187738e-07,0.000000e+00,0.000000e+00,1.550633e-18,0.000000e+00,0.000000e+00,0.000000e+00,0.000000e+00,0.000000e+00,0.000000e+00,2.742154e-18,7.204790e-26,1.612369e-18,2.374365e-32,2.767913e-23,1.163976e-18,2.266996e-20,6.225454e-39,-2.373395e-18,-1.186740e-18,-1.612400e-18,-1.505459e-33,-2.767872e-23,-1.163950e-18,-2.266927e-20,-1.503831e-33,0.000000e+00,0.000000e+00,0.000000e+00,0.000000e+00,0.000000e+00,0.000000e+00,0.000000e+00,0.000000e+00,3.687584e-19,3.638926e-19,-3.034326e-23,2.223819e-32,4.094514e-28,2.627470e-23,6.877235e-25,-1.503825e-33
2704.5268,200.00,275.0000,8.522708e+01,1.325831e-01,C,3.027347e-03,1.333333e-01,0.3023%,4.335081e-02,4.061301e-02,4.803517e-05,1.083213e-15,1.765496e-10,2.536352e-05,6.201381e-07,0.000000e+00,0.000000e+00,1.550633e-18,0.000000e+00,0.000000e+00,0.000000e+00,0.000000e+00,0.000000e+00,0.000000e+00,2.743007e-18,7.910173e-26,1.613461e-18,2.392037e-32,2.788796e-23,1.164729e-18,2.278807e-20,6.803808e-39,-2.375096e-18,-1.187591e-18,-1.613469e-18,-1.500945e-33,-2.787984e-23,-1.164685e-18,-2.278438e-20,-1.499287e-33,0.000000e+00,0.000000e+00,0.000000e+00,0.000000e+00,0.000000e+00,0.000000e+00,0.000000e+00,0.000000e+00,3.679103e-19,3.630422e-19,-7.611246e-24,2.241943e-32,8.127790e-27,4.380912e-23,3.694039e-24,-1.499280e-33
2724.5268,200.00,275.0000,8.617759e+01,1.322321e-01,C,3.025864e-03,1.333333e-01,0.3021%,4.358299e-02,4.084218e-02,4.802309e-05,1.097892e-15,1.778598e-10,2.538551e-05,6.214901e-07,0.000000e+00,0.000000e+00,1.550633e-18,0.000000e+00,0.000000e+00,0.000000e+00,0.000000e+00,0.000000e+00,0.000000e+00,2.743763e-18,8.673856e-26,1.614528e-18,2.409235e-32,2.809300e-23,1.165464e-18,2.290408e-20,7.427519e-39,-2.376796e-18,-1.188440e-18,-1.614535e-18,-1.496305e-33,-2.808252e-23,-1.165420e-18,-2.290036e-20,-1.494399e-33,0.000000e+00,0.000000e+00,0.000000e+00,0.000000e+00,0.000000e+00,0.000000e+00,0.000000e+00,0.000000e+00,3.669670e-19,3.621933e-19,-7.343513e-24,2.259605e-32,1.047757e-26,4.389348e-23,3.714718e-24,-1.494391e-33
2744.5268,200.00,275.0000,8.713155e+01,1.318789e-01,C,3.024381e-03,1.333333e-01,0.3020%,4.381459e-02,4.107081e-02,4.801122e-05,1.112931e-15,1.791483e-10,2.540752e-05,6.228485e-07,0.000000e+00,0.000000e+00,1.550633e-18,0.000000e+00,0.000000e+00,0.000000e+00,0.000000e+00,0.000000e+00,0.000000e+00,2.744565e-18,9.500869e-26,1.615592e-18,2.426744e-32,2.830061e-23,1.166199e-18,2.302094e-20,8.098757e-39,-2.378503e-18,-1.189294e-18,-1.615599e-18,-1.492169e-33,-2.829553e-23,-1.166155e-18,-2.301721e-20,-1.490509e-33,0.000000e+00,0.000000e+00,0.000000e+00,0.000000e+00,0.000000e+00,0.000000e+00,0.000000e+00,0.000000e+00,3.660624e-19,3.613385e-19,-7.022424e-24,2.277527e-32,5.079261e-27,4.385663e-23,3.731083e-24,-1.490501e-33
2764.5268,200.00,275.0000,8.808898e+01,1.315267e-01,C,3.022944e-03,1.333333e-01,0.3018%,4.404561e-02,4.129891e-02,4.799940e-05,1.127655e-15,1.804617e-10,2.542944e-05,6.241941e-07,0.000000e+00,0.000000e+00,1.550633e-18,0.000000e+00,0.000000e+00,0.000000e+00,0.000000e+00,0.000000e+00,0.000000e+00,2.745270e-18,1.039431e-25,1.616630e-18,2.443759e-32,2.850427e-23,1.166916e-18,2.313564e-20,8.823789e-39,-2.380208e-18,-1.190147e-18,-1.616659e-18,-1.487866e-33,-2.849980e-23,-1.166890e-18,-2.313494e-20,-1.486188e-33,0.000000e+00,0.000000e+00,0.000000e+00,0.000000e+00,0.000000e+00,0.000000e+00,0.000000e+00,0.000000e+00,3.650615e-19,3.604858e-19,-2.897394e-23,2.294972e-32,4.465406e-27,2.644769e-23,6.962212e-25,-1.486180e-33
2784.5268,200.00,275.0000,8.904985e+01,1.311830e-01,C,3.021506e-03,1.333333e-01,0.3017%,4.427606e-02,4.152647e-02,4.798777e-05,1.142440e-15,1.817298e-10,2.545139e-05,6.255460e-07,0.000000e+00,0.000000e+00,1.550633e-18,0.000000e+00,0.000000e+00,0.000000e+00,0.000000e+00,0.000000e+00,0.000000e+00,2.746019e-18,1.135983e-25,1.617666e-18,2.461075e-32,2.871046e-23,1.167633e-18,2.325118e-20,9.600441e-39,-2.381874e-18,-1.190980e-18,-1.617695e-18,-1.483590e-33,-2.871150e-23,-1.167607e-18,-2.325048e-20,-1.481910e-33,0.000000e+00,0.000000e+00,0.000000e+00,0.000000e+00,0.000000e+00,0.000000e+00,0.000000e+00,0.000000e+00,3.641447e-19,3.596529e-19,-2.866591e-23,2.312716e-32,-1.041711e-27,2.653231e-23,6.998034e-25,-1.481901e-33
2804.5268,200.00,275.0000,9.001412e+01,1.308477e-01,C,3.020067e-03,1.333333e-01,0.3016%,4.450593e-02,4.175351e-02,4.797634e-05,1.157192e-15,1.830633e-10,2.547336e-05,6.269040e-07,0.000000e+00,0.000000e+00,1.550633e-18,0.000000e+00,0.000000e+00,0.000000e+00,0.000000e+00,0.000000e+00,0.000000e+00,2.746811e-18,1.240228e-25,1.618700e-18,2.478695e-32,2.891921e-23,1.168350e-18,2.336757e-20,1.043594e-38,-2.383500e-18,-1.191793e-18,-1.618706e-18,-1.479372e-33,-2.891224e-23,-1.168306e-18,-2.336378e-20,-1.477648e-33,0.000000e+00,0.000000e+00,0.000000e+00,0.000000e+00,0.000000e+00,0.000000e+00,0.000000e+00,0.000000e+00,3.633117e-19,3.588402e-19,-6.238124e-24,2.330758e-32,6.967320e-27,4.408476e-23,3.791540e-24,-1.477638e-33
2824.5268,200.00,275.0000,9.098178e+01,1.305036e-01,C,3.018674e-03,1.333333e-01,0.3014%,4.473525e-02,4.198003e-02,4.796495e-05,1.172402e-15,1.843417e-10,2.549524e-05,6.282485e-07,0.000000e+00,0.000000e+00,1.550633e-18,0.000000e+00,0.000000e+00,0.000000e+00,0.000000e+00,0.000000e+00,0.000000e+00,2.747504e-18,1.352509e-25,1.619708e-18,2.495801e-32,2.912377e-23,1.169049e-18,2.348171e-20,1.133421e-38,-2.385169e-18,-1.192628e-18,-1.619736e-18,-1.382880e-33,-2.912482e-23,-1.169023e-18,-2.348101e-20,-1.473523e-33,0.000000e+00,0.000000e+00,0.000000e+00,0.000000e+00,0.000000e+00,0.000000e+00,0.000000e+00,0.000000e+00,3.623353e-19,3.580053e-19,-2.806255e-23,2.357513e-32,-1.045034e-27,2.632087e-23,6.967405e-25,-1.473512e-33
2844.5268,200.00,275.0000,9.195281e+01,1.301682e-01,C,3.017280e-03,1.333333e-01,0.3013%,4.496400e-02,4.220603e-02,4.795375e-05,1.187349e-15,1.856597e-10,2.551714e-05,6.295991e-07,0.000000e+00,0.000000e+00,1.550633e-18,0.000000e+00,0.000000e+00,0.000000e+00,0.000000e+00,0.000000e+00,0.000000e+00,2.748240e-18,1.473498e-25,1.620714e-18,2.513202e-32,2.933083e-23,1.169749e-18,2.359667e-20,1.229692e-38,-2.386797e-18,-1.193442e-18,-1.620742e-18,-1.471156e-33,-2.933035e-23,-1.169722e-18,-2.359595e-20,-1.469411e-33,0.000000e+00,0.000000e+00,0.000000e+00,0.000000e+00,0.000000e+00,0.000000e+00,0.000000e+00,0.000000e+00,3.614430e-19,3.571913e-19,-2.775955e-23,2.366087e-32,4.815665e-28,2.676610e-23,7.168291e-25,-1.469399e-33
2864.5268,200.00,275.0000,9.292719e+01,1.298330e-01,C,3.015886e-03,1.333333e-01,0.3011%,4.519219e-02,4.243152e-02,4.794273e-05,1.202378e-15,1.869971e-10,2.553905e-05,6.309554e-07,0.000000e+00,0.000000e+00,1.550633e-18,0.000000e+00,0.000000e+00,0.000000e+00,0.000000e+00,0.000000e+00,0.000000e+00,2.749018e-18,1.603758e-25,1.621718e-18,2.530900e-32,2.954039e-23,1.170448e-18,2.371245e-20,1.332838e-38,-2.388426e-18,-1.194256e-18,-1.621745e-18,-1.467030e-33,-2.953794e-23,-1.170421e-18,-2.371175e-20,-1.465162e-33,0.000000e+00,0.000000e+00,0.000000e+00,0.000000e+00,0.000000e+00,0.000000e+00,0.000000e+00,0.000000e+00,3.605918e-19,3.563773e-19,-2.742676e-23,2.384197e-32,2.448144e-27,2.673816e-23,7.090767e-25,-1.465149e-33
2884.5268,200.00,275.0000,9.390494e+01,1.295067e-01,C,3.014493e-03,1.333333e-01,0.3010%,4.541984e-02,4.265649e-02,4.793189e-05,1.217572e-15,1.883454e-10,2.556099e-05,6.323178e-07,0.000000e+00,0.000000e+00,1.550633e-18,0.000000e+00,0.000000e+00,0.000000e+00,0.000000e+00,0.000000e+00,0.000000e+00,2.749837e-18,1.743877e-25,1.622719e-18,2.548895e-32,2.975247e-23,1.171146e-18,2.382907e-20,1.443267e-38,-2.390014e-18,-1.195049e-18,-1.622724e-18,-1.462859e-33,-2.974762e-23,-1.171102e-18,-2.382521e-20,-1.460770e-33,0.000000e+00,0.000000e+00,0.000000e+00,0.000000e+00,0.000000e+00,0.000000e+00,0.000000e+00,0.000000e+00,3.598232e-19,3.555842e-19,-5.144999e-24,2.402609e-32,4.852384e-27,4.409226e-23,3.861341e-24,-1.460755e-33
2904.5268,200.00,275.0000,9.488592e+01,1.291818e-01,C,3.013143e-03,1.333333e-01,0.3009%,4.564694e-02,4.288096e-02,4.792109e-05,1.232911e-15,1.896715e-10,2.558282e-05,6.336658e-07,0.000000e+00,0.000000e+00,1.550633e-18,0.000000e+00,0.000000e+00,0.000000e+00,0.000000e+00,0.000000e+00,0.000000e+00,2.750555e-18,1.894243e-25,1.623696e-18,2.566350e-32,2.996017e-23,1.171828e-18,2.394335e-20,1.561381e-38,-2.391600e-18,-1.195839e-18,-1.623701e-18,-1.458450e-33,-2.994849e-23,-1.171784e-18,-2.393947e-20,-1.455794e-33,0.000000e+00,0.000000e+00,0.000000e+00,0.000000e+00,0.000000e+00,0.000000e+00,0.000000e+00,0.000000e+00,3.589548e-19,3.547941e-19,-4.912821e-24,2.420505e-32,1.167692e-26,4.416328e-23,3.880999e-24,-1.455779e-33
2924.5268,200.00,275.0000,9.587021e+01,1.288508e-01,C,3.011794e-03,1.333333e-01,0.3007%,4.587349e-02,4.310493e-02,4.791047e-05,1.248636e-15,1.909751e-10,2.560468e-05,6.350194e-07,0.000000e+00,0.000000e+00,1.550633e-18,0.000000e+00,0.000000e+00,0.000000e+00,0.000000e+00,0.000000e+00,0.000000e+00,2.751313e-18,2.055697e-25,1.624670e-18,2.584096e-32,3.017031e-23,1.172509e-18,2.405844e-20,1.687594e-38,-2.393202e-18,-1.196644e-18,-1.624675e-18,-1.455271e-33,-3.016238e-23,-1.172465e-18,-2.405454e-20,-1.453392e-33,0.000000e+00,0.000000e+00,0.000000e+00,0.000000e+00,0.000000e+00,0.000000e+00,0.000000e+00,0.000000e+00,3.581114e-19,3.539889e-19,-4.634211e-24,2.438569e-32,7.925815e-27,4.410867e-23,3.896348e-24,-1.453375e-33
2944.5268,200.00,275.0000,9.685767e+01,1.285228e-01,C,3.010488e-03,1.333333e-01,0.3006%,4.609951e-02,4.332839e-02,4.789987e-05,1.264477e-15,1.923510e-10,2.562642e-05,6.363581e-07,0.000000e+00,0.000000e+00,1.550633e-18,0.000000e+00,0.000000e+00,0.000000e+00,0.000000e+00,0.000000e+00,0.000000e+00,2.751968e-18,5.740065e-33,1.625620e-18,2.601259e-32,3.037585e-23,1.173173e-18,2.417113e-20,-4.594092e-43,-2.394798e-18,-1.197442e-18,-1.625647e-18,-1.451523e-33,-3.036351e-23,-1.173146e-18,-2.417042e-20,-1.449687e-33,0.000000e+00,0.000000e+00,0.000000e+00,0.000000e+00,0.000000e+00,0.000000e+00,0.000000e+00,0.000000e+00,3.571707e-19,3.531905e-19,-2.623784e-23,2.456107e-32,1.234659e-26,2.677312e-23,7.127775e-25,-1.449687e-33
2964.5268,200.00,275.0000,9.784846e+01,1.282036e-01,C,3.009182e-03,1.333333e-01,0.3005%,4.632500e-02,4.355136e-02,4.788945e-05,1.280344e-15,1.935682e-10,2.564819e-05,6.377026e-07,0.000000e+00,0.000000e+00,1.550633e-18,0.000000e+00,0.000000e+00,0.000000e+00,0.000000e+00,0.000000e+00,0.000000e+00,2.752663e-18,0.000000e+00,1.626568e-18,2.618725e-32,3.058380e-23,1.173837e-18,2.428460e-20,-1.252934e-43,-2.396353e-18,-1.198220e-18,-1.626594e-18,1.962330e-32,-3.058912e-23,-1.173810e-18,-2.428389e-20,-1.445893e-33,0.000000e+00,0.000000e+00,0.000000e+00,0.000000e+00,0.000000e+00,0.000000e+00,0.000000e+00,0.000000e+00,3.563103e-19,3.524129e-19,-2.598635e-23,4.581055e-32,-5.322366e-27,2.687152e-23,7.168018e-25,-1.445893e-33
2984.5268,200.00,275.0000,9.884244e+01,1.278842e-01,C,3.007877e-03,1.333333e-01,0.3003%,4.654996e-02,4.377384e-02,4.787919e-05,1.296042e-15,1.949028e-10,2.566996e-05,6.390521e-07,0.000000e+00,0.000000e+00,1.550633e-18,0.000000e+00,0.000000e+00,0.000000e+00,0.000000e+00,0.000000e+00,0.000000e+00,2.753397e-18,2.296026e-32,1.627514e-18,2.636474e-32,3.079416e-23,1.174501e-18,2.439885e-20,-8.352894e-44,-2.397909e-18,-1.198998e-18,-1.627540e-18,-1.444027e-33,-3.079760e-23,-1.174474e-18,-2.439814e-20,-1.442156e-33,0.000000e+00,0.000000e+00,0.000000e+00,0.000000e+00,0.000000e+00,0.000000e+00,0.000000e+00,0.000000e+00,3.554876e-19,3.516345e-19,-2.569258e-23,2.492071e-32,-3.443671e-27,2.684912e-23,7.165366e-25,-1.442156e-33
3004.5268,200.00,275.0000,9.983959e+01,1.275735e-01,C,3.006571e-03,1.333333e-01,0.3002%,4.677439e-02,4.399583e-02,4.786909e-05,1.312096e-15,1.962626e-10,2.569174e-05,6.404070e-07,0.000000e+00,0.000000e+00,1.550633e-18,0.000000e+00,0.000000e+00,0.000000e+00,0.000000e+00,0.000000e+00,0.000000e+00,2.754170e-18,2.296026e-32,1.628458e-18,2.654508e-32,3.100697e-23,1.175165e-18,2.451389e-20,-1.670579e-43,-2.399425e-18,-1.199756e-18,-1.628461e-18,-1.440274e-33,-3.099756e-23,-1.175120e-18,-2.450992e-20,-1.438315e-33,0.000000e+00,0.000000e+00,0.000000e+00,0.000000e+00,0.000000e+00,0.000000e+00,0.000000e+00,0.000000e+00,3.547446e-19,3.508768e-19,-3.705667e-24,2.510480e-32,9.401813e-27,4.423532e-23,3.969108e-24,-1.438315e-33
3024.5268,200.00,275.0000,1.008399e+02,1.272536e-01,C,3.005309e-03,1.333333e-01,0.3001%,4.699831e-02,4.421733e-02,4.785902e-05,1.328329e-15,1.975569e-10,2.571343e-05,6.417466e-07,0.000000e+00,0.000000e+00,1.550633e-18,0.000000e+00,0.000000e+00,0.000000e+00,0.000000e+00,0.000000e+00,0.000000e+00,2.754837e-18,5.740065e-33,1.629377e-18,2.671955e-32,3.121489e-23,1.175811e-18,2.462644e-20,6.264671e-43,-2.400986e-18,-1.200537e-18,-1.629403e-18,-1.436740e-33,-3.122199e-23,-1.175784e-18,-2.462572e-20,-1.434832e-33,0.000000e+00,0.000000e+00,0.000000e+00,0.000000e+00,0.000000e+00,0.000000e+00,0.000000e+00,0.000000e+00,3.538514e-19,3.500961e-19,-2.513428e-23,2.528281e-32,-7.102559e-27,2.683983e-23,7.172403e-25,-1.434832e-33
3044.5268,200.00,275.0000,1.018435e+02,1.269423e-01,C,3.004047e-03,1.333333e-01,0.3000%,4.722170e-02,4.443836e-02,4.784910e-05,1.344638e-15,1.988998e-10,2.573511e-05,6.430913e-07,0.000000e+00,0.000000e+00,1.550633e-18,0.000000e+00,0.000000e+00,0.000000e+00,0.000000e+00,0.000000e+00,0.000000e+00,2.755543e-18,5.740065e-33,1.630295e-18,2.689678e-32,3.142521e-23,1.176457e-18,2.473975e-20,-6.682315e-43,-2.402506e-18,-1.201297e-18,-1.630320e-18,-1.433156e-33,-3.142469e-23,-1.176431e-18,-2.473903e-20,-1.431221e-33,0.000000e+00,0.000000e+00,0.000000e+00,0.000000e+00,0.000000e+00,0.000000e+00,0.000000e+00,0.000000e+00,3.530369e-19,3.493362e-19,-2.487034e-23,2.546363e-32,5.240177e-28,2.685480e-23,7.182939e-25,-1.431221e-33
3064.5268,200.00,275.0000,1.028501e+02,1.266393e-01,C,3.002785e-03,1.333333e-01,0.2998%,4.744459e-02,4.465890e-02,4.783934e-05,1.360942e-15,2.002377e-10,2.575681e-05,6.444410e-07,0.000000e+00,0.000000e+00,1.550633e-18,0.000000e+00,0.000000e+00,0.000000e+00,0.000000e+00,0.000000e+00,0.000000e+00,2.756285e-18,-5.740065e-33,1.631211e-18,2.707678e-32,3.163791e-23,1.177104e-18,2.485382e-20,-3.758802e-43,-2.403986e-18,-1.202037e-18,-1.631214e-18,-1.429632e-33,-3.163169e-23,-1.177059e-18,-2.484980e-20,-1.427687e-33,0.000000e+00,0.000000e+00,0.000000e+00,0.000000e+00,0.000000e+00,0.000000e+00,0.000000e+00,0.000000e+00,3.522998e-19,3.485962e-19,-3.028692e-24,2.564715e-32,6.219440e-27,4.426494e-23,4.020982e-24,-1.427687e-33
3084.5268,200.00,275.0000,1.038598e+02,1.263277e-01,C,3.001566e-03,1.333333e-01,0.2997%,4.766696e-02,4.487897e-02,4.782960e-05,1.377481e-15,2.015416e-10,2.577840e-05,6.457748e-07,0.000000e+00,0.000000e+00,1.550633e-18,0.000000e+00,0.000000e+00,0.000000e+00,0.000000e+00,0.000000e+00,0.000000e+00,2.756921e-18,1.722020e-32,1.632103e-18,2.725072e-32,3.184553e-23,1.177733e-18,2.496535e-20,-6.682315e-43,-2.405509e-18,-1.202798e-18,-1.632127e-18,-1.426170e-33,-3.185041e-23,-1.177706e-18,-2.496462e-20,-1.424206e-33,0.000000e+00,0.000000e+00,0.000000e+00,0.000000e+00,0.000000e+00,0.000000e+00,0.000000e+00,0.000000e+00,3.514123e-19,3.478346e-19,-2.437494e-23,2.582455e-32,-4.880543e-27,2.693461e-23,7.221225e-25,-1.424206e-33
3104.5268,200.00,275.0000,1.048727e+02,1.260247e-01,C,3.000347e-03,1.333333e-01,0.2996%,4.788883e-02,4.509856e-02,4.782001e-05,1.394351e-15,2.028877e-10,2.579999e-05,6.471133e-07,0.000000e+00,0.000000e+00,1.550633e-18,0.000000e+00,0.000000e+00,0.000000e+00,0.000000e+00,0.000000e+00,0.000000e+00,2.757593e-18,1.148013e-32,1.632993e-18,2.742731e-32,3.205547e-23,1.178362e-18,2.507760e-20,4.176447e-44,-2.406991e-18,-1.203539e-18,-1.633017e-18,-1.422682e-33,-3.205578e-23,-1.178335e-18,-2.507687e-20,-1.420641e-33,0.000000e+00,0.000000e+00,0.000000e+00,0.000000e+00,0.000000e+00,0.000000e+00,0.000000e+00,0.000000e+00,3.506020e-19,3.470936e-19,-2.413649e-23,2.600463e-32,-3.063131e-28,2.700648e-23,7.326772e-25,-1.420641e-33
3124.5268,200.00,275.0000,1.058886e+02,1.257210e-01,C,2.999128e-03,1.333333e-01,0.2995%,4.811020e-02,4.531769e-02,4.781057e-05,1.411286e-15,2.042096e-10,2.582160e-05,6.484568e-07,0.000000e+00,0.000000e+00,1.550633e-18,0.000000e+00,0.000000e+00,0.000000e+00,0.000000e+00,0.000000e+00,0.000000e+00,2.758302e-18,-1.722020e-32,1.633881e-18,2.760661e-32,3.226772e-23,1.178991e-18,2.519059e-20,-4.594092e-43,-2.408476e-18,-1.204282e-18,-1.633905e-18,3.129325e-32,-3.227300e-23,-1.178964e-18,-2.518987e-20,-1.417362e-33,0.000000e+00,0.000000e+00,0.000000e+00,0.000000e+00,0.000000e+00,0.000000e+00,0.000000e+00,0.000000e+00,3.498254e-19,3.463506e-19,-2.387584e-23,5.889986e-32,-5.275063e-27,2.695718e-23,7.239497e-25,-1.417362e-33
3144.5268,200.00,275.0000,1.069076e+02,1.254174e-01,C,2.997909e-03,1.333333e-01,0.2993%,4.833107e-02,4.553635e-02,4.780127e-05,1.428562e-15,2.055667e-10,2.584320e-05,6.498049e-07,0.000000e+00,0.000000e+00,1.550633e-18,0.000000e+00,0.000000e+00,0.000000e+00,0.000000e+00,0.000000e+00,0.000000e+00,2.759046e-18,0.000000e+00,1.634768e-18,2.778880e-32,3.248233e-23,1.179620e-18,2.530431e-20,2.505868e-43,-2.409962e-18,-1.205025e-18,-1.634791e-18,5.838833e-33,-3.248453e-23,-1.179593e-18,-2.530360e-20,-1.414019e-33,0.000000e+00,0.000000e+00,0.000000e+00,0.000000e+00,0.000000e+00,0.000000e+00,0.000000e+00,0.000000e+00,3.490836e-19,3.456075e-19,-2.357109e-23,3.362764e-32,-2.202013e-27,2.680138e-23,7.188147e-25,-1.414019e-33
3164.5268,200.00,275.0000,1.079296e+02,1.251221e-01,C,2.996733e-03,1.333333e-01,0.2992%,4.855145e-02,4.575455e-02,4.779198e-05,1.445679e-15,2.068952e-10,2.586469e-05,6.511365e-07,0.000000e+00,0.000000e+00,1.550633e-18,0.000000e+00,0.000000e+00,0.000000e+00,0.000000e+00,0.000000e+00,0.000000e+00,2.759681e-18,5.740065e-33,1.635631e-18,2.796430e-32,3.269161e-23,1.180232e-18,2.541541e-20,-5.011737e-43,-2.411409e-18,-1.205749e-18,-1.635654e-18,-1.412747e-33,-3.269487e-23,-1.180205e-18,-2.541469e-20,-1.410707e-33,0.000000e+00,0.000000e+00,0.000000e+00,0.000000e+00,0.000000e+00,0.000000e+00,0.000000e+00,0.000000e+00,3.482725e-19,3.448843e-19,-2.337719e-23,2.655156e-32,-3.254158e-27,2.693378e-23,7.241918e-25,-1.410707e-33
3184.5268,200.00,275.0000,1.089546e+02,1.248312e-01,C,2.995557e-03,1.333333e-01,0.2991%,4.877134e-02,4.597229e-02,4.778284e-05,1.462683e-15,2.082655e-10,2.588619e-05,6.524726e-07,0.000000e+00,0.000000e+00,1.550633e-18,0.000000e+00,0.000000e+00,0.000000e+00,0.000000e+00,0.000000e+00,0.000000e+00,2.760351e-18,0.000000e+00,1.636492e-18,2.814258e-32,3.290316e-23,1.180844e-18,2.552722e-20,-4.176447e-43,-2.412846e-18,-1.206462e-18,-1.636515e-18,-1.408600e-33,-3.290314e-23,-1.180817e-18,-2.552650e-20,-1.405531e-33,0.000000e+00,0.000000e+00,0.000000e+00,0.000000e+00,0.000000e+00,0.000000e+00,0.000000e+00,0.000000e+00,3.475056e-19,3.441713e-19,-2.314786e-23,2.673398e-32,1.722280e-29,2.695816e-23,7.254580e-25,-1.405531e-33
3204.5268,200.00,275.0000,1.099826e+02,1.245312e-01,C,2.994381e-03,1.333333e-01,0.2990%,4.899074e-02,4.618957e-02,4.777383e-05,1.479987e-15,2.095914e-10,2.590768e-05,6.538132e-07,0.000000e+00,0.000000e+00,1.550633e-18,0.000000e+00,0.000000e+00,0.000000e+00,0.000000e+00,0.000000e+00,0.000000e+00,2.761056e-18,1.148013e-32,1.637352e-18,2.832356e-32,3.311697e-23,1.181455e-18,2.563974e-20,-1.252934e-43,-2.414306e-18,-1.207197e-18,-1.637375e-18,-1.406300e-33,-3.312523e-23,-1.181429e-18,-2.563901e-20,-1.404210e-33,0.000000e+00,0.000000e+00,0.000000e+00,0.000000e+00,0.000000e+00,0.000000e+00,0.000000e+00,0.000000e+00,3.467504e-19,3.434358e-19,-2.288217e-23,2.691726e-32,-8.250528e-27,2.687559e-23,7.229433e-25,-1.404210e-33
3224.5268,200.00,275.0000,1.110136e+02,1.242449e-01,C,2.993206e-03,1.333333e-01,0.2989%,4.920966e-02,4.640640e-02,4.776496e-05,1.497978e-15,2.109691e-10,2.592917e-05,6.551583e-07,0.000000e+00,0.000000e+00,1.550633e-18,0.000000e+00,0.000000e+00,0.000000e+00,0.000000e+00,0.000000e+00,0.000000e+00,2.761795e-18,-5.740065e-33,1.638210e-18,2.850708e-32,3.333315e-23,1.182067e-18,2.575297e-20,0.000000e+00,-2.415713e-18,-1.207899e-18,-1.638211e-18,-1.402934e-33,-3.332213e-23,-1.182023e-18,-2.574882e-20,-1.400600e-33,0.000000e+00,0.000000e+00,0.000000e+00,0.000000e+00,0.000000e+00,0.000000e+00,0.000000e+00,0.000000e+00,3.460829e-19,3.427335e-19,-1.323922e-24,2.710415e-32,1.101417e-26,4.415476e-23,4.151037e-24,-1.400600e-33
3244.5268,200.00,275.0000,1.120475e+02,1.239570e-01,C,2.992072e-03,1.333333e-01,0.2988%,4.942810e-02,4.662278e-02,4.775610e-05,1.515238e-15,2.122963e-10,2.595056e-05,6.564863e-07,0.000000e+00,0.000000e+00,1.550633e-18,0.000000e+00,0.000000e+00,0.000000e+00,0.000000e+00,0.000000e+00,0.000000e+00,2.762423e-18,2.870033e-32,1.639045e-18,2.868401e-32,3.354370e-23,1.182662e-18,2.586350e-20,-2.088224e-43,-2.417124e-18,-1.208606e-18,-1.639046e-18,-1.399919e-33,-3.353591e-23,-1.182618e-18,-2.585932e-20,-1.397672e-33,0.000000e+00,0.000000e+00,0.000000e+00,0.000000e+00,0.000000e+00,0.000000e+00,0.000000e+00,0.000000e+00,3.452989e-19,3.420268e-19,-1.167251e-24,2.728409e-32,7.789118e-27,4.425419e-23,4.170970e-24,-1.397672e-33
3264.5268,200.00,275.0000,1.130846e+02,1.236723e-01,C,2.990939e-03,1.333333e-01,0.2986%,4.964606e-02,4.683871e-02,4.774736e-05,1.532549e-15,2.136541e-10,2.597196e-05,6.578192e-07,0.000000e+00,0.000000e+00,1.550633e-18,0.000000e+00,0.000000e+00,0.000000e+00,0.000000e+00,0.000000e+00,0.000000e+00,2.763085e-18,0.000000e+00,1.639878e-18,2.886348e-32,3.375648e-23,1.183257e-18,2.597470e-20,-8.352894e-44,-2.418530e-18,-1.209305e-18,-1.639879e-18,-1.396259e-33,-3.374381e-23,-1.183213e-18,-2.597052e-20,-1.393332e-33,0.000000e+00,0.000000e+00,0.000000e+00,0.000000e+00,0.000000e+00,0.000000e+00,0.000000e+00,0.000000e+00,3.445552e-19,3.413278e-19,-9.770094e-25,2.746722e-32,1.266895e-26,4.425020e-23,4.187261e-24,-1.393332e-33
3284.5268,200.00,275.0000,1.141245e+02,1.233812e-01,C,2.989806e-03,1.333333e-01,0.2985%,4.986355e-02,4.705419e-02,4.773876e-05,1.550110e-15,2.149962e-10,2.599334e-05,6.591558e-07,0.000000e+00,0.000000e+00,1.550633e-18,0.000000e+00,0.000000e+00,0.000000e+00,0.000000e+00,0.000000e+00,0.000000e+00,2.763780e-18,2.870033e-32,1.640709e-18,2.904554e-32,3.397148e-23,1.183852e-18,2.608660e-20,5.429381e-43,-2.419952e-18,-1.210020e-18,-1.640710e-18,-1.393902e-33,-3.396851e-23,-1.183807e-18,-2.608240e-20,-1.391687e-33,0.000000e+00,0.000000e+00,0.000000e+00,0.000000e+00,0.000000e+00,0.000000e+00,0.000000e+00,0.000000e+00,3.438282e-19,3.406127e-19,-7.529652e-25,2.765164e-32,2.961588e-27,4.414341e-23,4.200117e-24,-1.391687e-33
3304.5268,200.00,275.0000,1.151671e+02,1.230930e-01,C,2.988714e-03,1.333333e-01,0.2984%,5.008058e-02,4.726924e-02,4.773016e-05,1.567647e-15,2.163031e-10,2.601460e-05,6.604744e-07,0.000000e+00,0.000000e+00,1.550633e-18,0.000000e+00,0.000000e+00,0.000000e+00,0.000000e+00,0.000000e+00,0.000000e+00,2.764362e-18,3.444039e-32,1.641518e-18,2.922074e-32,3.418067e-23,1.184429e-18,2.619571e-20,-2.923513e-43,-2.421368e-18,-1.210729e-18,-1.641540e-18,-1.390990e-33,-3.418653e-23,-1.184402e-18,-2.619498e-20,-1.388812e-33,0.000000e+00,0.000000e+00,0.000000e+00,0.000000e+00,0.000000e+00,0.000000e+00,0.000000e+00,0.000000e+00,3.429939e-19,3.399043e-19,-2.176995e-23,2.782975e-32,-5.857263e-27,2.688159e-23,7.255844e-25,-1.388812e-33
3324.5268,200.00,275.0000,1.162126e+02,1.228139e-01,C,2.987623e-03,1.333333e-01,0.2983%,5.029714e-02,4.748384e-02,4.772169e-05,1.585295e-15,2.176581e-10,2.603587e-05,6.617972e-07,0.000000e+00,0.000000e+00,1.550633e-18,0.000000e+00,0.000000e+00,0.000000e+00,0.000000e+00,0.000000e+00,0.000000e+00,2.764977e-18,1.148013e-32,1.642325e-18,2.939843e-32,3.439204e-23,1.185007e-18,2.630549e-20,-2.923513e-43,-2.422742e-18,-1.211415e-18,-1.642347e-18,-1.387918e-33,-3.439288e-23,-1.184980e-18,-2.630475e-20,-1.385582e-33,0.000000e+00,0.000000e+00,0.000000e+00,0.000000e+00,0.000000e+00,0.000000e+00,0.000000e+00,0.000000e+00,3.422345e-19,3.392179e-19,-2.158426e-23,2.801051e-32,-8.324629e-28,2.698177e-23,7.375389e-25,-1.385582e-33
3344.5268,200.00,275.0000,1.172610e+02,1.225336e-01,C,2.986532e-03,1.333333e-01,0.2982%,5.051323e-02,4.769801e-02,4.771334e-05,1.603415e-15,2.190029e-10,2.605712e-05,6.631241e-07,0.000000e+00,0.000000e+00,1.550633e-18,0.000000e+00,0.000000e+00,0.000000e+00,0.000000e+00,0.000000e+00,0.000000e+00,2.765623e-18,2.296026e-32,1.643131e-18,2.957861e-32,3.460559e-23,1.185585e-18,2.641593e-20,3.341158e-43,-2.424120e-18,-1.212105e-18,-1.643152e-18,-1.385113e-33,-3.460494e-23,-1.185558e-18,-2.641519e-20,-1.382852e-33,0.000000e+00,0.000000e+00,0.000000e+00,0.000000e+00,0.000000e+00,0.000000e+00,0.000000e+00,0.000000e+00,3.415031e-19,3.385283e-19,-2.137422e-23,2.819350e-32,6.486680e-28,2.697813e-23,7.378769e-25,-1.382852e-33
3364.5268,200.00,275.0000,1.183123e+02,1.222552e-01,C,2.985441e-03,1.333333e-01,0.2981%,5.072887e-02,4.791174e-02,4.770511e-05,1.621575e-15,2.203779e-10,2.607838e-05,6.644550e-07,0.000000e+00,0.000000e+00,1.550633e-18,0.000000e+00,0.000000e+00,0.000000e+00,0.000000e+00,0.000000e+00,0.000000e+00,2.766302e-18,4.018046e-32,1.643935e-18,2.976130e-32,3.482131e-23,1.186163e-18,2.652704e-20,-1.252934e-43,-2.425495e-18,-1.212790e-18,-1.643956e-18,-1.381919e-33,-3.482425e-23,-1.186136e-18,-2.652631e-20,-1.379266e-33,0.000000e+00,0.000000e+00,0.000000e+00,0.000000e+00,0.000000e+00,0.000000e+00,0.000000e+00,0.000000e+00,3.408070e-19,3.378429e-19,-2.114133e-23,2.837938e-32,-2.939404e-27,2.687273e-23,7.266451e-25,-1.379266e-33
3384.5268,200.00,275.0000,1.193664e+02,1.219817e-01,C,2.984351e-03,1.333333e-01,0.2980%,5.094405e-02,4.812505e-02,4.769701e-05,1.639719e-15,2.217526e-10,2.609962e-05,6.657899e-07,0.000000e+00,0.000000e+00,1.550633e-18,0.000000e+00,0.000000e+00,0.000000e+00,0.000000e+00,0.000000e+00,0.000000e+00,2.767012e-18,1.148013e-32,1.644738e-18,2.994650e-32,3.503928e-23,1.186741e-18,2.663882e-20,6.682315e-43,-2.426838e-18,-1.213464e-18,-1.644738e-18,-1.379483e-33,-3.502773e-23,-1.186697e-18,-2.663454e-20,-1.377225e-33,0.000000e+00,0.000000e+00,0.000000e+00,0.000000e+00,0.000000e+00,0.000000e+00,0.000000e+00,0.000000e+00,3.401745e-19,3.371693e-19,1.413927e-25,2.856701e-32,1.155556e-26,4.411244e-23,4.280652e-24,-1.377225e-33
3404.5268,200.00,275.0000,1.204232e+02,1.217013e-01,C,2.983301e-03,1.333333e-01,0.2979%,5.115877e-02,4.833792e-02,4.768890e-05,1.658250e-15,2.230827e-10,2.612075e-05,6.671063e-07,0.000000e+00,0.000000e+00,1.550633e-18,0.000000e+00,0.000000e+00,0.000000e+00,0.000000e+00,0.000000e+00,0.000000e+00,2.767607e-18,3.444039e-32,1.645518e-18,3.012454e-32,3.525108e-23,1.187302e-18,2.674772e-20,-1.211170e-42,-2.428219e-18,-1.214155e-18,-1.645539e-18,-1.376726e-33,-3.525064e-23,-1.187275e-18,-2.674699e-20,-1.374445e-33,0.000000e+00,0.000000e+00,0.000000e+00,0.000000e+00,0.000000e+00,0.000000e+00,0.000000e+00,0.000000e+00,3.393877e-19,3.364782e-19,-2.070868e-23,2.874781e-32,4.344948e-28,2.677760e-23,7.241755e-25,-1.374445e-33
3424.5268,200.00,275.0000,1.214829e+02,1.214295e-01,C,2.982252e-03,1.333333e-01,0.2978%,5.137305e-02,4.855037e-02,4.768091e-05,1.676478e-15,2.244357e-10,2.614188e-05,6.684267e-07,0.000000e+00,0.000000e+00,1.550633e-18,0.000000e+00,0.000000e+00,0.000000e+00,0.000000e+00,0.000000e+00,0.000000e+00,2.768233e-18,1.148013e-32,1.646297e-18,3.030496e-32,3.546501e-23,1.187863e-18,2.685726e-20,2.088224e-43,-2.429560e-18,-1.214825e-18,-1.646317e-18,-1.373929e-33,-3.547035e-23,-1.187836e-18,-2.685653e-20,-1.371565e-33,0.000000e+00,0.000000e+00,0.000000e+00,0.000000e+00,0.000000e+00,0.000000e+00,0.000000e+00,0.000000e+00,3.386728e-19,3.358080e-19,-2.051742e-23,2.893103e-32,-5.345168e-27,2.679040e-23,7.250687e-25,-1.371565e-33
3444.5268,200.00,275.0000,1.225454e+02,1.211837e-01,C,2.981203e-03,1.333333e-01,0.2977%,5.158688e-02,4.876240e-02,4.767303e-05,1.694821e-15,2.258420e-10,2.616300e-05,6.697509e-07,0.000000e+00,0.000000e+00,1.550633e-18,0.000000e+00,0.000000e+00,0.000000e+00,0.000000e+00,0.000000e+00,0.000000e+00,2.768890e-18,-5.740065e-33,1.647074e-18,3.048783e-32,3.568113e-23,1.188424e-18,2.696745e-20,8.352894e-44,-2.430818e-18,-1.215431e-18,-1.647074e-18,-1.367657e-33,-3.566464e-23,-1.188380e-18,-2.696312e-20,-1.361291e-33,0.000000e+00,0.000000e+00,0.000000e+00,0.000000e+00,0.000000e+00,0.000000e+00,0.000000e+00,0.000000e+00,3.380723e-19,3.352019e-19,6.261368e-25,2.912018e-32,1.649103e-26,4.414118e-23,4.330242e-24,-1.361291e-33
3464.5268,200.00,275.0000,1.236106e+02,1.208967e-01,C,2.980195e-03,1.333333e-01,0.2976%,5.180027e-02,4.897401e-02,4.766514e-05,1.713281e-15,2.271426e-10,2.618400e-05,6.710560e-07,0.000000e+00,0.000000e+00,1.550633e-18,0.000000e+00,0.000000e+00,0.000000e+00,0.000000e+00,0.000000e+00,0.000000e+00,2.769430e-18,5.740065e-33,1.647829e-18,3.066329e-32,3.589082e-23,1.188968e-18,2.707468e-20,1.252934e-43,-2.432198e-18,-1.216139e-18,-1.647850e-18,-1.367847e-33,-3.589523e-23,-1.188941e-18,-2.707394e-20,-1.364655e-33,0.000000e+00,0.000000e+00,0.000000e+00,0.000000e+00,0.000000e+00,0.000000e+00,0.000000e+00,0.000000e+00,3.372321e-19,3.344936e-19,-2.017805e-23,2.929545e-32,-4.413810e-27,2.694081e-23,7.393584e-25,-1.364655e-33
3484.5268,200.00,275.0000,1.246786e+02,1.206380e-01,C,2.979146e-03,1.333333e-01,0.2975%,5.201322e-02,4.918521e-02,4.765750e-05,1.731873e-15,2.285463e-10,2.620510e-05,6.723878e-07,0.000000e+00,0.000000e+00,1.550633e-18,0.000000e+00,0.000000e+00,0.000000e+00,0.000000e+00,0.000000e+00,0.000000e+00,2.770147e-18,1.722020e-32,1.648604e-18,3.085100e-32,3.611120e-23,1.189529e-18,2.718615e-20,1.252934e-43,-2.433489e-18,-1.216778e-18,-1.648603e-18,-1.364130e-33,-3.610241e-23,-1.189485e-18,-2.718179e-20,-1.359706e-33,0.000000e+00,0.000000e+00,0.000000e+00,0.000000e+00,0.000000e+00,0.000000e+00,0.000000e+00,0.000000e+00,3.366582e-19,3.338550e-19,9.618846e-25,2.948687e-32,8.791267e-27,4.409247e-23,4.360726e-24,-1.359706e-33
3504.5268,200.00,275.0000,1.257493e+02,1.203583e-01,C,2.978139e-03,1.333333e-01,0.2974%,5.222573e-02,4.939598e-02,4.764983e-05,1.750566e-15,2.298831e-10,2.622609e-05,6.737004e-07,0.000000e+00,0.000000e+00,1.550633e-18,0.000000e+00,0.000000e+00,0.000000e+00,0.000000e+00,0.000000e+00,0.000000e+00,2.770747e-18,3.444039e-32,1.649357e-18,3.103121e-32,3.632509e-23,1.190073e-18,2.729464e-20,5.847026e-43,-2.434854e-18,-1.217469e-18,-1.649376e-18,-1.362931e-33,-3.632891e-23,-1.190047e-18,-2.729391e-20,-1.359998e-33,0.000000e+00,0.000000e+00,0.000000e+00,0.000000e+00,0.000000e+00,0.000000e+00,0.000000e+00,0.000000e+00,3.358932e-19,3.331640e-19,-1.973969e-23,2.966828e-32,-3.826189e-27,2.670738e-23,7.238833e-25,-1.359998e-33
3524.5268,200.00,275.0000,1.268227e+02,1.201058e-01,C,2.977131e-03,1.333333e-01,0.2973%,5.243780e-02,4.960635e-02,4.764228e-05,1.769375e-15,2.312569e-10,2.624707e-05,6.750167e-07,0.000000e+00,0.000000e+00,1.550633e-18,0.000000e+00,0.000000e+00,0.000000e+00,0.000000e+00,0.000000e+00,0.000000e+00,2.771376e-18,5.740065e-33,1.650108e-18,3.121379e-32,3.654112e-23,1.190618e-18,2.740376e-20,2.923513e-43,-2.436110e-18,-1.218093e-18,-1.650107e-18,-1.359649e-33,-3.653386e-23,-1.190574e-18,-2.739937e-20,-1.355898e-33,0.000000e+00,0.000000e+00,0.000000e+00,0.000000e+00,0.000000e+00,0.000000e+00,0.000000e+00,0.000000e+00,3.352659e-19,3.325401e-19,1.274156e-24,2.985414e-32,7.256929e-27,4.408195e-23,4.392322e-24,-1.355898e-33
3544.5268,200.00,275.0000,1.278988e+02,1.198363e-01,C,2.976164e-03,1.333333e-01,0.2972%,5.264944e-02,4.981630e-02,4.763470e-05,1.788300e-15,2.325669e-10,2.626793e-05,6.763133e-07,0.000000e+00,0.000000e+00,1.550633e-18,0.000000e+00,0.000000e+00,0.000000e+00,0.000000e+00,0.000000e+00,0.000000e+00,2.771887e-18,5.740065e-32,1.650837e-18,3.138875e-32,3.675045e-23,1.191145e-18,2.750983e-20,-7.935250e-43,-2.437431e-18,-1.218759e-18,-1.650857e-18,-1.358118e-33,-3.675878e-23,-1.191118e-18,-2.750909e-20,-1.355405e-33,0.000000e+00,0.000000e+00,0.000000e+00,0.000000e+00,0.000000e+00,0.000000e+00,0.000000e+00,0.000000e+00,3.344562e-19,3.318737e-19,-1.944647e-23,3.003064e-32,-8.332275e-27,2.693024e-23,7.408389e-25,-1.355405e-33
3564.5268,200.00,275.0000,1.289775e+02,1.195729e-01,C,2.975157e-03,1.333333e-01,0.2971%,5.286065e-02,5.002584e-02,4.762737e-05,1.807342e-15,2.339640e-10,2.628889e-05,6.776365e-07,0.000000e+00,0.000000e+00,1.550633e-18,0.000000e+00,0.000000e+00,0.000000e+00,0.000000e+00,0.000000e+00,0.000000e+00,2.772574e-18,4.018046e-32,1.651586e-18,3.157602e-32,3.697062e-23,1.191690e-18,2.762017e-20,-2.923513e-43,-2.438738e-18,-1.219411e-18,-1.651605e-18,-1.355333e-33,-3.697684e-23,-1.191663e-18,-2.761945e-20,-1.352249e-33,0.000000e+00,0.000000e+00,0.000000e+00,0.000000e+00,0.000000e+00,0.000000e+00,0.000000e+00,0.000000e+00,3.338364e-19,3.312221e-19,-1.920468e-23,3.022069e-32,-6.223961e-27,2.669765e-23,7.247710e-25,-1.352249e-33
3584.5268,200.00,275.0000,1.300589e+02,1.193219e-01,C,2.974190e-03,1.333333e-01,0.2970%,5.307143e-02,5.023498e-02,4.762001e-05,1.826500e-15,2.353246e-10,2.630973e-05,6.789400e-07,0.000000e+00,0.000000e+00,1.550633e-18,0.000000e+00,0.000000e+00,0.000000e+00,0.000000e+00,0.000000e+00,0.000000e+00,2.773143e-18,2.870033e-32,1.652313e-18,3.175547e-32,3.718407e-23,1.192217e-18,2.772746e-20,-4.176447e-44,-2.439994e-18,-1.220032e-18,-1.652332e-18,-1.351773e-33,-3.718437e-23,-1.192191e-18,-2.772672e-20,-1.347426e-33,0.000000e+00,0.000000e+00,0.000000e+00,0.000000e+00,0.000000e+00,0.000000e+00,0.000000e+00,0.000000e+00,3.331484e-19,3.306009e-19,-1.905636e-23,3.040370e-32,-2.978695e-28,2.679590e-23,7.370235e-25,-1.347426e-33
3604.5268,200.00,275.0000,1.311430e+02,1.190566e-01,C,2.973223e-03,1.333333e-01,0.2969%,5.328179e-02,5.044371e-02,4.761275e-05,1.845776e-15,2.367112e-10,2.633056e-05,6.802471e-07,0.000000e+00,0.000000e+00,1.550633e-18,0.000000e+00,0.000000e+00,0.000000e+00,0.000000e+00,0.000000e+00,0.000000e+00,2.773739e-18,9.184104e-32,1.653038e-18,3.193726e-32,3.739954e-23,1.192745e-18,2.783534e-20,-4.176447e-43,-2.441287e-18,-1.220689e-18,-1.653057e-18,-1.351112e-33,-3.739677e-23,-1.192718e-18,-2.783461e-20,-1.348622e-33,0.000000e+00,0.000000e+00,0.000000e+00,0.000000e+00,0.000000e+00,0.000000e+00,0.000000e+00,0.000000e+00,3.324525e-19,3.299440e-19,-1.888663e-23,3.058615e-32,2.774979e-27,2.679892e-23,7.375755e-25,-1.348622e-33
3624.5268,200.00,275.0000,1.322296e+02,1.187995e-01,C,2.972257e-03,1.333333e-01,0.2968%,5.349172e-02,5.065204e-02,4.760560e-05,1.865167e-15,2.380808e-10,2.635138e-05,6.815574e-07,0.000000e+00,0.000000e+00,1.550633e-18,0.000000e+00,0.000000e+00,0.000000e+00,0.000000e+00,0.000000e+00,0.000000e+00,2.774364e-18,7.462085e-32,1.653763e-18,3.212136e-32,3.761706e-23,1.193273e-18,2.794383e-20,-4.176447e-43,-2.442560e-18,-1.221326e-18,-1.653781e-18,-1.348757e-33,-3.761814e-23,-1.193246e-18,-2.794310e-20,-1.346246e-33,0.000000e+00,0.000000e+00,0.000000e+00,0.000000e+00,0.000000e+00,0.000000e+00,0.000000e+00,0.000000e+00,3.318036e-19,3.293072e-19,-1.869977e-23,3.077260e-32,-1.086470e-27,2.670994e-23,7.265704e-25,-1.346246e-33
3644.5268,200.00,275.0000,1.333189e+02,1.185665e-01,C,2.971291e-03,1.333333e-01,0.2967%,5.370124e-02,5.085997e-02,4.759856e-05,1.884676e-15,2.394580e-10,2.637218e-05,6.828713e-07,0.000000e+00,0.000000e+00,1.550633e-18,0.000000e+00,0.000000e+00,0.000000e+00,0.000000e+00,0.000000e+00,0.000000e+00,2.775016e-18,8.036091e-32,1.654486e-18,3.230782e-32,3.783667e-23,1.193801e-18,2.805293e-20,3.341158e-43,-2.443754e-18,-1.221903e-18,-1.654484e-18,-1.343253e-33,-3.782577e-23,-1.193757e-18,-2.804844e-20,-1.337261e-33,0.000000e+00,0.000000e+00,0.000000e+00,0.000000e+00,0.000000e+00,0.000000e+00,0.000000e+00,0.000000e+00,3.312619e-19,3.287298e-19,2.183011e-24,3.096457e-32,1.090476e-26,4.395576e-23,4.483117e-24,-1.337261e-33
3664.5268,200.00,275.0000,1.344107e+02,1.182933e-01,C,2.970365e-03,1.333333e-01,0.2966%,5.391033e-02,5.106751e-02,4.759148e-05,1.904302e-15,2.408066e-10,2.639287e-05,6.841647e-07,0.000000e+00,0.000000e+00,1.550633e-18,0.000000e+00,0.000000e+00,0.000000e+00,0.000000e+00,0.000000e+00,0.000000e+00,2.775548e-18,1.205414e-31,1.655187e-18,3.248611e-32,3.804921e-23,1.194312e-18,2.815886e-20,-8.352894e-44,-2.445070e-18,-1.222580e-18,-1.655206e-18,-1.344146e-33,-3.804848e-23,-1.194285e-18,-2.815814e-20,-1.341591e-33,0.000000e+00,0.000000e+00,0.000000e+00,0.000000e+00,0.000000e+00,0.000000e+00,0.000000e+00,0.000000e+00,3.304787e-19,3.280525e-19,-1.836922e-23,3.114197e-32,7.324790e-28,2.669784e-23,7.269544e-25,-1.341591e-33
3684.5268,200.00,275.0000,1.355051e+02,1.180441e-01,C,2.969439e-03,1.333333e-01,0.2965%,5.411901e-02,5.127465e-02,4.758450e-05,1.924044e-15,2.421857e-10,2.641354e-05,6.854613e-07,0.000000e+00,0.000000e+00,1.550633e-18,0.000000e+00,0.000000e+00,0.000000e+00,0.000000e+00,0.000000e+00,0.000000e+00,2.776107e-18,1.262814e-31,1.655888e-18,3.266668e-32,3.826374e-23,1.194823e-18,2.826538e-20,-2.505868e-43,-2.446305e-18,-1.223198e-18,-1.655906e-18,-1.341891e-33,-3.826575e-23,-1.194796e-18,-2.826465e-20,-1.339312e-33,0.000000e+00,0.000000e+00,0.000000e+00,0.000000e+00,0.000000e+00,0.000000e+00,0.000000e+00,0.000000e+00,3.298020e-19,3.274345e-19,-1.822526e-23,3.132479e-32,-2.009389e-27,2.677201e-23,7.384849e-25,-1.339312e-33
3704.5268,200.00,275.0000,1.366021e+02,1.177948e-01,C,2.968513e-03,1.333333e-01,0.2964%,5.432729e-02,5.148140e-02,4.757762e-05,1.943904e-15,2.435306e-10,2.643421e-05,6.867611e-07,0.000000e+00,0.000000e+00,1.550633e-18,0.000000e+00,0.000000e+00,0.000000e+00,0.000000e+00,0.000000e+00,0.000000e+00,2.776693e-18,1.320215e-31,1.656587e-18,3.284948e-32,3.848030e-23,1.195335e-18,2.837248e-20,-1.252934e-43,-2.447543e-18,-1.223817e-18,-1.656605e-18,-1.339671e-33,-3.847611e-23,-1.195308e-18,-2.837174e-20,-1.337071e-33,0.000000e+00,0.000000e+00,0.000000e+00,0.000000e+00,0.000000e+00,0.000000e+00,0.000000e+00,0.000000e+00,3.291506e-19,3.268157e-19,-1.806409e-23,3.150981e-32,4.185117e-27,2.675950e-23,7.384353e-25,-1.337071e-33
3724.5268,200.00,275.0000,1.377016e+02,1.175452e-01,C,2.967587e-03,1.333333e-01,0.2963%,5.453515e-02,5.168776e-02,4.757084e-05,1.963881e-15,2.449147e-10,2.645486e-05,6.880642e-07,0.000000e+00,0.000000e+00,1.550633e-18,0.000000e+00,0.000000e+00,0.000000e+00,0.000000e+00,0.000000e+00,0.000000e+00,2.777306e-18,1.033212e-31,1.657285e-18,3.303457e-32,3.869881e-23,1.195846e-18,2.848016e-20,-8.352894e-44,-2.448782e-18,-1.224437e-18,-1.657303e-18,-1.337491e-33,-3.869959e-23,-1.195819e-18,-2.847942e-20,-1.334867e-33,0.000000e+00,0.000000e+00,0.000000e+00,0.000000e+00,0.000000e+00,0.000000e+00,0.000000e+00,0.000000e+00,3.285243e-19,3.261961e-19,-1.787960e-23,3.169708e-32,-7.819083e-28,2.666356e-23,7.354212e-25,-1.334867e-33
3744.5268,200.00,275.0000,1.388037e+02,1.173040e-01,C,2.966662e-03,1.333333e-01,0.2962%,5.474260e-02,5.189373e-02,4.756416e-05,1.983975e-15,2.463062e-10,2.647550e-05,6.893705e-07,0.000000e+00,0.000000e+00,1.550633e-18,0.000000e+00,0.000000e+00,0.000000e+00,0.000000e+00,0.000000e+00,0.000000e+00,2.777945e-18,1.549818e-31,1.657983e-18,3.322178e-32,3.891938e-23,1.196358e-18,2.858843e-20,6.264671e-43,-2.449980e-18,-1.225036e-18,-1.657980e-18,-1.335329e-33,-3.890902e-23,-1.196314e-18,-2.858387e-20,-1.332682e-33,0.000000e+00,0.000000e+00,0.000000e+00,0.000000e+00,0.000000e+00,0.000000e+00,0.000000e+00,0.000000e+00,3.279653e-19,3.255970e-19,2.872270e-24,3.188645e-32,1.035896e-26,4.388964e-23,4.559173e-24,-1.332682e-33
3764.5268,200.00,275.0000,1.399081e+02,1.170540e-01,C,2.965776e-03,1.333333e-01,0.2961%,5.494965e-02,5.209931e-02,4.755743e-05,2.004186e-15,2.476513e-10,2.649601e-05,6.906555e-07,0.000000e+00,0.000000e+00,1.550633e-18,0.000000e+00,0.000000e+00,0.000000e+00,0.000000e+00,0.000000e+00,0.000000e+00,2.778462e-18,1.664619e-31,1.658658e-18,3.340068e-32,3.913255e-23,1.196852e-18,2.869344e-20,2.923513e-43,-2.451222e-18,-1.225657e-18,-1.658676e-18,-1.333220e-33,-3.913280e-23,-1.196826e-18,-2.869270e-20,-1.330552e-33,0.000000e+00,0.000000e+00,0.000000e+00,0.000000e+00,0.000000e+00,0.000000e+00,0.000000e+00,0.000000e+00,3.272400e-19,3.249758e-19,-1.756984e-23,3.206746e-32,-2.483654e-28,2.664245e-23,7.356018e-25,-1.330552e-33
3784.5268,200.00,275.0000,1.410152e+02,1.168290e-01,C,2.964890e-03,1.333333e-01,0.2960%,5.515630e-02,5.230451e-02,4.755081e-05,2.024514e-15,2.490070e-10,2.651651e-05,6.919439e-07,0.000000e+00,0.000000e+00,1.550633e-18,0.000000e+00,0.000000e+00,0.000000e+00,0.000000e+00,0.000000e+00,0.000000e+00,2.779005e-18,1.951622e-31,1.659333e-18,3.358172e-32,3.934767e-23,1.197347e-18,2.879901e-20,9.188184e-43,-2.452383e-18,-1.226216e-18,-1.659350e-18,-1.327740e-33,-3.934647e-23,-1.197321e-18,-2.879827e-20,-1.321408e-33,0.000000e+00,0.000000e+00,0.000000e+00,0.000000e+00,0.000000e+00,0.000000e+00,0.000000e+00,0.000000e+00,3.266224e-19,3.244164e-19,-1.744658e-23,3.225398e-32,1.203288e-27,2.671753e-23,7.386926e-25,-1.321408e-33
3804.5268,200.00,275.0000,1.421247e+02,1.165831e-01,C,2.963967e-03,1.333333e-01,0.2960%,5.536255e-02,5.250933e-02,4.754440e-05,2.044960e-15,2.504345e-10,2.653711e-05,6.932595e-07,0.000000e+00,0.000000e+00,1.550633e-18,0.000000e+00,0.000000e+00,0.000000e+00,0.000000e+00,0.000000e+00,0.000000e+00,2.779722e-18,2.123824e-31,1.660027e-18,3.377565e-32,3.957422e-23,1.197859e-18,2.890900e-20,-5.429381e-43,-2.453595e-18,-1.226828e-18,-1.660024e-18,-1.326475e-33,-3.957144e-23,-1.197816e-18,-2.890440e-20,-1.320989e-33,0.000000e+00,0.000000e+00,0.000000e+00,0.000000e+00,0.000000e+00,0.000000e+00,0.000000e+00,0.000000e+00,3.261269e-19,3.238050e-19,3.307145e-24,3.244917e-32,2.780655e-27,4.369322e-23,4.599013e-24,-1.320989e-33
3824.5268,200.00,275.0000,1.432365e+02,1.163284e-01,C,2.963119e-03,1.333333e-01,0.2959%,5.556840e-02,5.271377e-02,4.753783e-05,2.065523e-15,2.517983e-10,2.655746e-05,6.945291e-07,0.000000e+00,0.000000e+00,1.550633e-18,0.000000e+00,0.000000e+00,0.000000e+00,0.000000e+00,0.000000e+00,0.000000e+00,2.780168e-18,2.353427e-31,1.660679e-18,3.395030e-32,3.978374e-23,1.198338e-18,2.901182e-20,8.352894e-44,-2.454831e-18,-1.227462e-18,-1.660696e-18,-1.327060e-33,-3.977541e-23,-1.198311e-18,-2.901109e-20,-1.324322e-33,0.000000e+00,0.000000e+00,0.000000e+00,0.000000e+00,0.000000e+00,0.000000e+00,0.000000e+00,0.000000e+00,3.253366e-19,3.231713e-19,-1.712602e-23,3.262324e-32,8.330509e-27,2.662095e-23,7.361500e-25,-1.324322e-33
3844.5268,200.00,275.0000,1.443508e+02,1.160861e-01,C,2.962235e-03,1.333333e-01,0.2958%,5.577385e-02,5.291783e-02,4.753147e-05,2.086203e-15,2.531714e-10,2.657792e-05,6.958262e-07,0.000000e+00,0.000000e+00,1.550633e-18,0.000000e+00,0.000000e+00,0.000000e+00,0.000000e+00,0.000000e+00,0.000000e+00,2.780787e-18,2.238625e-31,1.661351e-18,3.413790e-32,4.000469e-23,1.198833e-18,2.911907e-20,-5.011737e-43,-2.456037e-18,-1.228065e-18,-1.661368e-18,-1.325079e-33,-4.000536e-23,-1.198806e-18,-2.911835e-20,-1.322316e-33,0.000000e+00,0.000000e+00,0.000000e+00,0.000000e+00,0.000000e+00,0.000000e+00,0.000000e+00,0.000000e+00,3.247497e-19,3.225682e-19,-1.694129e-23,3.281282e-32,-6.699904e-28,2.645116e-23,7.218174e-25,-1.322316e-33
3864.5268,200.00,275.0000,1.454679e+02,1.158522e-01,C,2.961350e-03,1.333333e-01,0.2957%,5.597891e-02,5.312151e-02,4.752520e-05,2.107000e-15,2.545811e-10,2.659838e-05,6.971272e-07,0.000000e+00,0.000000e+00,1.550633e-18,0.000000e+00,0.000000e+00,0.000000e+00,0.000000e+00,0.000000e+00,0.000000e+00,2.781431e-18,2.583029e-31,1.662022e-18,3.432755e-32,4.022766e-23,1.199328e-18,2.922688e-20,6.264671e-43,-2.457202e-18,-1.228647e-18,-1.662018e-18,-1.323110e-33,-4.021703e-23,-1.199285e-18,-2.922224e-20,-1.320326e-33,0.000000e+00,0.000000e+00,0.000000e+00,0.000000e+00,0.000000e+00,0.000000e+00,0.000000e+00,0.000000e+00,3.242292e-19,3.219857e-19,3.693762e-24,3.300444e-32,1.062508e-26,4.361228e-23,4.642433e-24,-1.320326e-33
3884.5268,200.00,275.0000,1.465872e+02,1.156180e-01,C,2.960504e-03,1.333333e-01,0.2956%,5.618358e-02,5.332483e-02,4.751890e-05,2.127915e-15,2.559653e-10,2.661871e-05,6.984058e-07,0.000000e+00,0.000000e+00,1.550633e-18,0.000000e+00,0.000000e+00,0.000000e+00,0.000000e+00,0.000000e+00,0.000000e+00,2.781951e-18,3.042235e-31,1.662672e-18,3.450853e-32,4.044287e-23,1.199807e-18,2.933134e-20,-2.088224e-43,-2.458369e-18,-1.229231e-18,-1.662668e-18,-1.321179e-33,-4.042960e-23,-1.199763e-18,-2.932668e-20,-1.318371e-33,0.000000e+00,0.000000e+00,0.000000e+00,0.000000e+00,0.000000e+00,0.000000e+00,0.000000e+00,0.000000e+00,3.235828e-19,3.214023e-19,3.782671e-24,3.318735e-32,1.327176e-26,4.370501e-23,4.661034e-24,-1.318371e-33
3904.5268,200.00,275.0000,1.477088e+02,1.153751e-01,C,2.959658e-03,1.333333e-01,0.2955%,5.638786e-02,5.352776e-02,4.751267e-05,2.148948e-15,2.573109e-10,2.663902e-05,6.996871e-07,0.000000e+00,0.000000e+00,1.550633e-18,0.000000e+00,0.000000e+00,0.000000e+00,0.000000e+00,0.000000e+00,0.000000e+00,2.782496e-18,3.501440e-31,1.663320e-18,3.469159e-32,4.065994e-23,1.200286e-18,2.943632e-20,8.352894e-44,-2.459579e-18,-1.229836e-18,-1.663337e-18,-1.319299e-33,-4.065888e-23,-1.200260e-18,-2.943560e-20,-1.316467e-33,0.000000e+00,0.000000e+00,0.000000e+00,0.000000e+00,0.000000e+00,0.000000e+00,0.000000e+00,0.000000e+00,3.229166e-19,3.207969e-19,-1.649073e-23,3.337229e-32,1.060689e-27,2.632400e-23,7.185232e-25,-1.316467e-33
3924.5268,200.00,275.0000,1.488327e+02,1.151539e-01,C,2.958813e-03,1.333333e-01,0.2954%,5.659176e-02,5.373033e-02,4.750654e-05,2.170099e-15,2.586693e-10,2.665930e-05,7.009711e-07,0.000000e+00,0.000000e+00,1.550633e-18,0.000000e+00,0.000000e+00,0.000000e+00,0.000000e+00,0.000000e+00,0.000000e+00,2.783065e-18,3.788443e-31,1.663968e-18,3.487676e-32,4.087896e-23,1.200765e-18,2.954186e-20,2.505868e-43,-2.460694e-18,-1.230388e-18,-1.663964e-18,-1.316375e-33,-4.087271e-23,-1.200721e-18,-2.953717e-20,-1.312458e-33,0.000000e+00,0.000000e+00,0.000000e+00,0.000000e+00,0.000000e+00,0.000000e+00,0.000000e+00,0.000000e+00,3.223703e-19,3.202453e-19,4.021822e-24,3.356039e-32,6.242139e-27,4.367100e-23,4.690419e-24,-1.312458e-33
3944.5268,200.00,275.0000,1.499591e+02,1.149143e-01,C,2.957968e-03,1.333333e-01,0.2954%,5.679527e-02,5.393253e-02,4.750049e-05,2.191367e-15,2.601125e-10,2.667957e-05,7.022580e-07,0.000000e+00,0.000000e+00,1.550633e-18,0.000000e+00,0.000000e+00,0.000000e+00,0.000000e+00,0.000000e+00,0.000000e+00,2.783658e-18,4.190248e-31,1.664615e-18,3.506403e-32,4.109985e-23,1.201244e-18,2.964792e-20,-7.517605e-43,-2.461877e-18,-1.230985e-18,-1.664611e-18,-1.315587e-33,-4.108821e-23,-1.201200e-18,-2.964322e-20,-1.312708e-33,0.000000e+00,0.000000e+00,0.000000e+00,0.000000e+00,0.000000e+00,0.000000e+00,0.000000e+00,0.000000e+00,3.217803e-19,3.196477e-19,4.173595e-24,3.374844e-32,1.164244e-26,4.353409e-23,4.700994e-24,-1.312708e-33
3964.5268,200.00,275.0000,1.510877e+02,1.146888e-01,C,2.957161e-03,1.333333e-01,0.2953%,5.699840e-02,5.413437e-02,4.749439e-05,2.212752e-15,2.614174e-10,2.669972e-05,7.035224e-07,0.000000e+00,0.000000e+00,1.550633e-18,0.000000e+00,0.000000e+00,0.000000e+00,0.000000e+00,0.000000e+00,0.000000e+00,2.784125e-18,4.362450e-31,1.665241e-18,3.524227e-32,4.131269e-23,1.201706e-18,2.975054e-20,4.594092e-43,-2.463027e-18,-1.231548e-18,-1.665257e-18,-1.311776e-33,-4.131867e-23,-1.201680e-18,-2.974982e-20,-1.306789e-33,0.000000e+00,0.000000e+00,0.000000e+00,0.000000e+00,0.000000e+00,0.000000e+00,0.000000e+00,0.000000e+00,3.210983e-19,3.190850e-19,-1.610357e-23,3.393050e-32,-5.987735e-27,2.634678e-23,7.204863e-25,-1.306789e-33
3984.5268,200.00,275.0000,1.522187e+02,1.144727e-01,C,2.956316e-03,1.333333e-01,0.2952%,5.720115e-02,5.433584e-02,4.748851e-05,2.234256e-15,2.628481e-10,2.671995e-05,7.048148e-07,0.000000e+00,0.000000e+00,1.550633e-18,0.000000e+00,0.000000e+00,0.000000e+00,0.000000e+00,0.000000e+00,0.000000e+00,2.784766e-18,5.510463e-31,1.665886e-18,3.543375e-32,4.153741e-23,1.202186e-18,2.985768e-20,-8.352894e-44,-2.464132e-18,-1.232087e-18,-1.665882e-18,-1.307886e-33,-4.152788e-23,-1.202142e-18,-2.985295e-20,-1.300612e-33,0.000000e+00,0.000000e+00,0.000000e+00,0.000000e+00,0.000000e+00,0.000000e+00,0.000000e+00,0.000000e+00,3.206334e-19,3.185455e-19,4.409747e-24,3.412587e-32,9.525961e-27,4.347077e-23,4.729110e-24,-1.300612e-33
4004.5268,200.00,275.0000,1.533520e+02,1.142258e-01,C,2.955510e-03,1.333333e-01,0.2951%,5.740352e-02,5.453695e-02,4.748257e-05,2.255877e-15,2.642419e-10,2.674007e-05,7.060848e-07,0.000000e+00,0.000000e+00,1.550633e-18,0.000000e+00,0.000000e+00,0.000000e+00,0.000000e+00,0.000000e+00,0.000000e+00,2.785280e-18,5.395661e-31,1.666510e-18,3.561607e-32,4.175398e-23,1.202648e-18,2.996135e-20,1.252934e-43,-2.465315e-18,-1.232704e-18,-1.666506e-18,-1.310260e-33,-4.173917e-23,-1.202605e-18,-2.995660e-20,-1.307307e-33,0.000000e+00,0.000000e+00,0.000000e+00,0.000000e+00,0.000000e+00,0.000000e+00,0.000000e+00,0.000000e+00,3.199654e-19,3.179289e-19,4.501627e-24,3.430581e-32,1.480617e-26,4.353100e-23,4.746286e-24,-1.307307e-33
4024.5268,200.00,275.0000,1.544876e+02,1.139987e-01,C,2.954704e-03,1.333333e-01,0.2950%,5.760551e-02,5.473769e-02,4.747672e-05,2.277616e-15,2.656334e-10,2.676017e-05,7.073574e-07,0.000000e+00,0.000000e+00,1.550633e-18,0.000000e+00,0.000000e+00,0.000000e+00,0.000000e+00,0.000000e+00,0.000000e+00,2.785818e-18,5.969668e-31,1.667133e-18,3.580042e-32,4.197237e-23,1.203111e-18,3.006553e-20,-7.099960e-43,-2.466449e-18,-1.233271e-18,-1.667129e-18,-1.308542e-33,-4.196079e-23,-1.203068e-18,-3.006077e-20,-1.305565e-33,0.000000e+00,0.000000e+00,0.000000e+00,0.000000e+00,0.000000e+00,0.000000e+00,0.000000e+00,0.000000e+00,3.193685e-19,3.173616e-19,4.609997e-24,3.449188e-32,1.158362e-26,4.352258e-23,4.761267e-24,-1.305565e-33
4044.5268,200.00,275.0000,1.556255e+02,1.137715e-01,C,2.953898e-03,1.333333e-01,0.2950%,5.780713e-02,5.493808e-02,4.747095e-05,2.299473e-15,2.669963e-10,2.678025e-05,7.086325e-07,0.000000e+00,0.000000e+00,1.550633e-18,0.000000e+00,0.000000e+00,0.000000e+00,0.000000e+00,0.000000e+00,0.000000e+00,2.786378e-18,6.486274e-31,1.667756e-18,3.598692e-32,4.219263e-23,1.203574e-18,3.017022e-20,0.000000e+00,-2.467585e-18,-1.233839e-18,-1.667751e-18,-1.306856e-33,-4.218582e-23,-1.203531e-18,-3.016545e-20,-1.303854e-33,0.000000e+00,0.000000e+00,0.000000e+00,0.000000e+00,0.000000e+00,0.000000e+00,0.000000e+00,0.000000e+00,3.187931e-19,3.167935e-19,4.737485e-24,3.468006e-32,6.805493e-27,4.344165e-23,4.773375e-24,-1.303854e-33
4064.5268,200.00,275.0000,1.567657e+02,1.135440e-01,C,2.953129e-03,1.333333e-01,0.2949%,5.800838e-02,5.513811e-02,4.746513e-05,2.321448e-15,2.683383e-10,2.680021e-05,7.098846e-07,0.000000e+00,0.000000e+00,1.550633e-18,0.000000e+00,0.000000e+00,0.000000e+00,0.000000e+00,0.000000e+00,0.000000e+00,2.786812e-18,7.175082e-31,1.668358e-18,3.616378e-32,4.240448e-23,1.204020e-18,3.027138e-20,2.923513e-43,-2.468723e-18,-1.234408e-18,-1.668373e-18,-1.305198e-33,-4.240534e-23,-1.203994e-18,-3.027065e-20,-1.302174e-33,0.000000e+00,0.000000e+00,0.000000e+00,0.000000e+00,0.000000e+00,0.000000e+00,0.000000e+00,0.000000e+00,3.180890e-19,3.162246e-19,-1.546277e-23,3.485858e-32,-8.559921e-28,2.631425e-23,7.302042e-25,-1.302174e-33
4084.5268,200.00,275.0000,1.579081e+02,1.133162e-01,C,2.952324e-03,1.333333e-01,0.2948%,5.820927e-02,5.533779e-02,4.745951e-05,2.343541e-15,2.697496e-10,2.682025e-05,7.111649e-07,0.000000e+00,0.000000e+00,1.550633e-18,0.000000e+00,0.000000e+00,0.000000e+00,0.000000e+00,0.000000e+00,0.000000e+00,2.787418e-18,8.036091e-31,1.668979e-18,3.635435e-32,4.262840e-23,1.204484e-18,3.037710e-20,-2.088224e-43,-2.469862e-18,-1.234978e-18,-1.668994e-18,-1.303577e-33,-4.263330e-23,-1.204458e-18,-3.037639e-20,-1.300525e-33,0.000000e+00,0.000000e+00,0.000000e+00,0.000000e+00,0.000000e+00,0.000000e+00,0.000000e+00,0.000000e+00,3.175560e-19,3.156549e-19,-1.528675e-23,3.505077e-32,-4.895548e-27,2.608614e-23,7.134851e-25,-1.300525e-33
4104.5268,200.00,275.0000,1.590528e+02,1.130969e-01,C,2.951556e-03,1.333333e-01,0.2947%,5.840978e-02,5.553711e-02,4.745384e-05,2.365752e-15,2.711436e-10,2.684018e-05,7.124221e-07,0.000000e+00,0.000000e+00,1.550633e-18,0.000000e+00,0.000000e+00,0.000000e+00,0.000000e+00,0.000000e+00,0.000000e+00,2.787896e-18,9.069303e-31,1.669579e-18,3.653518e-32,4.284386e-23,1.204930e-18,3.047926e-20,1.670579e-43,-2.470960e-18,-1.235527e-18,-1.669594e-18,-1.301965e-33,-4.284103e-23,-1.204904e-18,-3.047853e-20,-1.298890e-33,0.000000e+00,0.000000e+00,0.000000e+00,0.000000e+00,0.000000e+00,0.000000e+00,0.000000e+00,0.000000e+00,3.169367e-19,3.151060e-19,-1.519901e-23,3.523322e-32,2.835321e-27,2.622011e-23,7.276246e-25,-1.298890e-33
4124.5268,200.00,275.0000,1.601998e+02,1.128844e-01,C,2.950788e-03,1.333333e-01,0.2946%,5.860992e-02,5.573609e-02,4.744824e-05,2.388081e-15,2.724646e-10,2.686008e-05,7.136819e-07,0.000000e+00,0.000000e+00,1.550633e-18,0.000000e+00,0.000000e+00,0.000000e+00,0.000000e+00,0.000000e+00,0.000000e+00,2.788397e-18,9.700710e-31,1.670178e-18,3.671822e-32,4.306108e-23,1.205377e-18,3.058191e-20,4.176447e-44,-2.472042e-18,-1.236059e-18,-1.670193e-18,-1.298855e-33,-4.307248e-23,-1.205351e-18,-3.058118e-20,-1.294225e-33,0.000000e+00,0.000000e+00,0.000000e+00,0.000000e+00,0.000000e+00,0.000000e+00,0.000000e+00,0.000000e+00,3.163554e-19,3.145739e-19,-1.510029e-23,3.541936e-32,-1.140235e-26,2.628152e-23,7.301199e-25,-1.294225e-33
4144.5268,200.00,275.0000,1.613490e+02,1.126576e-01,C,2.950020e-03,1.333333e-01,0.2946%,5.880971e-02,5.593471e-02,4.744272e-05,2.410528e-15,2.739110e-10,2.687997e-05,7.149441e-07,0.000000e+00,0.000000e+00,1.550633e-18,0.000000e+00,0.000000e+00,0.000000e+00,0.000000e+00,0.000000e+00,0.000000e+00,2.788920e-18,1.033212e-30,1.670777e-18,3.690296e-32,4.328011e-23,1.205824e-18,3.068506e-20,1.670579e-43,-2.473160e-18,-1.236627e-18,-1.670792e-18,-1.298836e-33,-4.327923e-23,-1.205798e-18,-3.068432e-20,-1.295709e-33,0.000000e+00,0.000000e+00,0.000000e+00,0.000000e+00,0.000000e+00,0.000000e+00,0.000000e+00,0.000000e+00,3.157601e-19,3.140060e-19,-1.498186e-23,3.560412e-32,8.745614e-28,2.627111e-23,7.302163e-25,-1.295709e-33
4164.5268,200.00,275.0000,1.625003e+02,1.124376e-01,C,2.949253e-03,1.333333e-01,0.2945%,5.900913e-02,5.613298e-02,4.743728e-05,2.433094e-15,2.752852e-10,2.689984e-05,7.162087e-07,0.000000e+00,0.000000e+00,1.550633e-18,0.000000e+00,0.000000e+00,0.000000e+00,0.000000e+00,0.000000e+00,0.000000e+00,2.789464e-18,1.136533e-30,1.671375e-18,3.708979e-32,4.350094e-23,1.206271e-18,3.078869e-20,1.670579e-43,-2.474262e-18,-1.237178e-18,-1.671390e-18,-1.297316e-33,-4.350028e-23,-1.206245e-18,-3.078796e-20,-1.294163e-33,0.000000e+00,0.000000e+00,0.000000e+00,0.000000e+00,0.000000e+00,0.000000e+00,0.000000e+00,0.000000e+00,3.152024e-19,3.134548e-19,-1.484705e-23,3.579247e-32,6.588903e-28,2.619257e-23,7.278386e-25,-1.294163e-33
4184.5268,200.00,275.0000,1.636538e+02,1.122174e-01,C,2.948487e-03,1.333333e-01,0.2944%,5.920819e-02,5.633091e-02,4.743190e-05,2.455777e-15,2.766854e-10,2.691969e-05,7.174758e-07,0.000000e+00,0.000000e+00,1.550633e-18,0.000000e+00,0.000000e+00,0.000000e+00,0.000000e+00,0.000000e+00,0.000000e+00,2.790030e-18,1.228374e-30,1.671972e-18,3.727855e-32,4.372356e-23,1.206718e-18,3.089282e-20,3.341158e-43,-2.475366e-18,-1.237730e-18,-1.671987e-18,-1.295825e-33,-4.372770e-23,-1.206692e-18,-3.089211e-20,-1.292646e-33,0.000000e+00,0.000000e+00,0.000000e+00,0.000000e+00,0.000000e+00,0.000000e+00,0.000000e+00,0.000000e+00,3.146649e-19,3.129029e-19,-1.470125e-23,3.598272e-32,-4.141941e-27,2.604142e-23,7.137368e-25,-1.292646e-33
4204.5268,200.00,275.0000,1.648096e+02,1.120056e-01,C,2.947720e-03,1.333333e-01,0.2943%,5.940689e-02,5.652850e-02,4.742660e-05,2.478579e-15,2.780961e-10,2.693952e-05,7.187454e-07,0.000000e+00,0.000000e+00,1.550633e-18,0.000000e+00,0.000000e+00,0.000000e+00,0.000000e+00,0.000000e+00,0.000000e+00,2.790618e-18,1.343175e-30,1.672569e-18,3.746948e-32,4.394803e-23,1.207166e-18,3.099746e-20,1.670579e-43,-2.476428e-18,-1.238261e-18,-1.672563e-18,-1.294346e-33,-4.394260e-23,-1.207123e-18,-3.099258e-20,-1.291142e-33,0.000000e+00,0.000000e+00,0.000000e+00,0.000000e+00,0.000000e+00,0.000000e+00,0.000000e+00,0.000000e+00,3.141906e-19,3.123718e-19,5.583432e-24,3.617513e-32,5.436133e-27,4.323416e-23,4.885777e-24,-1.291142e-33
4224.5268,200.00,275.0000,1.659675e+02,1.117850e-01,C,2.946991e-03,1.333333e-01,0.2943%,5.960524e-02,5.672574e-02,4.742124e-05,2.501498e-15,2.794782e-10,2.695923e-05,7.199911e-07,0.000000e+00,0.000000e+00,1.550633e-18,0.000000e+00,0.000000e+00,0.000000e+00,0.000000e+00,0.000000e+00,0.000000e+00,2.791076e-18,1.480937e-30,1.673145e-18,3.765043e-32,4.416358e-23,1.207597e-18,3.109842e-20,7.935250e-43,-2.477534e-18,-1.238815e-18,-1.673159e-18,-1.292914e-33,-4.416669e-23,-1.207571e-18,-3.109771e-20,-1.289683e-33,0.000000e+00,0.000000e+00,0.000000e+00,0.000000e+00,0.000000e+00,0.000000e+00,0.000000e+00,0.000000e+00,3.135422e-19,3.118184e-19,-1.446339e-23,3.635752e-32,-3.118259e-27,2.597054e-23,7.118386e-25,-1.289683e-33
4244.5268,200.00,275.0000,1.671276e+02,1.115728e-01,C,2.946261e-03,1.333333e-01,0.2942%,5.980323e-02,5.692264e-02,4.741596e-05,2.524537e-15,2.808740e-10,2.697892e-05,7.212390e-07,0.000000e+00,0.000000e+00,1.550633e-18,0.000000e+00,0.000000e+00,0.000000e+00,0.000000e+00,0.000000e+00,0.000000e+00,2.791556e-18,1.607218e-30,1.673720e-18,3.783311e-32,4.438088e-23,1.208027e-18,3.119986e-20,4.176447e-44,-2.478599e-18,-1.239347e-18,-1.673735e-18,-1.291490e-33,-4.437961e-23,-1.208001e-18,-3.119913e-20,-1.288235e-33,0.000000e+00,0.000000e+00,0.000000e+00,0.000000e+00,0.000000e+00,0.000000e+00,0.000000e+00,0.000000e+00,3.129566e-19,3.112858e-19,-1.437130e-23,3.654163e-32,1.268847e-27,2.605323e-23,7.244790e-25,-1.288235e-33
4264.5268,200.00,275.0000,1.682897e+02,1.113735e-01,C,2.945532e-03,1.333333e-01,0.2941%,6.000087e-02,5.711920e-02,4.741074e-05,2.547693e-15,2.821977e-10,2.699859e-05,7.224893e-07,0.000000e+00,0.000000e+00,1.550633e-18,0.000000e+00,0.000000e+00,0.000000e+00,0.000000e+00,0.000000e+00,0.000000e+00,2.792056e-18,1.756460e-30,1.674295e-18,3.801799e-32,4.459991e-23,1.208458e-18,3.130176e-20,-3.341158e-43,-2.479633e-18,-1.239847e-18,-1.674309e-18,-1.287270e-33,-4.460746e-23,-1.208432e-18,-3.130104e-20,-1.281157e-33,0.000000e+00,0.000000e+00,0.000000e+00,0.000000e+00,0.000000e+00,0.000000e+00,0.000000e+00,0.000000e+00,3.124229e-19,3.107855e-19,-1.427058e-23,3.673072e-32,-7.554006e-27,2.606848e-23,7.253949e-25,-1.281157e-33
4284.5268,200.00,275.0000,1.694541e+02,1.111477e-01,C,2.944803e-03,1.333333e-01,0.2940%,6.019817e-02,5.731543e-02,4.740559e-05,2.570968e-15,2.836354e-10,2.701825e-05,7.237419e-07,0.000000e+00,0.000000e+00,1.550633e-18,0.000000e+00,0.000000e+00,0.000000e+00,0.000000e+00,0.000000e+00,0.000000e+00,2.792577e-18,1.928662e-30,1.674869e-18,3.820461e-32,4.482069e-23,1.208890e-18,3.140414e-20,-8.352894e-44,-2.480734e-18,-1.240414e-18,-1.674883e-18,-1.288731e-33,-4.481913e-23,-1.208864e-18,-3.140342e-20,-1.285425e-33,0.000000e+00,0.000000e+00,0.000000e+00,0.000000e+00,0.000000e+00,0.000000e+00,0.000000e+00,0.000000e+00,3.118434e-19,3.102185e-19,-1.415005e-23,3.691588e-32,1.559323e-27,2.601263e-23,7.238069e-25,-1.285425e-33
4304.5268,200.00,275.0000,1.706206e+02,1.109348e-01,C,2.944075e-03,1.333333e-01,0.2940%,6.039511e-02,5.751132e-02,4.740050e-05,2.594362e-15,2.850275e-10,2.703788e-05,7.249968e-07,0.000000e+00,0.000000e+00,1.550633e-18,0.000000e+00,0.000000e+00,0.000000e+00,0.000000e+00,0.000000e+00,0.000000e+00,2.793119e-18,2.100864e-30,1.675442e-18,3.839301e-32,4.504321e-23,1.209321e-18,3.150699e-20,2.923513e-43,-2.481803e-18,-1.240949e-18,-1.675456e-18,-1.287397e-33,-4.504821e-23,-1.209295e-18,-3.150627e-20,-1.284061e-33,0.000000e+00,0.000000e+00,0.000000e+00,0.000000e+00,0.000000e+00,0.000000e+00,0.000000e+00,0.000000e+00,3.113155e-19,3.096837e-19,-1.401556e-23,3.710561e-32,-5.007219e-27,2.589372e-23,7.199288e-25,-1.284061e-33
4324.5268,200.00,275.0000,1.717891e+02,1.107304e-01,C,2.943347e-03,1.333333e-01,0.2939%,6.059171e-02,5.770688e-02,4.739549e-05,2.617874e-15,2.864618e-10,2.705750e-05,7.262542e-07,0.000000e+00,0.000000e+00,1.550633e-18,0.000000e+00,0.000000e+00,0.000000e+00,0.000000e+00,0.000000e+00,0.000000e+00,2.793681e-18,2.284546e-30,1.676015e-18,3.858341e-32,4.526755e-23,1.209753e-18,3.161033e-20,6.682315e-43,-2.482831e-18,-1.241463e-18,-1.676009e-18,-1.286069e-33,-4.525137e-23,-1.209710e-18,-3.160536e-20,-1.282707e-33,0.000000e+00,0.000000e+00,0.000000e+00,0.000000e+00,0.000000e+00,0.000000e+00,0.000000e+00,0.000000e+00,3.108501e-19,3.091699e-19,6.153421e-24,3.729734e-32,1.617425e-26,4.312451e-23,4.970143e-24,-1.282707e-33
4344.5268,200.00,275.0000,1.729598e+02,1.105172e-01,C,2.942655e-03,1.333333e-01,0.2938%,6.078796e-02,5.790210e-02,4.739041e-05,2.641504e-15,2.877959e-10,2.707698e-05,7.274867e-07,0.000000e+00,0.000000e+00,1.550633e-18,0.000000e+00,0.000000e+00,0.000000e+00,0.000000e+00,0.000000e+00,0.000000e+00,2.794112e-18,2.479708e-30,1.676567e-18,3.876361e-32,4.548251e-23,1.210168e-18,3.170987e-20,-1.252934e-43,-2.483903e-18,-1.241999e-18,-1.676581e-18,-1.284758e-33,-4.548674e-23,-1.210142e-18,-3.170915e-20,-1.281349e-33,0.000000e+00,0.000000e+00,0.000000e+00,0.000000e+00,0.000000e+00,0.000000e+00,0.000000e+00,0.000000e+00,3.102087e-19,3.086338e-19,-1.381343e-23,3.747885e-32,-4.221374e-27,2.589403e-23,7.207320e-25,-1.281349e-33
4364.5268,200.00,275.0000,1.741325e+02,1.103122e-01,C,2.941928e-03,1.333333e-01,0.2938%,6.098387e-02,5.809699e-02,4.738553e-05,2.665253e-15,2.892370e-10,2.709656e-05,7.287486e-07,0.000000e+00,0.000000e+00,1.550633e-18,0.000000e+00,0.000000e+00,0.000000e+00,0.000000e+00,0.000000e+00,0.000000e+00,2.794714e-18,2.686351e-30,1.677139e-18,3.895780e-32,4.571035e-23,1.210600e-18,3.181415e-20,-4.176447e-44,-2.484933e-18,-1.242515e-18,-1.677133e-18,-1.283516e-33,-4.569889e-23,-1.210557e-18,-3.180915e-20,-1.280098e-33,0.000000e+00,0.000000e+00,0.000000e+00,0.000000e+00,0.000000e+00,0.000000e+00,0.000000e+00,0.000000e+00,3.097807e-19,3.081184e-19,6.357843e-24,3.767428e-32,1.145683e-26,4.299539e-23,4.994946e-24,-1.280098e-33
4384.5268,200.00,275.0000,1.753072e+02,1.100985e-01,C,2.941236e-03,1.333333e-01,0.2937%,6.117944e-02,5.829155e-02,4.738058e-05,2.689121e-15,2.906548e-10,2.711601e-05,7.299854e-07,0.000000e+00,0.000000e+00,1.550633e-18,0.000000e+00,0.000000e+00,0.000000e+00,0.000000e+00,0.000000e+00,0.000000e+00,2.795185e-18,2.870033e-30,1.677690e-18,3.914185e-32,4.592872e-23,1.211015e-18,3.191461e-20,-1.252934e-43,-2.486009e-18,-1.243052e-18,-1.677704e-18,-1.282285e-33,-4.592443e-23,-1.210989e-18,-3.191390e-20,-1.278841e-33,0.000000e+00,0.000000e+00,0.000000e+00,0.000000e+00,0.000000e+00,0.000000e+00,0.000000e+00,0.000000e+00,3.091763e-19,3.075807e-19,-1.355586e-23,3.785956e-32,4.288468e-27,2.563379e-23,7.027934e-25,-1.278841e-33
4404.5268,200.00,275.0000,1.764840e+02,1.098933e-01,C,2.940545e-03,1.333333e-01,0.2936%,6.137467e-02,5.848579e-02,4.737570e-05,2.713107e-15,2.920221e-10,2.713544e-05,7.312246e-07,0.000000e+00,0.000000e+00,1.550633e-18,0.000000e+00,0.000000e+00,0.000000e+00,0.000000e+00,0.000000e+00,0.000000e+00,2.795676e-18,3.145556e-30,1.678241e-18,3.932744e-32,4.614882e-23,1.211430e-18,3.201552e-20,2.923513e-43,-2.487042e-18,-1.243569e-18,-1.678254e-18,-1.281065e-33,-4.614840e-23,-1.211405e-18,-3.201482e-20,-1.277595e-33,0.000000e+00,0.000000e+00,0.000000e+00,0.000000e+00,0.000000e+00,0.000000e+00,0.000000e+00,0.000000e+00,3.086336e-19,3.070639e-19,-1.345794e-23,3.804637e-32,4.185452e-28,2.562821e-23,7.030342e-25,-1.277595e-33
4424.5268,200.00,275.0000,1.776630e+02,1.096877e-01,C,2.939854e-03,1.333333e-01,0.2936%,6.156955e-02,5.867969e-02,4.737088e-05,2.737211e-15,2.934240e-10,2.715486e-05,7.324659e-07,0.000000e+00,0.000000e+00,1.550633e-18,0.000000e+00,0.000000e+00,0.000000e+00,0.000000e+00,0.000000e+00,0.000000e+00,2.796186e-18,3.449779e-30,1.678791e-18,3.951513e-32,4.637061e-23,1.211846e-18,3.211689e-20,9.605828e-43,-2.488077e-18,-1.244086e-18,-1.678804e-18,-1.279872e-33,-4.637110e-23,-1.211821e-18,-3.211619e-20,-1.276374e-33,0.000000e+00,0.000000e+00,0.000000e+00,0.000000e+00,0.000000e+00,0.000000e+00,0.000000e+00,0.000000e+00,3.081092e-19,3.065465e-19,-1.334497e-23,3.823526e-32,-4.904290e-28,2.555850e-23,7.007161e-25,-1.276374e-33
4444.5268,200.00,275.0000,1.788438e+02,1.094907e-01,C,2.939164e-03,1.333333e-01,0.2935%,6.176410e-02,5.887327e-02,4.736612e-05,2.761434e-15,2.948216e-10,2.717425e-05,7.337093e-07,0.000000e+00,0.000000e+00,1.550633e-18,0.000000e+00,0.000000e+00,0.000000e+00,0.000000e+00,0.000000e+00,0.000000e+00,2.796716e-18,3.731042e-30,1.679341e-18,3.970452e-32,4.659413e-23,1.212262e-18,3.221873e-20,2.088224e-43,-2.489069e-18,-1.244583e-18,-1.679334e-18,-1.278688e-33,-4.658813e-23,-1.212219e-18,-3.221368e-20,-1.275161e-33,0.000000e+00,0.000000e+00,0.000000e+00,0.000000e+00,0.000000e+00,0.000000e+00,0.000000e+00,0.000000e+00,3.076463e-19,3.060501e-19,6.724280e-24,3.842583e-32,6.003368e-27,4.285248e-23,5.047883e-24,-1.275161e-33
4464.5268,200.00,275.0000,1.800269e+02,1.092848e-01,C,2.938509e-03,1.333333e-01,0.2934%,6.195831e-02,5.906653e-02,4.736130e-05,2.785775e-15,2.961991e-10,2.719352e-05,7.349278e-07,0.000000e+00,0.000000e+00,1.550633e-18,0.000000e+00,0.000000e+00,0.000000e+00,0.000000e+00,0.000000e+00,0.000000e+00,2.797113e-18,4.029526e-30,1.679870e-18,3.988323e-32,4.680791e-23,1.212661e-18,3.231666e-20,-5.011737e-43,-2.490107e-18,-1.245102e-18,-1.679883e-18,-1.277544e-33,-4.680764e-23,-1.212635e-18,-3.231595e-20,-1.273991e-33,0.000000e+00,0.000000e+00,0.000000e+00,0.000000e+00,0.000000e+00,0.000000e+00,0.000000e+00,0.000000e+00,3.070056e-19,3.055312e-19,-1.318115e-23,3.860568e-32,2.698991e-28,2.567602e-23,7.152836e-25,-1.273991e-33
4484.5268,200.00,275.0000,1.812120e+02,1.090873e-01,C,2.937819e-03,1.333333e-01,0.2934%,6.215220e-02,5.925947e-02,4.735666e-05,2.810236e-15,2.976017e-10,2.721289e-05,7.361759e-07,0.000000e+00,0.000000e+00,1.550633e-18,0.000000e+00,0.000000e+00,0.000000e+00,0.000000e+00,0.000000e+00,0.000000e+00,2.797681e-18,4.293569e-30,1.680418e-18,4.007633e-32,4.703482e-23,1.213077e-18,3.241939e-20,0.000000e+00,-2.491103e-18,-1.245600e-18,-1.680411e-18,-1.276413e-33,-4.702699e-23,-1.213034e-18,-3.241431e-20,-1.272830e-33,0.000000e+00,0.000000e+00,0.000000e+00,0.000000e+00,0.000000e+00,0.000000e+00,0.000000e+00,0.000000e+00,3.065784e-19,3.050334e-19,6.884892e-24,3.879992e-32,7.825956e-27,4.284633e-23,5.076558e-24,-1.272830e-33
4504.5268,200.00,275.0000,1.823988e+02,1.088809e-01,C,2.937165e-03,1.333333e-01,0.2933%,6.234575e-02,5.945208e-02,4.735196e-05,2.834815e-15,2.990285e-10,2.723211e-05,7.373978e-07,0.000000e+00,0.000000e+00,1.550633e-18,0.000000e+00,0.000000e+00,0.000000e+00,0.000000e+00,0.000000e+00,0.000000e+00,2.798116e-18,4.649453e-30,1.680946e-18,4.025856e-32,4.725186e-23,1.213477e-18,3.251819e-20,-5.847026e-43,-2.492143e-18,-1.246120e-18,-1.680959e-18,-1.275318e-33,-4.725033e-23,-1.213451e-18,-3.251749e-20,-1.271711e-33,0.000000e+00,0.000000e+00,0.000000e+00,0.000000e+00,0.000000e+00,0.000000e+00,0.000000e+00,0.000000e+00,3.059728e-19,3.045131e-19,-1.297144e-23,3.898324e-32,1.528055e-27,2.554128e-23,7.015899e-25,-1.271711e-33
4524.5268,200.00,275.0000,1.835876e+02,1.086831e-01,C,2.936510e-03,1.333333e-01,0.2932%,6.253897e-02,5.964438e-02,4.734732e-05,2.859513e-15,3.003909e-10,2.725131e-05,7.386220e-07,0.000000e+00,0.000000e+00,1.550633e-18,0.000000e+00,0.000000e+00,0.000000e+00,0.000000e+00,0.000000e+00,0.000000e+00,2.798570e-18,5.068478e-30,1.681474e-18,4.044279e-32,4.747056e-23,1.213876e-18,3.261743e-20,-6.264671e-43,-2.493141e-18,-1.246619e-18,-1.681487e-18,-1.274237e-33,-4.747049e-23,-1.213851e-18,-3.261672e-20,-1.270599e-33,0.000000e+00,0.000000e+00,0.000000e+00,0.000000e+00,0.000000e+00,0.000000e+00,0.000000e+00,0.000000e+00,3.054283e-19,3.040139e-19,-1.289200e-23,3.916856e-32,7.182979e-29,2.560750e-23,7.137998e-25,-1.270599e-33
4544.5268,200.00,275.0000,1.847784e+02,1.084850e-01,C,2.935856e-03,1.333333e-01,0.2932%,6.273186e-02,5.983636e-02,4.734274e-05,2.884329e-15,3.017587e-10,2.727049e-05,7.398481e-07,0.000000e+00,0.000000e+00,1.550633e-18,0.000000e+00,0.000000e+00,0.000000e+00,0.000000e+00,0.000000e+00,0.000000e+00,2.799042e-18,5.418622e-30,1.682001e-18,4.062865e-32,4.769090e-23,1.214276e-18,3.271711e-20,0.000000e+00,-2.494141e-18,-1.247119e-18,-1.682014e-18,-1.273180e-33,-4.769523e-23,-1.214251e-18,-3.271639e-20,-1.269512e-33,0.000000e+00,0.000000e+00,0.000000e+00,0.000000e+00,0.000000e+00,0.000000e+00,0.000000e+00,0.000000e+00,3.049009e-19,3.035140e-19,-1.280443e-23,3.935547e-32,-4.327637e-27,2.561126e-23,7.143628e-25,-1.269512e-33
4564.5268,200.00,275.0000,1.859711e+02,1.082866e-01,C,2.935203e-03,1.333333e-01,0.2931%,6.292442e-02,6.002802e-02,4.733821e-05,2.909265e-15,3.031976e-10,2.728966e-05,7.410761e-07,0.000000e+00,0.000000e+00,1.550633e-18,0.000000e+00,0.000000e+00,0.000000e+00,0.000000e+00,0.000000e+00,0.000000e+00,2.799533e-18,5.877827e-30,1.682528e-18,4.081627e-32,4.791288e-23,1.214676e-18,3.281721e-20,-2.505868e-43,-2.495142e-18,-1.247620e-18,-1.682540e-18,-1.272144e-33,-4.791129e-23,-1.214651e-18,-3.281650e-20,-1.268450e-33,0.000000e+00,0.000000e+00,0.000000e+00,0.000000e+00,0.000000e+00,0.000000e+00,0.000000e+00,0.000000e+00,3.043908e-19,3.030134e-19,-1.270318e-23,3.954413e-32,1.589156e-27,2.555498e-23,7.126854e-25,-1.268450e-33
4584.5268,200.00,275.0000,1.871658e+02,1.080881e-01,C,2.934550e-03,1.333333e-01,0.2930%,6.311666e-02,6.021936e-02,4.733375e-05,2.934319e-15,3.046115e-10,2.730881e-05,7.423062e-07,0.000000e+00,0.000000e+00,1.550633e-18,0.000000e+00,0.000000e+00,0.000000e+00,0.000000e+00,0.000000e+00,0.000000e+00,2.800042e-18,6.325552e-30,1.683054e-18,4.100559e-32,4.813651e-23,1.215077e-18,3.291774e-20,-5.011737e-43,-2.496145e-18,-1.248121e-18,-1.683066e-18,-1.271135e-33,-4.813556e-23,-1.215051e-18,-3.291703e-20,-1.267411e-33,0.000000e+00,0.000000e+00,0.000000e+00,0.000000e+00,0.000000e+00,0.000000e+00,0.000000e+00,0.000000e+00,3.038978e-19,3.025121e-19,-1.258850e-23,3.973445e-32,9.458994e-28,2.543955e-23,7.089984e-25,-1.267411e-33
4604.5268,200.00,275.0000,1.883624e+02,1.078981e-01,C,2.933897e-03,1.333333e-01,0.2930%,6.330858e-02,6.041039e-02,4.732934e-05,2.959492e-15,3.060355e-10,2.732793e-05,7.435384e-07,0.000000e+00,0.000000e+00,1.550633e-18,0.000000e+00,0.000000e+00,0.000000e+00,0.000000e+00,0.000000e+00,0.000000e+00,2.800570e-18,6.847898e-30,1.683580e-18,4.119680e-32,4.836183e-23,1.215477e-18,3.301872e-20,4.176447e-44,-2.497105e-18,-1.248601e-18,-1.683572e-18,-1.270134e-33,-4.834858e-23,-1.215435e-18,-3.301356e-20,-1.266380e-33,0.000000e+00,0.000000e+00,0.000000e+00,0.000000e+00,0.000000e+00,0.000000e+00,0.000000e+00,0.000000e+00,3.034653e-19,3.020319e-19,7.376031e-24,3.992666e-32,1.324384e-26,4.270133e-23,5.157099e-24,-1.266380e-33
4624.5268,200.00,275.0000,1.895609e+02,1.076991e-01,C,2.933279e-03,1.333333e-01,0.2929%,6.350017e-02,6.060111e-02,4.732486e-05,2.984784e-15,3.073677e-10,2.734693e-05,7.447444e-07,0.000000e+00,0.000000e+00,1.550633e-18,0.000000e+00,0.000000e+00,0.000000e+00,0.000000e+00,0.000000e+00,0.000000e+00,2.800963e-18,7.301363e-30,1.684085e-18,4.137691e-32,4.857687e-23,1.215861e-18,3.311567e-20,-1.670579e-43,-2.498110e-18,-1.249104e-18,-1.684097e-18,-1.269171e-33,-4.857891e-23,-1.215835e-18,-3.311496e-20,-1.265389e-33,0.000000e+00,0.000000e+00,0.000000e+00,0.000000e+00,0.000000e+00,0.000000e+00,0.000000e+00,0.000000e+00,3.028529e-19,3.015292e-19,-1.242783e-23,4.010774e-32,-2.039909e-27,2.547493e-23,7.109763e-25,-1.265389e-33
4644.5268,200.00,275.0000,1.907614e+02,1.075087e-01,C,2.932627e-03,1.333333e-01,0.2928%,6.369144e-02,6.079152e-02,4.732057e-05,3.010194e-15,3.088360e-10,2.736601e-05,7.459805e-07,0.000000e+00,0.000000e+00,1.550633e-18,0.000000e+00,0.000000e+00,0.000000e+00,0.000000e+00,0.000000e+00,0.000000e+00,2.801527e-18,7.909810e-30,1.684610e-18,4.157143e-32,4.880548e-23,1.216262e-18,3.321750e-20,6.682315e-43,-2.499073e-18,-1.249585e-18,-1.684602e-18,-1.268215e-33,-4.879017e-23,-1.216219e-18,-3.321232e-20,-1.264404e-33,0.000000e+00,0.000000e+00,0.000000e+00,0.000000e+00,0.000000e+00,0.000000e+00,0.000000e+00,0.000000e+00,3.024539e-19,3.010477e-19,7.539479e-24,4.030322e-32,1.530451e-26,4.262512e-23,5.182951e-24,-1.264404e-33
4664.5268,200.00,275.0000,1.919638e+02,1.073093e-01,C,2.932009e-03,1.333333e-01,0.2928%,6.388239e-02,6.098162e-02,4.731620e-05,3.035724e-15,3.102141e-10,2.738498e-05,7.471904e-07,0.000000e+00,0.000000e+00,1.550633e-18,0.000000e+00,0.000000e+00,0.000000e+00,0.000000e+00,0.000000e+00,0.000000e+00,2.801955e-18,8.512517e-30,1.685114e-18,4.175495e-32,4.902369e-23,1.216646e-18,3.331528e-20,-5.429381e-43,-2.500081e-18,-1.250089e-18,-1.685127e-18,-1.267301e-33,-4.902659e-23,-1.216621e-18,-3.331458e-20,-1.263460e-33,0.000000e+00,0.000000e+00,0.000000e+00,0.000000e+00,0.000000e+00,0.000000e+00,0.000000e+00,0.000000e+00,3.018744e-19,3.005436e-19,-1.222079e-23,4.048765e-32,-2.898630e-27,2.527597e-23,6.948707e-25,-1.263460e-33
4684.5268,200.00,275.0000,1.931680e+02,1.071185e-01,C,2.931392e-03,1.333333e-01,0.2927%,6.407302e-02,6.117142e-02,4.731188e-05,3.061372e-15,3.115855e-10,2.740391e-05,7.484019e-07,0.000000e+00,0.000000e+00,1.550633e-18,0.000000e+00,0.000000e+00,0.000000e+00,0.000000e+00,0.000000e+00,0.000000e+00,2.802401e-18,9.138184e-30,1.685619e-18,4.194019e-32,4.924352e-23,1.217030e-18,3.341347e-20,1.670579e-43,-2.501046e-18,-1.250572e-18,-1.685631e-18,-1.266391e-33,-4.925121e-23,-1.217005e-18,-3.341276e-20,-1.262521e-33,0.000000e+00,0.000000e+00,0.000000e+00,0.000000e+00,0.000000e+00,0.000000e+00,0.000000e+00,0.000000e+00,3.013551e-19,3.000608e-19,-1.214344e-23,4.067380e-32,-7.691933e-27,2.531720e-23,7.063812e-25,-1.262521e-33
4704.5268,200.00,275.0000,1.943740e+02,1.069274e-01,C,2.930775e-03,1.333333e-01,0.2926%,6.426334e-02,6.136090e-02,4.730763e-05,3.087140e-15,3.130098e-10,2.742283e-05,7.496153e-07,0.000000e+00,0.000000e+00,1.550633e-18,0.000000e+00,0.000000e+00,0.000000e+00,0.000000e+00,0.000000e+00,0.000000e+00,2.802865e-18,9.849952e-30,1.686122e-18,4.212704e-32,4.946494e-23,1.217415e-18,3.351207e-20,1.670579e-43,-2.502013e-18,-1.251056e-18,-1.686135e-18,-1.265505e-33,-4.946871e-23,-1.217390e-18,-3.351137e-20,-1.261605e-33,0.000000e+00,0.000000e+00,0.000000e+00,0.000000e+00,0.000000e+00,0.000000e+00,0.000000e+00,0.000000e+00,3.008519e-19,2.995772e-19,-1.205891e-23,4.086154e-32,-3.773681e-27,2.529936e-23,7.062274e-25,-1.261605e-33
4724.5268,200.00,275.0000,1.955819e+02,1.067361e-01,C,2.930159e-03,1.333333e-01,0.2926%,6.445334e-02,6.155008e-02,4.730342e-05,3.113026e-15,3.144014e-10,2.744173e-05,7.508306e-07,0.000000e+00,0.000000e+00,1.550633e-18,0.000000e+00,0.000000e+00,0.000000e+00,0.000000e+00,0.000000e+00,0.000000e+00,2.803346e-18,1.055598e-29,1.686626e-18,4.231563e-32,4.968796e-23,1.217800e-18,3.361109e-20,4.594092e-43,-2.502982e-18,-1.251540e-18,-1.686638e-18,-1.264643e-33,-4.968990e-23,-1.217774e-18,-3.361038e-20,-1.260712e-33,0.000000e+00,0.000000e+00,0.000000e+00,0.000000e+00,0.000000e+00,0.000000e+00,0.000000e+00,0.000000e+00,3.003648e-19,2.990930e-19,-1.196205e-23,4.105098e-32,-1.946987e-27,2.522495e-23,7.039304e-25,-1.260712e-33
4744.5268,200.00,275.0000,1.967917e+02,1.065446e-01,C,2.929543e-03,1.333333e-01,0.2925%,6.464303e-02,6.173896e-02,4.729927e-05,3.139031e-15,3.158080e-10,2.746060e-05,7.520477e-07,0.000000e+00,0.000000e+00,1.550633e-18,0.000000e+00,0.000000e+00,0.000000e+00,0.000000e+00,0.000000e+00,0.000000e+00,2.803845e-18,1.129645e-29,1.687129e-18,4.250591e-32,4.991258e-23,1.218185e-18,3.371051e-20,4.176447e-43,-2.503951e-18,-1.252025e-18,-1.687141e-18,-1.263801e-33,-4.991146e-23,-1.218159e-18,-3.370982e-20,-1.259842e-33,0.000000e+00,0.000000e+00,0.000000e+00,0.000000e+00,0.000000e+00,0.000000e+00,0.000000e+00,0.000000e+00,2.998937e-19,2.986081e-19,-1.185847e-23,4.124211e-32,1.123810e-27,2.509118e-23,6.895959e-25,-1.259842e-33
4764.5268,200.00,275.0000,1.980032e+02,1.063616e-01,C,2.928927e-03,1.333333e-01,0.2925%,6.483240e-02,6.192753e-02,4.729517e-05,3.165156e-15,3.172624e-10,2.747945e-05,7.532664e-07,0.000000e+00,0.000000e+00,1.550633e-18,0.000000e+00,0.000000e+00,0.000000e+00,0.000000e+00,0.000000e+00,0.000000e+00,2.804361e-18,1.214024e-29,1.687632e-18,4.269789e-32,5.013881e-23,1.218570e-18,3.381036e-20,1.461756e-42,-2.504878e-18,-1.252488e-18,-1.687624e-18,-1.262966e-33,-5.012774e-23,-1.218527e-18,-3.380510e-20,-1.258976e-33,0.000000e+00,0.000000e+00,0.000000e+00,0.000000e+00,0.000000e+00,0.000000e+00,0.000000e+00,0.000000e+00,2.994825e-19,2.981445e-19,8.017017e-24,4.143493e-32,1.107858e-26,4.236233e-23,5.258079e-24,-1.258976e-33
4784.5268,200.00,275.0000,1.992165e+02,1.061697e-01,C,2.928345e-03,1.333333e-01,0.2924%,6.502147e-02,6.211580e-02,4.729100e-05,3.191399e-15,3.186072e-10,2.749818e-05,7.544582e-07,0.000000e+00,0.000000e+00,1.550633e-18,0.000000e+00,0.000000e+00,0.000000e+00,0.000000e+00,0.000000e+00,0.000000e+00,2.804740e-18,1.302995e-29,1.688114e-18,4.287849e-32,5.035427e-23,1.218938e-18,3.390605e-20,1.252934e-43,-2.505851e-18,-1.252975e-18,-1.688126e-18,-1.262171e-33,-5.035519e-23,-1.218913e-18,-3.390535e-20,-1.258149e-33,0.000000e+00,0.000000e+00,0.000000e+00,0.000000e+00,0.000000e+00,0.000000e+00,0.000000e+00,0.000000e+00,2.988892e-19,2.976583e-19,-1.170412e-23,4.161631e-32,-9.170977e-28,2.511344e-23,7.008584e-25,-1.258149e-33
4804.5268,200.00,275.0000,2.004318e+02,1.059864e-01,C,2.927730e-03,1.333333e-01,0.2923%,6.521023e-02,6.230377e-02,4.728700e-05,3.217761e-15,3.200978e-10,2.751699e-05,7.556809e-07,0.000000e+00,0.000000e+00,1.550633e-18,0.000000e+00,0.000000e+00,0.000000e+00,0.000000e+00,0.000000e+00,0.000000e+00,2.805290e-18,1.402298e-29,1.688616e-18,4.307372e-32,5.058368e-23,1.219324e-18,3.400671e-20,-8.352894e-44,-2.506780e-18,-1.253440e-18,-1.688608e-18,-1.261378e-33,-5.057290e-23,-1.219281e-18,-3.400143e-20,-1.257327e-33,0.000000e+00,0.000000e+00,0.000000e+00,0.000000e+00,0.000000e+00,0.000000e+00,0.000000e+00,0.000000e+00,2.985093e-19,2.971934e-19,8.169133e-24,4.181234e-32,1.078274e-26,4.227694e-23,5.283034e-24,-1.257327e-33
4824.5268,200.00,275.0000,2.016488e+02,1.057941e-01,C,2.927148e-03,1.333333e-01,0.2923%,6.539867e-02,6.249144e-02,4.728293e-05,3.244243e-15,3.214697e-10,2.753568e-05,7.568762e-07,0.000000e+00,0.000000e+00,1.550633e-18,0.000000e+00,0.000000e+00,0.000000e+00,0.000000e+00,0.000000e+00,0.000000e+00,2.805702e-18,1.502749e-29,1.689098e-18,4.325754e-32,5.080222e-23,1.219693e-18,3.410319e-20,2.088224e-43,-2.507755e-18,-1.253927e-18,-1.689109e-18,-1.260628e-33,-5.080004e-23,-1.219668e-18,-3.410250e-20,-1.256545e-33,0.000000e+00,0.000000e+00,0.000000e+00,0.000000e+00,0.000000e+00,0.000000e+00,0.000000e+00,0.000000e+00,2.979469e-19,2.967058e-19,-1.151352e-23,4.199691e-32,2.182442e-27,2.491118e-23,6.843290e-25,-1.256545e-33
4844.5268,200.00,275.0000,2.028675e+02,1.056103e-01,C,2.926567e-03,1.333333e-01,0.2922%,6.558681e-02,6.267882e-02,4.727890e-05,3.270843e-15,3.228755e-10,2.755434e-05,7.580733e-07,0.000000e+00,0.000000e+00,1.550633e-18,0.000000e+00,0.000000e+00,0.000000e+00,0.000000e+00,0.000000e+00,0.000000e+00,2.806132e-18,1.608940e-29,1.689579e-18,4.344283e-32,5.102230e-23,1.220062e-18,3.420006e-20,1.252934e-43,-2.508688e-18,-1.254393e-18,-1.689591e-18,-1.259881e-33,-5.101887e-23,-1.220037e-18,-3.419937e-20,-1.255765e-33,0.000000e+00,0.000000e+00,0.000000e+00,0.000000e+00,0.000000e+00,0.000000e+00,0.000000e+00,0.000000e+00,2.974439e-19,2.962396e-19,-1.144990e-23,4.218295e-32,3.432556e-27,2.495525e-23,6.863251e-25,-1.255765e-33
4864.5268,200.00,275.0000,2.040881e+02,1.054263e-01,C,2.925986e-03,1.333333e-01,0.2922%,6.577465e-02,6.286590e-02,4.727493e-05,3.297562e-15,3.242637e-10,2.757299e-05,7.592722e-07,0.000000e+00,0.000000e+00,1.550633e-18,0.000000e+00,0.000000e+00,0.000000e+00,0.000000e+00,0.000000e+00,0.000000e+00,2.806577e-18,1.719150e-29,1.690060e-18,4.362982e-32,5.124390e-23,1.220431e-18,3.429732e-20,2.923513e-43,-2.509621e-18,-1.254860e-18,-1.690072e-18,-1.259154e-33,-5.124398e-23,-1.220406e-18,-3.429664e-20,-1.255007e-33,0.000000e+00,0.000000e+00,0.000000e+00,0.000000e+00,0.000000e+00,0.000000e+00,0.000000e+00,0.000000e+00,2.969561e-19,2.957727e-19,-1.137489e-23,4.237066e-32,-8.082134e-29,2.494551e-23,6.862725e-25,-1.255007e-33
4884.5268,200.00,275.0000,2.053104e+02,1.052421e-01,C,2.925406e-03,1.333333e-01,0.2921%,6.596218e-02,6.305268e-02,4.727101e-05,3.324401e-15,3.256760e-10,2.759161e-05,7.604726e-07,0.000000e+00,0.000000e+00,1.550633e-18,0.000000e+00,0.000000e+00,0.000000e+00,0.000000e+00,0.000000e+00,0.000000e+00,2.807040e-18,1.834525e-29,1.690541e-18,4.381853e-32,5.146705e-23,1.220800e-18,3.439498e-20,5.429381e-43,-2.510556e-18,-1.255328e-18,-1.690552e-18,-1.258446e-33,-5.146699e-23,-1.220775e-18,-3.439429e-20,-1.254270e-33,0.000000e+00,0.000000e+00,0.000000e+00,0.000000e+00,0.000000e+00,0.000000e+00,0.000000e+00,0.000000e+00,2.964834e-19,2.953052e-19,-1.128858e-23,4.256009e-32,5.910018e-29,2.488253e-23,6.842754e-25,-1.254270e-33
4904.5268,200.00,275.0000,2.065345e+02,1.050577e-01,C,2.924826e-03,1.333333e-01,0.2921%,6.614941e-02,6.323917e-02,4.726713e-05,3.351359e-15,3.270897e-10,2.761021e-05,7.616748e-07,0.000000e+00,0.000000e+00,1.550633e-18,0.000000e+00,0.000000e+00,0.000000e+00,0.000000e+00,0.000000e+00,0.000000e+00,2.807518e-18,1.967120e-29,1.691021e-18,4.400868e-32,5.169175e-23,1.221170e-18,3.449302e-20,6.264671e-43,-2.511492e-18,-1.255796e-18,-1.691032e-18,-1.257761e-33,-5.169054e-23,-1.221145e-18,-3.449234e-20,-1.253554e-33,0.000000e+00,0.000000e+00,0.000000e+00,0.000000e+00,0.000000e+00,0.000000e+00,0.000000e+00,0.000000e+00,2.960257e-19,2.948370e-19,-1.119113e-23,4.275092e-32,1.210291e-27,2.476691e-23,6.804862e-25,-1.253554e-33
4924.5268,200.00,275.0000,2.077603e+02,1.048818e-01,C,2.924279e-03,1.333333e-01,0.2920%,6.633633e-02,6.342536e-02,4.726318e-05,3.378435e-15,3.284294e-10,2.762869e-05,7.628492e-07,0.000000e+00,0.000000e+00,1.550633e-18,0.000000e+00,0.000000e+00,0.000000e+00,0.000000e+00,0.000000e+00,0.000000e+00,2.807858e-18,2.109474e-29,1.691482e-18,4.418708e-32,5.190522e-23,1.221523e-18,3.458681e-20,7.099960e-43,-2.512386e-18,-1.256243e-18,-1.691493e-18,-1.257080e-33,-5.190765e-23,-1.221498e-18,-3.458611e-20,-1.252842e-33,0.000000e+00,0.000000e+00,0.000000e+00,0.000000e+00,0.000000e+00,0.000000e+00,0.000000e+00,0.000000e+00,2.954728e-19,2.943902e-19,-1.117979e-23,4.293000e-32,-2.435388e-27,2.505291e-23,7.011522e-25,-1.252842e-33
4944.5268,200.00,275.0000,2.089879e+02,1.046971e-01,C,2.923700e-03,1.333333e-01,0.2919%,6.652296e-02,6.361127e-02,4.725940e-05,3.405631e-15,3.298984e-10,2.764725e-05,7.640548e-07,0.000000e+00,0.000000e+00,1.550633e-18,0.000000e+00,0.000000e+00,0.000000e+00,0.000000e+00,0.000000e+00,0.000000e+00,2.808369e-18,2.249532e-29,1.691961e-18,4.438054e-32,5.213295e-23,1.221893e-18,3.468562e-20,9.188184e-43,-2.513324e-18,-1.256712e-18,-1.691972e-18,-1.256437e-33,-5.213508e-23,-1.221868e-18,-3.468493e-20,-1.252166e-33,0.000000e+00,0.000000e+00,0.000000e+00,0.000000e+00,0.000000e+00,0.000000e+00,0.000000e+00,0.000000e+00,2.950447e-19,2.939207e-19,-1.106039e-23,4.312410e-32,-2.133003e-27,2.483259e-23,6.936385e-25,-1.252166e-33
4964.5268,200.00,275.0000,2.102172e+02,1.045208e-01,C,2.923121e-03,1.333333e-01,0.2919%,6.670929e-02,6.379688e-02,4.725567e-05,3.432946e-15,3.313274e-10,2.766579e-05,7.652622e-07,0.000000e+00,0.000000e+00,1.550633e-18,0.000000e+00,0.000000e+00,0.000000e+00,0.000000e+00,0.000000e+00,0.000000e+00,2.808896e-18,2.402791e-29,1.692441e-18,4.457555e-32,5.236231e-23,1.222263e-18,3.478484e-20,1.294699e-42,-2.514220e-18,-1.257160e-18,-1.692432e-18,-1.255798e-33,-5.235021e-23,-1.222221e-18,-3.477945e-20,-1.251494e-33,0.000000e+00,0.000000e+00,0.000000e+00,0.000000e+00,0.000000e+00,0.000000e+00,0.000000e+00,0.000000e+00,2.946756e-19,2.934728e-19,8.723477e-24,4.331975e-32,1.209703e-26,4.204059e-23,5.385104e-24,-1.251494e-33
4984.5268,200.00,275.0000,2.114481e+02,1.043356e-01,C,2.922575e-03,1.333333e-01,0.2918%,6.689532e-02,6.398221e-02,4.725186e-05,3.460381e-15,3.327292e-10,2.768420e-05,7.664412e-07,0.000000e+00,0.000000e+00,1.550633e-18,0.000000e+00,0.000000e+00,0.000000e+00,0.000000e+00,0.000000e+00,0.000000e+00,2.809284e-18,2.565235e-29,1.692900e-18,4.475868e-32,5.258023e-23,1.222617e-18,3.487974e-20,1.461756e-42,-2.515162e-18,-1.257631e-18,-1.692911e-18,-1.255196e-33,-5.257239e-23,-1.222592e-18,-3.487906e-20,-1.250859e-33,0.000000e+00,0.000000e+00,0.000000e+00,0.000000e+00,0.000000e+00,0.000000e+00,0.000000e+00,0.000000e+00,2.941220e-19,2.930019e-19,-1.089686e-23,4.350348e-32,7.834223e-27,2.468541e-23,6.788327e-25,-1.250859e-33
5004.5268,200.00,275.0000,2.126807e+02,1.041590e-01,C,2.922029e-03,1.333333e-01,0.2918%,6.708106e-02,6.416725e-02,4.724810e-05,3.487934e-15,3.341047e-10,2.770259e-05,7.676220e-07,0.000000e+00,0.000000e+00,1.550633e-18,0.000000e+00,0.000000e+00,0.000000e+00,0.000000e+00,0.000000e+00,0.000000e+00,2.809687e-18,2.736863e-29,1.693359e-18,4.494316e-32,5.279960e-23,1.222970e-18,3.497502e-20,2.923513e-43,-2.516060e-18,-1.258080e-18,-1.693370e-18,-1.254596e-33,-5.280476e-23,-1.222946e-18,-3.497433e-20,-1.250227e-33,0.000000e+00,0.000000e+00,0.000000e+00,0.000000e+00,0.000000e+00,0.000000e+00,0.000000e+00,0.000000e+00,2.936272e-19,2.925527e-19,-1.084191e-23,4.368857e-32,-5.158005e-27,2.476678e-23,6.923181e-25,-1.250227e-33
5024.5268,200.00,275.0000,2.139154e+02,1.039821e-01,C,2.921483e-03,1.333333e-01,0.2917%,6.726649e-02,6.435200e-02,4.724437e-05,3.515606e-15,3.354859e-10,2.772097e-05,7.688049e-07,0.000000e+00,0.000000e+00,1.550633e-18,0.000000e+00,0.000000e+00,0.000000e+00,0.000000e+00,0.000000e+00,0.000000e+00,2.810107e-18,2.921119e-29,1.693818e-18,4.512935e-32,5.302049e-23,1.223324e-18,3.507067e-20,5.429381e-43,-2.516960e-18,-1.258530e-18,-1.693829e-18,-1.254015e-33,-5.302336e-23,-1.223299e-18,-3.506997e-20,-1.249614e-33,0.000000e+00,0.000000e+00,0.000000e+00,0.000000e+00,0.000000e+00,0.000000e+00,0.000000e+00,0.000000e+00,2.931468e-19,2.921028e-19,-1.078154e-23,4.387534e-32,-2.872714e-27,2.479407e-23,6.936148e-25,-1.249614e-33
5044.5268,200.00,275.0000,2.151509e+02,1.038051e-01,C,2.920938e-03,1.333333e-01,0.2917%,6.745164e-02,6.453646e-02,4.724070e-05,3.543398e-15,3.369111e-10,2.773929e-05,7.699879e-07,0.000000e+00,0.000000e+00,1.550633e-18,0.000000e+00,0.000000e+00,0.000000e+00,0.000000e+00,0.000000e+00,0.000000e+00,2.810541e-18,3.112263e-29,1.694277e-18,4.531696e-32,5.324282e-23,1.223678e-18,3.516668e-20,9.605828e-43,-2.517861e-18,-1.258981e-18,-1.694287e-18,-1.253454e-33,-5.324674e-23,-1.223654e-18,-3.516599e-20,-1.249022e-33,0.000000e+00,0.000000e+00,0.000000e+00,0.000000e+00,0.000000e+00,0.000000e+00,0.000000e+00,0.000000e+00,2.926803e-19,2.916522e-19,-1.071095e-23,4.406351e-32,-3.916250e-27,2.477180e-23,6.931815e-25,-1.249022e-33
5064.5268,200.00,275.0000,2.163889e+02,1.036279e-01,C,2.920393e-03,1.333333e-01,0.2916%,6.763649e-02,6.472064e-02,4.723707e-05,3.571309e-15,3.383384e-10,2.775763e-05,7.711739e-07,0.000000e+00,0.000000e+00,1.550633e-18,0.000000e+00,0.000000e+00,0.000000e+00,0.000000e+00,0.000000e+00,0.000000e+00,2.810991e-18,3.314888e-29,1.694735e-18,4.550628e-32,5.346667e-23,1.224033e-18,3.526307e-20,9.605828e-43,-2.518763e-18,-1.259432e-18,-1.694746e-18,-1.252913e-33,-5.346698e-23,-1.224008e-18,-3.526238e-20,-1.248448e-33,0.000000e+00,0.000000e+00,0.000000e+00,0.000000e+00,0.000000e+00,0.000000e+00,0.000000e+00,0.000000e+00,2.922281e-19,2.912010e-19,-1.062988e-23,4.425337e-32,-3.173181e-28,2.469869e-23,6.909047e-25,-1.248448e-33
5084.5268,200.00,275.0000,2.176282e+02,1.034504e-01,C,2.919849e-03,1.333333e-01,0.2916%,6.782106e-02,6.490454e-02,4.723349e-05,3.599339e-15,3.397547e-10,2.777594e-05,7.723608e-07,0.000000e+00,0.000000e+00,1.550633e-18,0.000000e+00,0.000000e+00,0.000000e+00,0.000000e+00,0.000000e+00,0.000000e+00,2.811456e-18,3.539324e-29,1.695193e-18,4.569709e-32,5.369200e-23,1.224387e-18,3.535983e-20,1.044112e-42,-2.519666e-18,-1.259884e-18,-1.695204e-18,-1.252393e-33,-5.369156e-23,-1.224363e-18,-3.535915e-20,-1.247893e-33,0.000000e+00,0.000000e+00,0.000000e+00,0.000000e+00,0.000000e+00,0.000000e+00,0.000000e+00,0.000000e+00,2.917899e-19,2.907492e-19,-1.054391e-23,4.444469e-32,4.460424e-28,2.457236e-23,6.763288e-25,-1.247893e-33
5104.5268,200.00,275.0000,2.188694e+02,1.032816e-01,C,2.919305e-03,1.333333e-01,0.2915%,6.800533e-02,6.508815e-02,4.722995e-05,3.627488e-15,3.411650e-10,2.779423e-05,7.735498e-07,0.000000e+00,0.000000e+00,1.550633e-18,0.000000e+00,0.000000e+00,0.000000e+00,0.000000e+00,0.000000e+00,0.000000e+00,2.811937e-18,3.767779e-29,1.695651e-18,4.588935e-32,5.391887e-23,1.224742e-18,3.545697e-20,9.605828e-43,-2.520527e-18,-1.260314e-18,-1.695642e-18,-1.251873e-33,-5.390772e-23,-1.224700e-18,-3.545149e-20,-1.247341e-33,0.000000e+00,0.000000e+00,0.000000e+00,0.000000e+00,0.000000e+00,0.000000e+00,0.000000e+00,0.000000e+00,2.914102e-19,2.903190e-19,9.158106e-24,4.463748e-32,1.115162e-26,4.190411e-23,5.475465e-24,-1.247341e-33
5124.5268,200.00,275.0000,2.201121e+02,1.031038e-01,C,2.918793e-03,1.333333e-01,0.2915%,6.818931e-02,6.527149e-02,4.722632e-05,3.655756e-15,3.425597e-10,2.781239e-05,7.747098e-07,0.000000e+00,0.000000e+00,1.550633e-18,0.000000e+00,0.000000e+00,0.000000e+00,0.000000e+00,0.000000e+00,0.000000e+00,2.812277e-18,4.010010e-29,1.696089e-18,4.606923e-32,5.413379e-23,1.225080e-18,3.554968e-20,7.935250e-43,-2.521433e-18,-1.260767e-18,-1.696099e-18,-1.251390e-33,-5.413485e-23,-1.225055e-18,-3.554899e-20,-1.246824e-33,0.000000e+00,0.000000e+00,0.000000e+00,0.000000e+00,0.000000e+00,0.000000e+00,0.000000e+00,0.000000e+00,2.908443e-19,2.898660e-19,-1.042629e-23,4.481784e-32,-1.052191e-27,2.463900e-23,6.898029e-25,-1.246824e-33
5144.5268,200.00,275.0000,2.213564e+02,1.029258e-01,C,2.918250e-03,1.333333e-01,0.2914%,6.837300e-02,6.545454e-02,4.722287e-05,3.684144e-15,3.439905e-10,2.783064e-05,7.759016e-07,0.000000e+00,0.000000e+00,1.550633e-18,0.000000e+00,0.000000e+00,0.000000e+00,0.000000e+00,0.000000e+00,0.000000e+00,2.812787e-18,4.266590e-29,1.696546e-18,4.626477e-32,5.436358e-23,1.225435e-18,3.564753e-20,1.169405e-42,-2.522340e-18,-1.261221e-18,-1.696556e-18,-1.250925e-33,-5.436611e-23,-1.225411e-18,-3.564686e-20,-1.246325e-33,0.000000e+00,0.000000e+00,0.000000e+00,0.000000e+00,0.000000e+00,0.000000e+00,0.000000e+00,0.000000e+00,2.904474e-19,2.894122e-19,-1.031085e-23,4.501385e-32,-2.521123e-27,2.436507e-23,6.698399e-25,-1.246325e-33
5164.5268,200.00,275.0000,2.226024e+02,1.027564e-01,C,2.917739e-03,1.333333e-01,0.2913%,6.855641e-02,6.563732e-02,4.721933e-05,3.712650e-15,3.453843e-10,2.784876e-05,7.770646e-07,0.000000e+00,0.000000e+00,1.550633e-18,0.000000e+00,0.000000e+00,0.000000e+00,0.000000e+00,0.000000e+00,0.000000e+00,2.813157e-18,4.541540e-29,1.696983e-18,4.644757e-32,5.458141e-23,1.225773e-18,3.574096e-20,9.188184e-43,-2.523204e-18,-1.261653e-18,-1.696993e-18,-1.250463e-33,-5.458306e-23,-1.225749e-18,-3.574027e-20,-1.245828e-33,0.000000e+00,0.000000e+00,0.000000e+00,0.000000e+00,0.000000e+00,0.000000e+00,0.000000e+00,0.000000e+00,2.899534e-19,2.889802e-19,-1.027438e-23,4.519711e-32,-1.654506e-27,2.450729e-23,6.857321e-25,-1.245828e-33
5184.5268,200.00,275.0000,2.238500e+02,1.025867e-01,C,2.917228e-03,1.333333e-01,0.2913%,6.873953e-02,6.581981e-02,4.721583e-05,3.741276e-15,3.467951e-10,2.786686e-05,7.782291e-07,0.000000e+00,0.000000e+00,1.550633e-18,0.000000e+00,0.000000e+00,0.000000e+00,0.000000e+00,0.000000e+00,0.000000e+00,2.813542e-18,4.822803e-29,1.697420e-18,4.663194e-32,5.480064e-23,1.226112e-18,3.583473e-20,1.795872e-42,-2.524069e-18,-1.262085e-18,-1.697430e-18,-1.250017e-33,-5.479951e-23,-1.226087e-18,-3.583404e-20,-1.245350e-33,0.000000e+00,0.000000e+00,0.000000e+00,0.000000e+00,0.000000e+00,0.000000e+00,0.000000e+00,0.000000e+00,2.894728e-19,2.885476e-19,-1.023319e-23,4.538192e-32,1.126553e-27,2.459811e-23,6.891923e-25,-1.245350e-33
5204.5268,200.00,275.0000,2.250991e+02,1.024169e-01,C,2.916686e-03,1.333333e-01,0.2912%,6.892237e-02,6.600203e-02,4.721250e-05,3.770021e-15,3.482366e-10,2.788504e-05,7.794254e-07,0.000000e+00,0.000000e+00,1.550633e-18,0.000000e+00,0.000000e+00,0.000000e+00,0.000000e+00,0.000000e+00,0.000000e+00,2.814096e-18,5.134488e-29,1.697877e-18,4.683208e-32,5.503492e-23,1.226468e-18,3.593370e-20,1.378228e-42,-2.524935e-18,-1.262519e-18,-1.697867e-18,-1.249592e-33,-5.502489e-23,-1.226426e-18,-3.592816e-20,-1.244889e-33,0.000000e+00,0.000000e+00,0.000000e+00,0.000000e+00,0.000000e+00,0.000000e+00,0.000000e+00,0.000000e+00,2.891612e-19,2.881143e-19,9.474320e-24,4.558249e-32,1.003709e-26,4.169822e-23,5.535286e-24,-1.244889e-33
5224.5268,200.00,275.0000,2.263498e+02,1.022469e-01,C,2.916175e-03,1.333333e-01,0.2912%,6.910493e-02,6.618398e-02,4.720909e-05,3.798886e-15,3.496438e-10,2.790309e-05,7.805927e-07,0.000000e+00,0.000000e+00,1.550633e-18,0.000000e+00,0.000000e+00,0.000000e+00,0.000000e+00,0.000000e+00,0.000000e+00,2.814510e-18,5.461098e-29,1.698313e-18,4.701938e-32,5.525705e-23,1.226807e-18,3.602818e-20,1.252934e-42,-2.525803e-18,-1.262952e-18,-1.698304e-18,-1.249184e-33,-5.524745e-23,-1.226765e-18,-3.602263e-20,-1.244447e-33,0.000000e+00,0.000000e+00,0.000000e+00,0.000000e+00,0.000000e+00,0.000000e+00,0.000000e+00,0.000000e+00,2.887073e-19,2.876805e-19,9.527264e-24,4.577020e-32,9.595344e-27,4.169706e-23,5.548567e-24,-1.244447e-33
5244.5268,200.00,275.0000,2.276021e+02,1.020767e-01,C,2.915665e-03,1.333333e-01,0.2911%,6.928720e-02,6.636565e-02,4.720572e-05,3.827870e-15,3.510345e-10,2.792113e-05,7.817613e-07,0.000000e+00,0.000000e+00,1.550633e-18,0.000000e+00,0.000000e+00,0.000000e+00,0.000000e+00,0.000000e+00,0.000000e+00,2.814938e-18,5.791726e-29,1.698750e-18,4.720825e-32,5.548061e-23,1.227146e-18,3.612301e-20,1.754108e-42,-2.526671e-18,-1.263387e-18,-1.698740e-18,-1.248793e-33,-5.547559e-23,-1.227104e-18,-3.611745e-20,-1.244022e-33,0.000000e+00,0.000000e+00,0.000000e+00,0.000000e+00,0.000000e+00,0.000000e+00,0.000000e+00,0.000000e+00,2.882666e-19,2.872460e-19,9.589774e-24,4.595946e-32,5.017842e-27,4.164843e-23,5.560171e-24,-1.244022e-33
5264.5268,200.00,275.0000,2.288559e+02,1.019064e-01,C,2.915187e-03,1.333333e-01,0.2911%,6.946919e-02,6.654704e-02,4.720226e-05,3.856973e-15,3.524139e-10,2.793903e-05,7.829005e-07,0.000000e+00,0.000000e+00,1.550633e-18,0.000000e+00,0.000000e+00,0.000000e+00,0.000000e+00,0.000000e+00,0.000000e+00,2.815224e-18,6.152202e-29,1.699166e-18,4.738425e-32,5.569179e-23,1.227468e-18,3.621331e-20,1.294699e-42,-2.527541e-18,-1.263822e-18,-1.699176e-18,-1.248420e-33,-5.569174e-23,-1.227444e-18,-3.621262e-20,-1.243616e-33,0.000000e+00,0.000000e+00,0.000000e+00,0.000000e+00,0.000000e+00,0.000000e+00,0.000000e+00,0.000000e+00,2.876830e-19,2.868109e-19,-9.973337e-24,4.613583e-32,5.073396e-29,2.448933e-23,6.866688e-25,-1.243616e-33
5284.5268,200.00,275.0000,2.301113e+02,1.017358e-01,C,2.914678e-03,1.333333e-01,0.2910%,6.965091e-02,6.672817e-02,4.719897e-05,3.886195e-15,3.538606e-10,2.795702e-05,7.840719e-07,0.000000e+00,0.000000e+00,1.550633e-18,0.000000e+00,0.000000e+00,0.000000e+00,0.000000e+00,0.000000e+00,0.000000e+00,2.815681e-18,6.530472e-29,1.699602e-18,4.757599e-32,5.591816e-23,1.227808e-18,3.630883e-20,1.211170e-42,-2.528413e-18,-1.264258e-18,-1.699612e-18,-1.248066e-33,-5.591488e-23,-1.227784e-18,-3.630815e-20,-1.243226e-33,0.000000e+00,0.000000e+00,0.000000e+00,0.000000e+00,0.000000e+00,0.000000e+00,0.000000e+00,0.000000e+00,2.872682e-19,2.863752e-19,-9.885412e-24,4.632793e-32,3.278157e-27,2.434490e-23,6.818751e-25,-1.243226e-33
5304.5268,200.00,275.0000,2.313683e+02,1.015651e-01,C,2.914169e-03,1.333333e-01,0.2910%,6.983234e-02,6.690902e-02,4.719572e-05,3.915536e-15,3.552981e-10,2.797499e-05,7.852449e-07,0.000000e+00,0.000000e+00,1.550633e-18,0.000000e+00,0.000000e+00,0.000000e+00,0.000000e+00,0.000000e+00,0.000000e+00,2.816152e-18,6.929981e-29,1.700038e-18,4.776934e-32,5.614598e-23,1.228148e-18,3.640470e-20,1.754108e-42,-2.529285e-18,-1.264694e-18,-1.700048e-18,-1.247729e-33,-5.614299e-23,-1.228124e-18,-3.640403e-20,-1.242854e-33,0.000000e+00,0.000000e+00,0.000000e+00,0.000000e+00,0.000000e+00,0.000000e+00,0.000000e+00,0.000000e+00,2.868664e-19,2.859389e-19,-9.793586e-24,4.652161e-32,2.985448e-27,2.415032e-23,6.645677e-25,-1.242854e-33
5324.5268,200.00,275.0000,2.326269e+02,1.014029e-01,C,2.913691e-03,1.333333e-01,0.2909%,7.001350e-02,6.708960e-02,4.719238e-05,3.944997e-15,3.566528e-10,2.799283e-05,7.863884e-07,0.000000e+00,0.000000e+00,1.550633e-18,0.000000e+00,0.000000e+00,0.000000e+00,0.000000e+00,0.000000e+00,0.000000e+00,2.816480e-18,7.347857e-29,1.700454e-18,4.794958e-32,5.636130e-23,1.228471e-18,3.649601e-20,1.962930e-42,-2.530114e-18,-1.265108e-18,-1.700464e-18,-1.247393e-33,-5.635670e-23,-1.228447e-18,-3.649533e-20,-1.242482e-33,0.000000e+00,0.000000e+00,0.000000e+00,0.000000e+00,0.000000e+00,0.000000e+00,0.000000e+00,0.000000e+00,2.863662e-19,2.855244e-19,-9.779277e-24,4.670218e-32,4.597647e-27,2.437873e-23,6.836823e-25,-1.242482e-33
5344.5268,200.00,275.0000,2.338869e+02,1.012318e-01,C,2.913183e-03,1.333333e-01,0.2909%,7.019438e-02,6.726991e-02,4.718921e-05,3.974577e-15,3.580919e-10,2.801076e-05,7.875642e-07,0.000000e+00,0.000000e+00,1.550633e-18,0.000000e+00,0.000000e+00,0.000000e+00,0.000000e+00,0.000000e+00,0.000000e+00,2.816979e-18,7.786972e-29,1.700889e-18,4.814576e-32,5.659195e-23,1.228811e-18,3.659257e-20,1.294699e-42,-2.530989e-18,-1.265546e-18,-1.700899e-18,-1.247091e-33,-5.659872e-23,-1.228787e-18,-3.659191e-20,-1.242144e-33,0.000000e+00,0.000000e+00,0.000000e+00,0.000000e+00,0.000000e+00,0.000000e+00,0.000000e+00,0.000000e+00,2.859899e-19,2.850869e-19,-9.669750e-24,4.689867e-32,-6.774176e-27,2.409272e-23,6.632443e-25,-1.242144e-33
5364.5268,200.00,275.0000,2.351484e+02,1.010693e-01,C,2.912706e-03,1.333333e-01,0.2908%,7.037499e-02,6.744996e-02,4.718595e-05,4.004276e-15,3.594785e-10,2.802856e-05,7.887101e-07,0.000000e+00,0.000000e+00,1.550633e-18,0.000000e+00,0.000000e+00,0.000000e+00,0.000000e+00,0.000000e+00,0.000000e+00,2.817335e-18,8.255936e-29,1.701305e-18,4.832886e-32,5.681002e-23,1.229135e-18,3.668455e-20,2.129988e-42,-2.531820e-18,-1.265962e-18,-1.701314e-18,-1.246788e-33,-5.681233e-23,-1.229110e-18,-3.668387e-20,-1.241806e-33,0.000000e+00,0.000000e+00,0.000000e+00,0.000000e+00,0.000000e+00,0.000000e+00,0.000000e+00,0.000000e+00,2.855150e-19,2.846712e-19,-9.637663e-24,4.708207e-32,-2.312629e-27,2.423018e-23,6.790372e-25,-1.241806e-33
