t_Myr,dt_kyr,T,P_CO2,rel_change,slowest,Da,A_reactive,supply_efficiency,Y_Alkalinity,Y_C,Y_Si,Y_Al,Y_Fe,Y_Ca,Y_Mg,Y_Na,F_out_Alkalinity,F_out_C,F_out_Si,F_out_Al,F_out_Fe,F_out_Ca,F_out_Mg,F_out_Na,F_diss_Alkalinity,F_diss_C,F_diss_Si,F_diss_Al,F_diss_Fe,F_diss_Ca,F_diss_Mg,F_diss_Na,F_prec_Alkalinity,F_prec_C,F_prec_Si,F_prec_Al,F_prec_Fe,F_prec_Ca,F_prec_Mg,F_prec_Na,F_cont_Alkalinity,F_cont_C,F_cont_Si,F_cont_Al,F_cont_Fe,F_cont_Ca,F_cont_Mg,F_cont_Na,F_net_Alkalinity,F_net_C,F_net_Si,F_net_Al,F_net_Fe,F_net_Ca,F_net_Mg,F_net_Na
2.0200,20.00,275.0000,2.849521e-01,1.000000e+00,C,4.147520e-03,1.333333e-01,0.4139%,1.080153e-04,9.898000e-05,3.750564e-05,2.773565e-19,3.646460e-12,3.906319e-05,2.041118e-07,0.000000e+00,0.000000e+00,1.550633e-18,0.000000e+00,0.000000e+00,0.000000e+00,0.000000e+00,0.000000e+00,0.000000e+00,1.740737e-18,2.726531e-32,7.543736e-19,4.469600e-33,4.705800e-24,6.244300e-19,3.292861e-21,-1.252934e-43,-4.720615e-24,-1.873845e-26,-7.166638e-19,-2.130592e-34,-4.705385e-24,-1.322263e-26,-7.020555e-29,-2.144059e-34,0.000000e+00,0.000000e+00,0.000000e+00,0.000000e+00,0.000000e+00,0.000000e+00,0.000000e+00,0.000000e+00,1.740732e-18,1.550633e-18,3.770986e-20,4.256541e-33,4.148694e-28,6.244300e-19,3.292861e-21,-2.144059e-34
4.4200,24.00,275.0000,3.386606e-01,9.999997e-01,Mg,4.094195e-03,1.333333e-01,0.4086%,2.419618e-04,2.165800e-04,3.974907e-05,5.883542e-19,4.179553e-12,8.681324e-05,4.572566e-07,0.000000e+00,0.000000e+00,1.550633e-18,0.000000e+00,0.000000e+00,0.000000e+00,0.000000e+00,0.000000e+00,0.000000e+00,1.791974e-18,7.127313e-27,7.760424e-19,4.522560e-33,4.731401e-24,6.348892e-19,3.384573e-21,1.737402e-40,-4.997213e-24,-2.361912e-25,-7.532422e-19,-5.525163e-34,-4.731254e-24,-9.540043e-26,-5.024526e-28,-5.525220e-34,0.000000e+00,0.000000e+00,0.000000e+00,0.000000e+00,0.000000e+00,0.000000e+00,0.000000e+00,0.000000e+00,1.791969e-18,1.550633e-18,2.280019e-20,3.970044e-33,1.467641e-28,6.348891e-19,3.384572e-21,-5.525218e-34
6.8200,24.00,275.0000,3.924927e-01,9.999993e-01,Mg,4.050066e-03,1.333333e-01,0.4042%,3.795680e-04,3.341800e-04,4.121058e-05,8.810110e-19,4.229269e-12,1.352956e-04,7.169118e-07,0.000000e+00,0.000000e+00,1.550633e-18,0.000000e+00,0.000000e+00,0.000000e+00,0.000000e+00,0.000000e+00,0.000000e+00,1.834467e-18,8.968852e-33,7.947527e-19,4.572384e-33,4.774834e-24,6.430661e-19,3.457578e-21,-3.341158e-43,-5.391704e-24,-5.546336e-25,-7.783652e-19,-8.164460e-34,-4.774181e-24,-2.201269e-25,-1.166360e-27,-8.164466e-34,0.000000e+00,0.000000e+00,0.000000e+00,0.000000e+00,0.000000e+00,0.000000e+00,0.000000e+00,0.000000e+00,1.834461e-18,1.550632e-18,1.638751e-20,3.755938e-33,6.529540e-28,6.430659e-19,3.457577e-21,-8.164466e-34
9.2200,24.00,275.0000,4.439674e-01,9.999989e-01,Mg,4.014665e-03,1.333333e-01,0.4007%,5.200051e-04,4.517799e-04,4.229189e-05,1.159202e-18,4.282023e-12,1.842999e-04,9.812076e-07,0.000000e+00,0.000000e+00,1.550633e-18,0.000000e+00,0.000000e+00,0.000000e+00,0.000000e+00,0.000000e+00,0.000000e+00,1.867405e-18,4.963363e-31,8.101618e-19,4.608092e-33,4.825787e-24,6.488608e-19,3.508687e-21,-1.252934e-43,-5.886149e-24,-9.190817e-25,-7.977154e-19,-1.022741e-33,-4.825351e-24,-3.759779e-25,-2.001614e-27,-1.022750e-33,0.000000e+00,0.000000e+00,0.000000e+00,0.000000e+00,0.000000e+00,0.000000e+00,0.000000e+00,0.000000e+00,1.867399e-18,1.550632e-18,1.244640e-20,3.585352e-33,4.360032e-28,6.488604e-19,3.508685e-21,-1.022750e-33
11.6200,24.00,275.0000,6.717367e-01,9.999978e-01,Mg,3.877801e-03,1.333333e-01,0.3870%,5.977981e-04,5.337191e-04,4.081834e-05,1.406020e-18,4.524596e-12,1.996312e-04,1.264535e-06,0.000000e+00,0.000000e+00,1.550633e-18,0.000000e+00,0.000000e+00,0.000000e+00,0.000000e+00,0.000000e+00,0.000000e+00,2.064398e-18,4.645865e-31,8.820713e-19,5.307357e-33,5.119684e-24,6.955814e-19,3.964523e-21,-2.505868e-43,-1.134135e-18,-5.670656e-19,-8.972173e-19,-1.745507e-33,-5.105004e-24,-5.670644e-19,-4.403997e-27,-1.745499e-33,0.000000e+00,0.000000e+00,0.000000e+00,0.000000e+00,0.000000e+00,0.000000e+00,0.000000e+00,0.000000e+00,9.302632e-19,9.835674e-19,-1.514596e-20,3.561851e-33,1.468085e-26,1.285170e-19,3.964518e-21,-1.745499e-33
14.0200,24.00,275.0000,9.065588e-01,9.999974e-01,Mg,3.785046e-03,1.333333e-01,0.3778%,6.648573e-04,6.035219e-04,3.996704e-05,1.699976e-18,4.800334e-12,2.059996e-04,1.579289e-06,0.000000e+00,0.000000e+00,1.550633e-18,0.000000e+00,0.000000e+00,0.000000e+00,0.000000e+00,0.000000e+00,0.000000e+00,2.215191e-18,4.935021e-30,9.360134e-19,5.923970e-33,5.464002e-24,7.304731e-19,4.310967e-21,2.923513e-43,-1.373224e-18,-6.866102e-19,-9.442052e-19,-1.765840e-33,-5.482212e-24,-6.866086e-19,-5.525783e-27,-1.768170e-33,0.000000e+00,0.000000e+00,0.000000e+00,0.000000e+00,0.000000e+00,0.000000e+00,0.000000e+00,0.000000e+00,8.419668e-19,8.640227e-19,-8.191848e-21,4.158130e-33,-1.820973e-26,4.386453e-20,4.310961e-21,-1.768170e-33
16.4200,24.00,275.0000,1.119033e+00,9.999972e-01,Mg,3.723472e-03,1.333333e-01,0.3717%,7.259339e-04,6.654716e-04,3.949567e-05,2.034323e-18,5.065138e-12,2.067551e-04,1.915677e-06,0.000000e+00,0.000000e+00,1.550633e-18,0.000000e+00,0.000000e+00,0.000000e+00,0.000000e+00,0.000000e+00,0.000000e+00,2.323655e-18,4.305049e-33,9.744779e-19,6.414438e-33,5.773202e-24,7.554351e-19,4.540355e-21,-8.352894e-44,-1.551052e-18,-7.755239e-19,-9.791253e-19,-1.785652e-33,-5.806342e-24,-7.755203e-19,-6.424622e-27,-1.804336e-33,0.000000e+00,0.000000e+00,0.000000e+00,0.000000e+00,0.000000e+00,0.000000e+00,0.000000e+00,0.000000e+00,7.726023e-19,7.751090e-19,-4.647378e-21,4.628786e-33,-3.314010e-26,-2.008523e-20,4.540348e-21,-1.804336e-33
18.8200,24.00,275.0000,1.301546e+00,9.999965e-01,Mg,3.681327e-03,1.333333e-01,0.3675%,7.824965e-04,7.216559e-04,3.923143e-05,2.400881e-18,5.270574e-12,2.033682e-04,2.265782e-06,0.000000e+00,0.000000e+00,1.550633e-18,0.000000e+00,0.000000e+00,0.000000e+00,0.000000e+00,0.000000e+00,0.000000e+00,2.402107e-18,3.228787e-33,1.002298e-18,6.795603e-33,6.028094e-24,7.737360e-19,4.677002e-21,7.099960e-43,-1.679843e-18,-8.399199e-19,-1.004860e-18,-1.786246e-33,-6.021427e-24,-8.399180e-19,-8.081811e-27,-1.786244e-33,0.000000e+00,0.000000e+00,0.000000e+00,0.000000e+00,0.000000e+00,0.000000e+00,0.000000e+00,0.000000e+00,7.222632e-19,7.107130e-19,-2.561303e-21,5.009357e-33,6.666897e-27,-6.618205e-20,4.676994e-21,-1.786244e-33
21.2200,24.00,275.0000,1.452248e+00,9.999960e-01,Mg,3.652088e-03,1.333333e-01,0.3645%,8.358730e-04,7.737115e-04,3.909330e-05,2.792112e-18,5.435696e-12,1.970516e-04,2.623344e-06,0.000000e+00,0.000000e+00,1.550633e-18,0.000000e+00,0.000000e+00,0.000000e+00,0.000000e+00,0.000000e+00,0.000000e+00,2.458725e-18,1.759222e-29,1.022558e-18,7.084460e-33,6.227266e-24,7.873631e-19,4.740700e-21,3.341158e-43,-1.770684e-18,-8.853403e-19,-1.023767e-18,-1.789306e-33,-6.256758e-24,-8.853382e-19,-9.375069e-27,-1.789306e-33,0.000000e+00,0.000000e+00,0.000000e+00,0.000000e+00,0.000000e+00,0.000000e+00,0.000000e+00,0.000000e+00,6.880405e-19,6.652926e-19,-1.209489e-21,5.295154e-33,-2.949216e-26,-9.797511e-20,4.740690e-21,-1.789306e-33
23.6200,24.00,275.0000,1.572520e+00,9.999955e-01,Mg,3.631838e-03,1.333333e-01,0.3625%,8.871671e-04,8.229061e-04,3.903899e-05,3.202269e-18,5.582876e-12,1.887702e-04,2.983452e-06,0.000000e+00,0.000000e+00,1.550633e-18,0.000000e+00,0.000000e+00,0.000000e+00,0.000000e+00,0.000000e+00,0.000000e+00,2.499104e-18,6.385823e-32,1.037300e-18,7.296451e-33,6.375736e-24,7.975920e-19,4.747401e-21,-8.352894e-44,-1.832282e-18,-9.161390e-19,-1.037583e-18,-1.788504e-33,-6.352009e-24,-9.161367e-19,-1.065891e-26,-1.788495e-33,0.000000e+00,0.000000e+00,0.000000e+00,0.000000e+00,0.000000e+00,0.000000e+00,0.000000e+00,0.000000e+00,6.668224e-19,6.344939e-19,-2.829021e-22,5.507948e-33,2.372728e-26,-1.185447e-19,4.747390e-21,-1.788495e-33
26.0200,24.00,275.0000,1.665455e+00,9.999949e-01,Mg,3.618121e-03,1.333333e-01,0.3612%,9.372687e-04,8.702216e-04,3.904432e-05,3.634325e-18,5.646746e-12,1.792827e-04,3.342287e-06,0.000000e+00,0.000000e+00,1.550633e-18,0.000000e+00,0.000000e+00,0.000000e+00,0.000000e+00,0.000000e+00,0.000000e+00,2.527087e-18,-3.587541e-34,1.047899e-18,7.444402e-33,6.480039e-24,8.052586e-19,4.709551e-21,-4.176447e-44,-1.871029e-18,-9.355129e-19,-1.047516e-18,-1.784646e-33,-6.477855e-24,-9.355105e-19,-1.191680e-26,-1.784637e-33,0.000000e+00,0.000000e+00,0.000000e+00,0.000000e+00,0.000000e+00,0.000000e+00,0.000000e+00,0.000000e+00,6.560575e-19,6.151200e-19,3.833920e-22,5.659757e-33,2.183957e-27,-1.302519e-19,4.709539e-21,-1.784637e-33
28.4200,24.00,275.0000,1.734936e+00,9.999943e-01,Mg,3.609104e-03,1.333333e-01,0.3603%,9.868808e-04,9.164163e-04,3.909437e-05,4.071975e-18,5.711658e-12,1.691797e-04,3.696922e-06,0.000000e+00,0.000000e+00,1.550633e-18,0.000000e+00,0.000000e+00,0.000000e+00,0.000000e+00,0.000000e+00,0.000000e+00,2.545832e-18,2.213527e-28,1.055448e-18,7.541670e-33,6.548637e-24,8.110235e-19,4.638654e-21,8.018778e-42,-1.892272e-18,-9.461342e-19,-1.054524e-18,-1.778912e-33,-6.547539e-24,-9.461315e-19,-1.314251e-26,-1.778941e-33,0.000000e+00,0.000000e+00,0.000000e+00,0.000000e+00,0.000000e+00,0.000000e+00,0.000000e+00,0.000000e+00,6.535601e-19,6.044987e-19,9.241065e-22,5.762758e-33,1.098271e-27,-1.351080e-19,4.638641e-21,-1.778941e-33
30.8200,24.00,275.0000,1.785119e+00,9.999937e-01,Mg,3.603624e-03,1.333333e-01,0.3597%,1.036546e-03,9.620719e-04,3.917893e-05,4.511611e-18,5.739486e-12,1.589149e-04,4.045163e-06,0.000000e+00,0.000000e+00,1.550633e-18,0.000000e+00,0.000000e+00,0.000000e+00,0.000000e+00,0.000000e+00,0.000000e+00,2.557427e-18,1.435016e-32,1.060665e-18,7.597796e-33,6.588157e-24,8.153112e-19,4.542918e-21,7.517605e-43,-1.900172e-18,-9.500845e-19,-1.059318e-18,-1.772345e-33,-6.619260e-24,-9.500817e-19,-1.437956e-26,-1.772501e-33,0.000000e+00,0.000000e+00,0.000000e+00,0.000000e+00,0.000000e+00,0.000000e+00,0.000000e+00,0.000000e+00,6.572547e-19,6.005484e-19,1.346962e-21,5.825451e-33,-3.110315e-26,-1.347705e-19,4.542904e-21,-1.772501e-33
33.2200,24.00,275.0000,1.820050e+00,9.999930e-01,Mg,3.600754e-03,1.333333e-01,0.3594%,1.086666e-03,1.007623e-03,3.929051e-05,4.954695e-18,5.752595e-12,1.488256e-04,4.385431e-06,0.000000e+00,0.000000e+00,1.550633e-18,0.000000e+00,0.000000e+00,0.000000e+00,0.000000e+00,0.000000e+00,0.000000e+00,2.563634e-18,2.636921e-28,1.064143e-18,7.621920e-33,6.605238e-24,8.184734e-19,4.429626e-21,2.330457e-41,-1.898430e-18,-9.492135e-19,-1.062508e-18,-1.766570e-33,-6.604545e-24,-9.492105e-19,-1.548242e-26,-1.766565e-33,0.000000e+00,0.000000e+00,0.000000e+00,0.000000e+00,0.000000e+00,0.000000e+00,0.000000e+00,0.000000e+00,6.652032e-19,6.014194e-19,1.634755e-21,5.855350e-33,6.930797e-28,-1.307371e-19,4.429611e-21,-1.766565e-33
35.6200,24.00,275.0000,1.843492e+00,9.999923e-01,Mg,3.599774e-03,1.333333e-01,0.3593%,1.137519e-03,1.053384e-03,3.942301e-05,5.399076e-18,5.760893e-12,1.391530e-04,4.716643e-06,0.000000e+00,0.000000e+00,1.550633e-18,0.000000e+00,0.000000e+00,0.000000e+00,0.000000e+00,0.000000e+00,0.000000e+00,2.565857e-18,4.876042e-29,1.066348e-18,7.621879e-33,6.605660e-24,8.207882e-19,4.304767e-21,1.503521e-42,-1.889742e-18,-9.448695e-19,-1.064504e-18,-1.761784e-33,-6.596770e-24,-9.448663e-19,-1.667262e-26,-1.761776e-33,0.000000e+00,0.000000e+00,0.000000e+00,0.000000e+00,0.000000e+00,0.000000e+00,0.000000e+00,0.000000e+00,6.761147e-19,6.057634e-19,1.844202e-21,5.860095e-33,8.890187e-27,-1.240781e-19,4.304751e-21,-1.761776e-33
38.0200,24.00,275.0000,1.863551e+00,3.082581e-01,Mg,3.599300e-03,1.333333e-01,0.3593%,1.188708e-03,1.099251e-03,3.955947e-05,5.850316e-18,5.751768e-12,1.303830e-04,4.412859e-06,0.000000e+00,0.000000e+00,1.550633e-18,0.000000e+00,0.000000e+00,0.000000e+00,0.000000e+00,0.000000e+00,0.000000e+00,2.566976e-18,3.587541e-34,1.068202e-18,7.615419e-33,6.601699e-24,8.227567e-19,4.425225e-21,4.176447e-43,-1.886449e-18,-9.432230e-19,-1.066324e-18,-1.495412e-33,-6.602823e-24,-9.348504e-19,-8.369214e-21,-1.762003e-33,0.000000e+00,0.000000e+00,0.000000e+00,0.000000e+00,0.000000e+00,0.000000e+00,0.000000e+00,0.000000e+00,6.805273e-19,6.074099e-19,1.877529e-21,6.120008e-33,-1.123924e-27,-1.120938e-19,-3.943989e-21,-1.762003e-33
40.9000,28.80,275.0000,1.878075e+00,2.834279e-01,Mg,3.600195e-03,1.333333e-01,0.3594%,1.251575e-03,1.155044e-03,3.987749e-05,6.385587e-18,6.601635e-12,1.207577e-04,4.070959e-06,0.000000e+00,0.000000e+00,1.550633e-18,0.000000e+00,0.000000e+00,0.000000e+00,0.000000e+00,0.000000e+00,0.000000e+00,2.565087e-18,2.699624e-30,1.069399e-18,7.587893e-33,6.583727e-24,8.243937e-19,4.552095e-21,5.011737e-43,-1.869764e-18,-9.348803e-19,-1.067363e-18,-1.761145e-33,-6.603686e-24,-9.267236e-19,-8.153102e-21,-1.761144e-33,0.000000e+00,0.000000e+00,0.000000e+00,0.000000e+00,0.000000e+00,0.000000e+00,0.000000e+00,0.000000e+00,6.953237e-19,6.157526e-19,2.036737e-21,5.826748e-33,-1.995888e-26,-1.023299e-19,-3.601007e-21,-1.761144e-33
44.3560,34.56,275.0000,1.889405e+00,2.533331e-01,C,3.602243e-03,1.333333e-01,0.3596%,1.328810e-03,1.223075e-03,4.028085e-05,7.128960e-18,7.651679e-12,1.104231e-04,3.703265e-06,0.000000e+00,0.000000e+00,1.550633e-18,0.000000e+00,0.000000e+00,0.000000e+00,0.000000e+00,0.000000e+00,0.000000e+00,2.560562e-18,3.134983e-28,1.070147e-18,7.541058e-33,6.553973e-24,8.258134e-19,4.680348e-21,1.227875e-41,-1.847566e-18,-9.237818e-19,-1.068011e-18,-1.764141e-33,-6.553321e-24,-9.159262e-19,-7.851670e-21,-1.764212e-33,0.000000e+00,0.000000e+00,0.000000e+00,0.000000e+00,0.000000e+00,0.000000e+00,0.000000e+00,0.000000e+00,7.129957e-19,6.268511e-19,2.135203e-21,5.776917e-33,6.521884e-28,-9.011279e-20,-3.171323e-21,-1.764212e-33
48.5032,41.47,275.0000,1.900185e+00,2.599139e-01,C,3.605106e-03,1.333333e-01,0.3599%,1.423940e-03,1.306311e-03,4.078096e-05,8.004930e-18,8.942534e-12,9.975310e-05,3.322768e-06,0.000000e+00,0.000000e+00,1.550633e-18,0.000000e+00,0.000000e+00,0.000000e+00,0.000000e+00,0.000000e+00,0.000000e+00,2.553932e-18,7.145951e-29,1.070708e-18,7.477933e-33,6.515549e-24,8.271493e-19,4.808191e-21,3.811426e-40,-1.821717e-18,-9.108573e-19,-1.068551e-18,-1.772535e-33,-6.516053e-24,-9.033627e-19,-7.490570e-21,-1.772797e-33,0.000000e+00,0.000000e+00,0.000000e+00,0.000000e+00,0.000000e+00,0.000000e+00,0.000000e+00,0.000000e+00,7.322146e-19,6.397756e-19,2.157068e-21,5.705398e-33,-5.034829e-28,-7.621337e-20,-2.682379e-21,-1.772797e-33
52.6504,41.47,275.0000,1.913387e+00,2.656537e-01,C,3.607621e-03,1.333333e-01,0.3601%,1.521005e-03,1.390916e-03,4.106287e-05,9.193611e-18,8.899760e-12,9.059254e-05,3.000323e-06,0.000000e+00,0.000000e+00,1.550633e-18,0.000000e+00,0.000000e+00,0.000000e+00,0.000000e+00,0.000000e+00,0.000000e+00,2.547714e-18,2.525629e-31,1.071468e-18,7.417815e-33,6.481663e-24,8.284601e-19,4.917356e-21,-4.176447e-44,-1.799395e-18,-8.996944e-19,-1.069355e-18,-1.779142e-33,-6.482155e-24,-8.925218e-19,-7.172300e-21,-1.784335e-33,0.000000e+00,0.000000e+00,0.000000e+00,0.000000e+00,0.000000e+00,0.000000e+00,0.000000e+00,0.000000e+00,7.483192e-19,6.509385e-19,2.112524e-21,5.638673e-33,-4.925463e-28,-6.406179e-20,-2.254945e-21,-1.784335e-33
56.7976,41.47,275.0000,1.929445e+00,2.704474e-01,C,3.609697e-03,1.333333e-01,0.3603%,1.619963e-03,1.476859e-03,4.133562e-05,1.022119e-17,8.880694e-12,8.290193e-05,2.729585e-06,0.000000e+00,0.000000e+00,1.550633e-18,0.000000e+00,0.000000e+00,0.000000e+00,0.000000e+00,0.000000e+00,0.000000e+00,2.542042e-18,4.666494e-29,1.072441e-18,7.361859e-33,6.452407e-24,8.297695e-19,5.010587e-21,2.046459e-42,-1.780899e-18,-8.904488e-19,-1.070424e-18,-1.802846e-33,-6.439599e-24,-8.835403e-19,-6.903476e-21,-1.802825e-33,0.000000e+00,0.000000e+00,0.000000e+00,0.000000e+00,0.000000e+00,0.000000e+00,0.000000e+00,0.000000e+00,7.611428e-19,6.601841e-19,2.016842e-21,5.559013e-33,1.280895e-26,-5.377084e-20,-1.892889e-21,-1.802825e-33
60.9448,41.47,275.0000,1.949469e+00,2.742322e-01,C,3.611114e-03,1.333333e-01,0.3605%,1.720401e-03,1.563881e-03,4.159456e-05,1.114603e-17,8.843859e-12,7.643666e-05,2.501956e-06,0.000000e+00,0.000000e+00,1.550633e-18,0.000000e+00,0.000000e+00,0.000000e+00,0.000000e+00,0.000000e+00,0.000000e+00,2.537392e-18,7.644993e-27,1.073771e-18,7.313308e-33,6.429523e-24,8.311895e-19,5.092850e-21,9.244566e-40,-1.766398e-18,-8.831982e-19,-1.071874e-18,-1.821847e-33,-6.423101e-24,-8.765046e-19,-6.688204e-21,-1.821835e-33,0.000000e+00,0.000000e+00,0.000000e+00,0.000000e+00,0.000000e+00,0.000000e+00,0.000000e+00,0.000000e+00,7.709947e-19,6.674347e-19,1.897437e-21,5.491461e-33,6.421897e-27,-4.531503e-20,-1.595354e-21,-1.821834e-33
65.0920,41.47,275.0000,1.973623e+00,2.771340e-01,C,3.611925e-03,1.333333e-01,0.3605%,1.821961e-03,1.651735e-03,4.183748e-05,1.223662e-17,8.819737e-12,7.097310e-05,2.309572e-06,0.000000e+00,0.000000e+00,1.550633e-18,0.000000e+00,0.000000e+00,0.000000e+00,0.000000e+00,0.000000e+00,0.000000e+00,2.533698e-18,1.381203e-31,1.075428e-18,7.271158e-33,6.412372e-24,8.327203e-19,5.166639e-21,1.252934e-43,-1.755337e-18,-8.776681e-19,-1.073660e-18,-1.842105e-33,-6.424781e-24,-8.711428e-19,-6.519435e-21,-1.842085e-33,0.000000e+00,0.000000e+00,0.000000e+00,0.000000e+00,0.000000e+00,0.000000e+00,0.000000e+00,0.000000e+00,7.783610e-19,6.729649e-19,1.767341e-21,5.429054e-33,-1.240871e-26,-3.842246e-20,-1.352796e-21,-1.842085e-33
69.2392,41.47,275.0000,2.001594e+00,2.792638e-01,C,3.612048e-03,1.333333e-01,0.3606%,1.924354e-03,1.740211e-03,4.206405e-05,1.304560e-17,8.801811e-12,6.632221e-05,2.145783e-06,0.000000e+00,0.000000e+00,1.550633e-18,0.000000e+00,0.000000e+00,0.000000e+00,0.000000e+00,0.000000e+00,0.000000e+00,2.531147e-18,4.925693e-31,1.077464e-18,7.237333e-33,6.401573e-24,8.344122e-19,5.235101e-21,3.341158e-43,-1.747251e-18,-8.736253e-19,-1.075781e-18,-1.862571e-33,-6.406017e-24,-8.672281e-19,-6.390978e-21,-1.862977e-33,0.000000e+00,0.000000e+00,0.000000e+00,0.000000e+00,0.000000e+00,0.000000e+00,0.000000e+00,0.000000e+00,7.838954e-19,6.770076e-19,1.683116e-21,5.374762e-33,-4.444029e-27,-3.281589e-20,-1.155877e-21,-1.862977e-33
73.3864,41.47,275.0000,2.032914e+00,2.807842e-01,C,3.611753e-03,1.333333e-01,0.3605%,2.027349e-03,1.829134e-03,4.227461e-05,1.404625e-17,8.833473e-12,6.233079e-05,2.005203e-06,0.000000e+00,0.000000e+00,1.550633e-18,0.000000e+00,0.000000e+00,0.000000e+00,0.000000e+00,0.000000e+00,0.000000e+00,2.529245e-18,1.885185e-28,1.079714e-18,7.208381e-33,6.394710e-24,8.361745e-19,5.298113e-21,3.136512e-41,-1.741495e-18,-8.707476e-19,-1.078153e-18,-1.884018e-33,-6.373495e-24,-8.644469e-19,-6.294060e-21,-1.883992e-33,0.000000e+00,0.000000e+00,0.000000e+00,0.000000e+00,0.000000e+00,0.000000e+00,0.000000e+00,0.000000e+00,7.877500e-19,6.798853e-19,1.560088e-21,5.324363e-33,2.121462e-26,-2.827234e-20,-9.959464e-22,-1.883992e-33
77.5336,41.47,275.0000,2.067104e+00,2.817869e-01,C,3.611034e-03,1.333333e-01,0.3605%,2.130770e-03,1.918369e-03,4.247012e-05,1.511815e-17,8.792187e-12,5.887734e-05,1.883556e-06,0.000000e+00,0.000000e+00,1.550633e-18,0.000000e+00,0.000000e+00,0.000000e+00,0.000000e+00,0.000000e+00,0.000000e+00,2.528026e-18,-1.435016e-33,1.082182e-18,7.184598e-33,6.391813e-24,8.380218e-19,5.357348e-21,9.188184e-43,-1.737707e-18,-8.688534e-19,-1.080775e-18,-1.904955e-33,-6.392307e-24,-8.626226e-19,-6.223669e-21,-1.904928e-33,0.000000e+00,0.000000e+00,0.000000e+00,0.000000e+00,0.000000e+00,0.000000e+00,0.000000e+00,0.000000e+00,7.903196e-19,6.817795e-19,1.406705e-21,5.279643e-33,-4.943706e-28,-2.460085e-20,-8.663210e-22,-1.904928e-33
81.6808,41.47,275.0000,2.103719e+00,2.824227e-01,C,3.609888e-03,1.333333e-01,0.3603%,2.234480e-03,2.007805e-03,4.265177e-05,1.634284e-17,8.795530e-12,5.586569e-05,1.777458e-06,0.000000e+00,0.000000e+00,1.550633e-18,0.000000e+00,0.000000e+00,0.000000e+00,0.000000e+00,0.000000e+00,0.000000e+00,2.527514e-18,2.785381e-26,1.084874e-18,7.167828e-33,6.392896e-24,8.399654e-19,5.414143e-21,2.406803e-39,-1.735307e-18,-8.676538e-19,-1.083528e-18,-1.925595e-33,-6.402774e-24,-8.614743e-19,-6.172043e-21,-1.925576e-33,0.000000e+00,0.000000e+00,0.000000e+00,0.000000e+00,0.000000e+00,0.000000e+00,0.000000e+00,0.000000e+00,7.922066e-19,6.829791e-19,1.346163e-21,5.242233e-33,-9.877993e-27,-2.150887e-20,-7.578998e-22,-1.925573e-33
85.8280,41.47,275.0000,2.142368e+00,2.827481e-01,C,3.608525e-03,1.333333e-01,0.3602%,2.338372e-03,2.097356e-03,4.282060e-05,1.710941e-17,8.801270e-12,5.321965e-05,1.684230e-06,0.000000e+00,0.000000e+00,1.550633e-18,0.000000e+00,0.000000e+00,0.000000e+00,0.000000e+00,0.000000e+00,0.000000e+00,2.527325e-18,1.696907e-31,1.087662e-18,7.150896e-33,6.396162e-24,8.419323e-19,5.467850e-21,-4.594092e-43,-1.734080e-18,-8.670404e-19,-1.086410e-18,-1.945358e-33,-6.404032e-24,-8.608963e-19,-6.136126e-21,-1.945487e-33,0.000000e+00,0.000000e+00,0.000000e+00,0.000000e+00,0.000000e+00,0.000000e+00,0.000000e+00,0.000000e+00,7.932448e-19,6.835925e-19,1.251622e-21,5.205538e-33,-7.870358e-27,-1.896401e-20,-6.682766e-22,-1.945487e-33
89.9752,41.47,275.0000,2.182739e+00,2.828334e-01,C,3.606943e-03,1.333333e-01,0.3600%,2.442361e-03,2.186957e-03,4.297773e-05,1.809375e-17,8.809735e-12,5.087899e-05,1.601752e-06,0.000000e+00,0.000000e+00,1.550633e-18,0.000000e+00,0.000000e+00,0.000000e+00,0.000000e+00,0.000000e+00,0.000000e+00,2.527473e-18,3.179996e-30,1.090547e-18,7.138508e-33,6.401616e-24,8.439294e-19,5.519294e-21,7.935250e-43,-1.733758e-18,-8.668795e-19,-1.089382e-18,-1.965094e-33,-6.401430e-24,-8.607587e-19,-6.112414e-21,-1.965055e-33,0.000000e+00,0.000000e+00,0.000000e+00,0.000000e+00,0.000000e+00,0.000000e+00,0.000000e+00,0.000000e+00,7.937149e-19,6.837534e-19,1.165339e-21,5.173414e-33,1.863745e-28,-1.682930e-20,-5.931202e-22,-1.965055e-33
94.1224,41.47,275.0000,2.224572e+00,2.827368e-01,C,3.605214e-03,1.333333e-01,0.3599%,2.546381e-03,2.276554e-03,4.312414e-05,1.907555e-17,8.843664e-12,4.879540e-05,1.528324e-06,0.000000e+00,0.000000e+00,1.550633e-18,0.000000e+00,0.000000e+00,0.000000e+00,0.000000e+00,0.000000e+00,0.000000e+00,2.527834e-18,-3.228787e-33,1.093488e-18,7.128325e-33,6.408625e-24,8.459350e-19,5.568561e-21,-7.517605e-43,-1.734122e-18,-8.670617e-19,-1.092403e-18,-1.984036e-33,-6.410780e-24,-8.609549e-19,-6.097970e-21,-1.983991e-33,0.000000e+00,0.000000e+00,0.000000e+00,0.000000e+00,0.000000e+00,0.000000e+00,0.000000e+00,0.000000e+00,7.937121e-19,6.835712e-19,1.084814e-21,5.144290e-33,-2.154749e-27,-1.501994e-20,-5.294092e-22,-1.983991e-33
98.2696,41.47,275.0000,2.267655e+00,2.824657e-01,C,3.603266e-03,1.333333e-01,0.3597%,2.650380e-03,2.366106e-03,4.326083e-05,1.985697e-17,8.833925e-12,4.693004e-05,1.462579e-06,0.000000e+00,0.000000e+00,1.550633e-18,0.000000e+00,0.000000e+00,0.000000e+00,0.000000e+00,0.000000e+00,0.000000e+00,2.528549e-18,6.457573e-33,1.096529e-18,7.121394e-33,6.417866e-24,8.479802e-19,5.616766e-21,-7.935250e-43,-1.735144e-18,-8.675728e-19,-1.095513e-18,-2.002457e-33,-6.417876e-24,-8.614711e-19,-6.092344e-21,-2.002418e-33,0.000000e+00,0.000000e+00,0.000000e+00,0.000000e+00,0.000000e+00,0.000000e+00,0.000000e+00,0.000000e+00,7.934056e-19,6.830602e-19,1.015715e-21,5.118937e-33,-9.814322e-30,-1.349090e-20,-4.755776e-22,-2.002418e-33
102.4168,41.47,275.0000,2.311826e+00,2.820855e-01,C,3.601317e-03,1.333333e-01,0.3595%,2.754313e-03,2.455578e-03,4.338845e-05,2.059749e-17,8.847839e-12,4.525126e-05,1.403404e-06,0.000000e+00,0.000000e+00,1.550633e-18,0.000000e+00,0.000000e+00,0.000000e+00,0.000000e+00,0.000000e+00,0.000000e+00,2.529222e-18,4.305049e-33,1.099540e-18,7.114810e-33,6.427400e-24,8.499870e-19,5.662580e-21,4.176447e-44,-1.736578e-18,-8.682899e-19,-1.098633e-18,-2.020251e-33,-6.428229e-24,-8.621878e-19,-6.092366e-21,-2.020208e-33,0.000000e+00,0.000000e+00,0.000000e+00,0.000000e+00,0.000000e+00,0.000000e+00,0.000000e+00,0.000000e+00,7.926448e-19,6.823430e-19,9.069825e-22,5.094559e-33,-8.290405e-28,-1.220079e-20,-4.297856e-22,-2.020208e-33
107.3934,49.77,275.0000,2.365491e+00,2.815630e-01,C,3.598844e-03,1.333333e-01,0.3592%,2.879322e-03,2.563037e-03,4.380765e-05,2.144691e-17,1.049278e-11,4.366716e-05,1.341428e-06,0.000000e+00,0.000000e+00,1.550633e-18,0.000000e+00,0.000000e+00,0.000000e+00,0.000000e+00,0.000000e+00,0.000000e+00,2.530126e-18,3.939120e-31,1.103139e-18,7.108984e-33,6.439732e-24,8.523609e-19,5.715237e-21,-6.682315e-43,-1.738549e-18,-8.692761e-19,-1.102267e-18,-2.040887e-33,-6.457645e-24,-8.631694e-19,-6.096352e-21,-2.040842e-33,0.000000e+00,0.000000e+00,0.000000e+00,0.000000e+00,0.000000e+00,0.000000e+00,0.000000e+00,0.000000e+00,7.915767e-19,6.813569e-19,8.714316e-22,5.068097e-33,-1.791234e-26,-1.080856e-20,-3.811151e-22,-2.040842e-33
113.3654,59.72,275.0000,2.431797e+00,2.807695e-01,C,3.595742e-03,1.333333e-01,0.3589%,3.029073e-03,2.691759e-03,4.430494e-05,2.255552e-17,1.253533e-11,4.202929e-05,1.276152e-06,0.000000e+00,0.000000e+00,1.550633e-18,0.000000e+00,0.000000e+00,0.000000e+00,0.000000e+00,0.000000e+00,0.000000e+00,2.531397e-18,6.493449e-31,1.107483e-18,7.104624e-33,6.456290e-24,8.551973e-19,5.776277e-21,2.505868e-43,-1.741548e-18,-8.707754e-19,-1.106693e-18,-2.064458e-33,-6.445768e-24,-8.646547e-19,-6.109807e-21,-2.064412e-33,0.000000e+00,0.000000e+00,0.000000e+00,0.000000e+00,0.000000e+00,0.000000e+00,0.000000e+00,0.000000e+00,7.898492e-19,6.798575e-19,7.900946e-22,5.040165e-33,1.052239e-26,-9.457342e-21,-3.335302e-22,-2.064412e-33
120.5318,71.66,275.0000,2.513594e+00,2.796751e-01,C,3.591833e-03,1.333333e-01,0.3585%,3.208313e-03,2.845825e-03,4.489136e-05,2.390316e-17,1.498742e-11,4.037206e-05,1.208537e-06,0.000000e+00,0.000000e+00,1.550633e-18,0.000000e+00,0.000000e+00,0.000000e+00,0.000000e+00,0.000000e+00,0.000000e+00,2.533195e-18,7.464022e-29,1.112732e-18,7.103252e-33,6.478626e-24,8.585903e-19,5.847316e-21,1.607932e-41,-1.745688e-18,-8.728461e-19,-1.111985e-18,-2.091029e-33,-6.477998e-24,-8.667006e-19,-6.133757e-21,-2.090977e-33,0.000000e+00,0.000000e+00,0.000000e+00,0.000000e+00,0.000000e+00,0.000000e+00,0.000000e+00,0.000000e+00,7.875067e-19,6.777868e-19,7.471868e-22,5.012223e-33,6.284743e-28,-8.110361e-21,-2.864413e-22,-2.090977e-33
129.1314,86.00,275.0000,2.614375e+00,2.781949e-01,C,3.587015e-03,1.333333e-01,0.3581%,3.422628e-03,3.030045e-03,4.557969e-05,2.528566e-17,1.799773e-11,3.873744e-05,1.139761e-06,0.000000e+00,0.000000e+00,1.550633e-18,0.000000e+00,0.000000e+00,0.000000e+00,0.000000e+00,0.000000e+00,0.000000e+00,2.535508e-18,1.435016e-33,1.119005e-18,7.105384e-33,6.507740e-24,8.626052e-19,5.929400e-21,-2.505868e-43,-1.751301e-18,-8.756527e-19,-1.118344e-18,-2.120764e-33,-6.506957e-24,-8.694681e-19,-6.171912e-21,-2.120707e-33,0.000000e+00,0.000000e+00,0.000000e+00,0.000000e+00,0.000000e+00,0.000000e+00,0.000000e+00,0.000000e+00,7.842071e-19,6.749802e-19,6.606615e-22,4.984621e-33,7.834101e-28,-6.862897e-21,-2.425120e-22,-2.120707e-33
139.4510,103.20,275.0000,2.738433e+00,2.763041e-01,C,3.581188e-03,1.333333e-01,0.3575%,3.678558e-03,3.250070e-03,4.638554e-05,2.726041e-17,2.168286e-11,3.717413e-05,1.071159e-06,0.000000e+00,0.000000e+00,1.550633e-18,0.000000e+00,0.000000e+00,0.000000e+00,0.000000e+00,0.000000e+00,0.000000e+00,2.538285e-18,7.820839e-32,1.126419e-18,7.111343e-33,6.544735e-24,8.673071e-19,6.023681e-21,-9.188184e-43,-1.758489e-18,-8.792471e-19,-1.125848e-18,-2.153443e-33,-6.536081e-24,-8.730080e-19,-6.225279e-21,-2.153386e-33,0.000000e+00,0.000000e+00,0.000000e+00,0.000000e+00,0.000000e+00,0.000000e+00,0.000000e+00,0.000000e+00,7.797964e-19,6.713858e-19,5.709653e-22,4.957900e-33,8.654647e-27,-5.700882e-21,-2.015978e-22,-2.153386e-33
151.8344,123.83,275.0000,2.891158e+00,2.739449e-01,C,3.574102e-03,1.333333e-01,0.3568%,3.983714e-03,3.512516e-03,4.732845e-05,2.937180e-17,2.615378e-11,3.573692e-05,1.004186e-06,0.000000e+00,0.000000e+00,1.550633e-18,0.000000e+00,0.000000e+00,0.000000e+00,0.000000e+00,0.000000e+00,0.000000e+00,2.541712e-18,-7.175082e-34,1.135181e-18,7.124059e-33,6.592363e-24,8.728139e-19,6.132801e-21,-2.088224e-43,-1.767487e-18,-8.837470e-19,-1.134658e-18,-2.188778e-33,-6.581131e-24,-8.774351e-19,-6.296690e-21,-2.188714e-33,0.000000e+00,0.000000e+00,0.000000e+00,0.000000e+00,0.000000e+00,0.000000e+00,0.000000e+00,0.000000e+00,7.742252e-19,6.668859e-19,5.237613e-22,4.935282e-33,1.123217e-26,-4.621215e-21,-1.638887e-22,-2.188714e-33
166.6946,148.60,275.0000,3.079251e+00,2.710486e-01,C,3.565718e-03,1.333333e-01,0.3559%,4.346906e-03,3.825097e-03,4.843241e-05,3.209200e-17,3.155505e-11,3.448370e-05,9.402925e-07,0.000000e+00,0.000000e+00,1.550633e-18,0.000000e+00,0.000000e+00,0.000000e+00,0.000000e+00,0.000000e+00,0.000000e+00,2.545551e-18,4.734325e-27,1.145372e-18,7.143541e-33,6.651635e-24,8.791623e-19,6.257883e-21,9.950385e-40,-1.778580e-18,-8.892940e-19,-1.144978e-18,-2.226316e-33,-6.654122e-24,-8.828872e-19,-6.389930e-21,-2.226241e-33,0.000000e+00,0.000000e+00,0.000000e+00,0.000000e+00,0.000000e+00,0.000000e+00,0.000000e+00,0.000000e+00,7.669712e-19,6.613389e-19,3.934283e-22,4.917225e-33,-2.487769e-27,-3.724975e-21,-1.320463e-22,-2.226240e-33
184.5268,178.32,275.0000,3.311241e+00,2.676066e-01,C,3.555685e-03,1.333333e-01,0.3549%,4.778253e-03,4.196772e-03,4.972811e-05,3.505877e-17,3.822969e-11,3.347529e-05,8.809022e-07,0.000000e+00,0.000000e+00,1.550633e-18,0.000000e+00,0.000000e+00,0.000000e+00,0.000000e+00,0.000000e+00,0.000000e+00,2.550086e-18,2.111318e-28,1.157241e-18,7.173974e-33,6.727122e-24,8.864949e-19,6.403218e-21,4.581562e-41,-1.791829e-18,-8.959193e-19,-1.156890e-18,-2.190808e-33,-6.726384e-24,-8.893940e-19,-6.506472e-21,-2.264958e-33,0.000000e+00,0.000000e+00,0.000000e+00,0.000000e+00,0.000000e+00,0.000000e+00,0.000000e+00,0.000000e+00,7.582574e-19,6.547136e-19,3.512085e-22,4.983165e-33,7.380144e-28,-2.899098e-21,-1.032539e-22,-2.264958e-33
204.5268,200.00,275.0000,3.579114e+00,2.638135e-01,C,3.544695e-03,1.333333e-01,0.3538%,5.255481e-03,4.608854e-03,5.072534e-05,3.882878e-17,4.340110e-11,3.247379e-05,8.278432e-07,0.000000e+00,0.000000e+00,1.550633e-18,0.000000e+00,0.000000e+00,0.000000e+00,0.000000e+00,0.000000e+00,0.000000e+00,2.554878e-18,7.584061e-30,1.170070e-18,7.214531e-33,6.815932e-24,8.943613e-19,6.561413e-21,1.545285e-42,-1.806513e-18,-9.032622e-19,-1.169750e-18,-2.282172e-33,-6.814427e-24,-8.965996e-19,-6.641610e-21,-2.301468e-33,0.000000e+00,0.000000e+00,0.000000e+00,0.000000e+00,0.000000e+00,0.000000e+00,0.000000e+00,0.000000e+00,7.483652e-19,6.473707e-19,3.192969e-22,4.932359e-33,1.504556e-27,-2.238286e-21,-8.019686e-23,-2.301468e-33
224.5268,200.00,275.0000,3.854534e+00,2.600923e-01,C,3.534003e-03,1.333333e-01,0.3528%,5.725239e-03,5.015659e-03,5.088807e-05,4.197718e-17,4.399295e-11,3.119751e-05,7.821643e-07,0.000000e+00,0.000000e+00,1.550633e-18,0.000000e+00,0.000000e+00,0.000000e+00,0.000000e+00,0.000000e+00,0.000000e+00,2.559479e-18,4.635103e-31,1.182470e-18,7.261059e-33,6.909454e-24,9.019196e-19,6.716895e-21,2.923513e-43,-1.821005e-18,-9.105088e-19,-1.182207e-18,-2.332324e-33,-6.907780e-24,-9.037045e-19,-6.781030e-21,-2.332052e-33,0.000000e+00,0.000000e+00,0.000000e+00,0.000000e+00,0.000000e+00,0.000000e+00,0.000000e+00,0.000000e+00,7.384746e-19,6.401241e-19,2.634578e-22,4.928735e-33,1.674043e-27,-1.784959e-21,-6.413525e-23,-2.332052e-33
244.5268,200.00,275.0000,4.136740e+00,2.565241e-01,C,3.523691e-03,1.333333e-01,0.3517%,6.188760e-03,5.417967e-03,5.101464e-05,4.582993e-17,4.459399e-11,3.016638e-05,7.451846e-07,0.000000e+00,0.000000e+00,1.550633e-18,0.000000e+00,0.000000e+00,0.000000e+00,0.000000e+00,0.000000e+00,0.000000e+00,2.563531e-18,7.677337e-32,1.194282e-18,7.310216e-33,7.004468e-24,9.090790e-19,6.867939e-21,3.341158e-43,-1.834981e-18,-9.174980e-19,-1.194107e-18,-2.357524e-33,-7.003498e-24,-9.105518e-19,-6.920814e-21,-2.357415e-33,0.000000e+00,0.000000e+00,0.000000e+00,0.000000e+00,0.000000e+00,0.000000e+00,0.000000e+00,0.000000e+00,7.285503e-19,6.331350e-19,1.754009e-22,4.952692e-33,9.701976e-28,-1.472783e-21,-5.287466e-23,-2.357415e-33
264.5268,200.00,275.0000,4.425965e+00,2.530991e-01,C,3.513549e-03,1.333333e-01,0.3507%,6.646139e-03,5.815939e-03,5.111197e-05,4.974269e-17,4.521775e-11,2.932002e-05,7.147711e-07,0.000000e+00,0.000000e+00,1.550633e-18,0.000000e+00,0.000000e+00,0.000000e+00,0.000000e+00,0.000000e+00,0.000000e+00,2.567444e-18,5.453062e-32,1.205655e-18,7.365072e-33,7.103115e-24,9.159401e-19,7.017287e-21,-8.352894e-43,-1.848471e-18,-9.242439e-19,-1.205516e-18,-2.378412e-33,-7.102006e-24,-9.171554e-19,-7.061019e-21,-2.378294e-33,0.000000e+00,0.000000e+00,0.000000e+00,0.000000e+00,0.000000e+00,0.000000e+00,0.000000e+00,0.000000e+00,7.189726e-19,6.263890e-19,1.387231e-22,4.986660e-33,1.109429e-27,-1.215286e-21,-4.373182e-23,-2.378294e-33
284.5268,200.00,275.0000,4.722293e+00,2.498159e-01,C,3.503727e-03,1.333333e-01,0.3498%,7.097511e-03,6.209732e-03,5.118463e-05,5.347748e-17,4.585128e-11,2.861533e-05,6.894053e-07,0.000000e+00,0.000000e+00,1.550633e-18,0.000000e+00,0.000000e+00,0.000000e+00,0.000000e+00,0.000000e+00,0.000000e+00,2.570972e-18,6.098819e-32,1.216529e-18,7.422097e-33,7.203339e-24,9.224739e-19,7.163871e-21,-1.252934e-43,-1.861472e-18,-9.307452e-19,-1.216462e-18,-2.395322e-33,-7.203040e-24,-9.235143e-19,-7.201256e-21,-2.395226e-33,0.000000e+00,0.000000e+00,0.000000e+00,0.000000e+00,0.000000e+00,0.000000e+00,0.000000e+00,0.000000e+00,7.094996e-19,6.198877e-19,6.713478e-23,5.026775e-33,2.996541e-28,-1.040439e-21,-3.738461e-23,-2.395226e-33
304.5268,200.00,275.0000,5.025796e+00,2.466826e-01,C,3.494067e-03,1.333333e-01,0.3488%,7.543033e-03,6.599499e-03,5.123726e-05,5.698296e-17,4.650560e-11,2.802198e-05,6.680148e-07,0.000000e+00,0.000000e+00,1.550633e-18,0.000000e+00,0.000000e+00,0.000000e+00,0.000000e+00,0.000000e+00,0.000000e+00,2.574414e-18,8.610098e-32,1.227017e-18,7.483832e-33,7.306877e-24,9.287545e-19,7.309632e-21,-9.605828e-43,-1.873943e-18,-9.369816e-19,-1.226934e-18,1.042826e-33,-7.305494e-24,-9.296094e-19,-7.340512e-21,-2.408618e-33,0.000000e+00,0.000000e+00,0.000000e+00,0.000000e+00,0.000000e+00,0.000000e+00,0.000000e+00,0.000000e+00,7.004703e-19,6.136513e-19,8.308440e-23,8.526658e-33,1.383211e-27,-8.549252e-22,-3.088021e-23,-2.408618e-33
324.5268,200.00,275.0000,5.336507e+00,2.436630e-01,C,3.484699e-03,1.333333e-01,0.3479%,7.982871e-03,6.985386e-03,5.127277e-05,6.063880e-17,4.716858e-11,2.751713e-05,6.497924e-07,0.000000e+00,0.000000e+00,1.550633e-18,0.000000e+00,0.000000e+00,0.000000e+00,0.000000e+00,0.000000e+00,0.000000e+00,2.577548e-18,1.183888e-31,1.237068e-18,7.547107e-33,7.411809e-24,9.347545e-19,7.453359e-21,-7.935250e-43,-1.886022e-18,-9.430215e-19,-1.237046e-18,-2.412150e-33,-7.411307e-24,-9.355074e-19,-7.480505e-21,-2.419067e-33,0.000000e+00,0.000000e+00,0.000000e+00,0.000000e+00,0.000000e+00,0.000000e+00,0.000000e+00,0.000000e+00,6.915260e-19,6.076114e-19,2.196958e-23,5.134957e-33,5.024446e-28,-7.528950e-22,-2.714587e-23,-2.419067e-33
344.5268,200.00,275.0000,5.654405e+00,2.407750e-01,C,3.475452e-03,1.333333e-01,0.3469%,8.417204e-03,7.367532e-03,5.129455e-05,6.464845e-17,4.788006e-11,2.708412e-05,6.341482e-07,0.000000e+00,0.000000e+00,1.550633e-18,0.000000e+00,0.000000e+00,0.000000e+00,0.000000e+00,0.000000e+00,0.000000e+00,2.580691e-18,1.470892e-31,1.246796e-18,7.615285e-33,7.520275e-24,9.405478e-19,7.597099e-21,-6.682315e-43,-1.897628e-18,-9.488258e-19,-1.246750e-18,-2.426965e-33,-7.514478e-24,-9.411705e-19,-7.619635e-21,-2.426810e-33,0.000000e+00,0.000000e+00,0.000000e+00,0.000000e+00,0.000000e+00,0.000000e+00,0.000000e+00,0.000000e+00,6.830623e-19,6.018071e-19,4.577042e-23,5.188320e-33,5.797300e-27,-6.227756e-22,-2.253630e-23,-2.426810e-33
364.5268,200.00,275.0000,5.979487e+00,2.379936e-01,C,3.466516e-03,1.333333e-01,0.3461%,8.846203e-03,7.746069e-03,5.130420e-05,6.849591e-17,4.854319e-11,2.670959e-05,6.206094e-07,0.000000e+00,0.000000e+00,1.550633e-18,0.000000e+00,0.000000e+00,0.000000e+00,0.000000e+00,0.000000e+00,0.000000e+00,2.583507e-18,1.657444e-31,1.256114e-18,7.683698e-33,7.629413e-24,9.460834e-19,7.738764e-21,7.517605e-43,-1.908858e-18,-9.544413e-19,-1.256122e-18,-2.427974e-33,-7.628721e-24,-9.466448e-19,-7.759049e-21,-2.432267e-33,0.000000e+00,0.000000e+00,0.000000e+00,0.000000e+00,0.000000e+00,0.000000e+00,0.000000e+00,0.000000e+00,6.746491e-19,5.961916e-19,-8.366076e-24,5.255724e-33,6.921098e-28,-5.613301e-22,-2.028470e-23,-2.432267e-33
384.5268,200.00,275.0000,6.311768e+00,2.353220e-01,C,3.457708e-03,1.333333e-01,0.3452%,9.270041e-03,8.121121e-03,5.130421e-05,7.261517e-17,4.925221e-11,2.638391e-05,6.088337e-07,0.000000e+00,0.000000e+00,1.550633e-18,0.000000e+00,0.000000e+00,0.000000e+00,0.000000e+00,0.000000e+00,0.000000e+00,2.586329e-18,1.894222e-31,1.265138e-18,7.756229e-33,7.741664e-24,9.514353e-19,7.880515e-21,-3.341158e-43,-1.919695e-18,-9.598589e-19,-1.265158e-18,-2.435561e-33,-7.740875e-24,-9.519244e-19,-7.898199e-21,-2.434984e-33,0.000000e+00,0.000000e+00,0.000000e+00,0.000000e+00,0.000000e+00,0.000000e+00,0.000000e+00,0.000000e+00,6.666338e-19,5.907740e-19,-1.942642e-23,5.320668e-33,7.893746e-28,-4.891405e-22,-1.768470e-23,-2.434984e-33
404.5268,200.00,275.0000,6.651234e+00,2.327435e-01,C,3.449061e-03,1.333333e-01,0.3443%,9.688886e-03,8.492807e-03,5.129601e-05,7.675248e-17,4.997698e-11,2.609906e-05,5.985366e-07,0.000000e+00,0.000000e+00,1.550633e-18,0.000000e+00,0.000000e+00,0.000000e+00,0.000000e+00,0.000000e+00,0.000000e+00,2.589096e-18,2.037723e-31,1.273866e-18,7.831860e-33,7.856427e-24,9.566027e-19,8.022014e-21,-2.505868e-43,-1.930192e-18,-9.651101e-19,-1.273894e-18,-2.378804e-33,-7.855553e-24,-9.570313e-19,-8.037510e-21,-2.437273e-33,0.000000e+00,0.000000e+00,0.000000e+00,0.000000e+00,0.000000e+00,0.000000e+00,0.000000e+00,0.000000e+00,6.589039e-19,5.855228e-19,-2.815103e-23,5.453056e-33,8.739631e-28,-4.285860e-22,-1.549613e-23,-2.437273e-33
424.5268,200.00,275.3041,7.079290e+00,2.296452e-01,C,3.436945e-03,1.333333e-01,0.3431%,1.010410e-02,8.860859e-03,5.130636e-05,8.085202e-17,5.108536e-11,2.584324e-05,5.893238e-07,0.000000e+00,0.000000e+00,1.550633e-18,0.000000e+00,0.000000e+00,0.000000e+00,0.000000e+00,0.000000e+00,0.000000e+00,2.598255e-18,2.166875e-31,1.284260e-18,8.009229e-33,8.031865e-24,9.627880e-19,8.209091e-21,3.341158e-43,-1.942869e-18,-9.714490e-19,-1.284214e-18,-2.443673e-33,-8.029710e-24,-9.631826e-19,-8.223243e-21,-2.443656e-33,0.000000e+00,0.000000e+00,0.000000e+00,0.000000e+00,0.000000e+00,0.000000e+00,0.000000e+00,0.000000e+00,6.553860e-19,5.791839e-19,4.659867e-23,5.565556e-33,2.155100e-27,-3.945530e-22,-1.415240e-23,-2.443656e-33
444.5268,200.00,275.6403,7.509381e+00,2.267479e-01,C,3.425709e-03,1.333333e-01,0.3420%,1.051701e-02,9.224972e-03,5.133330e-05,8.505573e-17,5.216647e-11,2.559168e-05,5.803081e-07,0.000000e+00,0.000000e+00,1.550633e-18,0.000000e+00,0.000000e+00,0.000000e+00,0.000000e+00,0.000000e+00,0.000000e+00,2.606056e-18,2.166875e-31,1.294003e-18,8.186543e-33,8.201945e-24,9.685790e-19,8.389771e-21,-2.088224e-43,-1.954780e-18,-9.774055e-19,-1.293933e-18,-2.452998e-33,-8.198623e-24,-9.689571e-19,-8.403244e-21,-2.452789e-33,0.000000e+00,0.000000e+00,0.000000e+00,0.000000e+00,0.000000e+00,0.000000e+00,0.000000e+00,0.000000e+00,6.512758e-19,5.732275e-19,7.013544e-23,5.733546e-33,3.321697e-27,-3.781344e-22,-1.347224e-23,-2.452789e-33
464.5268,200.00,275.9748,7.937437e+00,2.240585e-01,C,3.415351e-03,1.333333e-01,0.3410%,1.092711e-02,9.585456e-03,5.136794e-05,8.922773e-17,5.319222e-11,2.535082e-05,5.717087e-07,0.000000e+00,0.000000e+00,1.550633e-18,0.000000e+00,0.000000e+00,0.000000e+00,0.000000e+00,0.000000e+00,0.000000e+00,2.612506e-18,2.181225e-31,1.303106e-18,8.359041e-33,8.365257e-24,9.739819e-19,8.563087e-21,0.000000e+00,-1.965888e-18,-9.829600e-19,-1.303022e-18,-2.163539e-33,-8.362787e-24,-9.743372e-19,-8.575661e-21,-2.463355e-33,0.000000e+00,0.000000e+00,0.000000e+00,0.000000e+00,0.000000e+00,0.000000e+00,0.000000e+00,0.000000e+00,6.466186e-19,5.676730e-19,8.336616e-23,6.195502e-33,2.469824e-27,-3.553350e-22,-1.257362e-23,-2.463355e-33
484.5268,200.00,276.3116,8.368413e+00,2.215224e-01,C,3.405654e-03,1.333333e-01,0.3400%,1.133417e-02,9.942530e-03,5.140606e-05,9.369920e-17,5.419689e-11,2.512357e-05,5.636249e-07,0.000000e+00,0.000000e+00,1.550633e-18,0.000000e+00,0.000000e+00,0.000000e+00,0.000000e+00,0.000000e+00,0.000000e+00,2.617991e-18,2.037723e-31,1.311693e-18,8.529152e-33,8.524255e-24,9.790734e-19,8.731082e-21,8.352894e-44,-1.976406e-18,-9.882201e-19,-1.311640e-18,-2.279570e-33,-8.522994e-24,-9.794273e-19,-8.743688e-21,-2.474518e-33,0.000000e+00,0.000000e+00,0.000000e+00,0.000000e+00,0.000000e+00,0.000000e+00,0.000000e+00,0.000000e+00,6.415844e-19,5.624128e-19,5.260885e-23,6.249582e-33,1.260519e-27,-3.539215e-22,-1.260595e-23,-2.474518e-33
504.5268,200.00,276.6532,8.805506e+00,2.191118e-01,C,3.396337e-03,1.333333e-01,0.3391%,1.173807e-02,1.029636e-02,5.144596e-05,9.830107e-17,5.520152e-11,2.491093e-05,5.560907e-07,0.000000e+00,0.000000e+00,1.550633e-18,0.000000e+00,0.000000e+00,0.000000e+00,0.000000e+00,0.000000e+00,0.000000e+00,2.623018e-18,1.865521e-31,1.319924e-18,8.702769e-33,8.683220e-24,9.839513e-19,8.897114e-21,8.352894e-43,-1.986445e-18,-9.932403e-19,-1.319867e-18,-2.486023e-33,-8.681865e-24,-9.842805e-19,-8.908784e-21,-2.485856e-33,0.000000e+00,0.000000e+00,0.000000e+00,0.000000e+00,0.000000e+00,0.000000e+00,0.000000e+00,0.000000e+00,6.365726e-19,5.573926e-19,5.703605e-23,6.216746e-33,1.355128e-27,-3.291175e-22,-1.167023e-23,-2.485856e-33
524.5268,200.00,277.0012,9.250785e+00,2.167885e-01,C,3.387269e-03,1.333333e-01,0.3382%,1.213882e-02,1.064708e-02,5.148669e-05,1.027357e-16,5.621917e-11,2.471252e-05,5.490930e-07,0.000000e+00,0.000000e+00,1.550633e-18,0.000000e+00,0.000000e+00,0.000000e+00,0.000000e+00,0.000000e+00,0.000000e+00,2.627828e-18,1.750720e-31,1.327878e-18,8.882645e-33,8.844241e-24,9.886644e-19,9.062810e-21,-7.099960e-43,-1.996158e-18,-9.980975e-19,-1.327818e-18,-1.939677e-33,-8.842784e-24,-9.889709e-19,-9.073622e-21,-2.497314e-33,0.000000e+00,0.000000e+00,0.000000e+00,0.000000e+00,0.000000e+00,0.000000e+00,0.000000e+00,0.000000e+00,6.316699e-19,5.525354e-19,6.046996e-23,6.942967e-33,1.456436e-27,-3.064270e-22,-1.081130e-23,-2.497314e-33
544.5268,200.00,277.3567,9.705674e+00,2.145628e-01,C,3.378532e-03,1.333333e-01,0.3373%,1.253646e-02,1.099478e-02,5.152732e-05,1.079354e-16,5.723754e-11,2.452713e-05,5.425844e-07,0.000000e+00,0.000000e+00,1.550633e-18,0.000000e+00,0.000000e+00,0.000000e+00,0.000000e+00,0.000000e+00,0.000000e+00,2.632267e-18,1.664619e-31,1.335520e-18,9.065402e-33,9.005374e-24,9.931915e-19,9.226787e-21,3.758802e-43,-2.005498e-18,-1.002768e-18,-1.335458e-18,-2.508935e-33,-9.003830e-24,-9.934763e-19,-9.236773e-21,-2.508757e-33,0.000000e+00,0.000000e+00,0.000000e+00,0.000000e+00,0.000000e+00,0.000000e+00,0.000000e+00,0.000000e+00,6.267690e-19,5.478649e-19,6.226205e-23,6.556467e-33,1.544105e-27,-2.848015e-22,-9.986357e-24,-2.508757e-33
564.5268,200.00,277.6033,1.012281e+01,2.126415e-01,C,3.371408e-03,1.333333e-01,0.3366%,1.293086e-02,1.133963e-02,5.156167e-05,1.122269e-16,5.808382e-11,2.435232e-05,5.364444e-07,0.000000e+00,0.000000e+00,1.550633e-18,0.000000e+00,0.000000e+00,0.000000e+00,0.000000e+00,0.000000e+00,0.000000e+00,2.633959e-18,1.492417e-31,1.342189e-18,9.207028e-33,9.139279e-24,9.971253e-19,9.369125e-21,4.176447e-44,-2.013587e-18,-1.006814e-18,-1.342139e-18,-2.493563e-33,-9.137642e-24,-9.973787e-19,-9.377949e-21,-2.518266e-33,0.000000e+00,0.000000e+00,0.000000e+00,0.000000e+00,0.000000e+00,0.000000e+00,0.000000e+00,0.000000e+00,6.203715e-19,5.438192e-19,4.996959e-23,6.713465e-33,1.637493e-27,-2.534715e-22,-8.824180e-24,-2.518266e-33
584.5268,200.00,277.6513,1.047912e+01,2.110963e-01,C,3.366427e-03,1.333333e-01,0.3361%,1.332015e-02,1.168229e-02,5.157190e-05,1.168877e-16,5.866901e-11,2.419906e-05,5.310335e-07,0.000000e+00,0.000000e+00,1.550633e-18,0.000000e+00,0.000000e+00,0.000000e+00,0.000000e+00,0.000000e+00,0.000000e+00,2.631945e-18,1.334565e-31,1.347612e-18,9.277421e-33,9.231900e-24,1.000296e-18,9.479702e-21,-1.252934e-43,-2.020112e-18,-1.010077e-18,-1.347627e-18,-2.505064e-33,-9.231709e-24,-1.000530e-18,-9.488095e-21,-2.522202e-33,0.000000e+00,0.000000e+00,0.000000e+00,0.000000e+00,0.000000e+00,0.000000e+00,0.000000e+00,0.000000e+00,6.118331e-19,5.405562e-19,-1.530773e-23,6.772356e-33,1.912014e-28,-2.338873e-22,-8.393049e-24,-2.522202e-33
604.5268,200.00,277.7025,1.085940e+01,2.095195e-01,C,3.360908e-03,1.333333e-01,0.3355%,1.370441e-02,1.202287e-02,5.156807e-05,1.214878e-16,5.934485e-11,2.407001e-05,5.265106e-07,0.000000e+00,0.000000e+00,1.550633e-18,0.000000e+00,0.000000e+00,0.000000e+00,0.000000e+00,0.000000e+00,0.000000e+00,2.631185e-18,1.219764e-31,1.353199e-18,9.363976e-33,9.338884e-24,1.003570e-18,9.599315e-21,-3.758802e-43,-2.026787e-18,-1.013415e-18,-1.353198e-18,-1.165681e-33,-9.337087e-24,-1.003749e-18,-9.605397e-21,-2.523045e-33,0.000000e+00,0.000000e+00,0.000000e+00,0.000000e+00,0.000000e+00,0.000000e+00,0.000000e+00,0.000000e+00,6.043984e-19,5.372181e-19,9.265652e-25,8.198295e-33,1.797489e-27,-1.784558e-22,-6.081789e-24,-2.523045e-33
624.5268,200.00,277.7564,1.125905e+01,2.079135e-01,C,3.355082e-03,1.333333e-01,0.3349%,1.408418e-02,1.236130e-02,5.155426e-05,1.266174e-16,6.008363e-11,2.395938e-05,5.226667e-07,0.000000e+00,0.000000e+00,1.550633e-18,0.000000e+00,0.000000e+00,0.000000e+00,0.000000e+00,0.000000e+00,0.000000e+00,2.631233e-18,1.018862e-31,1.358833e-18,9.461569e-33,9.455834e-24,1.006879e-18,9.724794e-21,9.188184e-43,-2.033604e-18,-1.016824e-18,-1.358846e-18,-2.522080e-33,-9.453943e-24,-1.007032e-18,-9.729933e-21,-2.521761e-33,0.000000e+00,0.000000e+00,0.000000e+00,0.000000e+00,0.000000e+00,0.000000e+00,0.000000e+00,0.000000e+00,5.976296e-19,5.338090e-19,-1.281204e-23,6.939489e-33,1.891304e-27,-1.531648e-22,-5.138898e-24,-2.521761e-33
644.5268,200.00,277.8124,1.167481e+01,2.063026e-01,C,3.349109e-03,1.333333e-01,0.3344%,1.445985e-02,1.269757e-02,5.153327e-05,1.314697e-16,6.086574e-11,2.386315e-05,5.193566e-07,0.000000e+00,0.000000e+00,1.550633e-18,0.000000e+00,0.000000e+00,0.000000e+00,0.000000e+00,0.000000e+00,0.000000e+00,2.631786e-18,8.466596e-32,1.364440e-18,9.566507e-33,9.579665e-24,1.010174e-18,9.853938e-21,1.252934e-43,-2.040460e-18,-1.020252e-18,-1.364498e-18,2.185344e-32,-9.584567e-24,-1.010330e-18,-9.859474e-21,-2.515341e-33,0.000000e+00,0.000000e+00,0.000000e+00,0.000000e+00,0.000000e+00,0.000000e+00,0.000000e+00,0.000000e+00,5.913259e-19,5.303804e-19,-5.788513e-23,3.141995e-32,-4.901792e-27,-1.552891e-22,-5.536062e-24,-2.515341e-33
664.5268,200.00,277.8703,1.210444e+01,2.047102e-01,C,3.343002e-03,1.333333e-01,0.3337%,1.483174e-02,1.303169e-02,5.150738e-05,1.364939e-16,6.169162e-11,2.377860e-05,5.164849e-07,0.000000e+00,0.000000e+00,1.550633e-18,0.000000e+00,0.000000e+00,0.000000e+00,0.000000e+00,0.000000e+00,0.000000e+00,2.632809e-18,7.318583e-32,1.370016e-18,9.679654e-33,9.710422e-24,1.013457e-18,9.986760e-21,-4.176447e-44,-2.047255e-18,-1.023651e-18,-1.370080e-18,-2.518656e-33,-9.710021e-24,-1.013595e-18,-9.991674e-21,-2.515234e-33,0.000000e+00,0.000000e+00,0.000000e+00,0.000000e+00,0.000000e+00,0.000000e+00,0.000000e+00,0.000000e+00,5.855543e-19,5.269821e-19,-6.404002e-23,7.160998e-33,4.009849e-28,-1.384535e-22,-4.913953e-24,-2.515234e-33
684.5268,200.00,277.9299,1.254636e+01,2.031464e-01,C,3.336843e-03,1.333333e-01,0.3331%,1.520009e-02,1.336367e-02,5.147797e-05,1.421613e-16,6.257739e-11,2.370361e-05,5.139741e-07,0.000000e+00,0.000000e+00,1.550633e-18,0.000000e+00,0.000000e+00,0.000000e+00,0.000000e+00,0.000000e+00,0.000000e+00,2.634144e-18,6.457573e-32,1.375524e-18,9.799006e-33,9.846416e-24,1.016703e-18,1.012208e-20,-1.252934e-43,-2.053945e-18,-1.026997e-18,-1.375557e-18,-2.510351e-33,-9.840036e-24,-1.016805e-18,-1.012527e-20,-2.509608e-33,0.000000e+00,0.000000e+00,0.000000e+00,0.000000e+00,0.000000e+00,0.000000e+00,0.000000e+00,0.000000e+00,5.801987e-19,5.236362e-19,-3.315497e-23,7.288655e-33,6.380394e-27,-1.020194e-22,-3.180488e-24,-2.509608e-33
704.5268,200.00,277.9909,1.299931e+01,2.015902e-01,C,3.330712e-03,1.333333e-01,0.3325%,1.556511e-02,1.369354e-02,5.144599e-05,1.469271e-16,6.343144e-11,2.363653e-05,5.117627e-07,0.000000e+00,0.000000e+00,1.550633e-18,0.000000e+00,0.000000e+00,0.000000e+00,0.000000e+00,0.000000e+00,0.000000e+00,2.635636e-18,5.453062e-32,1.380929e-18,9.922201e-33,9.985875e-24,1.019892e-18,1.025866e-20,-1.044112e-42,-2.060621e-18,-1.030335e-18,-1.380999e-18,-2.294464e-33,-9.985392e-24,-1.020004e-18,-1.026260e-20,-2.503858e-33,0.000000e+00,0.000000e+00,0.000000e+00,0.000000e+00,0.000000e+00,0.000000e+00,0.000000e+00,0.000000e+00,5.750152e-19,5.202978e-19,-7.049103e-23,7.627738e-33,4.833552e-28,-1.123932e-22,-3.938266e-24,-2.503858e-33
724.5268,200.00,278.0533,1.346247e+01,2.000746e-01,C,3.324617e-03,1.333333e-01,0.3319%,1.592697e-02,1.402133e-02,5.141226e-05,1.520486e-16,6.433322e-11,2.357618e-05,5.098089e-07,0.000000e+00,0.000000e+00,1.550633e-18,0.000000e+00,0.000000e+00,0.000000e+00,0.000000e+00,0.000000e+00,0.000000e+00,2.637264e-18,4.879055e-32,1.386231e-18,1.004933e-32,1.012865e-23,1.023023e-18,1.039639e-20,-5.011737e-43,-2.067139e-18,-1.033595e-18,-1.386303e-18,-2.484942e-33,-1.013232e-23,-1.023125e-18,-1.039994e-20,-2.497481e-33,0.000000e+00,0.000000e+00,0.000000e+00,0.000000e+00,0.000000e+00,0.000000e+00,0.000000e+00,0.000000e+00,5.701252e-19,5.170382e-19,-7.194645e-23,7.564388e-33,-3.671979e-27,-1.020072e-22,-3.543583e-24,-2.497481e-33
744.5268,200.00,278.1170,1.393520e+01,1.985989e-01,C,3.318567e-03,1.333333e-01,0.3313%,1.628581e-02,1.434708e-02,5.137738e-05,1.572600e-16,6.525525e-11,2.352163e-05,5.080796e-07,0.000000e+00,0.000000e+00,1.550633e-18,0.000000e+00,0.000000e+00,0.000000e+00,0.000000e+00,0.000000e+00,0.000000e+00,2.639009e-18,4.305049e-32,1.391430e-18,1.018041e-32,1.027463e-23,1.026097e-18,1.053520e-20,4.176447e-44,-2.073501e-18,-1.036776e-18,-1.391469e-18,-2.455621e-33,-1.027223e-23,-1.026168e-18,-1.053713e-20,-2.490612e-33,0.000000e+00,0.000000e+00,0.000000e+00,0.000000e+00,0.000000e+00,0.000000e+00,0.000000e+00,0.000000e+00,5.655082e-19,5.138566e-19,-3.848991e-23,7.724791e-33,2.400495e-27,-7.094080e-23,-1.929175e-24,-2.490612e-33
764.5268,200.00,278.1820,1.441708e+01,1.971412e-01,C,3.312567e-03,1.333333e-01,0.3307%,1.664175e-02,1.467082e-02,5.134179e-05,1.628130e-16,6.620530e-11,2.347216e-05,5.065480e-07,0.000000e+00,0.000000e+00,1.550633e-18,0.000000e+00,0.000000e+00,0.000000e+00,0.000000e+00,0.000000e+00,0.000000e+00,2.640855e-18,3.587541e-32,1.396528e-18,1.031538e-32,1.042362e-23,1.029114e-18,1.067499e-20,9.188184e-43,-2.079801e-18,-1.039927e-18,-1.396566e-18,-2.483876e-33,-1.041973e-23,-1.029178e-18,-1.067660e-20,-2.483470e-33,0.000000e+00,0.000000e+00,0.000000e+00,0.000000e+00,0.000000e+00,0.000000e+00,0.000000e+00,0.000000e+00,5.610539e-19,5.107060e-19,-3.857403e-23,7.831504e-33,3.894448e-27,-6.322421e-23,-1.605480e-24,-2.483470e-33
784.5268,200.00,278.2481,1.490764e+01,1.957227e-01,C,3.306692e-03,1.333333e-01,0.3301%,1.699491e-02,1.499260e-02,5.130562e-05,1.682158e-16,6.714389e-11,2.342700e-05,5.051835e-07,0.000000e+00,0.000000e+00,1.550633e-18,0.000000e+00,0.000000e+00,0.000000e+00,0.000000e+00,0.000000e+00,0.000000e+00,2.642655e-18,3.874544e-32,1.401490e-18,1.045124e-32,1.057364e-23,1.032054e-18,1.081438e-20,6.264671e-43,-2.085946e-18,-1.043000e-18,-1.401529e-18,-2.476433e-33,-1.057306e-23,-1.032110e-18,-1.081568e-20,-2.476016e-33,0.000000e+00,0.000000e+00,0.000000e+00,0.000000e+00,0.000000e+00,0.000000e+00,0.000000e+00,0.000000e+00,5.567087e-19,5.076328e-19,-3.857796e-23,7.974805e-33,5.849930e-28,-5.609678e-23,-1.302986e-24,-2.476016e-33
804.5268,200.00,278.3153,1.540660e+01,1.943323e-01,C,3.300879e-03,1.333333e-01,0.3295%,1.734539e-02,1.531245e-02,5.126933e-05,1.739972e-16,6.813060e-11,2.338579e-05,5.039752e-07,0.000000e+00,0.000000e+00,1.550633e-18,0.000000e+00,0.000000e+00,0.000000e+00,0.000000e+00,0.000000e+00,0.000000e+00,2.644526e-18,2.583029e-32,1.406352e-18,1.059068e-32,1.072635e-23,1.034939e-18,1.095453e-20,4.176447e-43,-2.091984e-18,-1.046019e-18,-1.406390e-18,-2.468796e-33,-1.072019e-23,-1.034988e-18,-1.095557e-20,-2.468367e-33,0.000000e+00,0.000000e+00,0.000000e+00,0.000000e+00,0.000000e+00,0.000000e+00,0.000000e+00,0.000000e+00,5.525423e-19,5.046135e-19,-3.808224e-23,8.121883e-33,6.156804e-27,-4.985130e-23,-1.031729e-24,-2.468367e-33
824.5268,200.00,278.3837,1.591383e+01,1.929698e-01,C,3.295132e-03,1.333333e-01,0.3290%,1.769329e-02,1.563041e-02,5.123309e-05,1.795162e-16,6.908902e-11,2.334810e-05,5.029074e-07,0.000000e+00,0.000000e+00,1.550633e-18,0.000000e+00,0.000000e+00,0.000000e+00,0.000000e+00,0.000000e+00,0.000000e+00,2.646456e-18,3.013534e-32,1.411116e-18,1.073355e-32,1.088159e-23,1.037768e-18,1.109536e-20,2.505868e-43,-2.097914e-18,-1.048985e-18,-1.411153e-18,-2.457205e-33,-1.087884e-23,-1.037812e-18,-1.109614e-20,-2.460574e-33,0.000000e+00,0.000000e+00,0.000000e+00,0.000000e+00,0.000000e+00,0.000000e+00,0.000000e+00,0.000000e+00,5.485411e-19,5.016478e-19,-3.718779e-23,8.276346e-33,2.741577e-27,-4.436306e-23,-7.873265e-25,-2.460574e-33
844.5268,200.00,278.4531,1.642905e+01,1.916344e-01,C,3.289522e-03,1.333333e-01,0.3284%,1.803867e-02,1.594652e-02,5.119684e-05,1.849244e-16,7.007215e-11,2.331341e-05,5.019580e-07,0.000000e+00,0.000000e+00,1.550633e-18,0.000000e+00,0.000000e+00,0.000000e+00,0.000000e+00,0.000000e+00,0.000000e+00,2.648300e-18,2.152524e-32,1.415747e-18,1.087662e-32,1.103723e-23,1.040522e-18,1.123541e-20,-2.923513e-43,-2.103740e-18,-1.051898e-18,-1.415817e-18,-2.429466e-33,-1.103640e-23,-1.040583e-18,-1.123731e-20,-2.452671e-33,0.000000e+00,0.000000e+00,0.000000e+00,0.000000e+00,0.000000e+00,0.000000e+00,0.000000e+00,0.000000e+00,5.445602e-19,4.987346e-19,-6.926733e-23,8.447154e-33,8.266178e-28,-6.124913e-23,-1.896715e-24,-2.452671e-33
864.5268,200.00,278.5236,1.695218e+01,1.903372e-01,C,3.283986e-03,1.333333e-01,0.3279%,1.838163e-02,1.626082e-02,5.116090e-05,1.907409e-16,7.108959e-11,2.328156e-05,5.011231e-07,0.000000e+00,0.000000e+00,1.550633e-18,0.000000e+00,0.000000e+00,0.000000e+00,0.000000e+00,0.000000e+00,0.000000e+00,2.650179e-18,1.435016e-32,1.420282e-18,1.102268e-32,1.119505e-23,1.043222e-18,1.137593e-20,4.594092e-43,-2.109411e-18,-1.054735e-18,-1.420350e-18,-2.445098e-33,-1.119093e-23,-1.043278e-18,-1.137765e-20,-2.444633e-33,0.000000e+00,0.000000e+00,0.000000e+00,0.000000e+00,0.000000e+00,0.000000e+00,0.000000e+00,0.000000e+00,5.407680e-19,4.958984e-19,-6.804172e-23,8.577584e-33,4.122465e-27,-5.575023e-23,-1.720527e-24,-2.444633e-33
884.5268,200.00,278.5952,1.748315e+01,1.890663e-01,C,3.278527e-03,1.333333e-01,0.3273%,1.872223e-02,1.657334e-02,5.112534e-05,1.964899e-16,7.207880e-11,2.325227e-05,5.003924e-07,0.000000e+00,0.000000e+00,1.550633e-18,0.000000e+00,0.000000e+00,0.000000e+00,0.000000e+00,0.000000e+00,0.000000e+00,2.652083e-18,1.578518e-32,1.424722e-18,1.117154e-32,1.135490e-23,1.045869e-18,1.151680e-20,-7.935250e-43,-2.114979e-18,-1.057519e-18,-1.424789e-18,-2.406267e-33,-1.135399e-23,-1.045920e-18,-1.151834e-20,-2.436542e-33,0.000000e+00,0.000000e+00,0.000000e+00,0.000000e+00,0.000000e+00,0.000000e+00,0.000000e+00,0.000000e+00,5.371034e-19,4.931138e-19,-6.662243e-23,8.765273e-33,9.159483e-28,-5.147740e-23,-1.543147e-24,-2.436542e-33
904.5268,200.00,278.6678,1.802177e+01,1.878321e-01,C,3.273149e-03,1.333333e-01,0.3268%,1.906055e-02,1.688412e-02,5.109023e-05,2.022757e-16,7.310047e-11,2.322527e-05,4.997566e-07,0.000000e+00,0.000000e+00,1.550633e-18,0.000000e+00,0.000000e+00,0.000000e+00,0.000000e+00,0.000000e+00,0.000000e+00,2.654001e-18,1.435016e-32,1.429067e-18,1.132301e-32,1.151664e-23,1.048463e-18,1.165795e-20,-4.176447e-44,-2.120399e-18,-1.060229e-18,-1.429100e-18,-9.685082e-34,-1.151504e-23,-1.048489e-18,-1.165791e-20,-2.428365e-33,0.000000e+00,0.000000e+00,0.000000e+00,0.000000e+00,0.000000e+00,0.000000e+00,0.000000e+00,0.000000e+00,5.336019e-19,4.904036e-19,-3.293780e-23,1.035450e-32,1.599271e-27,-2.657190e-23,4.042165e-26,-2.428365e-33
924.5268,200.00,278.7414,1.856799e+01,1.866135e-01,C,3.267920e-03,1.333333e-01,0.3263%,1.939664e-02,1.719319e-02,5.105541e-05,2.086946e-16,7.411945e-11,2.320024e-05,4.991983e-07,0.000000e+00,0.000000e+00,1.550633e-18,0.000000e+00,0.000000e+00,0.000000e+00,0.000000e+00,0.000000e+00,0.000000e+00,2.655792e-18,1.722020e-32,1.433286e-18,1.147359e-32,1.167795e-23,1.050984e-18,1.179784e-20,0.000000e+00,-2.125760e-18,-1.062910e-18,-1.433350e-18,-2.420706e-33,-1.167694e-23,-1.051028e-18,-1.179906e-20,-2.420229e-33,0.000000e+00,0.000000e+00,0.000000e+00,0.000000e+00,0.000000e+00,0.000000e+00,0.000000e+00,0.000000e+00,5.300322e-19,4.877226e-19,-6.383488e-23,9.052881e-33,1.017066e-27,-4.376371e-23,-1.215256e-24,-2.420229e-33
944.5268,200.00,278.8160,1.912175e+01,1.854207e-01,C,3.262710e-03,1.333333e-01,0.3257%,1.973058e-02,1.750059e-02,5.102131e-05,2.150821e-16,7.516184e-11,2.317724e-05,4.987279e-07,0.000000e+00,0.000000e+00,1.550633e-18,0.000000e+00,0.000000e+00,0.000000e+00,0.000000e+00,0.000000e+00,0.000000e+00,2.657711e-18,1.722020e-32,1.437445e-18,1.162959e-32,1.184297e-23,1.053475e-18,1.193923e-20,3.341158e-43,-2.131019e-18,-1.065540e-18,-1.437507e-18,-2.412610e-33,-1.184190e-23,-1.053516e-18,-1.194031e-20,-2.412091e-33,0.000000e+00,0.000000e+00,0.000000e+00,0.000000e+00,0.000000e+00,0.000000e+00,0.000000e+00,0.000000e+00,5.266921e-19,4.850927e-19,-6.212895e-23,9.216981e-33,1.061763e-27,-4.058987e-23,-1.077092e-24,-2.412091e-33
964.5268,200.00,278.8916,1.968297e+01,1.842532e-01,C,3.257589e-03,1.333333e-01,0.3252%,2.006241e-02,1.780634e-02,5.098776e-05,2.215022e-16,7.621325e-11,2.315595e-05,4.983295e-07,0.000000e+00,0.000000e+00,1.550633e-18,0.000000e+00,0.000000e+00,0.000000e+00,0.000000e+00,0.000000e+00,0.000000e+00,2.659617e-18,2.009023e-32,1.441513e-18,1.178757e-32,1.200941e-23,1.055915e-18,1.208062e-20,5.847026e-43,-2.136176e-18,-1.068119e-18,-1.441573e-18,-2.404499e-33,-1.200830e-23,-1.055952e-18,-1.208157e-20,-2.403967e-33,0.000000e+00,0.000000e+00,0.000000e+00,0.000000e+00,0.000000e+00,0.000000e+00,0.000000e+00,0.000000e+00,5.234410e-19,4.825136e-19,-6.043282e-23,9.383072e-33,1.102644e-27,-3.768328e-23,-9.517597e-25,-2.403967e-33
984.5268,200.00,278.9683,2.025174e+01,1.831208e-01,C,3.252622e-03,1.333333e-01,0.3247%,2.039219e-02,1.811049e-02,5.095457e-05,2.279497e-16,7.725823e-11,2.313612e-05,4.979881e-07,0.000000e+00,0.000000e+00,1.550633e-18,0.000000e+00,0.000000e+00,0.000000e+00,0.000000e+00,0.000000e+00,0.000000e+00,2.661371e-18,2.439528e-32,1.445459e-18,1.194383e-32,1.217483e-23,1.058283e-18,1.222043e-20,3.758802e-43,-2.141188e-18,-1.070626e-18,-1.445518e-18,-2.396096e-33,-1.217367e-23,-1.058318e-18,-1.222124e-20,-2.395811e-33,0.000000e+00,0.000000e+00,0.000000e+00,0.000000e+00,0.000000e+00,0.000000e+00,0.000000e+00,0.000000e+00,5.201834e-19,4.800071e-19,-5.912874e-23,9.547737e-33,1.155090e-27,-3.461696e-23,-8.146643e-25,-2.395811e-33
1004.5268,200.00,279.0459,2.082782e+01,1.820031e-01,C,3.247682e-03,1.333333e-01,0.3242%,2.071998e-02,1.841306e-02,5.092216e-05,2.347345e-16,7.832439e-11,2.311784e-05,4.977161e-07,0.000000e+00,0.000000e+00,1.550633e-18,0.000000e+00,0.000000e+00,0.000000e+00,0.000000e+00,0.000000e+00,0.000000e+00,2.663229e-18,1.722020e-32,1.449348e-18,1.210503e-32,1.234360e-23,1.060622e-18,1.236150e-20,4.176447e-43,-2.146145e-18,-1.073105e-18,-1.449405e-18,-2.388300e-33,-1.234327e-23,-1.060655e-18,-1.236220e-20,-2.387739e-33,0.000000e+00,0.000000e+00,0.000000e+00,0.000000e+00,0.000000e+00,0.000000e+00,0.000000e+00,0.000000e+00,5.170845e-19,4.775284e-19,-5.747055e-23,9.716725e-33,3.291431e-28,-3.209071e-23,-6.998832e-25,-2.387739e-33
1024.5268,200.00,279.1245,2.141128e+01,1.809098e-01,C,3.242836e-03,1.333333e-01,0.3238%,2.104583e-02,1.871408e-02,5.089032e-05,2.411109e-16,7.939655e-11,2.310086e-05,4.974993e-07,0.000000e+00,0.000000e+00,1.550633e-18,0.000000e+00,0.000000e+00,0.000000e+00,0.000000e+00,0.000000e+00,0.000000e+00,2.665052e-18,1.722020e-32,1.453149e-18,1.226750e-32,1.251331e-23,1.062912e-18,1.250229e-20,2.088224e-43,-2.151002e-18,-1.075534e-18,-1.453204e-18,-2.380279e-33,-1.251206e-23,-1.062942e-18,-1.250288e-20,-2.379707e-33,0.000000e+00,0.000000e+00,0.000000e+00,0.000000e+00,0.000000e+00,0.000000e+00,0.000000e+00,0.000000e+00,5.140496e-19,4.750992e-19,-5.588353e-23,9.887221e-33,1.248677e-27,-2.970297e-23,-5.901701e-25,-2.379707e-33
1044.5268,200.00,279.2042,2.200216e+01,1.798406e-01,C,3.238084e-03,1.333333e-01,0.3233%,2.136978e-02,1.901358e-02,5.085907e-05,2.477614e-16,8.049587e-11,2.308507e-05,4.973329e-07,0.000000e+00,0.000000e+00,1.550633e-18,0.000000e+00,0.000000e+00,0.000000e+00,0.000000e+00,0.000000e+00,0.000000e+00,2.666832e-18,2.583029e-32,1.456863e-18,1.243103e-32,1.268380e-23,1.065153e-18,1.264271e-20,-5.847026e-43,-2.155761e-18,-1.077914e-18,-1.456917e-18,-2.372305e-33,-1.267898e-23,-1.065180e-18,-1.264319e-20,-2.371717e-33,0.000000e+00,0.000000e+00,0.000000e+00,0.000000e+00,0.000000e+00,0.000000e+00,0.000000e+00,0.000000e+00,5.110707e-19,4.727193e-19,-5.438979e-23,1.005872e-32,4.820554e-27,-2.742108e-23,-4.843779e-25,-2.371717e-33
1064.5268,200.00,279.2848,2.260026e+01,1.787854e-01,C,3.233365e-03,1.333333e-01,0.3228%,2.169188e-02,1.931158e-02,5.082860e-05,2.546300e-16,8.158802e-11,2.307049e-05,4.972222e-07,0.000000e+00,0.000000e+00,1.550633e-18,0.000000e+00,0.000000e+00,0.000000e+00,0.000000e+00,0.000000e+00,0.000000e+00,2.668694e-18,3.444039e-32,1.460522e-18,1.259906e-32,1.285736e-23,1.067365e-18,1.278421e-20,-8.770539e-43,-2.160466e-18,-1.080267e-18,-1.460575e-18,-2.364435e-33,-1.285317e-23,-1.067391e-18,-1.278460e-20,-2.363832e-33,0.000000e+00,0.000000e+00,0.000000e+00,0.000000e+00,0.000000e+00,0.000000e+00,0.000000e+00,0.000000e+00,5.082285e-19,4.703663e-19,-5.262080e-23,1.023462e-32,4.188226e-27,-2.554933e-23,-3.930956e-25,-2.363832e-33
1084.5268,200.00,279.3664,2.320564e+01,1.777570e-01,C,3.228744e-03,1.333333e-01,0.3224%,2.201218e-02,1.960812e-02,5.079871e-05,2.621419e-16,8.269074e-11,2.305688e-05,4.971534e-07,0.000000e+00,0.000000e+00,1.550633e-18,0.000000e+00,0.000000e+00,0.000000e+00,0.000000e+00,0.000000e+00,0.000000e+00,2.670502e-18,4.879055e-32,1.464097e-18,1.276778e-32,1.303143e-23,1.069530e-18,1.292518e-20,5.429381e-43,-2.165059e-18,-1.082564e-18,-1.464148e-18,-2.351581e-33,-1.302673e-23,-1.069553e-18,-1.292549e-20,-2.343367e-33,0.000000e+00,0.000000e+00,0.000000e+00,0.000000e+00,0.000000e+00,0.000000e+00,0.000000e+00,0.000000e+00,5.054430e-19,4.680692e-19,-5.098818e-23,1.041620e-32,4.703695e-27,-2.375555e-23,-3.082804e-25,-2.343367e-33
1104.5268,200.00,279.4489,2.381817e+01,1.767455e-01,C,3.224221e-03,1.333333e-01,0.3219%,2.233072e-02,1.990322e-02,5.076939e-05,2.689378e-16,8.378621e-11,2.304416e-05,4.971226e-07,0.000000e+00,0.000000e+00,1.550633e-18,0.000000e+00,0.000000e+00,0.000000e+00,0.000000e+00,0.000000e+00,0.000000e+00,2.672249e-18,5.166059e-32,1.467588e-18,1.293694e-32,1.320584e-23,1.071646e-18,1.306553e-20,1.670579e-43,-2.169586e-18,-1.084827e-18,-1.467637e-18,-2.348866e-33,-1.320443e-23,-1.071668e-18,-1.306574e-20,-2.348234e-33,0.000000e+00,0.000000e+00,0.000000e+00,0.000000e+00,0.000000e+00,0.000000e+00,0.000000e+00,0.000000e+00,5.026631e-19,4.658057e-19,-4.951748e-23,1.058807e-32,1.409283e-27,-2.191323e-23,-2.149224e-25,-2.348234e-33
1124.5268,200.00,279.5324,2.443793e+01,1.757603e-01,C,3.219798e-03,1.333333e-01,0.3215%,2.264754e-02,2.019690e-02,5.074064e-05,2.769032e-16,8.487455e-11,2.303225e-05,4.971264e-07,0.000000e+00,0.000000e+00,1.550633e-18,0.000000e+00,0.000000e+00,0.000000e+00,0.000000e+00,0.000000e+00,0.000000e+00,2.673928e-18,7.749088e-32,1.470996e-18,1.310630e-32,1.338043e-23,1.073716e-18,1.320515e-20,4.176447e-44,-2.174001e-18,-1.087036e-18,-1.471045e-18,-2.341176e-33,-1.337894e-23,-1.073736e-18,-1.320528e-20,-2.340552e-33,0.000000e+00,0.000000e+00,0.000000e+00,0.000000e+00,0.000000e+00,0.000000e+00,0.000000e+00,0.000000e+00,4.999263e-19,4.635973e-19,-4.820856e-23,1.076512e-32,1.484954e-27,-2.010446e-23,-1.264561e-25,-2.340552e-33
1144.5268,200.00,279.6169,2.506491e+01,1.747882e-01,C,3.215413e-03,1.333333e-01,0.3210%,2.296268e-02,2.048919e-02,5.071265e-05,2.838386e-16,8.599402e-11,2.302120e-05,4.971716e-07,0.000000e+00,0.000000e+00,1.550633e-18,0.000000e+00,0.000000e+00,0.000000e+00,0.000000e+00,0.000000e+00,0.000000e+00,2.675666e-18,7.175082e-32,1.474353e-18,1.327949e-32,1.355762e-23,1.075758e-18,1.334560e-20,-4.594092e-43,-2.178366e-18,-1.089218e-18,-1.474400e-18,-1.710602e-33,-1.355695e-23,-1.075777e-18,-1.334565e-20,-2.332942e-33,0.000000e+00,0.000000e+00,0.000000e+00,0.000000e+00,0.000000e+00,0.000000e+00,0.000000e+00,0.000000e+00,4.973004e-19,4.614147e-19,-4.671249e-23,1.156889e-32,6.733745e-28,-1.859396e-23,-4.856822e-26,-2.332942e-33
1164.5268,200.00,279.7024,2.569905e+01,1.738291e-01,C,3.211067e-03,1.333333e-01,0.3206%,2.327618e-02,2.078011e-02,5.068540e-05,2.912427e-16,8.714078e-11,2.301093e-05,4.972553e-07,0.000000e+00,0.000000e+00,1.550633e-18,0.000000e+00,0.000000e+00,0.000000e+00,0.000000e+00,0.000000e+00,0.000000e+00,2.677459e-18,1.262814e-31,1.477660e-18,1.345645e-32,1.373739e-23,1.077774e-18,1.348683e-20,6.264671e-43,-2.182679e-18,-1.091375e-18,-1.477705e-18,-2.326151e-33,-1.373407e-23,-1.077792e-18,-1.348681e-20,-2.325473e-33,0.000000e+00,0.000000e+00,0.000000e+00,0.000000e+00,0.000000e+00,0.000000e+00,0.000000e+00,0.000000e+00,4.947799e-19,4.592578e-19,-4.505570e-23,1.113030e-32,3.322721e-27,-1.735321e-23,1.974624e-26,-2.325473e-33
1184.5268,200.00,279.7888,2.634026e+01,1.728924e-01,C,3.206824e-03,1.333333e-01,0.3202%,2.358808e-02,2.106969e-02,5.065869e-05,2.988608e-16,8.826412e-11,2.300126e-05,4.973646e-07,0.000000e+00,0.000000e+00,1.550633e-18,0.000000e+00,0.000000e+00,0.000000e+00,0.000000e+00,0.000000e+00,0.000000e+00,2.679168e-18,1.635919e-31,1.480886e-18,1.363306e-32,1.391693e-23,1.079744e-18,1.362713e-20,3.758802e-43,-2.186898e-18,-1.093485e-18,-1.480929e-18,-1.856552e-33,-1.391721e-23,-1.079760e-18,-1.362704e-20,-2.318073e-33,0.000000e+00,0.000000e+00,0.000000e+00,0.000000e+00,0.000000e+00,0.000000e+00,0.000000e+00,0.000000e+00,4.922702e-19,4.571479e-19,-4.361203e-23,1.177651e-32,-2.793210e-28,-1.604635e-23,9.019232e-26,-2.318073e-33
1204.5268,200.00,279.8762,2.698863e+01,1.719683e-01,C,3.202621e-03,1.333333e-01,0.3197%,2.389842e-02,2.135794e-02,5.063271e-05,3.067188e-16,8.941903e-11,2.299226e-05,4.975071e-07,0.000000e+00,0.000000e+00,1.550633e-18,0.000000e+00,0.000000e+00,0.000000e+00,0.000000e+00,0.000000e+00,0.000000e+00,2.680922e-18,1.836821e-31,1.484063e-18,1.381315e-32,1.409886e-23,1.081688e-18,1.376810e-20,-4.176447e-44,-2.191067e-18,-1.095570e-18,-1.484105e-18,-2.311503e-33,-1.409632e-23,-1.081703e-18,-1.376795e-20,-2.310795e-33,0.000000e+00,0.000000e+00,0.000000e+00,0.000000e+00,0.000000e+00,0.000000e+00,0.000000e+00,0.000000e+00,4.898551e-19,4.550630e-19,-4.204024e-23,1.150165e-32,2.546854e-27,-1.496774e-23,1.525340e-25,-2.310795e-33
1224.5268,200.00,279.9645,2.764399e+01,1.710662e-01,C,3.198523e-03,1.333333e-01,0.3193%,2.420722e-02,2.164489e-02,5.060725e-05,3.143026e-16,9.055969e-11,2.298373e-05,4.976697e-07,0.000000e+00,0.000000e+00,1.550633e-18,0.000000e+00,0.000000e+00,0.000000e+00,0.000000e+00,0.000000e+00,0.000000e+00,2.682583e-18,2.468228e-31,1.487161e-18,1.399249e-32,1.428027e-23,1.083587e-18,1.390798e-20,5.011737e-43,-2.195143e-18,-1.097608e-18,-1.487202e-18,-2.304317e-33,-1.427855e-23,-1.083601e-18,-1.390776e-20,-2.303593e-33,0.000000e+00,0.000000e+00,0.000000e+00,0.000000e+00,0.000000e+00,0.000000e+00,0.000000e+00,0.000000e+00,4.874398e-19,4.530246e-19,-4.070248e-23,1.168817e-32,1.726298e-27,-1.378964e-23,2.180406e-25,-2.303593e-33
1244.5268,200.00,280.0538,2.830647e+01,1.701764e-01,C,3.194467e-03,1.333333e-01,0.3189%,2.451452e-02,2.193056e-02,5.058248e-05,3.226868e-16,9.171952e-11,2.297575e-05,4.978611e-07,0.000000e+00,0.000000e+00,1.550633e-18,0.000000e+00,0.000000e+00,0.000000e+00,0.000000e+00,0.000000e+00,0.000000e+00,2.684279e-18,3.243137e-31,1.490212e-18,1.417500e-32,1.446385e-23,1.085461e-18,1.404841e-20,1.670579e-43,-2.199170e-18,-1.099622e-18,-1.490252e-18,-2.297256e-33,-1.446207e-23,-1.085473e-18,-1.404814e-20,-2.296514e-33,0.000000e+00,0.000000e+00,0.000000e+00,0.000000e+00,0.000000e+00,0.000000e+00,0.000000e+00,0.000000e+00,4.851089e-19,4.510108e-19,-3.926446e-23,1.187774e-32,1.778073e-27,-1.280344e-23,2.769497e-25,-2.296514e-33
1264.5268,200.00,280.1440,2.897589e+01,1.693083e-01,C,3.190516e-03,1.333333e-01,0.3185%,2.482036e-02,2.221497e-02,5.055822e-05,3.314610e-16,9.290642e-11,2.296815e-05,4.980676e-07,0.000000e+00,0.000000e+00,1.550633e-18,0.000000e+00,0.000000e+00,0.000000e+00,0.000000e+00,0.000000e+00,0.000000e+00,2.685873e-18,4.190248e-31,1.493187e-18,1.435636e-32,1.464661e-23,1.087289e-18,1.418760e-20,3.341158e-43,-2.203104e-18,-1.101590e-18,-1.493225e-18,-2.290021e-33,-1.463968e-23,-1.087301e-18,-1.418726e-20,-2.289099e-33,0.000000e+00,0.000000e+00,0.000000e+00,0.000000e+00,0.000000e+00,0.000000e+00,0.000000e+00,0.000000e+00,4.827681e-19,4.490432e-19,-3.807500e-23,1.206634e-32,6.930068e-27,-1.169114e-23,3.399732e-25,-2.289099e-33
1284.5268,200.00,280.2352,2.965257e+01,1.684518e-01,C,3.186609e-03,1.333333e-01,0.3182%,2.512475e-02,2.249814e-02,5.053460e-05,3.397915e-16,9.405341e-11,2.296104e-05,4.982999e-07,0.000000e+00,0.000000e+00,1.550633e-18,0.000000e+00,0.000000e+00,0.000000e+00,0.000000e+00,0.000000e+00,0.000000e+00,2.687493e-18,5.395661e-31,1.496115e-18,1.454054e-32,1.483131e-23,1.089094e-18,1.432722e-20,8.352894e-44,-2.206991e-18,-1.103534e-18,-1.496152e-18,-2.283407e-33,-1.482926e-23,-1.089104e-18,-1.432682e-20,-2.282632e-33,0.000000e+00,0.000000e+00,0.000000e+00,0.000000e+00,0.000000e+00,0.000000e+00,0.000000e+00,0.000000e+00,4.805018e-19,4.470992e-19,-3.680730e-23,1.225714e-32,2.054109e-27,-1.074011e-23,3.972285e-25,-2.282632e-33
1304.5268,200.00,280.3273,3.033607e+01,1.676074e-01,C,3.182747e-03,1.333333e-01,0.3178%,2.542774e-02,2.278009e-02,5.051166e-05,3.481404e-16,9.524807e-11,2.295433e-05,4.985540e-07,0.000000e+00,0.000000e+00,1.550633e-18,0.000000e+00,0.000000e+00,0.000000e+00,0.000000e+00,0.000000e+00,0.000000e+00,2.689137e-18,7.289883e-31,1.498997e-18,1.472751e-32,1.501789e-23,1.090873e-18,1.446722e-20,8.352894e-43,-2.210830e-18,-1.105453e-18,-1.499033e-18,-2.276669e-33,-1.501657e-23,-1.090883e-18,-1.446677e-20,-2.275876e-33,0.000000e+00,0.000000e+00,0.000000e+00,0.000000e+00,0.000000e+00,0.000000e+00,0.000000e+00,0.000000e+00,4.783066e-19,4.451796e-19,-3.547803e-23,1.245085e-32,1.323828e-27,-9.931287e-24,4.494188e-25,-2.275876e-33
1324.5268,200.00,280.4203,3.102642e+01,1.667746e-01,C,3.178930e-03,1.333333e-01,0.3174%,2.572937e-02,2.306084e-02,5.048937e-05,3.563944e-16,9.641053e-11,2.294798e-05,4.988287e-07,0.000000e+00,0.000000e+00,1.550633e-18,0.000000e+00,0.000000e+00,0.000000e+00,0.000000e+00,0.000000e+00,0.000000e+00,2.690798e-18,9.557209e-31,1.501834e-18,1.491715e-32,1.520631e-23,1.092628e-18,1.460758e-20,1.211170e-42,-2.214621e-18,-1.107349e-18,-1.501868e-18,-2.270035e-33,-1.520434e-23,-1.092637e-18,-1.460708e-20,-2.269248e-33,0.000000e+00,0.000000e+00,0.000000e+00,0.000000e+00,0.000000e+00,0.000000e+00,0.000000e+00,0.000000e+00,4.761778e-19,4.432839e-19,-3.409922e-23,1.264711e-32,1.968974e-27,-9.253497e-24,4.969318e-25,-2.269248e-33
1344.5268,200.00,280.5143,3.172374e+01,1.659535e-01,C,3.175160e-03,1.333333e-01,0.3170%,2.602964e-02,2.334039e-02,5.046773e-05,3.650316e-16,9.762154e-11,2.294196e-05,4.991224e-07,0.000000e+00,0.000000e+00,1.550633e-18,0.000000e+00,0.000000e+00,0.000000e+00,0.000000e+00,0.000000e+00,0.000000e+00,2.692475e-18,1.297255e-30,1.504626e-18,1.510935e-32,1.539647e-23,1.094359e-18,1.474824e-20,2.923513e-43,-2.218364e-18,-1.109221e-18,-1.504659e-18,-2.263574e-33,-1.539294e-23,-1.094368e-18,-1.474770e-20,-2.262747e-33,0.000000e+00,0.000000e+00,0.000000e+00,0.000000e+00,0.000000e+00,0.000000e+00,0.000000e+00,0.000000e+00,4.741116e-19,4.414120e-19,-3.268343e-23,1.284578e-32,3.530583e-27,-8.688571e-24,5.403722e-25,-2.262747e-33
1364.5268,200.00,280.6092,3.242796e+01,1.651530e-01,C,3.171496e-03,1.333333e-01,0.3166%,2.632860e-02,2.361878e-02,5.044652e-05,3.733932e-16,9.880406e-11,2.293614e-05,4.994223e-07,0.000000e+00,0.000000e+00,1.550633e-18,0.000000e+00,0.000000e+00,0.000000e+00,0.000000e+00,0.000000e+00,0.000000e+00,2.694031e-18,1.704799e-30,1.507346e-18,1.529949e-32,1.558513e-23,1.096047e-18,1.488732e-20,5.011737e-43,-2.222018e-18,-1.111048e-18,-1.507377e-18,-1.764593e-33,-1.558306e-23,-1.096055e-18,-1.488673e-20,-2.256324e-33,0.000000e+00,0.000000e+00,0.000000e+00,0.000000e+00,0.000000e+00,0.000000e+00,0.000000e+00,0.000000e+00,4.720130e-19,4.395847e-19,-3.155136e-23,1.353490e-32,2.074726e-27,-7.951427e-24,5.897801e-25,-2.256324e-33
1384.5268,200.00,280.7050,3.313900e+01,1.643639e-01,C,3.167879e-03,1.333333e-01,0.3163%,2.662626e-02,2.389602e-02,5.042592e-05,3.821517e-16,1.000057e-10,2.293058e-05,4.997382e-07,0.000000e+00,0.000000e+00,1.550633e-18,0.000000e+00,0.000000e+00,0.000000e+00,0.000000e+00,0.000000e+00,0.000000e+00,2.695594e-18,2.252976e-30,1.510022e-18,1.549187e-32,1.577531e-23,1.097711e-18,1.502658e-20,3.758802e-43,-2.225625e-18,-1.112852e-18,-1.510052e-18,-2.195787e-33,-1.577319e-23,-1.097719e-18,-1.502595e-20,-2.250026e-33,0.000000e+00,0.000000e+00,0.000000e+00,0.000000e+00,0.000000e+00,0.000000e+00,0.000000e+00,0.000000e+00,4.699689e-19,4.377808e-19,-3.039544e-23,1.329608e-32,2.117630e-27,-7.282414e-24,6.364616e-25,-2.250026e-33
1404.5268,200.00,280.8018,3.385703e+01,1.635863e-01,C,3.164309e-03,1.333333e-01,0.3159%,2.692266e-02,2.417212e-02,5.040592e-05,3.915855e-16,1.012164e-10,2.292527e-05,5.000689e-07,0.000000e+00,0.000000e+00,1.550633e-18,0.000000e+00,0.000000e+00,0.000000e+00,0.000000e+00,0.000000e+00,0.000000e+00,2.697162e-18,2.967614e-30,1.512655e-18,1.568638e-32,1.596692e-23,1.099352e-18,1.516599e-20,3.341158e-43,-2.229184e-18,-1.114632e-18,-1.512684e-18,-2.241406e-33,-1.596476e-23,-1.099358e-18,-1.516533e-20,-2.243849e-33,0.000000e+00,0.000000e+00,0.000000e+00,0.000000e+00,0.000000e+00,0.000000e+00,0.000000e+00,0.000000e+00,4.679776e-19,4.360009e-19,-2.922328e-23,1.344497e-32,2.166810e-27,-5.899256e-24,6.592847e-25,-2.243849e-33
1424.5268,200.00,280.8995,3.458188e+01,1.628191e-01,C,3.160788e-03,1.333333e-01,0.3156%,2.721781e-02,2.444711e-02,5.038649e-05,4.005120e-16,1.024356e-10,2.292017e-05,5.004131e-07,0.000000e+00,0.000000e+00,1.550633e-18,0.000000e+00,0.000000e+00,0.000000e+00,0.000000e+00,0.000000e+00,0.000000e+00,2.698731e-18,3.900374e-30,1.515245e-18,1.588289e-32,1.615989e-23,1.100970e-18,1.530550e-20,-4.594092e-43,-2.232700e-18,-1.116391e-18,-1.515273e-18,-2.238691e-33,-1.615768e-23,-1.100976e-18,-1.530478e-20,-2.237795e-33,0.000000e+00,0.000000e+00,0.000000e+00,0.000000e+00,0.000000e+00,0.000000e+00,0.000000e+00,0.000000e+00,4.660306e-19,4.342424e-19,-2.804700e-23,1.364420e-32,2.217369e-27,-6.204704e-24,7.206562e-25,-2.237795e-33
1444.5268,200.00,280.9980,3.531336e+01,1.620633e-01,C,3.157314e-03,1.333333e-01,0.3152%,2.751175e-02,2.472099e-02,5.036764e-05,4.098137e-16,1.036630e-10,2.291526e-05,5.007692e-07,0.000000e+00,0.000000e+00,1.550633e-18,0.000000e+00,0.000000e+00,0.000000e+00,0.000000e+00,0.000000e+00,0.000000e+00,2.700298e-18,5.114398e-30,1.517794e-18,1.608132e-32,1.635414e-23,1.102565e-18,1.544506e-20,1.044112e-42,-2.236169e-18,-1.118125e-18,-1.517821e-18,-2.039997e-33,-1.635188e-23,-1.102571e-18,-1.544430e-20,-2.231863e-33,0.000000e+00,0.000000e+00,0.000000e+00,0.000000e+00,0.000000e+00,0.000000e+00,0.000000e+00,0.000000e+00,4.641292e-19,4.325076e-19,-2.687202e-23,1.404132e-32,2.267676e-27,-5.761390e-24,7.592715e-25,-2.231863e-33
1464.5268,200.00,281.0976,3.605193e+01,1.613183e-01,C,3.153889e-03,1.333333e-01,0.3149%,2.780449e-02,2.499378e-02,5.034934e-05,4.189468e-16,1.048980e-10,2.291052e-05,5.011364e-07,0.000000e+00,0.000000e+00,1.550633e-18,0.000000e+00,0.000000e+00,0.000000e+00,0.000000e+00,0.000000e+00,0.000000e+00,2.701861e-18,6.658476e-30,1.520301e-18,1.628153e-32,1.654960e-23,1.104137e-18,1.558464e-20,5.429381e-43,-2.239592e-18,-1.119837e-18,-1.520327e-18,-1.186088e-33,-1.654728e-23,-1.104142e-18,-1.558384e-20,-2.226051e-33,0.000000e+00,0.000000e+00,0.000000e+00,0.000000e+00,0.000000e+00,0.000000e+00,0.000000e+00,0.000000e+00,4.622689e-19,4.307956e-19,-2.570585e-23,1.509544e-32,2.320775e-27,-5.341113e-24,7.967232e-25,-2.226051e-33
1484.5268,200.00,281.1980,3.679708e+01,1.605840e-01,C,3.150513e-03,1.333333e-01,0.3146%,2.809606e-02,2.526550e-02,5.033159e-05,4.286571e-16,1.061401e-10,2.290591e-05,5.015134e-07,0.000000e+00,0.000000e+00,1.550633e-18,0.000000e+00,0.000000e+00,0.000000e+00,0.000000e+00,0.000000e+00,0.000000e+00,2.703416e-18,8.615838e-30,1.522768e-18,1.648343e-32,1.674617e-23,1.105686e-18,1.572419e-20,1.336463e-42,-2.242971e-18,-1.121527e-18,-1.522792e-18,-2.221310e-33,-1.674381e-23,-1.105691e-18,-1.572336e-20,-2.220358e-33,0.000000e+00,0.000000e+00,0.000000e+00,0.000000e+00,0.000000e+00,0.000000e+00,0.000000e+00,0.000000e+00,4.604459e-19,4.291062e-19,-2.455628e-23,1.426212e-32,2.358480e-27,-5.019343e-24,8.311752e-25,-2.220358e-33
1504.5268,200.00,281.2993,3.754900e+01,1.598605e-01,C,3.147186e-03,1.333333e-01,0.3142%,2.838648e-02,2.553617e-02,5.031437e-05,4.385886e-16,1.073887e-10,2.290143e-05,5.018991e-07,0.000000e+00,0.000000e+00,1.550633e-18,0.000000e+00,0.000000e+00,0.000000e+00,0.000000e+00,0.000000e+00,0.000000e+00,2.704961e-18,1.113286e-29,1.525194e-18,1.668689e-32,1.694378e-23,1.107213e-18,1.586367e-20,1.085876e-42,-2.246304e-18,-1.123194e-18,-1.525217e-18,2.944912e-32,-1.694136e-23,-1.107218e-18,-1.586281e-20,-2.214784e-33,0.000000e+00,0.000000e+00,0.000000e+00,0.000000e+00,0.000000e+00,0.000000e+00,0.000000e+00,0.000000e+00,4.586577e-19,4.274393e-19,-2.342853e-23,4.613601e-32,2.419903e-27,-4.703066e-24,8.658609e-25,-2.214784e-33
1524.5268,200.00,281.4016,3.830779e+01,1.591476e-01,C,3.143908e-03,1.333333e-01,0.3139%,2.867577e-02,2.580578e-02,5.029766e-05,4.482098e-16,1.086434e-10,2.289704e-05,5.022925e-07,0.000000e+00,0.000000e+00,1.550633e-18,0.000000e+00,0.000000e+00,0.000000e+00,0.000000e+00,0.000000e+00,0.000000e+00,2.706493e-18,1.432146e-29,1.527580e-18,1.689180e-32,1.714234e-23,1.108718e-18,1.600303e-20,1.754108e-42,-2.249592e-18,-1.124838e-18,-1.527602e-18,-2.210387e-33,-1.713987e-23,-1.108722e-18,-1.600214e-20,-2.209327e-33,0.000000e+00,0.000000e+00,0.000000e+00,0.000000e+00,0.000000e+00,0.000000e+00,0.000000e+00,0.000000e+00,4.569009e-19,4.257947e-19,-2.232916e-23,1.468141e-32,2.471003e-27,-4.412068e-24,8.979812e-25,-2.209327e-33
1544.5268,200.00,281.5047,3.907313e+01,1.584450e-01,C,3.140680e-03,1.333333e-01,0.3136%,2.896396e-02,2.607437e-02,5.028148e-05,4.578549e-16,1.099035e-10,2.289274e-05,5.026925e-07,0.000000e+00,0.000000e+00,1.550633e-18,0.000000e+00,0.000000e+00,0.000000e+00,0.000000e+00,0.000000e+00,0.000000e+00,2.708009e-18,1.832516e-29,1.529926e-18,1.709803e-32,1.734177e-23,1.110200e-18,1.614224e-20,1.754108e-42,-2.252837e-18,-1.126461e-18,-1.529947e-18,-2.192946e-33,-1.733924e-23,-1.110205e-18,-1.614131e-20,-2.203989e-33,0.000000e+00,0.000000e+00,0.000000e+00,0.000000e+00,0.000000e+00,0.000000e+00,0.000000e+00,0.000000e+00,4.551721e-19,4.241721e-19,-2.126325e-23,1.490509e-32,2.521881e-27,-4.448734e-24,9.223587e-25,-2.203989e-33
1564.5268,200.00,281.6088,3.984532e+01,1.577531e-01,C,3.137502e-03,1.333333e-01,0.3133%,2.925105e-02,2.634194e-02,5.026578e-05,4.677486e-16,1.111685e-10,2.288849e-05,5.030985e-07,0.000000e+00,0.000000e+00,1.550633e-18,0.000000e+00,0.000000e+00,0.000000e+00,0.000000e+00,0.000000e+00,0.000000e+00,2.709506e-18,2.331614e-29,1.532233e-18,1.730548e-32,1.754197e-23,1.111661e-18,1.628123e-20,2.547633e-42,-2.256036e-18,-1.128061e-18,-1.532254e-18,-1.274519e-33,-1.753939e-23,-1.111665e-18,-1.628027e-20,-2.198765e-33,0.000000e+00,0.000000e+00,0.000000e+00,0.000000e+00,0.000000e+00,0.000000e+00,0.000000e+00,0.000000e+00,4.534702e-19,4.225722e-19,-2.023485e-23,1.603096e-32,2.574290e-27,-3.877933e-24,9.618577e-25,-2.198765e-33
1584.5268,200.00,281.7137,4.062405e+01,1.570713e-01,C,3.134374e-03,1.333333e-01,0.3129%,2.953708e-02,2.660850e-02,5.025057e-05,4.774193e-16,1.124379e-10,2.288429e-05,5.035092e-07,0.000000e+00,0.000000e+00,1.550633e-18,0.000000e+00,0.000000e+00,0.000000e+00,0.000000e+00,0.000000e+00,0.000000e+00,2.710983e-18,2.952403e-29,1.534502e-18,1.751401e-32,1.774286e-23,1.113100e-18,1.641998e-20,4.677621e-42,-2.259192e-18,-1.129639e-18,-1.534522e-18,-2.194701e-33,-1.774023e-23,-1.113103e-18,-1.641899e-20,-2.193655e-33,0.000000e+00,0.000000e+00,0.000000e+00,0.000000e+00,0.000000e+00,0.000000e+00,0.000000e+00,0.000000e+00,4.517907e-19,4.209939e-19,-1.924895e-23,1.531931e-32,2.624993e-27,-3.621464e-24,9.932845e-25,-2.193655e-33
1604.5268,200.00,281.8196,4.140957e+01,1.563999e-01,C,3.131295e-03,1.333333e-01,0.3126%,2.982207e-02,2.687407e-02,5.023583e-05,4.874973e-16,1.137260e-10,2.288012e-05,5.039238e-07,0.000000e+00,0.000000e+00,1.550633e-18,0.000000e+00,0.000000e+00,0.000000e+00,0.000000e+00,0.000000e+00,0.000000e+00,2.712435e-18,3.725589e-29,1.536733e-18,1.772352e-32,1.794434e-23,1.114517e-18,1.655843e-20,3.925860e-42,-2.262304e-18,-1.131195e-18,-1.536751e-18,-2.189731e-33,-1.793930e-23,-1.114520e-18,-1.655741e-20,-2.188662e-33,0.000000e+00,0.000000e+00,0.000000e+00,0.000000e+00,0.000000e+00,0.000000e+00,0.000000e+00,0.000000e+00,4.501313e-19,4.194376e-19,-1.831024e-23,1.553379e-32,5.035901e-27,-3.363012e-24,1.024686e-24,-2.188662e-33
1624.5268,200.00,281.9263,4.220160e+01,1.557385e-01,C,3.128266e-03,1.333333e-01,0.3123%,3.010602e-02,2.713866e-02,5.022156e-05,4.979445e-16,1.149873e-10,2.287596e-05,5.043416e-07,0.000000e+00,0.000000e+00,1.550633e-18,0.000000e+00,0.000000e+00,0.000000e+00,0.000000e+00,0.000000e+00,0.000000e+00,2.713862e-18,4.677005e-29,1.538926e-18,1.793388e-32,1.814631e-23,1.115913e-18,1.669654e-20,5.972319e-42,-2.265372e-18,-1.132730e-18,-1.538943e-18,-2.184863e-33,-1.814707e-23,-1.115916e-18,-1.669549e-20,-2.183776e-33,0.000000e+00,0.000000e+00,0.000000e+00,0.000000e+00,0.000000e+00,0.000000e+00,0.000000e+00,0.000000e+00,4.484897e-19,4.179030e-19,-1.742175e-23,1.574902e-32,-7.591395e-28,-3.097950e-24,1.056240e-24,-2.183776e-33
1644.5268,200.00,282.0340,4.300043e+01,1.550784e-01,C,3.125232e-03,1.333333e-01,0.3120%,3.038896e-02,2.740229e-02,5.020791e-05,5.084643e-16,1.162908e-10,2.287192e-05,5.047752e-07,0.000000e+00,0.000000e+00,1.550633e-18,0.000000e+00,0.000000e+00,0.000000e+00,0.000000e+00,0.000000e+00,0.000000e+00,2.715396e-18,5.843960e-29,1.541108e-18,1.815026e-32,1.835259e-23,1.117306e-18,1.683640e-20,6.974667e-42,-2.268439e-18,-1.134263e-18,-1.541125e-18,-2.180003e-33,-1.834981e-23,-1.117309e-18,-1.683532e-20,-2.179674e-33,0.000000e+00,0.000000e+00,0.000000e+00,0.000000e+00,0.000000e+00,0.000000e+00,0.000000e+00,0.000000e+00,4.469577e-19,4.163695e-19,-1.632026e-23,1.597026e-32,2.781428e-27,-3.078038e-24,1.079217e-24,-2.179674e-33
1664.5268,200.00,282.1425,4.380571e+01,1.544371e-01,C,3.122303e-03,1.333333e-01,0.3117%,3.067091e-02,2.766495e-02,5.019453e-05,5.190027e-16,1.175719e-10,2.286775e-05,5.051970e-07,0.000000e+00,0.000000e+00,1.550633e-18,0.000000e+00,0.000000e+00,0.000000e+00,0.000000e+00,0.000000e+00,0.000000e+00,2.716765e-18,7.272663e-29,1.543227e-18,1.836200e-32,1.855534e-23,1.118659e-18,1.697371e-20,8.728774e-42,-2.271421e-18,-1.135755e-18,-1.543243e-18,5.754899e-33,-1.855249e-23,-1.118662e-18,-1.697260e-20,-2.174377e-33,0.000000e+00,0.000000e+00,0.000000e+00,0.000000e+00,0.000000e+00,0.000000e+00,0.000000e+00,0.000000e+00,4.453434e-19,4.148780e-19,-1.553228e-23,2.411690e-32,2.847882e-27,-2.772761e-24,1.116861e-24,-2.174377e-33
1684.5268,200.00,282.2519,4.461755e+01,1.537969e-01,C,3.119370e-03,1.333333e-01,0.3115%,3.095188e-02,2.792668e-02,5.018176e-05,5.297696e-16,1.188796e-10,2.286366e-05,5.056330e-07,0.000000e+00,0.000000e+00,1.550633e-18,0.000000e+00,0.000000e+00,0.000000e+00,0.000000e+00,0.000000e+00,0.000000e+00,2.718236e-18,9.008171e-29,1.545336e-18,1.857964e-32,1.876228e-23,1.120010e-18,1.711272e-20,1.048288e-41,-2.274402e-18,-1.137246e-18,-1.545350e-18,3.257155e-34,-1.875940e-23,-1.120013e-18,-1.711158e-20,-2.169861e-33,0.000000e+00,0.000000e+00,0.000000e+00,0.000000e+00,0.000000e+00,0.000000e+00,0.000000e+00,0.000000e+00,4.438343e-19,4.133874e-19,-1.456915e-23,1.890536e-32,2.887240e-27,-2.714354e-24,1.136106e-24,-2.169861e-33
1704.5268,200.00,282.3622,4.543605e+01,1.531666e-01,C,3.116487e-03,1.333333e-01,0.3112%,3.123189e-02,2.818747e-02,5.016940e-05,5.408337e-16,1.201886e-10,2.285955e-05,5.060696e-07,0.000000e+00,0.000000e+00,1.550633e-18,0.000000e+00,0.000000e+00,0.000000e+00,0.000000e+00,0.000000e+00,0.000000e+00,2.719673e-18,1.111420e-28,1.547408e-18,1.879773e-32,1.896944e-23,1.121340e-18,1.725124e-20,1.344816e-41,-2.277340e-18,-1.138715e-18,-1.547422e-18,-2.166600e-33,-1.896650e-23,-1.121343e-18,-1.725008e-20,-2.165449e-33,0.000000e+00,0.000000e+00,0.000000e+00,0.000000e+00,0.000000e+00,0.000000e+00,0.000000e+00,0.000000e+00,4.423333e-19,4.119182e-19,-1.366018e-23,1.663113e-32,2.939562e-27,-2.618424e-24,1.161483e-24,-2.165449e-33
1724.5268,200.00,282.4734,4.626112e+01,1.525461e-01,C,3.113655e-03,1.333333e-01,0.3109%,3.151095e-02,2.844734e-02,5.015746e-05,5.522320e-16,1.214984e-10,2.285539e-05,5.065056e-07,0.000000e+00,0.000000e+00,1.550633e-18,0.000000e+00,0.000000e+00,0.000000e+00,0.000000e+00,0.000000e+00,0.000000e+00,2.721073e-18,1.365016e-28,1.549445e-18,1.901617e-32,1.917671e-23,1.122649e-18,1.738923e-20,1.603756e-41,-2.280235e-18,-1.140163e-18,-1.549458e-18,-2.136369e-33,-1.917594e-23,-1.122652e-18,-1.738804e-20,-2.161144e-33,0.000000e+00,0.000000e+00,0.000000e+00,0.000000e+00,0.000000e+00,0.000000e+00,0.000000e+00,0.000000e+00,4.408383e-19,4.104703e-19,-1.282078e-23,1.687980e-32,7.668174e-28,-2.501545e-24,1.187603e-24,-2.161144e-33
1744.5268,200.00,282.5855,4.709274e+01,1.519265e-01,C,3.110873e-03,1.333333e-01,0.3106%,3.178909e-02,2.870629e-02,5.014593e-05,5.634902e-16,1.228081e-10,2.285116e-05,5.069404e-07,0.000000e+00,0.000000e+00,1.550633e-18,0.000000e+00,0.000000e+00,0.000000e+00,0.000000e+00,0.000000e+00,0.000000e+00,2.722434e-18,1.670244e-28,1.551446e-18,1.923481e-32,1.938398e-23,1.123938e-18,1.752664e-20,1.858519e-41,-2.283129e-18,-1.141610e-18,-1.551484e-18,-2.158196e-33,-1.938667e-23,-1.123959e-18,-1.752766e-20,-2.156981e-33,0.000000e+00,0.000000e+00,0.000000e+00,0.000000e+00,0.000000e+00,0.000000e+00,0.000000e+00,0.000000e+00,4.393056e-19,4.090230e-19,-3.756110e-23,1.707661e-32,-2.684135e-27,-2.073099e-23,-1.026143e-24,-2.156981e-33
1764.5268,200.00,282.6984,4.793075e+01,1.513254e-01,C,3.108087e-03,1.333333e-01,0.3103%,3.206631e-02,2.896435e-02,5.013494e-05,5.745510e-16,1.241441e-10,2.284699e-05,5.073879e-07,0.000000e+00,0.000000e+00,1.550633e-18,0.000000e+00,0.000000e+00,0.000000e+00,0.000000e+00,0.000000e+00,0.000000e+00,2.723891e-18,2.035886e-28,1.553438e-18,1.945916e-32,1.959539e-23,1.125224e-18,1.766568e-20,2.342987e-41,-2.285939e-18,-1.143016e-18,-1.553449e-18,-2.154122e-33,-1.959229e-23,-1.125226e-18,-1.766444e-20,-2.152883e-33,0.000000e+00,0.000000e+00,0.000000e+00,0.000000e+00,0.000000e+00,0.000000e+00,0.000000e+00,0.000000e+00,4.379520e-19,4.076174e-19,-1.110822e-23,1.730503e-32,3.100299e-27,-2.410237e-24,1.237583e-24,-2.152883e-33
1784.5268,200.00,282.8122,4.877528e+01,1.507252e-01,C,3.105352e-03,1.333333e-01,0.3101%,3.234264e-02,2.922151e-02,5.012434e-05,5.860266e-16,1.254794e-10,2.284273e-05,5.078330e-07,0.000000e+00,0.000000e+00,1.550633e-18,0.000000e+00,0.000000e+00,0.000000e+00,0.000000e+00,0.000000e+00,0.000000e+00,2.725306e-18,2.471557e-28,1.555395e-18,1.968358e-32,1.980669e-23,1.126490e-18,1.780408e-20,2.756455e-41,-2.288749e-18,-1.144421e-18,-1.555405e-18,-2.150186e-33,-1.980352e-23,-1.126492e-18,-1.780282e-20,-2.148925e-33,0.000000e+00,0.000000e+00,0.000000e+00,0.000000e+00,0.000000e+00,0.000000e+00,0.000000e+00,0.000000e+00,4.365570e-19,4.062124e-19,-1.024299e-23,1.753339e-32,3.172775e-27,-2.344292e-24,1.258386e-24,-2.148925e-33
1804.5268,200.00,282.9269,4.962644e+01,1.501345e-01,C,3.102667e-03,1.333333e-01,0.3098%,3.261808e-02,2.947779e-02,5.011411e-05,5.982097e-16,1.268132e-10,2.283841e-05,5.082758e-07,0.000000e+00,0.000000e+00,1.550633e-18,0.000000e+00,0.000000e+00,0.000000e+00,0.000000e+00,0.000000e+00,0.000000e+00,2.726676e-18,2.989512e-28,1.557318e-18,1.990792e-32,2.001779e-23,1.127735e-18,1.794180e-20,3.303570e-41,-2.291516e-18,-1.145805e-18,-1.557327e-18,1.829055e-32,-2.001458e-23,-1.127738e-18,-1.794052e-20,-2.145064e-33,0.000000e+00,0.000000e+00,0.000000e+00,0.000000e+00,0.000000e+00,0.000000e+00,0.000000e+00,0.000000e+00,4.351595e-19,4.048283e-19,-9.458849e-24,3.819848e-32,3.208572e-27,-2.280923e-24,1.282252e-24,-2.145064e-33
1824.5268,200.00,283.0425,5.048404e+01,1.495445e-01,C,3.100032e-03,1.333333e-01,0.3095%,3.289266e-02,2.973320e-02,5.010425e-05,6.100145e-16,1.281453e-10,2.283397e-05,5.087146e-07,0.000000e+00,0.000000e+00,1.550633e-18,0.000000e+00,0.000000e+00,0.000000e+00,0.000000e+00,0.000000e+00,0.000000e+00,2.727999e-18,3.602723e-28,1.559207e-18,2.013208e-32,2.022856e-23,1.128961e-18,1.807880e-20,3.963448e-41,-2.294283e-18,-1.147189e-18,-1.559240e-18,-2.142647e-33,-2.023180e-23,-1.128981e-18,-1.807981e-20,-2.141341e-33,0.000000e+00,0.000000e+00,0.000000e+00,0.000000e+00,0.000000e+00,0.000000e+00,0.000000e+00,0.000000e+00,4.337160e-19,4.034444e-19,-3.385536e-23,1.798943e-32,-3.235688e-27,-2.056167e-23,-1.015171e-24,-2.141341e-33
1844.5268,200.00,283.1589,5.134793e+01,1.489729e-01,C,3.097395e-03,1.333333e-01,0.3093%,3.316638e-02,2.998775e-02,5.009492e-05,6.221535e-16,1.295239e-10,2.282955e-05,5.091643e-07,0.000000e+00,0.000000e+00,1.550633e-18,0.000000e+00,0.000000e+00,0.000000e+00,0.000000e+00,0.000000e+00,0.000000e+00,2.729412e-18,4.327435e-28,1.561087e-18,2.036177e-32,2.044337e-23,1.130184e-18,1.821735e-20,4.681797e-41,-2.296967e-18,-1.148531e-18,-1.561095e-18,-2.139010e-33,-2.043666e-23,-1.130187e-18,-1.821601e-20,-2.137682e-33,0.000000e+00,0.000000e+00,0.000000e+00,0.000000e+00,0.000000e+00,0.000000e+00,0.000000e+00,0.000000e+00,4.324448e-19,4.021023e-19,-7.885923e-24,1.822276e-32,6.704285e-27,-2.221009e-24,1.332790e-24,-2.137682e-33
1864.5268,200.00,283.2762,5.221832e+01,1.484019e-01,C,3.094809e-03,1.333333e-01,0.3090%,3.343926e-02,3.024144e-02,5.008593e-05,6.341955e-16,1.308694e-10,2.282503e-05,5.096096e-07,0.000000e+00,0.000000e+00,1.550633e-18,0.000000e+00,0.000000e+00,0.000000e+00,0.000000e+00,0.000000e+00,0.000000e+00,2.730775e-18,5.179663e-28,1.562934e-18,2.059111e-32,2.065774e-23,1.131388e-18,1.835511e-20,5.604792e-41,-2.299651e-18,-1.149873e-18,-1.562941e-18,-2.135507e-33,-2.065242e-23,-1.131390e-18,-1.835376e-20,-2.134153e-33,0.000000e+00,0.000000e+00,0.000000e+00,0.000000e+00,0.000000e+00,0.000000e+00,0.000000e+00,0.000000e+00,4.311241e-19,4.007602e-19,-7.115012e-24,1.845561e-32,5.313259e-27,-2.223652e-24,1.354228e-24,-2.134153e-33
1884.5268,200.00,283.3944,5.309522e+01,1.478315e-01,C,3.092272e-03,1.333333e-01,0.3087%,3.371131e-02,3.049430e-02,5.007728e-05,6.467078e-16,1.322177e-10,2.282039e-05,5.100501e-07,0.000000e+00,0.000000e+00,1.550633e-18,0.000000e+00,0.000000e+00,0.000000e+00,0.000000e+00,0.000000e+00,0.000000e+00,2.732086e-18,6.178979e-28,1.564747e-18,2.081997e-32,2.087156e-23,1.132571e-18,1.849204e-20,6.619669e-41,-2.302334e-18,-1.151215e-18,-1.564778e-18,-2.132131e-33,-2.087237e-23,-1.132592e-18,-1.849304e-20,-2.130752e-33,0.000000e+00,0.000000e+00,0.000000e+00,0.000000e+00,0.000000e+00,0.000000e+00,0.000000e+00,0.000000e+00,4.297523e-19,3.994183e-19,-3.125389e-23,1.868784e-32,-8.182523e-28,-2.035434e-23,-1.006474e-24,-2.130752e-33
1904.5268,200.00,283.5134,5.397840e+01,1.472792e-01,C,3.089733e-03,1.333333e-01,0.3085%,3.398254e-02,3.074631e-02,5.006913e-05,6.590022e-16,1.335846e-10,2.281574e-05,5.105003e-07,0.000000e+00,0.000000e+00,1.550633e-18,0.000000e+00,0.000000e+00,0.000000e+00,0.000000e+00,0.000000e+00,0.000000e+00,2.733482e-18,7.348259e-28,1.566553e-18,2.105424e-32,2.108933e-23,1.133753e-18,1.863048e-20,7.797427e-41,-2.304935e-18,-1.152515e-18,-1.566559e-18,-2.128326e-33,-2.108940e-23,-1.133756e-18,-1.862909e-20,-2.127415e-33,0.000000e+00,0.000000e+00,0.000000e+00,0.000000e+00,0.000000e+00,0.000000e+00,0.000000e+00,0.000000e+00,4.285475e-19,3.981176e-19,-5.606917e-24,1.892591e-32,-6.287584e-29,-2.266641e-24,1.395611e-24,-2.127415e-33
1924.5268,200.00,283.6333,5.486804e+01,1.467275e-01,C,3.087245e-03,1.333333e-01,0.3082%,3.425298e-02,3.099750e-02,5.006130e-05,6.714375e-16,1.349709e-10,2.281097e-05,5.109447e-07,0.000000e+00,0.000000e+00,1.550633e-18,0.000000e+00,0.000000e+00,0.000000e+00,0.000000e+00,0.000000e+00,0.000000e+00,2.734823e-18,8.711295e-28,1.568326e-18,2.128787e-32,2.130646e-23,1.134915e-18,1.876803e-20,9.075420e-41,-2.307535e-18,-1.153816e-18,-1.568331e-18,-2.125631e-33,-2.130067e-23,-1.134918e-18,-1.876661e-20,-2.124204e-33,0.000000e+00,0.000000e+00,0.000000e+00,0.000000e+00,0.000000e+00,0.000000e+00,0.000000e+00,0.000000e+00,4.272882e-19,3.968170e-19,-4.874533e-24,1.916224e-32,5.795823e-27,-2.301183e-24,1.415767e-24,-2.124204e-33
1944.5268,200.00,283.7541,5.576415e+01,1.461763e-01,C,3.084807e-03,1.333333e-01,0.3080%,3.452262e-02,3.124788e-02,5.005378e-05,6.839979e-16,1.363238e-10,2.280607e-05,5.113829e-07,0.000000e+00,0.000000e+00,1.550633e-18,0.000000e+00,0.000000e+00,0.000000e+00,0.000000e+00,0.000000e+00,0.000000e+00,2.736108e-18,1.029544e-27,1.570067e-18,2.152073e-32,2.152280e-23,1.136058e-18,1.890464e-20,1.068335e-40,-2.310136e-18,-1.155116e-18,-1.570096e-18,-2.122569e-33,-2.152392e-23,-1.136078e-18,-1.890564e-20,-2.121119e-33,0.000000e+00,0.000000e+00,0.000000e+00,0.000000e+00,0.000000e+00,0.000000e+00,0.000000e+00,0.000000e+00,4.259725e-19,3.955164e-19,-2.878262e-23,1.939816e-32,-1.120034e-27,-2.036796e-23,-1.004530e-24,-2.121119e-33
1964.5268,200.00,283.8756,5.666627e+01,1.456430e-01,C,3.082367e-03,1.333333e-01,0.3078%,3.479148e-02,3.149744e-02,5.004674e-05,6.968918e-16,1.377157e-10,2.280114e-05,5.118299e-07,0.000000e+00,0.000000e+00,1.550633e-18,0.000000e+00,0.000000e+00,0.000000e+00,0.000000e+00,0.000000e+00,0.000000e+00,2.737474e-18,1.213266e-27,1.571801e-18,2.175888e-32,2.174302e-23,1.137199e-18,1.904271e-20,1.255440e-40,-2.312654e-18,-1.156376e-18,-1.571804e-18,-1.992296e-33,-2.173931e-23,-1.137201e-18,-1.904126e-20,-2.118090e-33,0.000000e+00,0.000000e+00,0.000000e+00,0.000000e+00,0.000000e+00,0.000000e+00,0.000000e+00,0.000000e+00,4.248193e-19,3.942569e-19,-3.466568e-24,1.976659e-32,3.705634e-27,-2.403075e-24,1.455018e-24,-2.118090e-33
1984.5268,200.00,283.9981,5.757508e+01,1.451102e-01,C,3.079977e-03,1.333333e-01,0.3075%,3.505958e-02,3.174620e-02,5.003999e-05,7.101869e-16,1.391023e-10,2.279607e-05,5.122699e-07,0.000000e+00,0.000000e+00,1.550633e-18,0.000000e+00,0.000000e+00,0.000000e+00,0.000000e+00,0.000000e+00,0.000000e+00,2.738779e-18,1.425666e-27,1.573503e-18,2.199611e-32,2.196233e-23,1.138321e-18,1.917978e-20,1.460504e-40,-2.315173e-18,-1.157636e-18,-1.573506e-18,-2.116344e-33,-2.195847e-23,-1.138323e-18,-1.917831e-20,-2.115184e-33,0.000000e+00,0.000000e+00,0.000000e+00,0.000000e+00,0.000000e+00,0.000000e+00,0.000000e+00,0.000000e+00,4.236067e-19,3.929974e-19,-2.794735e-24,1.987976e-32,3.858820e-27,-2.409042e-24,1.475703e-24,-2.115183e-33
2004.5268,200.00,284.1214,5.849005e+01,1.445778e-01,C,3.077586e-03,1.333333e-01,0.3073%,3.532692e-02,3.199417e-02,5.003371e-05,7.230010e-16,1.405117e-10,2.279097e-05,5.127180e-07,0.000000e+00,0.000000e+00,1.550633e-18,0.000000e+00,0.000000e+00,0.000000e+00,0.000000e+00,0.000000e+00,0.000000e+00,2.740163e-18,1.670695e-27,1.575198e-18,2.223857e-32,2.218550e-23,1.139441e-18,1.931830e-20,1.697308e-40,-2.317691e-18,-1.158895e-18,-1.575200e-18,-2.113926e-33,-2.218174e-23,-1.139443e-18,-1.931681e-20,-2.112400e-33,0.000000e+00,0.000000e+00,0.000000e+00,0.000000e+00,0.000000e+00,0.000000e+00,0.000000e+00,0.000000e+00,4.224715e-19,3.917377e-19,-2.006508e-24,2.012465e-32,3.760864e-27,-2.597455e-24,1.484684e-24,-2.112400e-33
2024.5268,200.00,284.2456,5.941148e+01,1.440546e-01,C,3.075245e-03,1.333333e-01,0.3071%,3.559352e-02,3.224135e-02,5.002771e-05,7.360416e-16,1.419155e-10,2.278572e-05,5.131585e-07,0.000000e+00,0.000000e+00,1.550633e-18,0.000000e+00,0.000000e+00,0.000000e+00,0.000000e+00,0.000000e+00,0.000000e+00,2.741485e-18,1.952454e-27,1.576861e-18,2.247994e-32,2.240764e-23,1.140542e-18,1.945575e-20,1.972954e-40,-2.320169e-18,-1.160134e-18,-1.576863e-18,1.487291e-33,-2.240383e-23,-1.140544e-18,-1.945425e-20,-2.109701e-33,0.000000e+00,0.000000e+00,0.000000e+00,0.000000e+00,0.000000e+00,0.000000e+00,0.000000e+00,0.000000e+00,4.213152e-19,3.904985e-19,-1.310856e-24,2.396723e-32,3.810036e-27,-2.692203e-24,1.502421e-24,-2.109701e-33
2044.5268,200.00,284.3706,6.033912e+01,1.435404e-01,C,3.072954e-03,1.333333e-01,0.3068%,3.585939e-02,3.248776e-02,5.002199e-05,7.491659e-16,1.433121e-10,2.278031e-05,5.135909e-07,0.000000e+00,0.000000e+00,1.550633e-18,0.000000e+00,0.000000e+00,0.000000e+00,0.000000e+00,0.000000e+00,0.000000e+00,2.742743e-18,2.275609e-27,1.578494e-18,2.272006e-32,2.262862e-23,1.141623e-18,1.959211e-20,2.269064e-40,-2.322607e-18,-1.161353e-18,-1.578495e-18,-2.087861e-33,-2.262472e-23,-1.141626e-18,-1.959058e-20,-2.107089e-33,0.000000e+00,0.000000e+00,0.000000e+00,0.000000e+00,0.000000e+00,0.000000e+00,0.000000e+00,0.000000e+00,4.201359e-19,3.892796e-19,-7.180661e-25,2.063220e-32,3.898348e-27,-2.704007e-24,1.522990e-24,-2.107089e-33
2064.5268,200.00,284.4964,6.127274e+01,1.430266e-01,C,3.070662e-03,1.333333e-01,0.3066%,3.612454e-02,3.273340e-02,5.001672e-05,7.628652e-16,1.447670e-10,2.277485e-05,5.140302e-07,0.000000e+00,0.000000e+00,1.550633e-18,0.000000e+00,0.000000e+00,0.000000e+00,0.000000e+00,0.000000e+00,0.000000e+00,2.744074e-18,2.645679e-27,1.580120e-18,2.296535e-32,2.285337e-23,1.142704e-18,1.972985e-20,2.628656e-40,-2.325044e-18,-1.162572e-18,-1.580120e-18,-2.106204e-33,-2.284392e-23,-1.142706e-18,-1.972831e-20,-2.104599e-33,0.000000e+00,0.000000e+00,0.000000e+00,0.000000e+00,0.000000e+00,0.000000e+00,0.000000e+00,0.000000e+00,4.190300e-19,3.880604e-19,-7.136249e-27,2.085914e-32,9.446717e-27,-2.848247e-24,1.538934e-24,-2.104599e-33
2084.5268,200.00,284.6232,6.221326e+01,1.425217e-01,C,3.068419e-03,1.333333e-01,0.3064%,3.638897e-02,3.297827e-02,5.001169e-05,7.764187e-16,1.461443e-10,2.276924e-05,5.144614e-07,0.000000e+00,0.000000e+00,1.550633e-18,0.000000e+00,0.000000e+00,0.000000e+00,0.000000e+00,0.000000e+00,0.000000e+00,2.745340e-18,3.068117e-27,1.581716e-18,2.320918e-32,2.307682e-23,1.143765e-18,1.986643e-20,3.014142e-40,-2.327441e-18,-1.163771e-18,-1.581715e-18,-2.103819e-33,-2.307450e-23,-1.143768e-18,-1.986487e-20,-2.102185e-33,0.000000e+00,0.000000e+00,0.000000e+00,0.000000e+00,0.000000e+00,0.000000e+00,0.000000e+00,0.000000e+00,4.178985e-19,3.868616e-19,5.978171e-25,2.110537e-32,2.327683e-27,-2.902462e-24,1.557914e-24,-2.102185e-33
2104.5268,200.00,284.7507,6.315964e+01,1.420172e-01,C,3.066226e-03,1.333333e-01,0.3062%,3.665270e-02,3.322239e-02,5.000694e-05,7.903570e-16,1.475531e-10,2.276347e-05,5.148832e-07,0.000000e+00,0.000000e+00,1.550633e-18,0.000000e+00,0.000000e+00,0.000000e+00,0.000000e+00,0.000000e+00,0.000000e+00,2.746538e-18,3.549229e-27,1.583281e-18,2.345149e-32,2.329886e-23,1.144807e-18,2.000179e-20,3.466451e-40,-2.329839e-18,-1.164970e-18,-1.583304e-18,-2.101549e-33,-2.329910e-23,-1.144828e-18,-2.000280e-20,-2.099888e-33,0.000000e+00,0.000000e+00,0.000000e+00,0.000000e+00,0.000000e+00,0.000000e+00,0.000000e+00,0.000000e+00,4.166990e-19,3.856625e-19,-2.276762e-23,2.134994e-32,-2.401932e-28,-2.076927e-23,-1.012993e-24,-2.099888e-33
2124.5268,200.00,284.8791,6.411242e+01,1.415217e-01,C,3.064031e-03,1.333333e-01,0.3059%,3.691574e-02,3.346575e-02,5.000260e-05,8.042316e-16,1.489960e-10,2.275764e-05,5.153118e-07,0.000000e+00,0.000000e+00,1.550633e-18,0.000000e+00,0.000000e+00,0.000000e+00,0.000000e+00,0.000000e+00,0.000000e+00,2.747807e-18,4.096400e-27,1.584841e-18,2.369878e-32,2.352457e-23,1.145849e-18,2.013849e-20,3.983495e-40,-2.332196e-18,-1.166149e-18,-1.584863e-18,-2.099359e-33,-2.352514e-23,-1.145870e-18,-2.013950e-20,-2.097672e-33,0.000000e+00,0.000000e+00,0.000000e+00,0.000000e+00,0.000000e+00,0.000000e+00,0.000000e+00,0.000000e+00,4.156102e-19,3.844836e-19,-2.207993e-23,2.159942e-32,-5.776685e-28,-2.083707e-23,-1.014742e-24,-2.097672e-33
2144.5268,200.00,285.0083,6.507118e+01,1.408219e-01,C,3.063867e-03,1.333333e-01,0.3059%,3.717810e-02,3.370837e-02,5.002525e-05,8.180154e-16,1.503488e-10,2.275573e-05,5.156396e-07,0.000000e+00,0.000000e+00,1.550633e-18,0.000000e+00,0.000000e+00,0.000000e+00,0.000000e+00,0.000000e+00,0.000000e+00,2.750174e-18,4.716029e-27,1.587171e-18,2.393521e-32,2.373874e-23,1.147498e-18,2.026885e-20,4.545227e-40,-2.335529e-18,-1.167816e-18,-1.586524e-18,-2.097555e-33,-2.373503e-23,-1.147405e-18,-2.026986e-20,-2.095841e-33,0.000000e+00,0.000000e+00,0.000000e+00,0.000000e+00,0.000000e+00,0.000000e+00,0.000000e+00,0.000000e+00,4.146452e-19,3.828170e-19,6.465965e-22,2.183766e-32,3.708032e-27,9.299019e-23,-1.003486e-24,-2.095841e-33
2164.5268,200.00,285.1261,6.594525e+01,1.367861e-01,C,3.090988e-03,1.333333e-01,0.3086%,3.743883e-02,3.394714e-02,5.040211e-05,8.321332e-16,1.502224e-10,2.280199e-05,5.143100e-07,0.000000e+00,0.000000e+00,1.550633e-18,0.000000e+00,0.000000e+00,0.000000e+00,0.000000e+00,0.000000e+00,0.000000e+00,2.765344e-18,5.390323e-27,1.599642e-18,2.392801e-32,2.371823e-23,1.157111e-18,2.028096e-20,5.200512e-40,-2.354829e-18,-1.177467e-18,-1.599078e-18,-2.112910e-33,-2.371547e-23,-1.157042e-18,-2.028192e-20,-2.111153e-33,0.000000e+00,0.000000e+00,0.000000e+00,0.000000e+00,0.000000e+00,0.000000e+00,0.000000e+00,0.000000e+00,4.105147e-19,3.731660e-19,5.639990e-22,2.181510e-32,2.764614e-27,6.895980e-23,-9.602537e-25,-2.111153e-33
2184.5268,200.00,285.2266,6.669136e+01,1.333546e-01,C,3.114479e-03,1.333333e-01,0.3110%,3.769680e-02,3.418028e-02,5.073069e-05,8.466547e-16,1.499883e-10,2.283379e-05,5.128653e-07,0.000000e+00,0.000000e+00,1.550633e-18,0.000000e+00,0.000000e+00,0.000000e+00,0.000000e+00,0.000000e+00,0.000000e+00,2.777258e-18,6.138833e-27,1.610336e-18,2.390729e-32,2.368353e-23,1.165346e-18,2.028566e-20,5.927631e-40,-2.371347e-18,-1.185727e-18,-1.609816e-18,-1.745683e-34,-2.368109e-23,-1.165295e-18,-2.028666e-20,-2.125680e-33,0.000000e+00,0.000000e+00,0.000000e+00,0.000000e+00,0.000000e+00,0.000000e+00,0.000000e+00,0.000000e+00,4.059112e-19,3.649062e-19,5.195925e-22,2.373272e-32,2.441768e-27,5.096432e-23,-1.001586e-24,-2.125679e-33
2204.5268,200.00,285.3149,6.734630e+01,1.303506e-01,C,3.135399e-03,1.333333e-01,0.3130%,3.795173e-02,3.440854e-02,5.102417e-05,8.606319e-16,1.496944e-10,2.285566e-05,5.113482e-07,0.000000e+00,0.000000e+00,1.550633e-18,0.000000e+00,0.000000e+00,0.000000e+00,0.000000e+00,0.000000e+00,0.000000e+00,2.786800e-18,6.966381e-27,1.619745e-18,2.387361e-32,2.363640e-23,1.172585e-18,2.028383e-20,6.732015e-40,-2.385889e-18,-1.192999e-18,-1.619333e-18,-2.136433e-33,-2.364131e-23,-1.172564e-18,-2.028720e-20,-2.139696e-33,0.000000e+00,0.000000e+00,0.000000e+00,0.000000e+00,0.000000e+00,0.000000e+00,0.000000e+00,0.000000e+00,4.009109e-19,3.576341e-19,4.119030e-22,2.173717e-32,-4.903578e-27,2.097762e-23,-3.370044e-24,-2.139696e-33
2224.5268,200.00,285.3943,6.793546e+01,1.276695e-01,C,3.154400e-03,1.333333e-01,0.3149%,3.820350e-02,3.463245e-02,5.129252e-05,8.749698e-16,1.493840e-10,2.287088e-05,5.098111e-07,0.000000e+00,0.000000e+00,1.550633e-18,0.000000e+00,0.000000e+00,0.000000e+00,0.000000e+00,0.000000e+00,0.000000e+00,2.794799e-18,7.879144e-27,1.628248e-18,2.383797e-32,2.358630e-23,1.179123e-18,2.028012e-20,7.604057e-40,-2.398934e-18,-1.199522e-18,-1.627814e-18,-2.061864e-33,-2.358305e-23,-1.179092e-18,-2.028093e-20,-2.153103e-33,0.000000e+00,0.000000e+00,0.000000e+00,0.000000e+00,0.000000e+00,0.000000e+00,0.000000e+00,0.000000e+00,3.958651e-19,3.511110e-19,4.338741e-22,2.177610e-32,3.250807e-27,3.103888e-23,-8.099795e-25,-2.153102e-33
2244.5268,200.00,285.4673,6.847721e+01,1.252021e-01,C,3.172079e-03,1.333333e-01,0.3167%,3.845200e-02,3.485241e-02,5.154247e-05,8.894615e-16,1.490204e-10,2.288156e-05,5.082553e-07,0.000000e+00,0.000000e+00,1.550633e-18,0.000000e+00,0.000000e+00,0.000000e+00,0.000000e+00,0.000000e+00,0.000000e+00,2.801558e-18,8.881523e-27,1.636072e-18,2.379386e-32,2.352869e-23,1.185136e-18,2.027225e-20,8.571740e-40,-2.410994e-18,-1.205553e-18,-1.635661e-18,-2.168109e-33,-2.353114e-23,-1.185126e-18,-2.027574e-20,-2.166183e-33,0.000000e+00,0.000000e+00,0.000000e+00,0.000000e+00,0.000000e+00,0.000000e+00,0.000000e+00,0.000000e+00,3.905642e-19,3.450802e-19,4.106603e-22,2.162576e-32,-2.447289e-27,9.933526e-24,-3.491401e-24,-2.166182e-33
2264.5268,200.00,285.5357,6.898470e+01,1.229005e-01,C,3.188754e-03,1.333333e-01,0.3184%,3.869718e-02,3.506868e-02,5.177895e-05,9.036933e-16,1.486890e-10,2.288939e-05,5.067148e-07,0.000000e+00,0.000000e+00,1.550633e-18,0.000000e+00,0.000000e+00,0.000000e+00,0.000000e+00,0.000000e+00,0.000000e+00,2.807583e-18,9.980131e-27,1.643429e-18,2.375042e-32,2.347111e-23,1.190788e-18,2.026397e-20,9.629216e-40,-2.422290e-18,-1.211202e-18,-1.643062e-18,-2.180981e-33,-2.346874e-23,-1.190782e-18,-2.026726e-20,-2.179011e-33,0.000000e+00,0.000000e+00,0.000000e+00,0.000000e+00,0.000000e+00,0.000000e+00,0.000000e+00,0.000000e+00,3.852929e-19,3.394309e-19,3.674571e-22,2.156943e-32,2.366738e-27,5.512561e-24,-3.290663e-24,-2.179010e-33
2284.5268,200.00,285.6006,6.946655e+01,1.207205e-01,C,3.204675e-03,1.333333e-01,0.3200%,3.893903e-02,3.528147e-02,5.200570e-05,9.176670e-16,1.483325e-10,2.289548e-05,5.052042e-07,0.000000e+00,0.000000e+00,1.550633e-18,0.000000e+00,0.000000e+00,0.000000e+00,0.000000e+00,0.000000e+00,0.000000e+00,2.813169e-18,1.118118e-26,1.650458e-18,2.371112e-32,2.341647e-23,1.196185e-18,2.025674e-20,1.079069e-39,-2.433034e-18,-1.216574e-18,-1.650106e-18,-2.193585e-33,-2.341337e-23,-1.196163e-18,-2.025716e-20,-2.191521e-33,0.000000e+00,0.000000e+00,0.000000e+00,0.000000e+00,0.000000e+00,0.000000e+00,0.000000e+00,0.000000e+00,3.801356e-19,3.340586e-19,3.515051e-22,2.151754e-32,3.091524e-27,2.223711e-23,-4.216663e-25,-2.191520e-33
2304.5268,200.00,285.6630,6.992935e+01,1.186275e-01,C,3.220142e-03,1.333333e-01,0.3215%,3.917754e-02,3.549093e-02,5.222507e-05,9.319712e-16,1.479159e-10,2.290025e-05,5.036867e-07,0.000000e+00,0.000000e+00,1.550633e-18,0.000000e+00,0.000000e+00,0.000000e+00,0.000000e+00,0.000000e+00,0.000000e+00,2.818110e-18,1.248723e-26,1.657179e-18,2.365988e-32,2.335245e-23,1.201349e-18,2.024430e-20,1.205490e-39,-2.443387e-18,-1.221752e-18,-1.656815e-18,-2.205943e-33,-2.335466e-23,-1.201348e-18,-2.024757e-20,-2.203888e-33,0.000000e+00,0.000000e+00,0.000000e+00,0.000000e+00,0.000000e+00,0.000000e+00,0.000000e+00,0.000000e+00,3.747228e-19,3.288810e-19,3.636829e-22,2.145393e-32,-2.212319e-27,5.365954e-25,-3.266468e-24,-2.203886e-33
2324.5268,200.00,285.7233,7.037687e+01,1.166069e-01,C,3.235127e-03,1.333333e-01,0.3230%,3.941273e-02,3.569717e-02,5.243842e-05,9.463558e-16,1.475511e-10,2.290447e-05,5.022148e-07,0.000000e+00,0.000000e+00,1.550633e-18,0.000000e+00,0.000000e+00,0.000000e+00,0.000000e+00,0.000000e+00,0.000000e+00,2.822922e-18,1.390761e-26,1.663721e-18,2.361612e-32,2.329425e-23,1.206374e-18,2.023435e-20,1.343855e-39,-2.453419e-18,-1.226769e-18,-1.663398e-18,-1.756316e-33,-2.329625e-23,-1.206373e-18,-2.023738e-20,-2.216105e-33,0.000000e+00,0.000000e+00,0.000000e+00,0.000000e+00,0.000000e+00,0.000000e+00,0.000000e+00,0.000000e+00,3.695028e-19,3.238643e-19,3.233335e-22,2.185981e-32,-1.990841e-27,6.792795e-25,-3.022892e-24,-2.216104e-33
2344.5268,200.00,285.7820,7.081236e+01,1.146425e-01,C,3.249805e-03,1.333333e-01,0.3245%,3.964461e-02,3.590029e-02,5.264699e-05,9.604160e-16,1.471838e-10,2.290839e-05,5.007693e-07,0.000000e+00,0.000000e+00,1.550633e-18,0.000000e+00,0.000000e+00,0.000000e+00,0.000000e+00,0.000000e+00,0.000000e+00,2.827518e-18,1.544640e-26,1.670104e-18,2.357178e-32,2.323571e-23,1.211278e-18,2.022379e-20,1.493706e-39,-2.463207e-18,-1.231664e-18,-1.669781e-18,-2.230247e-33,-2.323771e-23,-1.211277e-18,-2.022679e-20,-2.228117e-33,0.000000e+00,0.000000e+00,0.000000e+00,0.000000e+00,0.000000e+00,0.000000e+00,0.000000e+00,0.000000e+00,3.643106e-19,3.189694e-19,3.237108e-22,2.134153e-32,-1.997426e-27,9.588802e-25,-2.995931e-24,-2.228116e-33
2364.5268,200.00,285.8393,7.123766e+01,1.127282e-01,C,3.264221e-03,1.333333e-01,0.3259%,3.987320e-02,3.610035e-02,5.285180e-05,9.742401e-16,1.468239e-10,2.291215e-05,4.993472e-07,0.000000e+00,0.000000e+00,1.550633e-18,0.000000e+00,0.000000e+00,0.000000e+00,0.000000e+00,0.000000e+00,0.000000e+00,2.831906e-18,1.710887e-26,1.676344e-18,2.352585e-32,2.317608e-23,1.216073e-18,2.021220e-20,1.655752e-39,-2.472779e-18,-1.236450e-18,-1.676022e-18,-2.242132e-33,-2.317756e-23,-1.216074e-18,-2.021517e-20,-2.239882e-33,0.000000e+00,0.000000e+00,0.000000e+00,0.000000e+00,0.000000e+00,0.000000e+00,0.000000e+00,0.000000e+00,3.591275e-19,3.141829e-19,3.211950e-22,2.128372e-32,-1.485420e-27,-6.804938e-25,-2.963093e-24,-2.239880e-33
2384.5268,200.00,285.8955,7.165449e+01,1.108596e-01,C,3.278427e-03,1.333333e-01,0.3273%,4.009853e-02,3.629741e-02,5.305315e-05,9.882222e-16,1.464420e-10,2.291588e-05,4.979485e-07,0.000000e+00,0.000000e+00,1.550633e-18,0.000000e+00,0.000000e+00,0.000000e+00,0.000000e+00,0.000000e+00,0.000000e+00,2.836118e-18,1.890030e-26,1.682458e-18,2.347798e-32,2.311517e-23,1.220775e-18,2.019951e-20,1.828824e-39,-2.482153e-18,-1.241138e-18,-1.682134e-18,-2.253906e-33,-2.311484e-23,-1.220772e-18,-2.020242e-20,-2.251679e-33,0.000000e+00,0.000000e+00,0.000000e+00,0.000000e+00,0.000000e+00,0.000000e+00,0.000000e+00,0.000000e+00,3.539645e-19,3.094947e-19,3.242695e-22,2.122407e-32,3.317259e-28,2.169477e-24,-2.909766e-24,-2.251677e-33
2404.5268,200.00,285.9506,7.206342e+01,1.090198e-01,C,3.292403e-03,1.333333e-01,0.3287%,4.032063e-02,3.649153e-02,5.325150e-05,1.002451e-15,1.460689e-10,2.291980e-05,4.965892e-07,0.000000e+00,0.000000e+00,1.550633e-18,0.000000e+00,0.000000e+00,0.000000e+00,0.000000e+00,0.000000e+00,0.000000e+00,2.840320e-18,2.082828e-26,1.688490e-18,2.343471e-32,2.305796e-23,1.225413e-18,2.018827e-20,2.018310e-39,-2.491414e-18,-1.245770e-18,-1.688212e-18,-2.265610e-33,-2.306171e-23,-1.225414e-18,-2.019094e-20,-2.263340e-33,0.000000e+00,0.000000e+00,0.000000e+00,0.000000e+00,0.000000e+00,0.000000e+00,0.000000e+00,0.000000e+00,3.489056e-19,3.048634e-19,2.782317e-22,2.116910e-32,-3.743879e-27,-8.596471e-25,-2.673166e-24,-2.263338e-33
2424.5268,200.00,286.0048,7.246548e+01,1.072196e-01,C,3.306234e-03,1.333333e-01,0.3301%,4.053954e-02,3.668276e-02,5.344721e-05,1.016007e-15,1.456983e-10,2.292385e-05,4.952502e-07,0.000000e+00,0.000000e+00,1.550633e-18,0.000000e+00,0.000000e+00,0.000000e+00,0.000000e+00,0.000000e+00,0.000000e+00,2.844371e-18,2.289578e-26,1.694421e-18,2.338866e-32,2.299889e-23,1.229976e-18,2.017562e-20,2.219448e-39,-2.500506e-18,-1.250316e-18,-1.694094e-18,-1.939492e-33,-2.300079e-23,-1.229971e-18,-2.017845e-20,-2.274740e-33,0.000000e+00,0.000000e+00,0.000000e+00,0.000000e+00,0.000000e+00,0.000000e+00,0.000000e+00,0.000000e+00,3.438653e-19,3.003167e-19,3.264507e-22,2.144917e-32,-1.901929e-27,4.732548e-24,-2.827792e-24,-2.274737e-33
2444.5268,200.00,286.0580,7.286067e+01,1.054442e-01,C,3.319851e-03,1.333333e-01,0.3314%,4.075529e-02,3.687112e-02,5.364013e-05,1.030020e-15,1.453494e-10,2.292811e-05,4.939491e-07,0.000000e+00,0.000000e+00,1.550633e-18,0.000000e+00,0.000000e+00,0.000000e+00,0.000000e+00,0.000000e+00,0.000000e+00,2.848418e-18,2.511079e-26,1.700274e-18,2.334683e-32,2.294327e-23,1.234480e-18,2.016432e-20,2.436122e-39,-2.509502e-18,-1.254815e-18,-1.699995e-18,2.281040e-32,-2.294499e-23,-1.234479e-18,-2.016691e-20,-2.286152e-33,0.000000e+00,0.000000e+00,0.000000e+00,0.000000e+00,0.000000e+00,0.000000e+00,0.000000e+00,0.000000e+00,3.389168e-19,2.958182e-19,2.785838e-22,4.615723e-32,-1.722779e-27,5.312325e-25,-2.595382e-24,-2.286149e-33
2464.5268,200.00,286.1105,7.325007e+01,1.037025e-01,C,3.333351e-03,1.333333e-01,0.3328%,4.096790e-02,3.705667e-02,5.383067e-05,1.043789e-15,1.449879e-10,2.293255e-05,4.926665e-07,0.000000e+00,0.000000e+00,1.550633e-18,0.000000e+00,0.000000e+00,0.000000e+00,0.000000e+00,0.000000e+00,0.000000e+00,2.852328e-18,2.747546e-26,1.706037e-18,2.330189e-32,2.288554e-23,1.238918e-18,2.015151e-20,2.667789e-39,-2.518354e-18,-1.259242e-18,-1.705760e-18,-2.299770e-33,-2.288806e-23,-1.238918e-18,-2.015407e-20,-2.297371e-33,0.000000e+00,0.000000e+00,0.000000e+00,0.000000e+00,0.000000e+00,0.000000e+00,0.000000e+00,0.000000e+00,3.339738e-19,2.913910e-19,2.770007e-22,2.100212e-32,-2.522048e-27,-2.520232e-26,-2.558846e-24,-2.297368e-33
2484.5268,200.00,286.1622,7.363353e+01,1.019948e-01,C,3.346684e-03,1.333333e-01,0.3341%,4.117742e-02,3.723944e-02,5.401900e-05,1.057990e-15,1.446551e-10,2.293728e-05,4.914184e-07,0.000000e+00,0.000000e+00,1.550633e-18,0.000000e+00,0.000000e+00,0.000000e+00,0.000000e+00,0.000000e+00,0.000000e+00,2.856253e-18,2.999791e-26,1.711740e-18,2.326065e-32,2.283082e-23,1.243310e-18,2.013986e-20,2.913949e-39,-2.527062e-18,-1.263596e-18,-1.711430e-18,-2.310889e-33,-2.283818e-23,-1.243285e-18,-2.013971e-20,-2.308446e-33,0.000000e+00,0.000000e+00,0.000000e+00,0.000000e+00,0.000000e+00,0.000000e+00,0.000000e+00,0.000000e+00,3.291913e-19,2.870367e-19,3.104634e-22,2.094976e-32,-7.359277e-27,2.511472e-23,1.481404e-25,-2.308443e-33
2504.5268,200.00,286.2130,7.401087e+01,1.003013e-01,C,3.359877e-03,1.333333e-01,0.3354%,4.138387e-02,3.741946e-02,5.420484e-05,1.071589e-15,1.442876e-10,2.294210e-05,4.901875e-07,0.000000e+00,0.000000e+00,1.550633e-18,0.000000e+00,0.000000e+00,0.000000e+00,0.000000e+00,0.000000e+00,0.000000e+00,2.860020e-18,3.267955e-26,1.717343e-18,2.321614e-32,2.277398e-23,1.247627e-18,2.012666e-20,3.178234e-39,-2.535723e-18,-1.267928e-18,-1.717064e-18,-2.321945e-33,-2.277565e-23,-1.247625e-18,-2.012914e-20,-2.319457e-33,0.000000e+00,0.000000e+00,0.000000e+00,0.000000e+00,0.000000e+00,0.000000e+00,0.000000e+00,0.000000e+00,3.242971e-19,2.827054e-19,2.788560e-22,2.089420e-32,-1.669383e-27,2.560292e-24,-2.481695e-24,-2.319453e-33
2524.5268,200.00,286.2632,7.438312e+01,9.864738e-02,C,3.372924e-03,1.333333e-01,0.3367%,4.158730e-02,3.759677e-02,5.438874e-05,1.085295e-15,1.439486e-10,2.294724e-05,4.889890e-07,0.000000e+00,0.000000e+00,1.550633e-18,0.000000e+00,0.000000e+00,0.000000e+00,0.000000e+00,0.000000e+00,0.000000e+00,2.863810e-18,3.552860e-26,1.722894e-18,2.317504e-32,2.271993e-23,1.251906e-18,2.011451e-20,3.458558e-39,-2.544208e-18,-1.272171e-18,-1.722585e-18,-1.985393e-33,-2.271642e-23,-1.251881e-18,-2.011430e-20,-2.330295e-33,0.000000e+00,0.000000e+00,0.000000e+00,0.000000e+00,0.000000e+00,0.000000e+00,0.000000e+00,0.000000e+00,3.196026e-19,2.784622e-19,3.086001e-22,2.118964e-32,3.507173e-27,2.484257e-23,2.176447e-25,-2.330292e-33
2544.5268,200.00,286.3126,7.474968e+01,9.700683e-02,C,3.385850e-03,1.333333e-01,0.3380%,4.178773e-02,3.777141e-02,5.457018e-05,1.098851e-15,1.435954e-10,2.295248e-05,4.878063e-07,0.000000e+00,0.000000e+00,1.550633e-18,0.000000e+00,0.000000e+00,0.000000e+00,0.000000e+00,0.000000e+00,0.000000e+00,2.867455e-18,3.854549e-26,1.728352e-18,2.313057e-32,2.266364e-23,1.256116e-18,2.010083e-20,3.755837e-39,-2.552649e-18,-1.276392e-18,-1.728073e-18,-2.250889e-33,-2.266526e-23,-1.256112e-18,-2.010324e-20,-2.341070e-33,0.000000e+00,0.000000e+00,0.000000e+00,0.000000e+00,0.000000e+00,0.000000e+00,0.000000e+00,0.000000e+00,3.148057e-19,2.742408e-19,2.790845e-22,2.087968e-32,-1.625972e-27,4.021089e-24,-2.400783e-24,-2.341066e-33
2564.5268,200.00,286.3613,7.511100e+01,9.539681e-02,C,3.398615e-03,1.333333e-01,0.3393%,4.198520e-02,3.794340e-02,5.474932e-05,1.112367e-15,1.432606e-10,2.295796e-05,4.866561e-07,0.000000e+00,0.000000e+00,1.550633e-18,0.000000e+00,0.000000e+00,0.000000e+00,0.000000e+00,0.000000e+00,0.000000e+00,2.871116e-18,4.173883e-26,1.733753e-18,2.308957e-32,2.261025e-23,1.260283e-18,2.008829e-20,4.071451e-39,-2.560958e-18,-1.280547e-18,-1.733474e-18,-1.972803e-33,-2.261187e-23,-1.260278e-18,-2.009066e-20,-2.351703e-33,0.000000e+00,0.000000e+00,0.000000e+00,0.000000e+00,0.000000e+00,0.000000e+00,0.000000e+00,0.000000e+00,3.101584e-19,2.700856e-19,2.790572e-22,2.111677e-32,-1.616567e-27,4.455515e-24,-2.375212e-24,-2.351699e-33
2584.5268,200.00,286.4093,7.546707e+01,9.382070e-02,C,3.411283e-03,1.333333e-01,0.3405%,4.217975e-02,3.811279e-02,5.492655e-05,1.126001e-15,1.429095e-10,2.296356e-05,4.855181e-07,0.000000e+00,0.000000e+00,1.550633e-18,0.000000e+00,0.000000e+00,0.000000e+00,0.000000e+00,0.000000e+00,0.000000e+00,2.874633e-18,4.510744e-26,1.739069e-18,2.304474e-32,2.255428e-23,1.264387e-18,2.007400e-20,4.404356e-39,-2.569126e-18,-1.284627e-18,-1.738790e-18,-2.365028e-33,-2.255584e-23,-1.264381e-18,-2.007633e-20,-2.359709e-33,0.000000e+00,0.000000e+00,0.000000e+00,0.000000e+00,0.000000e+00,0.000000e+00,0.000000e+00,0.000000e+00,3.055076e-19,2.660061e-19,2.793266e-22,2.067971e-32,-1.565887e-27,5.395438e-24,-2.331266e-24,-2.359705e-33
2604.5268,200.00,286.4566,7.581792e+01,9.225780e-02,C,3.423729e-03,1.333333e-01,0.3418%,4.237140e-02,3.827960e-02,5.510165e-05,1.139416e-15,1.426248e-10,2.296951e-05,4.844278e-07,0.000000e+00,0.000000e+00,1.550633e-18,0.000000e+00,0.000000e+00,0.000000e+00,0.000000e+00,0.000000e+00,0.000000e+00,2.878319e-18,4.866622e-26,1.744356e-18,2.301023e-32,2.250624e-23,1.268467e-18,2.006348e-20,4.755679e-39,-2.577228e-18,-1.288684e-18,-1.744046e-18,-2.375299e-33,-2.250010e-23,-1.268439e-18,-2.006313e-20,-2.372595e-33,0.000000e+00,0.000000e+00,0.000000e+00,0.000000e+00,0.000000e+00,0.000000e+00,0.000000e+00,0.000000e+00,3.010906e-19,2.619491e-19,3.099173e-22,2.063493e-32,6.134847e-27,2.791366e-23,3.528850e-25,-2.372590e-33
2624.5268,200.00,286.5031,7.616337e+01,9.071856e-02,C,3.436114e-03,1.333333e-01,0.3430%,4.256020e-02,3.844387e-02,5.527429e-05,1.153145e-15,1.422593e-10,2.297537e-05,4.833332e-07,0.000000e+00,0.000000e+00,1.550633e-18,0.000000e+00,0.000000e+00,0.000000e+00,0.000000e+00,0.000000e+00,0.000000e+00,2.881693e-18,5.240170e-26,1.749520e-18,2.296504e-32,2.245060e-23,1.272457e-18,2.004866e-20,5.127090e-39,-2.585240e-18,-1.292691e-18,-1.749248e-18,-2.301209e-33,-2.245215e-23,-1.272457e-18,-2.005094e-20,-2.382892e-33,0.000000e+00,0.000000e+00,0.000000e+00,0.000000e+00,0.000000e+00,0.000000e+00,0.000000e+00,0.000000e+00,2.964531e-19,2.579422e-19,2.719031e-22,2.066383e-32,-1.554188e-27,7.405017e-25,-2.279091e-24,-2.382887e-33
2644.5268,200.00,286.5491,7.650435e+01,8.921033e-02,C,3.448316e-03,1.333333e-01,0.3442%,4.274617e-02,3.860563e-02,5.544540e-05,1.166516e-15,1.419577e-10,2.298162e-05,4.822828e-07,0.000000e+00,0.000000e+00,1.550633e-18,0.000000e+00,0.000000e+00,0.000000e+00,0.000000e+00,0.000000e+00,0.000000e+00,2.885251e-18,5.633474e-26,1.754670e-18,2.292972e-32,2.240249e-23,1.276436e-18,2.003740e-20,5.517295e-39,-2.593113e-18,-1.296628e-18,-1.754359e-18,-2.395834e-33,-2.239894e-23,-1.276406e-18,-2.003698e-20,-2.393041e-33,0.000000e+00,0.000000e+00,0.000000e+00,0.000000e+00,0.000000e+00,0.000000e+00,0.000000e+00,0.000000e+00,2.921381e-19,2.540051e-19,3.106189e-22,2.053388e-32,3.552097e-27,2.944632e-23,4.162001e-25,-2.393036e-33
2664.5268,200.00,286.5943,7.683990e+01,8.771227e-02,C,3.460394e-03,1.333333e-01,0.3454%,4.292935e-02,3.876490e-02,5.561393e-05,1.179969e-15,1.416411e-10,2.298788e-05,4.812447e-07,0.000000e+00,0.000000e+00,1.550633e-18,0.000000e+00,0.000000e+00,0.000000e+00,0.000000e+00,0.000000e+00,0.000000e+00,2.888655e-18,6.045642e-26,1.759726e-18,2.289075e-32,2.235199e-23,1.280344e-18,2.002458e-20,5.927005e-39,-2.600955e-18,-1.300549e-18,-1.759446e-18,-2.405971e-33,-2.235974e-23,-1.280336e-18,-2.002680e-20,-2.403134e-33,0.000000e+00,0.000000e+00,0.000000e+00,0.000000e+00,0.000000e+00,0.000000e+00,0.000000e+00,0.000000e+00,2.877001e-19,2.500837e-19,2.797865e-22,2.048478e-32,-7.746226e-27,7.478020e-24,-2.216942e-24,-2.403128e-33
2684.5268,200.00,286.6389,7.717075e+01,8.625269e-02,C,3.472377e-03,1.333333e-01,0.3466%,4.310977e-02,3.892173e-02,5.578019e-05,1.193340e-15,1.413086e-10,2.299419e-05,4.802175e-07,0.000000e+00,0.000000e+00,1.550633e-18,0.000000e+00,0.000000e+00,0.000000e+00,0.000000e+00,0.000000e+00,0.000000e+00,2.891915e-18,6.476834e-26,1.764697e-18,2.284789e-32,2.229901e-23,1.284189e-18,2.001012e-20,6.356260e-39,-2.608615e-18,-1.304380e-18,-1.764460e-18,-2.415981e-33,-2.230034e-23,-1.284181e-18,-2.001209e-20,-2.413100e-33,0.000000e+00,0.000000e+00,0.000000e+00,0.000000e+00,0.000000e+00,0.000000e+00,0.000000e+00,0.000000e+00,2.832994e-19,2.462526e-19,2.375025e-22,2.043191e-32,-1.339360e-27,8.819407e-24,-1.969628e-24,-2.413094e-33
2704.5268,200.00,286.6828,7.749664e+01,8.481029e-02,C,3.484150e-03,1.333333e-01,0.3478%,4.328747e-02,3.907614e-02,5.594484e-05,1.206707e-15,1.410228e-10,2.300081e-05,4.792326e-07,0.000000e+00,0.000000e+00,1.550633e-18,0.000000e+00,0.000000e+00,0.000000e+00,0.000000e+00,0.000000e+00,0.000000e+00,2.895339e-18,6.928803e-26,1.769644e-18,2.281480e-32,2.225340e-23,1.288015e-18,1.999918e-20,6.806899e-39,-2.616206e-18,-1.308177e-18,-1.769383e-18,2.909433e-32,-2.225168e-23,-1.287989e-18,-1.999849e-20,-2.422919e-33,0.000000e+00,0.000000e+00,0.000000e+00,0.000000e+00,0.000000e+00,0.000000e+00,0.000000e+00,0.000000e+00,2.791325e-19,2.424565e-19,2.614325e-22,5.190914e-32,1.718358e-27,2.615031e-23,6.985451e-25,-2.422913e-33
2724.5268,200.00,286.7261,7.781782e+01,8.338902e-02,C,3.495829e-03,1.333333e-01,0.3490%,4.346249e-02,3.922817e-02,5.610747e-05,1.220022e-15,1.407196e-10,2.300744e-05,4.782561e-07,0.000000e+00,0.000000e+00,1.550633e-18,0.000000e+00,0.000000e+00,0.000000e+00,0.000000e+00,0.000000e+00,0.000000e+00,2.898612e-18,7.400229e-26,1.774506e-18,2.277758e-32,2.220503e-23,1.291778e-18,1.998648e-20,7.277334e-39,-2.623706e-18,-1.311927e-18,-1.774243e-18,-2.435599e-33,-2.220128e-23,-1.291750e-18,-1.998576e-20,-2.432503e-33,0.000000e+00,0.000000e+00,0.000000e+00,0.000000e+00,0.000000e+00,0.000000e+00,0.000000e+00,0.000000e+00,2.749066e-19,2.387061e-19,2.631085e-22,2.034198e-32,3.746620e-27,2.750181e-23,7.183221e-25,-2.432495e-33
2744.5268,200.00,286.7687,7.813404e+01,8.198762e-02,C,3.507399e-03,1.333333e-01,0.3501%,4.363484e-02,3.937784e-02,5.626777e-05,1.233049e-15,1.404249e-10,2.301405e-05,4.772888e-07,0.000000e+00,0.000000e+00,1.550633e-18,0.000000e+00,0.000000e+00,0.000000e+00,0.000000e+00,0.000000e+00,0.000000e+00,2.901730e-18,7.891209e-26,1.779279e-18,2.273633e-32,2.215405e-23,1.295474e-18,1.997210e-20,7.770363e-39,-2.631120e-18,-1.315635e-18,-1.779005e-18,-2.445156e-33,-2.215154e-23,-1.295469e-18,-1.997420e-20,-2.442036e-33,0.000000e+00,0.000000e+00,0.000000e+00,0.000000e+00,0.000000e+00,0.000000e+00,0.000000e+00,0.000000e+00,2.706096e-19,2.349985e-19,2.740774e-22,2.029118e-32,2.512239e-27,5.062900e-24,-2.102896e-24,-2.442028e-33
2764.5268,200.00,286.8107,7.844573e+01,8.061434e-02,C,3.518772e-03,1.333333e-01,0.3513%,4.380457e-02,3.952520e-02,5.642617e-05,1.246170e-15,1.401272e-10,2.302097e-05,4.763638e-07,0.000000e+00,0.000000e+00,1.550633e-18,0.000000e+00,0.000000e+00,0.000000e+00,0.000000e+00,0.000000e+00,0.000000e+00,2.905027e-18,8.403778e-26,1.784034e-18,2.270496e-32,2.211054e-23,1.299155e-18,1.996136e-20,8.284192e-39,-2.638403e-18,-1.319277e-18,-1.783766e-18,-2.336942e-33,-2.210679e-23,-1.299123e-18,-1.996057e-20,-2.451704e-33,0.000000e+00,0.000000e+00,0.000000e+00,0.000000e+00,0.000000e+00,0.000000e+00,0.000000e+00,0.000000e+00,2.666239e-19,2.313559e-19,2.679863e-22,2.036802e-32,3.754660e-27,3.250492e-23,7.857337e-25,-2.451696e-33
2784.5268,200.00,286.8520,7.875254e+01,7.925836e-02,C,3.530088e-03,1.333333e-01,0.3524%,4.397171e-02,3.967025e-02,5.658229e-05,1.259160e-15,1.398049e-10,2.302769e-05,4.754289e-07,0.000000e+00,0.000000e+00,1.550633e-18,0.000000e+00,0.000000e+00,0.000000e+00,0.000000e+00,0.000000e+00,0.000000e+00,2.907997e-18,8.935079e-26,1.788665e-18,2.266235e-32,2.205918e-23,1.302745e-18,1.994618e-20,8.817357e-39,-2.645614e-18,-1.322883e-18,-1.788435e-18,-1.056964e-33,-2.206045e-23,-1.302740e-18,-1.994802e-20,-2.461076e-33,0.000000e+00,0.000000e+00,0.000000e+00,0.000000e+00,0.000000e+00,0.000000e+00,0.000000e+00,0.000000e+00,2.623833e-19,2.277501e-19,2.297070e-22,2.160538e-32,-1.270558e-27,5.340213e-24,-1.845634e-24,-2.461067e-33
2804.5268,200.00,286.8928,7.905509e+01,7.792197e-02,C,3.541207e-03,1.333333e-01,0.3535%,4.413630e-02,3.981305e-02,5.673676e-05,1.272542e-15,1.395411e-10,2.303469e-05,4.745340e-07,0.000000e+00,0.000000e+00,1.550633e-18,0.000000e+00,0.000000e+00,0.000000e+00,0.000000e+00,0.000000e+00,0.000000e+00,2.911139e-18,9.488281e-26,1.793278e-18,2.262937e-32,2.201504e-23,1.306320e-18,1.993451e-20,9.374119e-39,-2.652738e-18,-1.326445e-18,-1.793047e-18,-2.473502e-33,-2.201645e-23,-1.306313e-18,-1.993633e-20,-2.470097e-33,0.000000e+00,0.000000e+00,0.000000e+00,0.000000e+00,0.000000e+00,0.000000e+00,0.000000e+00,0.000000e+00,2.584009e-19,2.241876e-19,2.306603e-22,2.015587e-32,-1.410262e-27,6.410857e-24,-1.821169e-24,-2.470087e-33
2824.5268,200.00,286.9330,7.935319e+01,7.661101e-02,C,3.552246e-03,1.333333e-01,0.3546%,4.429835e-02,3.995361e-02,5.688920e-05,1.286143e-15,1.392337e-10,2.304168e-05,4.736454e-07,0.000000e+00,0.000000e+00,1.550633e-18,0.000000e+00,0.000000e+00,0.000000e+00,0.000000e+00,0.000000e+00,0.000000e+00,2.914134e-18,1.006129e-25,1.797811e-18,2.259206e-32,2.196806e-23,1.309835e-18,1.992106e-20,9.951054e-39,-2.659743e-18,-1.329949e-18,-1.797537e-18,-2.482367e-33,-2.197133e-23,-1.309828e-18,-1.992306e-20,-2.479808e-33,0.000000e+00,0.000000e+00,0.000000e+00,0.000000e+00,0.000000e+00,0.000000e+00,0.000000e+00,0.000000e+00,2.543914e-19,2.206843e-19,2.745526e-22,2.010969e-32,-3.271727e-27,7.041858e-24,-1.999101e-24,-2.479798e-33
2844.5268,200.00,286.9725,7.964652e+01,7.531959e-02,C,3.563058e-03,1.333333e-01,0.3557%,4.445791e-02,4.009197e-02,5.703964e-05,1.299235e-15,1.389854e-10,2.304887e-05,4.727971e-07,0.000000e+00,0.000000e+00,1.550633e-18,0.000000e+00,0.000000e+00,0.000000e+00,0.000000e+00,0.000000e+00,0.000000e+00,2.917290e-18,1.065659e-25,1.802318e-18,2.256449e-32,2.192841e-23,1.313328e-18,1.991121e-20,1.055037e-38,-2.666661e-18,-1.333408e-18,-1.802055e-18,-2.491744e-33,-2.192463e-23,-1.313298e-18,-1.991034e-20,-2.488501e-33,0.000000e+00,0.000000e+00,0.000000e+00,0.000000e+00,0.000000e+00,0.000000e+00,0.000000e+00,0.000000e+00,2.506292e-19,2.172248e-19,2.622553e-22,2.007275e-32,3.773639e-27,2.977766e-23,8.716959e-25,-2.488491e-33
2864.5268,200.00,287.0115,7.993570e+01,7.404539e-02,C,3.573853e-03,1.333333e-01,0.3567%,4.461501e-02,4.022816e-02,5.718783e-05,1.312163e-15,1.387030e-10,2.305590e-05,4.719374e-07,0.000000e+00,0.000000e+00,1.550633e-18,0.000000e+00,0.000000e+00,0.000000e+00,0.000000e+00,0.000000e+00,0.000000e+00,2.920137e-18,1.127039e-25,1.806713e-18,2.252553e-32,2.188085e-23,1.316740e-18,1.989693e-20,1.117083e-38,-2.673504e-18,-1.336830e-18,-1.806482e-18,-2.500637e-33,-2.187972e-23,-1.316732e-18,-1.989868e-20,-2.497108e-33,0.000000e+00,0.000000e+00,0.000000e+00,0.000000e+00,0.000000e+00,0.000000e+00,0.000000e+00,0.000000e+00,2.466332e-19,2.138033e-19,2.311140e-22,2.002489e-32,1.128204e-27,8.075754e-24,-1.750735e-24,-2.497097e-33
2884.5268,200.00,287.0499,8.022049e+01,7.278717e-02,C,3.584440e-03,1.333333e-01,0.3578%,4.476968e-02,4.036220e-02,5.733461e-05,1.325137e-15,1.384325e-10,2.306314e-05,4.711149e-07,0.000000e+00,0.000000e+00,1.550633e-18,0.000000e+00,0.000000e+00,0.000000e+00,0.000000e+00,0.000000e+00,0.000000e+00,2.923145e-18,1.190649e-25,1.811088e-18,2.249591e-32,2.184022e-23,1.320135e-18,1.988603e-20,1.181454e-38,-2.680274e-18,-1.340216e-18,-1.810857e-18,-2.509603e-33,-2.184144e-23,-1.320126e-18,-1.988776e-20,-2.506279e-33,0.000000e+00,0.000000e+00,0.000000e+00,0.000000e+00,0.000000e+00,0.000000e+00,0.000000e+00,0.000000e+00,2.428704e-19,2.104167e-19,2.310599e-22,1.998630e-32,-1.220819e-27,8.206944e-24,-1.737044e-24,-2.506268e-33
2904.5268,200.00,287.0876,8.050061e+01,7.155631e-02,C,3.594922e-03,1.333333e-01,0.3588%,4.492196e-02,4.049413e-02,5.747896e-05,1.338087e-15,1.381607e-10,2.307029e-05,4.702981e-07,0.000000e+00,0.000000e+00,1.550633e-18,0.000000e+00,0.000000e+00,0.000000e+00,0.000000e+00,0.000000e+00,0.000000e+00,2.925990e-18,1.256222e-25,1.815374e-18,2.246198e-32,2.179684e-23,1.323462e-18,1.987343e-20,1.247831e-38,-2.686914e-18,-1.343537e-18,-1.815149e-18,8.973679e-34,-2.179802e-23,-1.323458e-18,-1.987515e-20,-2.514975e-33,0.000000e+00,0.000000e+00,0.000000e+00,0.000000e+00,0.000000e+00,0.000000e+00,0.000000e+00,0.000000e+00,2.390761e-19,2.070961e-19,2.249721e-22,2.335935e-32,-1.177067e-27,3.950517e-24,-1.717302e-24,-2.514962e-33
2924.5268,200.00,287.1248,8.077672e+01,7.034474e-02,C,3.605266e-03,1.333333e-01,0.3599%,4.507186e-02,4.062398e-02,5.762143e-05,1.350944e-15,1.379016e-10,2.307753e-05,4.695023e-07,0.000000e+00,0.000000e+00,1.550633e-18,0.000000e+00,0.000000e+00,0.000000e+00,0.000000e+00,0.000000e+00,0.000000e+00,2.928847e-18,1.323887e-25,1.819612e-18,2.243053e-32,2.175551e-23,1.326753e-18,1.986168e-20,1.316450e-38,-2.693465e-18,-1.346813e-18,-1.819381e-18,-2.440179e-33,-2.175670e-23,-1.326745e-18,-1.986337e-20,-2.523562e-33,0.000000e+00,0.000000e+00,0.000000e+00,0.000000e+00,0.000000e+00,0.000000e+00,0.000000e+00,0.000000e+00,2.353821e-19,2.038201e-19,2.308417e-22,1.999036e-32,-1.195879e-27,8.790332e-24,-1.694580e-24,-2.523548e-33
2944.5268,200.00,287.1615,8.104881e+01,6.915665e-02,C,3.615539e-03,1.333333e-01,0.3609%,4.521943e-02,4.075176e-02,5.776238e-05,1.364067e-15,1.376220e-10,2.308470e-05,4.687078e-07,0.000000e+00,0.000000e+00,1.550633e-18,0.000000e+00,0.000000e+00,0.000000e+00,0.000000e+00,0.000000e+00,0.000000e+00,2.931542e-18,1.393462e-25,1.823770e-18,2.239417e-32,2.171091e-23,1.329986e-18,1.984791e-20,1.387357e-38,-2.699903e-18,-1.350033e-18,-1.823540e-18,-2.535480e-33,-2.171206e-23,-1.329977e-18,-1.984957e-20,-2.532023e-33,0.000000e+00,0.000000e+00,0.000000e+00,0.000000e+00,0.000000e+00,0.000000e+00,0.000000e+00,0.000000e+00,2.316384e-19,2.006003e-19,2.302230e-22,1.985869e-32,-1.157196e-27,8.912535e-24,-1.663999e-24,-2.532009e-33
2964.5268,200.00,287.1976,8.131669e+01,6.798672e-02,C,3.625593e-03,1.333333e-01,0.3619%,4.536469e-02,4.087752e-02,5.790130e-05,1.377141e-15,1.373873e-10,2.309206e-05,4.679514e-07,0.000000e+00,0.000000e+00,1.550633e-18,0.000000e+00,0.000000e+00,0.000000e+00,0.000000e+00,0.000000e+00,0.000000e+00,2.934403e-18,1.465280e-25,1.827907e-18,2.236741e-32,2.167344e-23,1.333199e-18,1.983772e-20,1.460412e-38,-2.706257e-18,-1.353210e-18,-1.827643e-18,-2.543878e-33,-2.167070e-23,-1.333166e-18,-1.983672e-20,-2.540377e-33,0.000000e+00,0.000000e+00,0.000000e+00,0.000000e+00,0.000000e+00,0.000000e+00,0.000000e+00,0.000000e+00,2.281456e-19,1.974228e-19,2.642831e-22,1.982354e-32,2.742542e-27,3.351740e-23,9.993454e-25,-2.540362e-33
2984.5268,200.00,287.2331,8.158028e+01,6.682214e-02,C,3.635567e-03,1.333333e-01,0.3629%,4.550768e-02,4.100128e-02,5.803810e-05,1.390069e-15,1.371336e-10,2.309932e-05,4.671983e-07,0.000000e+00,0.000000e+00,1.550633e-18,0.000000e+00,0.000000e+00,0.000000e+00,0.000000e+00,0.000000e+00,0.000000e+00,2.937108e-18,1.538983e-25,1.831963e-18,2.233605e-32,2.163298e-23,1.336353e-18,1.982571e-20,1.535579e-38,-2.712596e-18,-1.356380e-18,-1.831734e-18,-2.552234e-33,-2.163415e-23,-1.336344e-18,-1.982735e-20,-2.548686e-33,0.000000e+00,0.000000e+00,0.000000e+00,0.000000e+00,0.000000e+00,0.000000e+00,0.000000e+00,0.000000e+00,2.245123e-19,1.942529e-19,2.294964e-22,1.978381e-32,-1.176000e-27,8.981006e-24,-1.639052e-24,-2.548671e-33
3004.5268,200.00,287.2681,8.183995e+01,6.569420e-02,C,3.645453e-03,1.333333e-01,0.3639%,4.564843e-02,4.112306e-02,5.817303e-05,1.402887e-15,1.368602e-10,2.310647e-05,4.664467e-07,0.000000e+00,0.000000e+00,1.550633e-18,0.000000e+00,0.000000e+00,0.000000e+00,0.000000e+00,0.000000e+00,0.000000e+00,2.939644e-18,1.614526e-25,1.835934e-18,2.229985e-32,2.158938e-23,1.339443e-18,1.981179e-20,1.612852e-38,-2.718748e-18,-1.359457e-18,-1.835705e-18,-2.537991e-33,-2.159052e-23,-1.339433e-18,-1.981340e-20,-2.556807e-33,0.000000e+00,0.000000e+00,0.000000e+00,0.000000e+00,0.000000e+00,0.000000e+00,0.000000e+00,0.000000e+00,2.208959e-19,1.911761e-19,2.294111e-22,1.976186e-32,-1.139977e-27,9.398291e-24,-1.604527e-24,-2.556791e-33
3024.5268,200.00,287.3026,8.209575e+01,6.457052e-02,C,3.655148e-03,1.333333e-01,0.3648%,4.578696e-02,4.124290e-02,5.830626e-05,1.415653e-15,1.366302e-10,2.311382e-05,4.657310e-07,0.000000e+00,0.000000e+00,1.550633e-18,0.000000e+00,0.000000e+00,0.000000e+00,0.000000e+00,0.000000e+00,0.000000e+00,2.942358e-18,1.692280e-25,1.839894e-18,2.227301e-32,2.155266e-23,1.342522e-18,1.980133e-20,1.692263e-38,-2.724891e-18,-1.362529e-18,-1.839712e-18,-2.568582e-33,-2.155362e-23,-1.342515e-18,-1.980272e-20,-2.564951e-33,0.000000e+00,0.000000e+00,0.000000e+00,0.000000e+00,0.000000e+00,0.000000e+00,0.000000e+00,0.000000e+00,2.174675e-19,1.881044e-19,1.825927e-22,1.970443e-32,-9.650479e-28,7.863713e-24,-1.391051e-24,-2.564934e-33
3044.5268,200.00,287.3365,8.234739e+01,6.347437e-02,C,3.664764e-03,1.333333e-01,0.3658%,4.592331e-02,4.136082e-02,5.843791e-05,1.428262e-15,1.363891e-10,2.312106e-05,4.650150e-07,0.000000e+00,0.000000e+00,1.550633e-18,0.000000e+00,0.000000e+00,0.000000e+00,0.000000e+00,0.000000e+00,0.000000e+00,2.944900e-18,1.771814e-25,1.843771e-18,2.224109e-32,2.151259e-23,1.345540e-18,1.978884e-20,1.773804e-38,-2.730897e-18,-1.365531e-18,-1.843542e-18,-2.576397e-33,-2.151212e-23,-1.345531e-18,-1.979040e-20,-2.572395e-33,0.000000e+00,0.000000e+00,0.000000e+00,0.000000e+00,0.000000e+00,0.000000e+00,0.000000e+00,0.000000e+00,2.140024e-19,1.851017e-19,2.287218e-22,1.966470e-32,4.691254e-28,9.447598e-24,-1.569521e-24,-2.572377e-33
3064.5268,200.00,287.3699,8.259525e+01,6.239185e-02,C,3.674235e-03,1.333333e-01,0.3667%,4.605750e-02,4.147685e-02,5.856733e-05,1.440910e-15,1.361410e-10,2.312832e-05,4.643190e-07,0.000000e+00,0.000000e+00,1.550633e-18,0.000000e+00,0.000000e+00,0.000000e+00,0.000000e+00,0.000000e+00,0.000000e+00,2.947451e-18,1.853323e-25,1.847599e-18,2.221165e-32,2.147459e-23,1.348520e-18,1.977727e-20,1.857337e-38,-2.736837e-18,-1.368503e-18,-1.847415e-18,-2.119191e-33,-2.147553e-23,-1.348510e-18,-1.977862e-20,-2.580722e-33,0.000000e+00,0.000000e+00,0.000000e+00,0.000000e+00,0.000000e+00,0.000000e+00,0.000000e+00,0.000000e+00,2.106141e-19,1.821303e-19,1.841819e-22,2.009246e-32,-9.406544e-28,9.969638e-24,-1.350367e-24,-2.580704e-33
3084.5268,200.00,287.4028,8.283927e+01,6.132741e-02,C,3.683556e-03,1.333333e-01,0.3677%,4.618957e-02,4.159101e-02,5.869505e-05,1.453796e-15,1.359264e-10,2.313558e-05,4.636399e-07,0.000000e+00,0.000000e+00,1.550633e-18,0.000000e+00,0.000000e+00,0.000000e+00,0.000000e+00,0.000000e+00,0.000000e+00,2.949993e-18,1.722020e-32,1.851375e-18,2.218413e-32,2.143830e-23,1.351460e-18,1.976639e-20,6.264671e-43,-2.742693e-18,-1.371430e-18,-1.851191e-18,-2.592129e-33,-2.143721e-23,-1.351450e-18,-1.976773e-20,-2.588029e-33,0.000000e+00,0.000000e+00,0.000000e+00,0.000000e+00,0.000000e+00,0.000000e+00,0.000000e+00,0.000000e+00,2.073003e-19,1.792026e-19,1.838064e-22,1.959200e-32,1.089105e-27,9.986070e-24,-1.334488e-24,-2.588029e-33
3104.5268,200.00,287.4351,8.307921e+01,6.027417e-02,C,3.692758e-03,1.333333e-01,0.3686%,4.631955e-02,4.170334e-02,5.882114e-05,1.466415e-15,1.357040e-10,2.314289e-05,4.629777e-07,0.000000e+00,0.000000e+00,1.550633e-18,0.000000e+00,0.000000e+00,0.000000e+00,0.000000e+00,0.000000e+00,0.000000e+00,2.952549e-18,1.148013e-32,1.855111e-18,2.215884e-32,2.140369e-23,1.354369e-18,1.975623e-20,-2.505868e-43,-2.748495e-18,-1.374333e-18,-1.854928e-18,-2.599933e-33,-2.140349e-23,-1.354359e-18,-1.975755e-20,-2.596125e-33,0.000000e+00,0.000000e+00,0.000000e+00,0.000000e+00,0.000000e+00,0.000000e+00,0.000000e+00,0.000000e+00,2.040539e-19,1.762999e-19,1.833108e-22,1.955890e-32,2.003662e-28,9.790372e-24,-1.321177e-24,-2.596125e-33
3124.5268,200.00,287.4670,8.331579e+01,5.924693e-02,C,3.701876e-03,1.333333e-01,0.3695%,4.644745e-02,4.181386e-02,5.894533e-05,1.478972e-15,1.354597e-10,2.315005e-05,4.623154e-07,0.000000e+00,0.000000e+00,1.550633e-18,0.000000e+00,0.000000e+00,0.000000e+00,0.000000e+00,0.000000e+00,0.000000e+00,2.954932e-18,-2.870033e-32,1.858762e-18,2.212854e-32,2.136585e-23,1.357215e-18,1.974413e-20,-1.670579e-43,-2.754167e-18,-1.377170e-18,-1.858582e-18,-2.607495e-33,-2.136904e-23,-1.357207e-18,-1.974543e-20,-2.603643e-33,0.000000e+00,0.000000e+00,0.000000e+00,0.000000e+00,0.000000e+00,0.000000e+00,0.000000e+00,0.000000e+00,2.007648e-19,1.734633e-19,1.807950e-22,1.952104e-32,-3.186627e-27,8.327847e-24,-1.305787e-24,-2.603643e-33
3144.5268,200.00,287.4984,8.354866e+01,5.823535e-02,C,3.710861e-03,1.333333e-01,0.3704%,4.657332e-02,4.192259e-02,5.906784e-05,1.491532e-15,1.352331e-10,2.315722e-05,4.616694e-07,0.000000e+00,0.000000e+00,1.550633e-18,0.000000e+00,0.000000e+00,0.000000e+00,0.000000e+00,0.000000e+00,0.000000e+00,2.957316e-18,-1.148013e-32,1.862368e-18,2.210026e-32,2.132969e-23,1.360026e-18,1.973272e-20,2.088224e-43,-2.759763e-18,-1.379968e-18,-1.862186e-18,-2.614963e-33,-2.133059e-23,-1.360016e-18,-1.973401e-20,-2.611219e-33,0.000000e+00,0.000000e+00,0.000000e+00,0.000000e+00,0.000000e+00,0.000000e+00,0.000000e+00,0.000000e+00,1.975530e-19,1.706646e-19,1.827277e-22,1.948529e-32,-9.020368e-28,1.019255e-23,-1.286320e-24,-2.611219e-33
3164.5268,200.00,287.5293,8.377787e+01,5.723562e-02,C,3.719725e-03,1.333333e-01,0.3713%,4.669718e-02,4.202956e-02,5.918900e-05,1.504144e-15,1.350245e-10,2.316443e-05,4.610382e-07,0.000000e+00,0.000000e+00,1.550633e-18,0.000000e+00,0.000000e+00,0.000000e+00,0.000000e+00,0.000000e+00,0.000000e+00,2.959703e-18,5.740065e-33,1.865932e-18,2.207378e-32,2.129499e-23,1.362804e-18,1.972191e-20,-8.352894e-44,-2.765305e-18,-1.382740e-18,-1.865707e-18,-2.622288e-33,-2.129467e-23,-1.362796e-18,-1.972338e-20,-2.618349e-33,0.000000e+00,0.000000e+00,0.000000e+00,0.000000e+00,0.000000e+00,0.000000e+00,0.000000e+00,0.000000e+00,1.943979e-19,1.678934e-19,2.247207e-22,1.945149e-32,3.187325e-28,8.059431e-24,-1.474041e-24,-2.618349e-33
3184.5268,200.00,287.5597,8.400344e+01,5.625102e-02,C,3.728454e-03,1.333333e-01,0.3722%,4.681906e-02,4.213480e-02,5.930818e-05,1.516552e-15,1.348097e-10,2.317163e-05,4.604241e-07,0.000000e+00,0.000000e+00,1.550633e-18,0.000000e+00,0.000000e+00,0.000000e+00,0.000000e+00,0.000000e+00,0.000000e+00,2.962095e-18,1.148013e-32,1.869451e-18,2.204946e-32,2.126207e-23,1.365548e-18,1.971189e-20,7.099960e-43,-2.770772e-18,-1.385474e-18,-1.869272e-18,-1.563078e-33,-2.126296e-23,-1.365540e-18,-1.971315e-20,-2.625662e-33,0.000000e+00,0.000000e+00,0.000000e+00,0.000000e+00,0.000000e+00,0.000000e+00,0.000000e+00,0.000000e+00,1.913228e-19,1.651590e-19,1.796595e-22,2.048638e-32,-8.901761e-28,8.199528e-24,-1.258140e-24,-2.625662e-33
3204.5268,200.00,287.5896,8.422539e+01,5.529104e-02,C,3.737104e-03,1.333333e-01,0.3730%,4.693899e-02,4.223833e-02,5.942544e-05,1.528932e-15,1.345828e-10,2.317867e-05,4.598089e-07,0.000000e+00,0.000000e+00,1.550633e-18,0.000000e+00,0.000000e+00,0.000000e+00,0.000000e+00,0.000000e+00,0.000000e+00,2.964316e-18,-1.148013e-32,1.872888e-18,2.202004e-32,2.122588e-23,1.368230e-18,1.969993e-20,-2.088224e-43,-2.776113e-18,-1.388145e-18,-1.872709e-18,-2.136867e-33,-2.122677e-23,-1.368221e-18,-1.970117e-20,-2.632770e-33,0.000000e+00,0.000000e+00,0.000000e+00,0.000000e+00,0.000000e+00,0.000000e+00,0.000000e+00,0.000000e+00,1.882027e-19,1.624881e-19,1.794021e-22,1.988317e-32,-8.926781e-28,8.616909e-24,-1.243922e-24,-2.632770e-33
3224.5268,200.00,287.6190,8.444375e+01,5.434522e-02,C,3.745562e-03,1.333333e-01,0.3739%,4.705699e-02,4.234017e-02,5.954123e-05,1.541511e-15,1.343967e-10,2.318585e-05,4.592256e-07,0.000000e+00,0.000000e+00,1.550633e-18,0.000000e+00,0.000000e+00,0.000000e+00,0.000000e+00,0.000000e+00,0.000000e+00,2.966706e-18,1.722020e-32,1.876316e-18,2.199960e-32,2.119614e-23,1.370902e-18,1.969128e-20,3.341158e-43,-2.781385e-18,-1.390781e-18,-1.876100e-18,-2.625833e-33,-2.119716e-23,-1.370868e-18,-1.968987e-20,-2.639788e-33,0.000000e+00,0.000000e+00,0.000000e+00,0.000000e+00,0.000000e+00,0.000000e+00,0.000000e+00,0.000000e+00,1.853210e-19,1.598518e-19,2.156397e-22,1.937376e-32,-1.026897e-27,3.451428e-23,1.403320e-24,-2.639788e-33
3244.5268,200.00,287.6480,8.465887e+01,5.341315e-02,C,3.753950e-03,1.333333e-01,0.3747%,4.717309e-02,4.244036e-02,5.965511e-05,1.554044e-15,1.341898e-10,2.319287e-05,4.586407e-07,0.000000e+00,0.000000e+00,1.550633e-18,0.000000e+00,0.000000e+00,0.000000e+00,0.000000e+00,0.000000e+00,0.000000e+00,2.968927e-18,0.000000e+00,1.879664e-18,2.197402e-32,2.116311e-23,1.373515e-18,1.968068e-20,0.000000e+00,-2.786590e-18,-1.393384e-18,-1.879448e-18,-2.650809e-33,-2.115910e-23,-1.373481e-18,-1.967926e-20,-2.646583e-33,0.000000e+00,0.000000e+00,0.000000e+00,0.000000e+00,0.000000e+00,0.000000e+00,0.000000e+00,0.000000e+00,1.823372e-19,1.572492e-19,2.154770e-22,1.932321e-32,4.010137e-27,3.468335e-23,1.416799e-24,-2.646583e-33
3264.5268,200.00,287.6765,8.487045e+01,5.249274e-02,C,3.762281e-03,1.333333e-01,0.3755%,4.728732e-02,4.253891e-02,5.976737e-05,1.566610e-15,1.339610e-10,2.319974e-05,4.580529e-07,0.000000e+00,0.000000e+00,1.550633e-18,0.000000e+00,0.000000e+00,0.000000e+00,0.000000e+00,0.000000e+00,0.000000e+00,2.970980e-18,-1.148013e-32,1.882935e-18,2.194308e-32,2.112661e-23,1.376072e-18,1.966802e-20,4.176447e-44,-2.791737e-18,-1.395958e-18,-1.882757e-18,-2.650684e-33,-2.112746e-23,-1.376063e-18,-1.966923e-20,-2.653571e-33,0.000000e+00,0.000000e+00,0.000000e+00,0.000000e+00,0.000000e+00,0.000000e+00,0.000000e+00,0.000000e+00,1.792429e-19,1.546747e-19,1.783536e-22,1.929240e-32,-8.461026e-28,8.734714e-24,-1.201716e-24,-2.653571e-33
3284.5268,200.00,287.7046,8.507885e+01,5.158601e-02,C,3.770427e-03,1.333333e-01,0.3763%,4.739971e-02,4.263584e-02,5.987847e-05,1.579078e-15,1.337714e-10,2.320676e-05,4.574951e-07,0.000000e+00,0.000000e+00,1.550633e-18,0.000000e+00,0.000000e+00,0.000000e+00,0.000000e+00,0.000000e+00,0.000000e+00,2.973199e-18,5.740065e-33,1.886200e-18,2.192089e-32,2.109634e-23,1.378621e-18,1.965857e-20,4.176447e-43,-2.796818e-18,-1.398499e-18,-1.886022e-18,-2.664541e-33,-2.109719e-23,-1.378612e-18,-1.965976e-20,-2.660337e-33,0.000000e+00,0.000000e+00,0.000000e+00,0.000000e+00,0.000000e+00,0.000000e+00,0.000000e+00,0.000000e+00,1.763819e-19,1.521339e-19,1.779460e-22,1.925635e-32,-8.443658e-28,8.612306e-24,-1.189803e-24,-2.660337e-33
3304.5268,200.00,287.7322,8.528379e+01,5.070288e-02,C,3.778503e-03,1.333333e-01,0.3771%,4.751027e-02,4.273120e-02,5.998763e-05,1.591548e-15,1.335609e-10,2.321360e-05,4.569352e-07,0.000000e+00,0.000000e+00,1.550633e-18,0.000000e+00,0.000000e+00,0.000000e+00,0.000000e+00,0.000000e+00,0.000000e+00,2.975248e-18,-2.870033e-32,1.889385e-18,2.189348e-32,2.106276e-23,1.381110e-18,1.964716e-20,5.429381e-43,-2.801774e-18,-1.400978e-18,-1.889207e-18,-2.671211e-33,-2.106360e-23,-1.381102e-18,-1.964833e-20,-2.666962e-33,0.000000e+00,0.000000e+00,0.000000e+00,0.000000e+00,0.000000e+00,0.000000e+00,0.000000e+00,0.000000e+00,1.734735e-19,1.496552e-19,1.776949e-22,1.922227e-32,-8.449347e-28,8.858862e-24,-1.173988e-24,-2.666962e-33
3324.5268,200.00,287.7594,8.548555e+01,4.981990e-02,C,3.786394e-03,1.333333e-01,0.3779%,4.761905e-02,4.282498e-02,6.009533e-05,1.604156e-15,1.333904e-10,2.322058e-05,4.564061e-07,0.000000e+00,0.000000e+00,1.550633e-18,0.000000e+00,0.000000e+00,0.000000e+00,0.000000e+00,0.000000e+00,0.000000e+00,2.977470e-18,-1.148013e-32,1.892565e-18,2.187497e-32,2.103551e-23,1.383593e-18,1.963904e-20,2.923513e-43,-2.806738e-18,-1.403460e-18,-1.892442e-18,1.270231e-32,-2.103618e-23,-1.383591e-18,-1.964002e-20,-2.673632e-33,0.000000e+00,0.000000e+00,0.000000e+00,0.000000e+00,0.000000e+00,0.000000e+00,0.000000e+00,0.000000e+00,1.707315e-19,1.471726e-19,1.230235e-22,3.457728e-32,-6.779641e-28,1.984667e-24,-9.789521e-25,-2.673632e-33
3344.5268,200.00,287.7862,8.568421e+01,4.896297e-02,C,3.794236e-03,1.333333e-01,0.3787%,4.772606e-02,4.291723e-02,6.020142e-05,1.616659e-15,1.331978e-10,2.322741e-05,4.558732e-07,0.000000e+00,0.000000e+00,1.550633e-18,0.000000e+00,0.000000e+00,0.000000e+00,0.000000e+00,0.000000e+00,0.000000e+00,2.979526e-18,1.722020e-32,1.895673e-18,2.185102e-32,2.100475e-23,1.386022e-18,1.962887e-20,2.505868e-43,-2.811564e-18,-1.405874e-18,-1.895496e-18,-2.684201e-33,-2.100558e-23,-1.386014e-18,-1.963002e-20,-2.680023e-33,0.000000e+00,0.000000e+00,0.000000e+00,0.000000e+00,0.000000e+00,0.000000e+00,0.000000e+00,0.000000e+00,1.679619e-19,1.447593e-19,1.769528e-22,1.916682e-32,-8.257646e-28,8.591723e-24,-1.152707e-24,-2.680023e-33
3364.5268,200.00,287.8125,8.587949e+01,4.811612e-02,C,3.801955e-03,1.333333e-01,0.3795%,4.783133e-02,4.300796e-02,6.030609e-05,1.628894e-15,1.330135e-10,2.323421e-05,4.553530e-07,0.000000e+00,0.000000e+00,1.550633e-18,0.000000e+00,0.000000e+00,0.000000e+00,0.000000e+00,0.000000e+00,0.000000e+00,2.981577e-18,1.148013e-32,1.898738e-18,2.182868e-32,2.097531e-23,1.388418e-18,1.961925e-20,-4.176447e-44,-2.816341e-18,-1.408262e-18,-1.898563e-18,-2.566285e-33,-2.097614e-23,-1.388411e-18,-1.962039e-20,-2.686407e-33,0.000000e+00,0.000000e+00,0.000000e+00,0.000000e+00,0.000000e+00,0.000000e+00,0.000000e+00,0.000000e+00,1.652362e-19,1.423706e-19,1.747907e-22,1.926239e-32,-8.294739e-28,7.198035e-24,-1.142270e-24,-2.686407e-33
3384.5268,200.00,287.8384,8.607170e+01,4.729237e-02,C,3.809613e-03,1.333333e-01,0.3802%,4.793488e-02,4.309720e-02,6.040882e-05,1.641632e-15,1.328080e-10,2.324082e-05,4.548300e-07,0.000000e+00,0.000000e+00,1.550633e-18,0.000000e+00,0.000000e+00,0.000000e+00,0.000000e+00,0.000000e+00,0.000000e+00,2.983459e-18,-1.722020e-32,1.901726e-18,2.180105e-32,2.094253e-23,1.390757e-18,1.960768e-20,-8.352894e-44,-2.820994e-18,-1.410590e-18,-1.901550e-18,-2.697076e-33,-2.094334e-23,-1.390749e-18,-1.960880e-20,-2.692644e-33,0.000000e+00,0.000000e+00,0.000000e+00,0.000000e+00,0.000000e+00,0.000000e+00,0.000000e+00,0.000000e+00,1.624651e-19,1.400432e-19,1.756707e-22,1.910397e-32,-8.118277e-28,8.305427e-24,-1.126457e-24,-2.692644e-33
3404.5268,200.00,287.8639,8.626085e+01,4.647072e-02,C,3.817086e-03,1.333333e-01,0.3810%,4.803675e-02,4.318496e-02,6.051038e-05,1.653964e-15,1.326409e-10,2.324757e-05,4.543356e-07,0.000000e+00,0.000000e+00,1.550633e-18,0.000000e+00,0.000000e+00,0.000000e+00,0.000000e+00,0.000000e+00,0.000000e+00,2.985507e-18,-3.444039e-32,1.904709e-18,2.178206e-32,2.091583e-23,1.393089e-18,1.959927e-20,-7.935250e-43,-2.825643e-18,-1.412915e-18,-1.904534e-18,-2.703334e-33,-2.091664e-23,-1.393081e-18,-1.960039e-20,-2.698868e-33,0.000000e+00,0.000000e+00,0.000000e+00,0.000000e+00,0.000000e+00,0.000000e+00,0.000000e+00,0.000000e+00,1.598638e-19,1.377182e-19,1.748987e-22,1.907873e-32,-8.049751e-28,7.783505e-24,-1.118339e-24,-2.698868e-33
3424.5268,200.00,287.8890,8.644705e+01,4.567141e-02,C,3.824501e-03,1.333333e-01,0.3817%,4.813695e-02,4.327127e-02,6.061027e-05,1.666559e-15,1.324516e-10,2.325411e-05,4.538369e-07,0.000000e+00,0.000000e+00,1.550633e-18,0.000000e+00,0.000000e+00,0.000000e+00,0.000000e+00,0.000000e+00,0.000000e+00,2.987379e-18,0.000000e+00,1.907615e-18,2.175756e-32,2.088561e-23,1.395364e-18,1.958880e-20,1.670579e-43,-2.830173e-18,-1.415180e-18,-1.907441e-18,-2.709461e-33,-2.088641e-23,-1.395356e-18,-1.958991e-20,-2.704950e-33,0.000000e+00,0.000000e+00,0.000000e+00,0.000000e+00,0.000000e+00,0.000000e+00,0.000000e+00,0.000000e+00,1.572062e-19,1.354529e-19,1.740407e-22,1.904810e-32,-7.979375e-28,7.514295e-24,-1.105060e-24,-2.704950e-33
3444.5268,200.00,287.9136,8.662995e+01,4.488410e-02,C,3.831732e-03,1.333333e-01,0.3824%,4.823551e-02,4.335616e-02,6.070868e-05,1.678996e-15,1.323015e-10,2.326079e-05,4.533679e-07,0.000000e+00,0.000000e+00,1.550633e-18,0.000000e+00,0.000000e+00,0.000000e+00,0.000000e+00,0.000000e+00,0.000000e+00,2.989426e-18,0.000000e+00,1.910518e-18,2.174185e-32,2.086161e-23,1.397633e-18,1.958161e-20,2.505868e-43,-2.834642e-18,-1.417415e-18,-1.910354e-18,-2.715084e-33,-2.085744e-23,-1.397600e-18,-1.957988e-20,-2.711013e-33,0.000000e+00,0.000000e+00,0.000000e+00,0.000000e+00,0.000000e+00,0.000000e+00,0.000000e+00,0.000000e+00,1.547840e-19,1.332181e-19,1.643167e-22,1.902677e-32,4.171279e-27,3.321039e-23,1.724245e-24,-2.711013e-33
3464.5268,200.00,287.9380,8.681051e+01,4.410774e-02,C,3.838937e-03,1.333333e-01,0.3832%,4.833245e-02,4.343964e-02,6.080580e-05,1.691266e-15,1.321279e-10,2.326733e-05,4.528929e-07,0.000000e+00,0.000000e+00,1.550633e-18,0.000000e+00,0.000000e+00,0.000000e+00,0.000000e+00,0.000000e+00,0.000000e+00,2.991309e-18,5.740065e-33,1.913355e-18,2.172041e-32,2.083389e-23,1.399854e-18,1.957224e-20,4.176447e-43,-2.839055e-18,-1.419622e-18,-1.913138e-18,-2.721470e-33,-2.082988e-23,-1.399815e-18,-1.957069e-20,-2.716873e-33,0.000000e+00,0.000000e+00,0.000000e+00,0.000000e+00,0.000000e+00,0.000000e+00,0.000000e+00,0.000000e+00,1.522540e-19,1.310112e-19,2.176874e-22,1.899894e-32,4.011110e-27,3.901894e-23,1.547036e-24,-2.716873e-33
3484.5268,200.00,287.9618,8.698746e+01,4.334084e-02,C,3.846066e-03,1.333333e-01,0.3839%,4.842781e-02,4.352173e-02,6.090121e-05,1.703455e-15,1.319319e-10,2.327361e-05,4.524128e-07,0.000000e+00,0.000000e+00,1.550633e-18,0.000000e+00,0.000000e+00,0.000000e+00,0.000000e+00,0.000000e+00,0.000000e+00,2.993001e-18,-1.722020e-32,1.916107e-18,2.169340e-32,2.080262e-23,1.402012e-18,1.956078e-20,5.011737e-43,-2.843420e-18,-1.421805e-18,-1.915983e-18,-2.727436e-33,-2.080324e-23,-1.402006e-18,-1.956166e-20,-2.722795e-33,0.000000e+00,0.000000e+00,0.000000e+00,0.000000e+00,0.000000e+00,0.000000e+00,0.000000e+00,0.000000e+00,1.495804e-19,1.288280e-19,1.239152e-22,1.896596e-32,-6.192156e-28,5.229355e-24,-8.796686e-25,-2.722795e-33
3504.5268,200.00,287.9853,8.716182e+01,4.258708e-02,C,3.853024e-03,1.333333e-01,0.3846%,4.852159e-02,4.360246e-02,6.099516e-05,1.715743e-15,1.317747e-10,2.328004e-05,4.519620e-07,0.000000e+00,0.000000e+00,1.550633e-18,0.000000e+00,0.000000e+00,0.000000e+00,0.000000e+00,0.000000e+00,0.000000e+00,2.994874e-18,0.000000e+00,1.918862e-18,2.167514e-32,2.077751e-23,1.404168e-18,1.955260e-20,-2.088224e-43,-2.847718e-18,-1.423954e-18,-1.918738e-18,2.534086e-34,-2.077813e-23,-1.404163e-18,-1.955347e-20,-2.728563e-33,0.000000e+00,0.000000e+00,0.000000e+00,0.000000e+00,0.000000e+00,0.000000e+00,0.000000e+00,0.000000e+00,1.471568e-19,1.266790e-19,1.238925e-22,2.192855e-32,-6.217254e-28,5.369168e-24,-8.707604e-25,-2.728563e-33
3524.5268,200.00,288.0084,8.733333e+01,4.184465e-02,C,3.859869e-03,1.333333e-01,0.3852%,4.861383e-02,4.368185e-02,6.108799e-05,1.728145e-15,1.316245e-10,2.328644e-05,4.515212e-07,0.000000e+00,0.000000e+00,1.550633e-18,0.000000e+00,0.000000e+00,0.000000e+00,0.000000e+00,0.000000e+00,0.000000e+00,2.996740e-18,1.722020e-32,1.921579e-18,2.165819e-32,2.075345e-23,1.406295e-18,1.954485e-20,-1.252934e-43,-2.851956e-18,-1.426074e-18,-1.921455e-18,-2.738983e-33,-2.075402e-23,-1.406289e-18,-1.954571e-20,-2.734254e-33,0.000000e+00,0.000000e+00,0.000000e+00,0.000000e+00,0.000000e+00,0.000000e+00,0.000000e+00,0.000000e+00,1.447835e-19,1.245592e-19,1.238849e-22,1.891920e-32,-5.701481e-28,5.463050e-24,-8.693858e-25,-2.734254e-33
3544.5268,200.00,288.0312,8.750223e+01,4.112363e-02,C,3.866686e-03,1.333333e-01,0.3859%,4.870455e-02,4.375991e-02,6.117922e-05,1.740514e-15,1.314511e-10,2.329267e-05,4.510750e-07,0.000000e+00,0.000000e+00,1.550633e-18,0.000000e+00,0.000000e+00,0.000000e+00,0.000000e+00,0.000000e+00,0.000000e+00,2.998444e-18,-1.148013e-32,1.924229e-18,2.163562e-32,2.072582e-23,1.408372e-18,1.953503e-20,-4.176447e-43,-2.856078e-18,-1.428135e-18,-1.924050e-18,-2.744489e-33,-2.072658e-23,-1.408359e-18,-1.953606e-20,-2.739751e-33,0.000000e+00,0.000000e+00,0.000000e+00,0.000000e+00,0.000000e+00,0.000000e+00,0.000000e+00,0.000000e+00,1.423654e-19,1.224978e-19,1.795334e-22,1.889113e-32,-7.589276e-28,1.298701e-23,-1.034909e-24,-2.739751e-33
3564.5268,200.00,288.0535,8.766801e+01,4.041128e-02,C,3.873367e-03,1.333333e-01,0.3866%,4.879377e-02,4.383668e-02,6.126896e-05,1.752586e-15,1.312855e-10,2.329881e-05,4.506398e-07,0.000000e+00,0.000000e+00,1.550633e-18,0.000000e+00,0.000000e+00,0.000000e+00,0.000000e+00,0.000000e+00,0.000000e+00,3.000129e-18,0.000000e+00,1.926833e-18,2.161448e-32,2.069938e-23,1.410414e-18,1.952573e-20,-4.176447e-44,-2.860157e-18,-1.430175e-18,-1.926709e-18,-2.750115e-33,-2.069998e-23,-1.410408e-18,-1.952657e-20,-2.745311e-33,0.000000e+00,0.000000e+00,0.000000e+00,0.000000e+00,0.000000e+00,0.000000e+00,0.000000e+00,0.000000e+00,1.399726e-19,1.204583e-19,1.237076e-22,1.886437e-32,-6.055490e-28,6.038132e-24,-8.396618e-25,-2.745311e-33
3584.5268,200.00,288.0755,8.783132e+01,3.970982e-02,C,3.879959e-03,1.333333e-01,0.3872%,4.888151e-02,4.391216e-02,6.135763e-05,1.764910e-15,1.311263e-10,2.330495e-05,4.502144e-07,0.000000e+00,0.000000e+00,1.550633e-18,0.000000e+00,0.000000e+00,0.000000e+00,0.000000e+00,0.000000e+00,0.000000e+00,3.001820e-18,-5.740065e-33,1.929407e-18,2.159460e-32,2.067395e-23,1.412432e-18,1.951687e-20,-1.169405e-42,-2.864178e-18,-1.432186e-18,-1.929238e-18,-2.541687e-33,-2.067470e-23,-1.412426e-18,-1.951789e-20,-2.750667e-33,0.000000e+00,0.000000e+00,0.000000e+00,0.000000e+00,0.000000e+00,0.000000e+00,0.000000e+00,0.000000e+00,1.376424e-19,1.184472e-19,1.695731e-22,1.905291e-32,-7.481901e-28,5.841746e-24,-1.024657e-24,-2.750667e-33
3604.5268,200.00,288.0972,8.799213e+01,3.901940e-02,C,3.886439e-03,1.333333e-01,0.3879%,4.896781e-02,4.398638e-02,6.144457e-05,1.777000e-15,1.309753e-10,2.331104e-05,4.498008e-07,0.000000e+00,0.000000e+00,1.550633e-18,0.000000e+00,0.000000e+00,0.000000e+00,0.000000e+00,0.000000e+00,0.000000e+00,3.003515e-18,-1.148013e-32,1.931946e-18,2.157632e-32,2.064983e-23,1.414422e-18,1.950864e-20,5.429381e-43,-2.868141e-18,-1.434168e-18,-1.931823e-18,-2.760902e-33,-2.065603e-23,-1.414416e-18,-1.950946e-20,-2.756074e-33,0.000000e+00,0.000000e+00,0.000000e+00,0.000000e+00,0.000000e+00,0.000000e+00,0.000000e+00,0.000000e+00,1.353738e-19,1.164651e-19,1.235946e-22,1.881541e-32,-6.201013e-27,6.435532e-24,-8.204571e-25,-2.756074e-33
3624.5268,200.00,288.1185,8.815014e+01,3.833869e-02,C,3.892819e-03,1.333333e-01,0.3885%,4.905267e-02,4.405936e-02,6.153070e-05,1.789387e-15,1.308297e-10,2.331709e-05,4.493953e-07,0.000000e+00,0.000000e+00,1.550633e-18,0.000000e+00,0.000000e+00,0.000000e+00,0.000000e+00,0.000000e+00,0.000000e+00,3.005200e-18,0.000000e+00,1.934451e-18,2.155908e-32,2.062656e-23,1.416386e-18,1.950073e-20,1.252934e-43,-2.872054e-18,-1.436125e-18,-1.934281e-18,-1.359500e-33,-2.062730e-23,-1.416380e-18,-1.950173e-20,-2.761283e-33,0.000000e+00,0.000000e+00,0.000000e+00,0.000000e+00,0.000000e+00,0.000000e+00,0.000000e+00,0.000000e+00,1.331459e-19,1.145084e-19,1.701455e-22,2.019958e-32,-7.351538e-28,6.325439e-24,-1.000371e-24,-2.761283e-33
3644.5268,200.00,288.1395,8.830575e+01,3.766737e-02,C,3.899102e-03,1.333333e-01,0.3892%,4.913612e-02,4.413111e-02,6.161544e-05,1.801508e-15,1.306912e-10,2.332313e-05,4.490003e-07,0.000000e+00,0.000000e+00,1.550633e-18,0.000000e+00,0.000000e+00,0.000000e+00,0.000000e+00,0.000000e+00,0.000000e+00,3.006890e-18,-1.722020e-32,1.936924e-18,2.154324e-32,2.060442e-23,1.418325e-18,1.949335e-20,7.935250e-43,-2.875918e-18,-1.438057e-18,-1.936754e-18,-2.771479e-33,-2.060515e-23,-1.418318e-18,-1.949435e-20,-2.766490e-33,0.000000e+00,0.000000e+00,0.000000e+00,0.000000e+00,0.000000e+00,0.000000e+00,0.000000e+00,0.000000e+00,1.309724e-19,1.125761e-19,1.699779e-22,1.877176e-32,-7.302011e-28,6.526716e-24,-9.990685e-25,-2.766490e-33
3664.5268,200.00,288.1601,8.845864e+01,3.701634e-02,C,3.905344e-03,1.333333e-01,0.3898%,4.921818e-02,4.420166e-02,6.169851e-05,1.814210e-15,1.305299e-10,2.332895e-05,4.485992e-07,0.000000e+00,0.000000e+00,1.550633e-18,0.000000e+00,0.000000e+00,0.000000e+00,0.000000e+00,0.000000e+00,0.000000e+00,3.008407e-18,1.722020e-32,1.939326e-18,2.152169e-32,2.057868e-23,1.420211e-18,1.948389e-20,-2.923513e-43,-2.879670e-18,-1.439933e-18,-1.939202e-18,-2.776168e-33,-2.057925e-23,-1.420204e-18,-1.948468e-20,-2.771635e-33,0.000000e+00,0.000000e+00,0.000000e+00,0.000000e+00,0.000000e+00,0.000000e+00,0.000000e+00,0.000000e+00,1.287371e-19,1.106998e-19,1.238642e-22,1.874552e-32,-5.687017e-28,7.335815e-24,-7.925236e-25,-2.771635e-33
3684.5268,200.00,288.1803,8.860879e+01,3.636682e-02,C,3.911396e-03,1.333333e-01,0.3904%,4.929888e-02,4.427103e-02,6.178036e-05,1.826585e-15,1.304055e-10,2.333486e-05,4.482246e-07,0.000000e+00,0.000000e+00,1.550633e-18,0.000000e+00,0.000000e+00,0.000000e+00,0.000000e+00,0.000000e+00,0.000000e+00,3.010084e-18,3.444039e-32,1.941724e-18,2.150860e-32,2.055877e-23,1.422090e-18,1.947755e-20,2.505868e-43,-2.883417e-18,-1.441807e-18,-1.941600e-18,-2.778207e-33,-2.056144e-23,-1.422083e-18,-1.947834e-20,-2.776687e-33,0.000000e+00,0.000000e+00,0.000000e+00,0.000000e+00,0.000000e+00,0.000000e+00,0.000000e+00,0.000000e+00,1.266665e-19,1.088255e-19,1.232483e-22,1.873040e-32,-2.660965e-27,6.863764e-24,-7.943659e-25,-2.776687e-33
3704.5268,200.00,288.2002,8.875659e+01,3.573544e-02,C,3.917430e-03,1.333333e-01,0.3910%,4.937823e-02,4.433923e-02,6.186089e-05,1.838525e-15,1.302573e-10,2.334058e-05,4.478426e-07,0.000000e+00,0.000000e+00,1.550633e-18,0.000000e+00,0.000000e+00,0.000000e+00,0.000000e+00,0.000000e+00,0.000000e+00,3.011593e-18,0.000000e+00,1.944057e-18,2.148958e-32,2.053510e-23,1.423922e-18,1.946902e-20,4.594092e-43,-2.887065e-18,-1.443632e-18,-1.943934e-18,-2.786331e-33,-2.053566e-23,-1.423915e-18,-1.946980e-20,-2.781626e-33,0.000000e+00,0.000000e+00,0.000000e+00,0.000000e+00,0.000000e+00,0.000000e+00,0.000000e+00,0.000000e+00,1.245278e-19,1.070013e-19,1.229171e-22,1.870325e-32,-5.572214e-28,6.898184e-24,-7.785824e-25,-2.781626e-33
3724.5268,200.00,288.2198,8.890207e+01,3.511301e-02,C,3.923369e-03,1.333333e-01,0.3916%,4.945626e-02,4.440628e-02,6.194031e-05,1.851382e-15,1.301150e-10,2.334627e-05,4.474693e-07,0.000000e+00,0.000000e+00,1.550633e-18,0.000000e+00,0.000000e+00,0.000000e+00,0.000000e+00,0.000000e+00,0.000000e+00,3.013099e-18,-5.740065e-33,1.946358e-18,2.147173e-32,2.051237e-23,1.425729e-18,1.946091e-20,-4.594092e-43,-2.890665e-18,-1.445432e-18,-1.946284e-18,-2.791504e-33,-2.051277e-23,-1.425723e-18,-1.946149e-20,-2.786564e-33,0.000000e+00,0.000000e+00,0.000000e+00,0.000000e+00,0.000000e+00,0.000000e+00,0.000000e+00,0.000000e+00,1.224338e-19,1.052008e-19,7.470647e-23,1.868022e-32,-3.962241e-28,6.081533e-24,-5.777881e-25,-2.786564e-33
3744.5268,200.00,288.2391,8.904519e+01,3.450076e-02,C,3.929205e-03,1.333333e-01,0.3921%,4.953298e-02,4.447220e-02,6.201861e-05,1.863287e-15,1.299785e-10,2.335191e-05,4.471046e-07,0.000000e+00,0.000000e+00,1.550633e-18,0.000000e+00,0.000000e+00,0.000000e+00,0.000000e+00,0.000000e+00,0.000000e+00,3.014598e-18,1.722020e-32,1.948626e-18,2.145501e-32,2.049057e-23,1.427510e-18,1.945321e-20,3.758802e-43,-2.894211e-18,-1.447205e-18,-1.948504e-18,-2.490141e-33,-2.049112e-23,-1.427503e-18,-1.945397e-20,-2.791299e-33,0.000000e+00,0.000000e+00,0.000000e+00,0.000000e+00,0.000000e+00,0.000000e+00,0.000000e+00,0.000000e+00,1.203873e-19,1.034277e-19,1.222472e-22,1.896486e-32,-5.490582e-28,6.703297e-24,-7.586864e-25,-2.791299e-33
3764.5268,200.00,288.2581,8.918602e+01,3.389742e-02,C,3.934947e-03,1.333333e-01,0.3927%,4.960842e-02,4.453701e-02,6.209550e-05,1.875515e-15,1.298488e-10,2.335751e-05,4.467495e-07,0.000000e+00,0.000000e+00,1.550633e-18,0.000000e+00,0.000000e+00,0.000000e+00,0.000000e+00,0.000000e+00,0.000000e+00,3.016102e-18,0.000000e+00,1.950864e-18,2.143961e-32,2.046984e-23,1.429267e-18,1.944602e-20,-6.264671e-43,-2.897709e-18,-1.448955e-18,-1.950788e-18,-2.801350e-33,-2.047023e-23,-1.429259e-18,-1.944659e-20,-2.796101e-33,0.000000e+00,0.000000e+00,0.000000e+00,0.000000e+00,0.000000e+00,0.000000e+00,0.000000e+00,0.000000e+00,1.183927e-19,1.016783e-19,7.565678e-23,1.863826e-32,-3.837148e-28,7.504166e-24,-5.672596e-25,-2.796101e-33
3784.5268,200.00,288.2767,8.932426e+01,3.331387e-02,C,3.940590e-03,1.333333e-01,0.3933%,4.968259e-02,4.460073e-02,6.217155e-05,1.887484e-15,1.297239e-10,2.336306e-05,4.464018e-07,0.000000e+00,0.000000e+00,1.550633e-18,0.000000e+00,0.000000e+00,0.000000e+00,0.000000e+00,0.000000e+00,0.000000e+00,3.017592e-18,2.296026e-32,1.953067e-18,2.142515e-32,2.044988e-23,1.430997e-18,1.943914e-20,-1.670579e-43,-2.901096e-18,-1.450649e-18,-1.952905e-18,-2.593285e-33,-2.044739e-23,-1.430962e-18,-1.943727e-20,-2.800646e-33,0.000000e+00,0.000000e+00,0.000000e+00,0.000000e+00,0.000000e+00,0.000000e+00,0.000000e+00,0.000000e+00,1.164957e-19,9.998429e-20,1.621723e-22,1.883187e-32,2.492025e-27,3.529193e-23,1.866684e-24,-2.800646e-33
3804.5268,200.00,288.2951,8.946052e+01,3.272585e-02,C,3.946223e-03,1.333333e-01,0.3938%,4.975552e-02,4.466337e-02,6.224602e-05,1.899623e-15,1.295759e-10,2.336842e-05,4.460471e-07,0.000000e+00,0.000000e+00,1.550633e-18,0.000000e+00,0.000000e+00,0.000000e+00,0.000000e+00,0.000000e+00,0.000000e+00,3.018923e-18,1.148013e-32,1.955211e-18,2.140488e-32,2.042626e-23,1.432683e-18,1.943017e-20,2.505868e-43,-2.904513e-18,-1.452358e-18,-1.955089e-18,-2.810599e-33,-2.042679e-23,-1.432676e-18,-1.943091e-20,-2.805265e-33,0.000000e+00,0.000000e+00,0.000000e+00,0.000000e+00,0.000000e+00,0.000000e+00,0.000000e+00,0.000000e+00,1.144098e-19,9.827541e-20,1.210588e-22,1.859429e-32,-5.276639e-28,6.724460e-24,-7.419938e-25,-2.805265e-33
3824.5268,200.00,288.3131,8.959423e+01,3.214901e-02,C,3.951676e-03,1.333333e-01,0.3944%,4.982723e-02,4.472495e-02,6.231955e-05,1.911600e-15,1.294637e-10,2.337388e-05,4.457170e-07,0.000000e+00,0.000000e+00,1.550633e-18,0.000000e+00,0.000000e+00,0.000000e+00,0.000000e+00,0.000000e+00,0.000000e+00,3.020413e-18,1.148013e-32,1.957354e-18,2.139283e-32,2.040824e-23,1.434365e-18,1.942419e-20,1.670579e-43,-2.907869e-18,-1.454036e-18,-1.957234e-18,-2.815182e-33,-2.040870e-23,-1.434360e-18,-1.942493e-20,-2.809805e-33,0.000000e+00,0.000000e+00,0.000000e+00,0.000000e+00,0.000000e+00,0.000000e+00,0.000000e+00,0.000000e+00,1.125436e-19,9.659711e-20,1.195173e-22,1.857764e-32,-4.575860e-28,5.419262e-24,-7.354593e-25,-2.809805e-33
3844.5268,200.00,288.3308,8.972571e+01,3.159177e-02,C,3.957097e-03,1.333333e-01,0.3949%,4.989773e-02,4.478548e-02,6.239143e-05,1.923795e-15,1.293275e-10,2.337911e-05,4.453798e-07,0.000000e+00,0.000000e+00,1.550633e-18,0.000000e+00,0.000000e+00,0.000000e+00,0.000000e+00,0.000000e+00,0.000000e+00,3.021728e-18,0.000000e+00,1.959427e-18,2.137493e-32,2.038656e-23,1.435996e-18,1.941613e-20,-2.505868e-43,-2.911115e-18,-1.455659e-18,-1.959355e-18,-2.819226e-33,-2.038983e-23,-1.435990e-18,-1.941667e-20,-2.814288e-33,0.000000e+00,0.000000e+00,0.000000e+00,0.000000e+00,0.000000e+00,0.000000e+00,0.000000e+00,0.000000e+00,1.106132e-19,9.497406e-20,7.246743e-23,1.855571e-32,-3.267975e-27,5.772387e-24,-5.336015e-25,-2.814288e-33
3864.5268,200.00,288.3483,8.985532e+01,3.104308e-02,C,3.962454e-03,1.333333e-01,0.3955%,4.996704e-02,4.484499e-02,6.246285e-05,1.935812e-15,1.292037e-10,2.338434e-05,4.450481e-07,0.000000e+00,0.000000e+00,1.550633e-18,0.000000e+00,0.000000e+00,0.000000e+00,0.000000e+00,0.000000e+00,0.000000e+00,3.023043e-18,1.722020e-32,1.961479e-18,2.135775e-32,2.036546e-23,1.437610e-18,1.940826e-20,3.341158e-43,-2.914314e-18,-1.457259e-18,-1.961303e-18,-2.823970e-33,-2.036482e-23,-1.437597e-18,-1.940916e-20,-2.818510e-33,0.000000e+00,0.000000e+00,0.000000e+00,0.000000e+00,0.000000e+00,0.000000e+00,0.000000e+00,0.000000e+00,1.087287e-19,9.337422e-20,1.758259e-22,1.853378e-32,6.386994e-28,1.306905e-23,-9.000698e-25,-2.818510e-33
3884.5268,200.00,288.3654,8.998240e+01,3.050024e-02,C,3.967693e-03,1.333333e-01,0.3960%,5.003518e-02,4.490349e-02,6.253250e-05,1.947732e-15,1.290707e-10,2.338947e-05,4.447268e-07,0.000000e+00,0.000000e+00,1.550633e-18,0.000000e+00,0.000000e+00,0.000000e+00,0.000000e+00,0.000000e+00,0.000000e+00,3.024351e-18,1.722020e-32,1.963493e-18,2.134200e-32,2.034553e-23,1.439194e-18,1.940100e-20,-4.594092e-43,-2.917482e-18,-1.458843e-18,-1.963421e-18,-2.061249e-33,-2.034589e-23,-1.439188e-18,-1.940152e-20,-2.822948e-33,0.000000e+00,0.000000e+00,0.000000e+00,0.000000e+00,0.000000e+00,0.000000e+00,0.000000e+00,0.000000e+00,1.068692e-19,9.178974e-20,7.206393e-23,1.928076e-32,-3.608206e-28,5.776657e-24,-5.119941e-25,-2.822948e-33
3904.5268,200.00,288.3823,9.010767e+01,2.996818e-02,C,3.972872e-03,1.333333e-01,0.3965%,5.010218e-02,4.496100e-02,6.260170e-05,1.959517e-15,1.289494e-10,2.339461e-05,4.444109e-07,0.000000e+00,0.000000e+00,1.550633e-18,0.000000e+00,0.000000e+00,0.000000e+00,0.000000e+00,0.000000e+00,0.000000e+00,3.025661e-18,-2.870033e-32,1.965487e-18,2.132694e-32,2.032616e-23,1.440762e-18,1.939393e-20,-1.169405e-42,-2.920591e-18,-1.460398e-18,-1.965311e-18,-1.422377e-33,-2.032683e-23,-1.440749e-18,-1.939482e-20,-2.827045e-33,0.000000e+00,0.000000e+00,0.000000e+00,0.000000e+00,0.000000e+00,0.000000e+00,0.000000e+00,0.000000e+00,1.050705e-19,9.023511e-20,1.758369e-22,1.990457e-32,-6.679948e-28,1.343551e-23,-8.849029e-25,-2.827045e-33
3924.5268,200.00,288.3989,9.023078e+01,2.944176e-02,C,3.977937e-03,1.333333e-01,0.3970%,5.016805e-02,4.501752e-02,6.266944e-05,1.971677e-15,1.288345e-10,2.339965e-05,4.441039e-07,0.000000e+00,0.000000e+00,1.550633e-18,0.000000e+00,0.000000e+00,0.000000e+00,0.000000e+00,0.000000e+00,0.000000e+00,3.026960e-18,-1.148013e-32,1.967444e-18,2.131312e-32,2.030779e-23,1.442301e-18,1.938736e-20,-4.176447e-43,-2.923670e-18,-1.461938e-18,-1.967324e-18,-2.836861e-33,-2.030830e-23,-1.442295e-18,-1.938805e-20,-2.831295e-33,0.000000e+00,0.000000e+00,0.000000e+00,0.000000e+00,0.000000e+00,0.000000e+00,0.000000e+00,0.000000e+00,1.032906e-19,8.869538e-20,1.195791e-22,1.847626e-32,-5.125231e-28,6.633047e-24,-6.958200e-25,-2.831295e-33
3944.5268,200.00,288.4152,9.035176e+01,2.892269e-02,C,3.982940e-03,1.333333e-01,0.3975%,5.023280e-02,4.507309e-02,6.273613e-05,1.983510e-15,1.287248e-10,2.340470e-05,4.438046e-07,0.000000e+00,0.000000e+00,1.550633e-18,0.000000e+00,0.000000e+00,0.000000e+00,0.000000e+00,0.000000e+00,0.000000e+00,3.028274e-18,2.296026e-32,1.969383e-18,2.130034e-32,2.029026e-23,1.443826e-18,1.938119e-20,-5.429381e-43,-2.926709e-18,-1.463457e-18,-1.969312e-18,4.448820e-34,-2.029324e-23,-1.443820e-18,-1.938169e-20,-2.835488e-33,0.000000e+00,0.000000e+00,0.000000e+00,0.000000e+00,0.000000e+00,0.000000e+00,0.000000e+00,0.000000e+00,1.015649e-19,8.717560e-20,7.116256e-23,2.174522e-32,-2.978933e-27,5.635894e-24,-5.050478e-25,-2.835488e-33
3964.5268,200.00,288.4312,9.047059e+01,2.841484e-02,C,3.987830e-03,1.333333e-01,0.3980%,5.029645e-02,4.512771e-02,6.280165e-05,1.995222e-15,1.286206e-10,2.340964e-05,4.435128e-07,0.000000e+00,0.000000e+00,1.550633e-18,0.000000e+00,0.000000e+00,0.000000e+00,0.000000e+00,0.000000e+00,0.000000e+00,3.029568e-18,2.296026e-32,1.971284e-18,2.128859e-32,2.027358e-23,1.445320e-18,1.937540e-20,-1.670579e-43,-2.929685e-18,-1.464946e-18,-1.971212e-18,-2.845207e-33,-2.027392e-23,-1.445314e-18,-1.937589e-20,-2.839537e-33,0.000000e+00,0.000000e+00,0.000000e+00,0.000000e+00,0.000000e+00,0.000000e+00,0.000000e+00,0.000000e+00,9.988336e-20,8.568718e-20,7.210027e-23,1.844338e-32,-3.483931e-28,6.710853e-24,-4.934910e-25,-2.839537e-33
3984.5268,200.00,288.4470,9.058769e+01,2.792239e-02,C,3.992664e-03,1.333333e-01,0.3985%,5.035903e-02,4.518140e-02,6.286644e-05,2.007195e-15,1.285263e-10,2.341459e-05,4.432273e-07,0.000000e+00,0.000000e+00,1.550633e-18,0.000000e+00,0.000000e+00,0.000000e+00,0.000000e+00,0.000000e+00,0.000000e+00,3.030873e-18,-5.740065e-33,1.973168e-18,2.127768e-32,2.025757e-23,1.446802e-18,1.936991e-20,7.517605e-43,-2.932574e-18,-1.466390e-18,-1.973055e-18,-2.849196e-33,-2.025231e-23,-1.446766e-18,-1.936780e-20,-2.843485e-33,0.000000e+00,0.000000e+00,0.000000e+00,0.000000e+00,0.000000e+00,0.000000e+00,0.000000e+00,0.000000e+00,9.829930e-20,8.424249e-20,1.131879e-22,1.842848e-32,5.257604e-27,3.570452e-23,2.119034e-24,-2.843485e-33
4004.5268,200.00,288.4625,9.070266e+01,2.742705e-02,C,3.997473e-03,1.333333e-01,0.3989%,5.042055e-02,4.523417e-02,6.293015e-05,2.019265e-15,1.283951e-10,2.341930e-05,4.429314e-07,0.000000e+00,0.000000e+00,1.550633e-18,0.000000e+00,0.000000e+00,0.000000e+00,0.000000e+00,0.000000e+00,0.000000e+00,3.031986e-18,1.722020e-32,1.974981e-18,2.126048e-32,2.023754e-23,1.448231e-18,1.936210e-20,-1.670579e-43,-2.935482e-18,-1.467845e-18,-1.974863e-18,-2.791834e-33,-2.023803e-23,-1.448225e-18,-1.936277e-20,-2.847368e-33,0.000000e+00,0.000000e+00,0.000000e+00,0.000000e+00,0.000000e+00,0.000000e+00,0.000000e+00,0.000000e+00,9.650416e-20,8.278793e-20,1.180503e-22,1.846864e-32,-4.846312e-28,5.867425e-24,-6.703482e-25,-2.847368e-33
4024.5268,200.00,288.4777,9.081562e+01,2.695193e-02,C,4.002179e-03,1.333333e-01,0.3994%,5.048102e-02,4.528604e-02,6.299212e-05,2.031048e-15,1.282767e-10,2.342393e-05,4.426453e-07,0.000000e+00,0.000000e+00,1.550633e-18,0.000000e+00,0.000000e+00,0.000000e+00,0.000000e+00,0.000000e+00,0.000000e+00,3.033102e-18,0.000000e+00,1.976764e-18,2.124463e-32,2.021865e-23,1.449635e-18,1.935489e-20,1.252934e-43,-2.938275e-18,-1.469241e-18,-1.976692e-18,-2.857052e-33,-2.021899e-23,-1.449628e-18,-1.935536e-20,-2.851255e-33,0.000000e+00,0.000000e+00,0.000000e+00,0.000000e+00,0.000000e+00,0.000000e+00,0.000000e+00,0.000000e+00,9.482732e-20,8.139144e-20,7.133246e-23,1.838758e-32,-3.356103e-28,6.870153e-24,-4.729950e-25,-2.851255e-33
4044.5268,200.00,288.4927,9.092685e+01,2.647094e-02,C,4.006767e-03,1.333333e-01,0.3999%,5.054047e-02,4.533702e-02,6.305391e-05,2.043213e-15,1.281910e-10,2.342874e-05,4.423804e-07,0.000000e+00,0.000000e+00,1.550633e-18,0.000000e+00,0.000000e+00,0.000000e+00,0.000000e+00,0.000000e+00,0.000000e+00,3.034398e-18,1.148013e-32,1.978568e-18,2.123655e-32,2.020492e-23,1.451053e-18,1.935046e-20,-6.682315e-43,-2.941104e-18,-1.470657e-18,-1.978498e-18,-2.860932e-33,-2.020525e-23,-1.451047e-18,-1.935093e-20,-2.855093e-33,0.000000e+00,0.000000e+00,0.000000e+00,0.000000e+00,0.000000e+00,0.000000e+00,0.000000e+00,0.000000e+00,9.329414e-20,7.997638e-20,7.070843e-23,1.837562e-32,-3.316298e-28,6.337195e-24,-4.712257e-25,-2.855093e-33
4064.5268,200.00,288.5074,9.103604e+01,2.600788e-02,C,4.011335e-03,1.333333e-01,0.4003%,5.059891e-02,4.538714e-02,6.311463e-05,2.055047e-15,1.280799e-10,2.343332e-05,4.421050e-07,0.000000e+00,0.000000e+00,1.550633e-18,0.000000e+00,0.000000e+00,0.000000e+00,0.000000e+00,0.000000e+00,0.000000e+00,3.035506e-18,2.296026e-32,1.980304e-18,2.122214e-32,2.018718e-23,1.452421e-18,1.934371e-20,-1.670579e-43,-2.943831e-18,-1.472020e-18,-1.980188e-18,-2.856445e-33,-2.018767e-23,-1.452416e-18,-1.934437e-20,-2.858751e-33,0.000000e+00,0.000000e+00,0.000000e+00,0.000000e+00,0.000000e+00,0.000000e+00,0.000000e+00,0.000000e+00,9.167518e-20,7.861281e-20,1.160194e-22,1.836570e-32,-4.899534e-28,4.856474e-24,-6.580516e-25,-2.858751e-33
4084.5268,200.00,288.5219,9.114355e+01,2.555211e-02,C,4.015826e-03,1.333333e-01,0.4008%,5.065635e-02,4.543639e-02,6.317426e-05,2.067319e-15,1.279783e-10,2.343785e-05,4.418368e-07,0.000000e+00,0.000000e+00,1.550633e-18,0.000000e+00,0.000000e+00,0.000000e+00,0.000000e+00,0.000000e+00,0.000000e+00,3.036616e-18,1.148013e-32,1.982017e-18,2.120872e-32,2.017023e-23,1.453770e-18,1.933735e-20,-8.352894e-43,-2.946517e-18,-1.473363e-18,-1.981901e-18,-2.868343e-33,-2.017000e-23,-1.453765e-18,-1.933800e-20,-2.862420e-33,0.000000e+00,0.000000e+00,0.000000e+00,0.000000e+00,0.000000e+00,0.000000e+00,0.000000e+00,0.000000e+00,9.009879e-20,7.726947e-20,1.158237e-22,1.834038e-32,2.237842e-28,4.905863e-24,-6.515944e-25,-2.862420e-33
4104.5268,200.00,288.5362,9.124940e+01,2.510406e-02,C,4.020239e-03,1.333333e-01,0.4012%,5.071281e-02,4.548480e-02,6.323280e-05,2.079189e-15,1.278727e-10,2.344234e-05,4.415755e-07,0.000000e+00,0.000000e+00,1.550633e-18,0.000000e+00,0.000000e+00,0.000000e+00,0.000000e+00,0.000000e+00,0.000000e+00,3.037726e-18,1.722020e-32,1.983705e-18,2.119626e-32,2.015406e-23,1.455100e-18,1.933137e-20,-5.429381e-43,-2.949162e-18,-1.474685e-18,-1.983589e-18,-2.871982e-33,-2.015454e-23,-1.455095e-18,-1.933202e-20,-2.865490e-33,0.000000e+00,0.000000e+00,0.000000e+00,0.000000e+00,0.000000e+00,0.000000e+00,0.000000e+00,0.000000e+00,8.856376e-20,7.594778e-20,1.156801e-22,1.832427e-32,-4.749646e-28,4.937757e-24,-6.461953e-25,-2.865490e-33
4124.5268,200.00,288.5501,9.135293e+01,2.466095e-02,C,4.024554e-03,1.333333e-01,0.4016%,5.076831e-02,4.553238e-02,6.329019e-05,2.091353e-15,1.277765e-10,2.344674e-05,4.413211e-07,0.000000e+00,0.000000e+00,1.550633e-18,0.000000e+00,0.000000e+00,0.000000e+00,0.000000e+00,0.000000e+00,0.000000e+00,3.038823e-18,5.740065e-33,1.985360e-18,2.118476e-32,2.013868e-23,1.456404e-18,1.932577e-20,5.429381e-43,-2.951776e-18,-1.475993e-18,-1.985302e-18,-2.871387e-33,-2.013900e-23,-1.456406e-18,-1.932623e-20,-2.869666e-33,0.000000e+00,0.000000e+00,0.000000e+00,0.000000e+00,0.000000e+00,0.000000e+00,0.000000e+00,0.000000e+00,8.704754e-20,7.463948e-20,5.857661e-23,1.831337e-32,-3.181424e-28,-2.118245e-24,-4.628541e-25,-2.869666e-33
4144.5268,200.00,288.5639,9.145519e+01,2.422790e-02,C,4.028816e-03,1.333333e-01,0.4021%,5.082287e-02,4.557915e-02,6.334685e-05,2.103209e-15,1.276842e-10,2.345114e-05,4.410724e-07,0.000000e+00,0.000000e+00,1.550633e-18,0.000000e+00,0.000000e+00,0.000000e+00,0.000000e+00,0.000000e+00,0.000000e+00,3.039930e-18,1.722020e-32,1.987000e-18,2.117402e-32,2.012392e-23,1.457695e-18,1.932045e-20,4.176447e-43,-2.954335e-18,-1.477273e-18,-1.986933e-18,-2.879225e-33,-2.012423e-23,-1.457690e-18,-1.932090e-20,-2.874194e-33,0.000000e+00,0.000000e+00,0.000000e+00,0.000000e+00,0.000000e+00,0.000000e+00,0.000000e+00,0.000000e+00,8.559515e-20,7.335981e-20,6.785150e-23,1.829479e-32,-3.162032e-28,5.039569e-24,-4.457020e-25,-2.874194e-33
4164.5268,200.00,288.5774,9.155548e+01,2.379919e-02,C,4.033009e-03,1.333333e-01,0.4025%,5.087649e-02,4.562511e-02,6.340303e-05,2.115096e-15,1.275948e-10,2.345549e-05,4.408280e-07,0.000000e+00,0.000000e+00,1.550633e-18,0.000000e+00,0.000000e+00,0.000000e+00,0.000000e+00,0.000000e+00,0.000000e+00,3.041026e-18,5.740065e-33,1.988616e-18,2.116386e-32,2.010961e-23,1.458968e-18,1.931530e-20,7.517605e-43,-2.956870e-18,-1.478541e-18,-1.988500e-18,-2.824251e-33,-2.011007e-23,-1.458963e-18,-1.931593e-20,-2.876554e-33,0.000000e+00,0.000000e+00,0.000000e+00,0.000000e+00,0.000000e+00,0.000000e+00,0.000000e+00,0.000000e+00,8.415625e-20,7.209190e-20,1.159143e-22,1.833961e-32,-4.607268e-28,5.392633e-24,-6.318646e-25,-2.876554e-33
4184.5268,200.00,288.5907,9.165418e+01,2.338756e-02,C,4.037189e-03,1.333333e-01,0.4029%,5.092920e-02,4.567028e-02,6.345755e-05,2.127189e-15,1.274818e-10,2.345962e-05,4.405753e-07,0.000000e+00,0.000000e+00,1.550633e-18,0.000000e+00,0.000000e+00,0.000000e+00,0.000000e+00,0.000000e+00,0.000000e+00,3.041950e-18,2.870033e-32,1.990169e-18,2.114769e-32,2.009159e-23,1.460194e-18,1.930804e-20,4.176447e-43,-2.959306e-18,-1.479759e-18,-1.990100e-18,-1.164459e-33,-2.009189e-23,-1.460188e-18,-1.930847e-20,-2.879971e-33,0.000000e+00,0.000000e+00,0.000000e+00,0.000000e+00,0.000000e+00,0.000000e+00,0.000000e+00,0.000000e+00,8.264380e-20,7.087348e-20,6.866135e-23,1.998323e-32,-3.028101e-28,6.140642e-24,-4.321845e-25,-2.879971e-33
4204.5268,200.00,288.6038,9.175125e+01,2.297215e-02,C,4.041230e-03,1.333333e-01,0.4033%,5.098100e-02,4.571468e-02,6.351184e-05,2.139024e-15,1.274136e-10,2.346387e-05,4.403430e-07,0.000000e+00,0.000000e+00,1.550633e-18,0.000000e+00,0.000000e+00,0.000000e+00,0.000000e+00,0.000000e+00,0.000000e+00,3.043040e-18,0.000000e+00,1.991737e-18,2.113922e-32,2.007864e-23,1.461429e-18,1.930354e-20,-1.085876e-42,-2.961769e-18,-1.480990e-18,-1.991622e-18,-2.889372e-33,-2.007709e-23,-1.461424e-18,-1.930416e-20,-2.882940e-33,0.000000e+00,0.000000e+00,0.000000e+00,0.000000e+00,0.000000e+00,0.000000e+00,0.000000e+00,0.000000e+00,8.127142e-20,6.964289e-20,1.142522e-22,1.824985e-32,1.555747e-27,4.475725e-24,-6.216563e-25,-2.882940e-33
4224.5268,200.00,288.6166,9.184648e+01,2.257232e-02,C,4.045272e-03,1.333333e-01,0.4037%,5.103192e-02,4.575831e-02,6.356480e-05,2.150690e-15,1.272956e-10,2.346792e-05,4.401012e-07,0.000000e+00,0.000000e+00,1.550633e-18,0.000000e+00,0.000000e+00,0.000000e+00,0.000000e+00,0.000000e+00,0.000000e+00,3.043957e-18,5.740065e-33,1.993244e-18,2.112452e-32,2.006182e-23,1.462619e-18,1.929683e-20,1.252934e-43,-2.964137e-18,-1.482175e-18,-1.993178e-18,-2.892773e-33,-2.006213e-23,-1.462614e-18,-1.929725e-20,-2.886582e-33,0.000000e+00,0.000000e+00,0.000000e+00,0.000000e+00,0.000000e+00,0.000000e+00,0.000000e+00,0.000000e+00,7.982021e-20,6.845752e-20,6.694266e-23,1.823175e-32,-3.017845e-28,5.181214e-24,-4.229811e-25,-2.886582e-33
4244.5268,200.00,288.6293,9.194040e+01,2.216889e-02,C,4.049172e-03,1.333333e-01,0.4041%,5.108197e-02,4.580119e-02,6.361724e-05,2.162353e-15,1.272231e-10,2.347208e-05,4.398808e-07,0.000000e+00,0.000000e+00,1.550633e-18,0.000000e+00,0.000000e+00,0.000000e+00,0.000000e+00,0.000000e+00,0.000000e+00,3.045046e-18,5.740065e-33,1.994768e-18,2.111771e-32,2.005021e-23,1.463819e-18,1.929297e-20,2.088224e-43,-2.966531e-18,-1.483372e-18,-1.994655e-18,-2.896032e-33,-2.005067e-23,-1.463814e-18,-1.929358e-20,-2.889776e-33,0.000000e+00,0.000000e+00,0.000000e+00,0.000000e+00,0.000000e+00,0.000000e+00,0.000000e+00,0.000000e+00,7.851565e-20,6.726053e-20,1.137390e-22,1.822168e-32,-4.526253e-28,4.325433e-24,-6.122916e-25,-2.889776e-33
4264.5268,200.00,288.6417,9.203247e+01,2.178216e-02,C,4.053070e-03,1.333333e-01,0.4045%,5.113115e-02,4.584333e-02,6.366833e-05,2.174305e-15,1.271261e-10,2.347603e-05,4.396506e-07,0.000000e+00,0.000000e+00,1.550633e-18,0.000000e+00,0.000000e+00,0.000000e+00,0.000000e+00,0.000000e+00,0.000000e+00,3.045960e-18,5.740065e-33,1.996231e-18,2.110467e-32,2.003472e-23,1.464973e-18,1.928691e-20,4.176447e-44,-2.968827e-18,-1.484521e-18,-1.996164e-18,-2.330032e-33,-2.003502e-23,-1.464968e-18,-1.928732e-20,-2.892997e-33,0.000000e+00,0.000000e+00,0.000000e+00,0.000000e+00,0.000000e+00,0.000000e+00,0.000000e+00,0.000000e+00,7.713271e-20,6.611219e-20,6.634983e-23,1.877463e-32,-2.963847e-28,4.684418e-24,-4.100106e-25,-2.892997e-33
4284.5268,200.00,288.6539,9.212306e+01,2.140133e-02,C,4.056844e-03,1.333333e-01,0.4049%,5.117950e-02,4.588474e-02,6.371923e-05,2.186680e-15,1.270616e-10,2.348013e-05,4.394409e-07,0.000000e+00,0.000000e+00,1.550633e-18,0.000000e+00,0.000000e+00,0.000000e+00,0.000000e+00,0.000000e+00,0.000000e+00,3.047048e-18,5.740065e-33,1.997715e-18,2.109930e-32,2.002428e-23,1.466141e-18,1.928359e-20,5.011737e-43,-2.971090e-18,-1.485652e-18,-1.997605e-18,-2.808323e-33,-2.001986e-23,-1.466105e-18,-1.928141e-20,-2.896104e-33,0.000000e+00,0.000000e+00,0.000000e+00,0.000000e+00,0.000000e+00,0.000000e+00,0.000000e+00,0.000000e+00,7.595867e-20,6.498056e-20,1.098343e-22,1.829098e-32,4.422413e-27,3.546385e-23,2.186626e-24,-2.896104e-33
4304.5268,200.00,288.6659,9.221207e+01,2.101542e-02,C,4.060606e-03,1.333333e-01,0.4052%,5.122701e-02,4.592544e-02,6.376877e-05,2.198595e-15,1.269712e-10,2.348399e-05,4.392209e-07,0.000000e+00,0.000000e+00,1.550633e-18,0.000000e+00,0.000000e+00,0.000000e+00,0.000000e+00,0.000000e+00,0.000000e+00,3.047954e-18,-5.740065e-33,1.999134e-18,2.108769e-32,2.000993e-23,1.467261e-18,1.927805e-20,-5.011737e-43,-2.973384e-18,-1.486800e-18,-1.999067e-18,-2.905566e-33,-2.001022e-23,-1.467255e-18,-1.927846e-20,-2.899227e-33,0.000000e+00,0.000000e+00,0.000000e+00,0.000000e+00,0.000000e+00,0.000000e+00,0.000000e+00,0.000000e+00,7.456975e-20,6.383294e-20,6.667712e-23,1.818213e-32,-2.914345e-28,5.293157e-24,-4.085458e-25,-2.899227e-33
4324.5268,200.00,288.6777,9.229960e+01,2.064606e-02,C,4.064303e-03,1.333333e-01,0.4056%,5.127371e-02,4.596544e-02,6.381754e-05,2.210379e-15,1.268850e-10,2.348780e-05,4.390061e-07,0.000000e+00,0.000000e+00,1.550633e-18,0.000000e+00,0.000000e+00,0.000000e+00,0.000000e+00,0.000000e+00,0.000000e+00,3.048857e-18,2.296026e-32,2.000532e-18,2.107678e-32,1.999616e-23,1.468364e-18,1.927279e-20,-4.176447e-44,-2.975582e-18,-1.487899e-18,-2.000467e-18,-2.906581e-33,-1.999645e-23,-1.468359e-18,-1.927319e-20,-2.902242e-33,0.000000e+00,0.000000e+00,0.000000e+00,0.000000e+00,0.000000e+00,0.000000e+00,0.000000e+00,0.000000e+00,7.327454e-20,6.273372e-20,6.540960e-23,1.817019e-32,-2.895244e-28,4.490433e-24,-4.048161e-25,-2.902242e-33
4344.5268,200.00,288.6893,9.238563e+01,2.028280e-02,C,4.067937e-03,1.333333e-01,0.4060%,5.131960e-02,4.600474e-02,6.386584e-05,2.222322e-15,1.268014e-10,2.349158e-05,4.387951e-07,0.000000e+00,0.000000e+00,1.550633e-18,0.000000e+00,0.000000e+00,0.000000e+00,0.000000e+00,0.000000e+00,0.000000e+00,3.049751e-18,1.148013e-32,2.001908e-18,2.106638e-32,1.998280e-23,1.469450e-18,1.926767e-20,2.923513e-43,-2.977746e-18,-1.488981e-18,-2.001843e-18,-2.741646e-33,-1.998309e-23,-1.469446e-18,-1.926807e-20,-2.905212e-33,0.000000e+00,0.000000e+00,0.000000e+00,0.000000e+00,0.000000e+00,0.000000e+00,0.000000e+00,0.000000e+00,7.200506e-20,6.165189e-20,6.518429e-23,1.832473e-32,-2.940436e-28,4.539009e-24,-4.007569e-25,-2.905212e-33
4364.5268,200.00,288.7007,9.247019e+01,1.992467e-02,C,4.071507e-03,1.333333e-01,0.4063%,5.136471e-02,4.604337e-02,6.391307e-05,2.234396e-15,1.267223e-10,2.349531e-05,4.385903e-07,0.000000e+00,0.000000e+00,1.550633e-18,0.000000e+00,0.000000e+00,0.000000e+00,0.000000e+00,0.000000e+00,0.000000e+00,3.050650e-18,1.148013e-32,2.003266e-18,2.105686e-32,1.997015e-23,1.470522e-18,1.926293e-20,1.252934e-43,-2.979880e-18,-1.490048e-18,-2.003202e-18,-2.914590e-33,-1.997044e-23,-1.470517e-18,-1.926333e-20,-2.908139e-33,0.000000e+00,0.000000e+00,0.000000e+00,0.000000e+00,0.000000e+00,0.000000e+00,0.000000e+00,0.000000e+00,7.077008e-20,6.058457e-20,6.490557e-23,1.814227e-32,-2.899209e-28,4.395561e-24,-3.962653e-25,-2.908139e-33
4384.5268,200.00,288.7119,9.255332e+01,1.957170e-02,C,4.075017e-03,1.333333e-01,0.4067%,5.140904e-02,4.608133e-02,6.395953e-05,2.246480e-15,1.266467e-10,2.349901e-05,4.383905e-07,0.000000e+00,0.000000e+00,1.550633e-18,0.000000e+00,0.000000e+00,0.000000e+00,0.000000e+00,0.000000e+00,0.000000e+00,3.051549e-18,5.740065e-33,2.004606e-18,2.104803e-32,1.995805e-23,1.471578e-18,1.925846e-20,-4.176447e-44,-2.981985e-18,-1.491101e-18,-2.004541e-18,-2.841960e-33,-1.995833e-23,-1.471574e-18,-1.925885e-20,-2.911022e-33,0.000000e+00,0.000000e+00,0.000000e+00,0.000000e+00,0.000000e+00,0.000000e+00,0.000000e+00,0.000000e+00,6.956427e-20,5.953190e-20,6.461552e-23,1.820607e-32,-2.857471e-28,4.261557e-24,-3.929937e-25,-2.911022e-33
4404.5268,200.00,288.7229,9.263501e+01,1.922408e-02,C,4.078465e-03,1.333333e-01,0.4070%,5.145260e-02,4.611863e-02,6.400523e-05,2.258420e-15,1.265745e-10,2.350266e-05,4.381956e-07,0.000000e+00,0.000000e+00,1.550633e-18,0.000000e+00,0.000000e+00,0.000000e+00,0.000000e+00,0.000000e+00,0.000000e+00,3.052446e-18,1.148013e-32,2.005926e-18,2.103987e-32,1.994650e-23,1.472619e-18,1.925424e-20,2.923513e-43,-2.984059e-18,-1.492138e-18,-2.005862e-18,-2.920374e-33,-1.994677e-23,-1.472615e-18,-1.925463e-20,-2.913863e-33,0.000000e+00,0.000000e+00,0.000000e+00,0.000000e+00,0.000000e+00,0.000000e+00,0.000000e+00,0.000000e+00,6.838676e-20,5.849449e-20,6.408788e-23,1.811949e-32,-2.745220e-28,3.922129e-24,-3.902694e-25,-2.913863e-33
4424.5268,200.00,288.7337,9.271522e+01,1.889303e-02,C,4.081917e-03,1.333333e-01,0.4074%,5.149542e-02,4.615528e-02,6.405020e-05,2.270375e-15,1.264756e-10,2.350609e-05,4.379879e-07,0.000000e+00,0.000000e+00,1.550633e-18,0.000000e+00,0.000000e+00,0.000000e+00,0.000000e+00,0.000000e+00,0.000000e+00,3.053152e-18,0.000000e+00,2.007182e-18,2.102505e-32,1.993073e-23,1.473614e-18,1.924760e-20,8.770539e-43,-2.986036e-18,-1.493127e-18,-2.007118e-18,-2.922744e-33,-1.993363e-23,-1.473610e-18,-1.924798e-20,-2.916599e-33,0.000000e+00,0.000000e+00,0.000000e+00,0.000000e+00,0.000000e+00,0.000000e+00,0.000000e+00,0.000000e+00,6.711555e-20,5.750586e-20,6.432112e-23,1.810231e-32,-2.900637e-27,4.495992e-24,-3.821231e-25,-2.916599e-33
4444.5268,200.00,288.7444,9.279434e+01,1.855616e-02,C,4.085241e-03,1.333333e-01,0.4077%,5.153749e-02,4.619130e-02,6.409437e-05,2.282048e-15,1.264158e-10,2.350966e-05,4.378025e-07,0.000000e+00,0.000000e+00,1.550633e-18,0.000000e+00,0.000000e+00,0.000000e+00,0.000000e+00,0.000000e+00,0.000000e+00,3.054044e-18,1.148013e-32,2.008463e-18,2.101823e-32,1.992027e-23,1.474624e-18,1.924390e-20,-2.088224e-43,-2.988049e-18,-1.494134e-18,-2.008399e-18,-2.926023e-33,-1.991967e-23,-1.474620e-18,-1.924428e-20,-2.919355e-33,0.000000e+00,0.000000e+00,0.000000e+00,0.000000e+00,0.000000e+00,0.000000e+00,0.000000e+00,0.000000e+00,6.599474e-20,5.649917e-20,6.397913e-23,1.809221e-32,5.960230e-28,4.249679e-24,-3.800463e-25,-2.919355e-33
4464.5268,200.00,288.7548,9.287174e+01,1.822643e-02,C,4.088504e-03,1.333333e-01,0.4080%,5.157884e-02,4.622670e-02,6.413807e-05,2.294180e-15,1.263551e-10,2.351318e-05,4.376207e-07,0.000000e+00,0.000000e+00,1.550633e-18,0.000000e+00,0.000000e+00,0.000000e+00,0.000000e+00,0.000000e+00,0.000000e+00,3.054926e-18,1.722020e-32,2.009723e-18,2.101190e-32,1.991017e-23,1.475618e-18,1.924036e-20,-4.176447e-44,-2.990025e-18,-1.495120e-18,-2.009660e-18,-2.928621e-33,-1.991119e-23,-1.475614e-18,-1.924073e-20,-2.921251e-33,0.000000e+00,0.000000e+00,0.000000e+00,0.000000e+00,0.000000e+00,0.000000e+00,0.000000e+00,0.000000e+00,6.490112e-20,5.551319e-20,6.379357e-23,1.808328e-32,-1.019218e-27,4.114569e-24,-3.780092e-25,-2.921251e-33
4484.5268,200.00,288.7651,9.294803e+01,1.790973e-02,C,4.091779e-03,1.333333e-01,0.4083%,5.161947e-02,4.626148e-02,6.418076e-05,2.306199e-15,1.262831e-10,2.351649e-05,4.374271e-07,0.000000e+00,0.000000e+00,1.550633e-18,0.000000e+00,0.000000e+00,0.000000e+00,0.000000e+00,0.000000e+00,0.000000e+00,3.055629e-18,1.148013e-32,2.010925e-18,2.099908e-32,1.989603e-23,1.476569e-18,1.923449e-20,-5.429381e-43,-2.991915e-18,-1.496067e-18,-2.010862e-18,-2.931337e-33,-1.989243e-23,-1.476565e-18,-1.923486e-20,-2.919154e-33,0.000000e+00,0.000000e+00,0.000000e+00,0.000000e+00,0.000000e+00,0.000000e+00,0.000000e+00,0.000000e+00,6.371431e-20,5.456559e-20,6.358696e-23,1.806774e-32,3.598938e-27,4.268568e-24,-3.715039e-25,-2.919154e-33
4504.5268,200.00,288.7752,9.302297e+01,1.758676e-02,C,4.094932e-03,1.333333e-01,0.4087%,5.165941e-02,4.629566e-02,6.422297e-05,2.317834e-15,1.262022e-10,2.351995e-05,4.372545e-07,0.000000e+00,0.000000e+00,1.550633e-18,0.000000e+00,0.000000e+00,0.000000e+00,0.000000e+00,0.000000e+00,0.000000e+00,3.056514e-18,0.000000e+00,2.012152e-18,2.099404e-32,1.988699e-23,1.477536e-18,1.923146e-20,3.341158e-43,-2.993849e-18,-1.497034e-18,-2.012088e-18,-2.934111e-33,-1.988725e-23,-1.477532e-18,-1.923183e-20,-2.927317e-33,0.000000e+00,0.000000e+00,0.000000e+00,0.000000e+00,0.000000e+00,0.000000e+00,0.000000e+00,0.000000e+00,6.266536e-20,5.359861e-20,6.364279e-23,1.805993e-32,-2.596528e-28,4.259532e-24,-3.702561e-25,-2.927317e-33
4524.5268,200.00,288.7851,9.309650e+01,1.728126e-02,C,4.098084e-03,1.333333e-01,0.4090%,5.169865e-02,4.632924e-02,6.426412e-05,2.329908e-15,1.261201e-10,2.352316e-05,4.370702e-07,0.000000e+00,0.000000e+00,1.550633e-18,0.000000e+00,0.000000e+00,0.000000e+00,0.000000e+00,0.000000e+00,0.000000e+00,3.057210e-18,1.148013e-32,2.013315e-18,2.098251e-32,1.987387e-23,1.478456e-18,1.922610e-20,-8.352894e-44,-2.995679e-18,-1.497950e-18,-2.013251e-18,-2.936681e-33,-1.987852e-23,-1.478452e-18,-1.922647e-20,-2.929847e-33,0.000000e+00,0.000000e+00,0.000000e+00,0.000000e+00,0.000000e+00,0.000000e+00,0.000000e+00,0.000000e+00,6.153119e-20,5.268334e-20,6.346429e-23,1.804583e-32,-4.649871e-27,4.387626e-24,-3.645896e-25,-2.929847e-33
4544.5268,200.00,288.7949,9.316911e+01,1.696796e-02,C,4.101136e-03,1.333333e-01,0.4093%,5.173721e-02,4.636224e-02,6.430514e-05,2.341669e-15,1.260693e-10,2.352656e-05,4.369057e-07,0.000000e+00,0.000000e+00,1.550633e-18,0.000000e+00,0.000000e+00,0.000000e+00,0.000000e+00,0.000000e+00,0.000000e+00,3.058094e-18,0.000000e+00,2.014510e-18,2.097857e-32,1.986572e-23,1.479397e-18,1.922348e-20,8.352894e-44,-2.997557e-18,-1.498889e-18,-2.014446e-18,-2.939283e-33,-1.986940e-23,-1.479393e-18,-1.922385e-20,-2.932409e-33,0.000000e+00,0.000000e+00,0.000000e+00,0.000000e+00,0.000000e+00,0.000000e+00,0.000000e+00,0.000000e+00,6.053707e-20,5.174415e-20,6.347275e-23,1.803929e-32,-3.686709e-27,4.303391e-24,-3.703368e-25,-2.932409e-33
4564.5268,200.00,288.8044,9.323987e+01,1.667095e-02,C,4.104183e-03,1.333333e-01,0.4096%,5.177510e-02,4.639467e-02,6.434481e-05,2.353348e-15,1.259937e-10,2.352971e-05,4.367303e-07,0.000000e+00,0.000000e+00,1.550633e-18,0.000000e+00,0.000000e+00,0.000000e+00,0.000000e+00,0.000000e+00,0.000000e+00,3.058794e-18,2.870033e-32,2.015641e-18,2.096832e-32,1.985365e-23,1.480292e-18,1.921864e-20,-6.682315e-43,-2.999338e-18,-1.499780e-18,-2.015579e-18,-2.028117e-33,-1.985403e-23,-1.480288e-18,-1.921900e-20,-2.934867e-33,0.000000e+00,0.000000e+00,0.000000e+00,0.000000e+00,0.000000e+00,0.000000e+00,0.000000e+00,0.000000e+00,5.945523e-20,5.085328e-20,6.253594e-23,1.894020e-32,-3.834976e-28,3.780280e-24,-3.600438e-25,-2.934867e-33
4584.5268,200.00,288.8139,9.331004e+01,1.637960e-02,C,4.107174e-03,1.333333e-01,0.4099%,5.181234e-02,4.642653e-02,6.438402e-05,2.365139e-15,1.259353e-10,2.353281e-05,4.365583e-07,0.000000e+00,0.000000e+00,1.550633e-18,0.000000e+00,0.000000e+00,0.000000e+00,0.000000e+00,0.000000e+00,0.000000e+00,3.059485e-18,2.870033e-32,2.016754e-18,2.095850e-32,1.984193e-23,1.481172e-18,1.921394e-20,5.429381e-43,-3.001087e-18,-1.500654e-18,-2.016691e-18,-2.944217e-33,-1.983982e-23,-1.481168e-18,-1.921430e-20,-2.937173e-33,0.000000e+00,0.000000e+00,0.000000e+00,0.000000e+00,0.000000e+00,0.000000e+00,0.000000e+00,0.000000e+00,5.839723e-20,4.997887e-20,6.320579e-23,1.801429e-32,2.110247e-27,4.498663e-24,-3.546204e-25,-2.937173e-33
4604.5268,200.00,288.8230,9.337820e+01,1.609366e-02,C,4.110094e-03,1.333333e-01,0.4102%,5.184893e-02,4.645784e-02,6.442244e-05,2.376729e-15,1.258502e-10,2.353585e-05,4.363906e-07,0.000000e+00,0.000000e+00,1.550633e-18,0.000000e+00,0.000000e+00,0.000000e+00,0.000000e+00,0.000000e+00,0.000000e+00,3.060166e-18,5.740065e-33,2.017844e-18,2.094930e-32,1.983072e-23,1.482034e-18,1.920949e-20,8.352894e-44,-3.002804e-18,-1.501513e-18,-2.017781e-18,-2.920629e-33,-1.983097e-23,-1.482030e-18,-1.920985e-20,-2.939654e-33,0.000000e+00,0.000000e+00,0.000000e+00,0.000000e+00,0.000000e+00,0.000000e+00,0.000000e+00,0.000000e+00,5.736176e-20,4.912020e-20,6.230317e-23,1.802868e-32,-2.491773e-28,4.202075e-24,-3.567697e-25,-2.939654e-33
4624.5268,200.00,288.8322,9.344608e+01,1.581013e-02,C,4.112987e-03,1.333333e-01,0.4105%,5.188489e-02,4.648860e-02,6.446048e-05,2.388417e-15,1.257822e-10,2.353889e-05,4.362263e-07,0.000000e+00,0.000000e+00,1.550633e-18,0.000000e+00,0.000000e+00,0.000000e+00,0.000000e+00,0.000000e+00,0.000000e+00,3.060855e-18,1.148013e-32,2.018925e-18,2.094054e-32,1.981986e-23,1.482889e-18,1.920520e-20,-2.505868e-43,-3.004507e-18,-1.502365e-18,-2.018863e-18,-2.612555e-33,-1.982083e-23,-1.482886e-18,-1.920554e-20,-2.942001e-33,0.000000e+00,0.000000e+00,0.000000e+00,0.000000e+00,0.000000e+00,0.000000e+00,0.000000e+00,0.000000e+00,5.634751e-20,4.826829e-20,6.214273e-23,1.832799e-32,-9.751428e-28,3.775994e-24,-3.418856e-25,-2.942001e-33
4644.5268,200.00,288.8411,9.351232e+01,1.553085e-02,C,4.115766e-03,1.333333e-01,0.4107%,5.192022e-02,4.651883e-02,6.449805e-05,2.400154e-15,1.257463e-10,2.354209e-05,4.360826e-07,0.000000e+00,0.000000e+00,1.550633e-18,0.000000e+00,0.000000e+00,0.000000e+00,0.000000e+00,0.000000e+00,0.000000e+00,3.061731e-18,2.296026e-32,2.020036e-18,2.093956e-32,1.981407e-23,1.483763e-18,1.920374e-20,-3.341158e-43,-3.006186e-18,-1.503204e-18,-2.019930e-18,-2.934317e-33,-1.980974e-23,-1.483729e-18,-1.920149e-20,-2.944313e-33,0.000000e+00,0.000000e+00,0.000000e+00,0.000000e+00,0.000000e+00,0.000000e+00,0.000000e+00,0.000000e+00,5.554442e-20,4.742867e-20,1.057171e-22,1.800524e-32,4.330097e-27,3.408547e-23,2.247920e-24,-2.944313e-33
4664.5268,200.00,288.8499,9.357755e+01,1.524522e-02,C,4.118555e-03,1.333333e-01,0.4110%,5.195494e-02,4.654853e-02,6.453489e-05,2.412249e-15,1.256835e-10,2.354506e-05,4.359255e-07,0.000000e+00,0.000000e+00,1.550633e-18,0.000000e+00,0.000000e+00,0.000000e+00,0.000000e+00,0.000000e+00,0.000000e+00,3.062414e-18,3.444039e-32,2.021085e-18,2.093185e-32,1.980403e-23,1.484592e-18,1.919984e-20,-2.505868e-43,-3.007904e-18,-1.504063e-18,-2.021023e-18,-2.953673e-33,-1.980429e-23,-1.484589e-18,-1.920019e-20,-2.946659e-33,0.000000e+00,0.000000e+00,0.000000e+00,0.000000e+00,0.000000e+00,0.000000e+00,0.000000e+00,0.000000e+00,5.450975e-20,4.656951e-20,6.136249e-23,1.797818e-32,-2.623660e-28,3.321106e-24,-3.520987e-25,-2.946659e-33
4684.5268,200.00,288.8585,9.364150e+01,1.497438e-02,C,4.121288e-03,1.333333e-01,0.4113%,5.198906e-02,4.657771e-02,6.457098e-05,2.424419e-15,1.256239e-10,2.354798e-05,4.357727e-07,0.000000e+00,0.000000e+00,1.550633e-18,0.000000e+00,0.000000e+00,0.000000e+00,0.000000e+00,0.000000e+00,0.000000e+00,3.063095e-18,2.296026e-32,2.022116e-18,2.092475e-32,1.979449e-23,1.485408e-18,1.919618e-20,-8.352894e-44,-3.009534e-18,-1.504879e-18,-2.022059e-18,-2.407457e-33,-1.979475e-23,-1.485407e-18,-1.919654e-20,-2.948897e-33,0.000000e+00,0.000000e+00,0.000000e+00,0.000000e+00,0.000000e+00,0.000000e+00,0.000000e+00,0.000000e+00,5.356085e-20,4.575438e-20,5.741193e-23,1.851730e-32,-2.607581e-28,3.322941e-25,-3.533853e-25,-2.948897e-33
4704.5268,200.00,288.8670,9.370450e+01,1.471931e-02,C,4.124041e-03,1.333333e-01,0.4116%,5.202258e-02,4.660639e-02,6.460638e-05,2.436417e-15,1.255375e-10,2.355068e-05,4.356067e-07,0.000000e+00,0.000000e+00,1.550633e-18,0.000000e+00,0.000000e+00,0.000000e+00,0.000000e+00,0.000000e+00,0.000000e+00,3.063589e-18,-5.740065e-33,2.023090e-18,2.091091e-32,1.978072e-23,1.486182e-18,1.919010e-20,3.341158e-43,-3.011070e-18,-1.505647e-18,-2.023033e-18,-2.859668e-33,-1.978096e-23,-1.486181e-18,-1.919044e-20,-2.951040e-33,0.000000e+00,0.000000e+00,0.000000e+00,0.000000e+00,0.000000e+00,0.000000e+00,0.000000e+00,0.000000e+00,5.251896e-20,4.498633e-20,5.709171e-23,1.805124e-32,-2.393222e-28,5.094446e-25,-3.394025e-25,-2.951040e-33
4724.5268,200.00,288.8754,9.376656e+01,1.445761e-02,C,4.126692e-03,1.333333e-01,0.4118%,5.205552e-02,4.663456e-02,6.464133e-05,2.448070e-15,1.254830e-10,2.355356e-05,4.354611e-07,0.000000e+00,0.000000e+00,1.550633e-18,0.000000e+00,0.000000e+00,0.000000e+00,0.000000e+00,0.000000e+00,0.000000e+00,3.064276e-18,1.722020e-32,2.024097e-18,2.090482e-32,1.977200e-23,1.486977e-18,1.918684e-20,-1.252934e-43,-3.012646e-18,-1.506435e-18,-2.024035e-18,-2.960449e-33,-1.977224e-23,-1.486973e-18,-1.918717e-20,-2.953211e-33,0.000000e+00,0.000000e+00,0.000000e+00,0.000000e+00,0.000000e+00,0.000000e+00,0.000000e+00,0.000000e+00,5.162944e-20,4.419788e-20,6.273300e-23,1.794437e-32,-2.445896e-28,4.933211e-24,-3.314514e-25,-2.953211e-33
4744.5268,200.00,288.8836,9.382734e+01,1.419948e-02,C,4.129282e-03,1.333333e-01,0.4121%,5.208789e-02,4.666224e-02,6.467552e-05,2.459794e-15,1.254315e-10,2.355638e-05,4.353197e-07,0.000000e+00,0.000000e+00,1.550633e-18,0.000000e+00,0.000000e+00,0.000000e+00,0.000000e+00,0.000000e+00,0.000000e+00,3.064957e-18,1.148013e-32,2.025086e-18,2.089933e-32,1.976375e-23,1.487758e-18,1.918383e-20,8.352894e-44,-3.014202e-18,-1.507213e-18,-2.025023e-18,-2.933855e-33,-1.976399e-23,-1.487753e-18,-1.918416e-20,-2.955350e-33,0.000000e+00,0.000000e+00,0.000000e+00,0.000000e+00,0.000000e+00,0.000000e+00,0.000000e+00,0.000000e+00,5.075483e-20,4.341983e-20,6.243836e-23,1.796547e-32,-2.423461e-28,4.714569e-24,-3.301315e-25,-2.955350e-33
4764.5268,200.00,288.8917,9.388727e+01,1.394690e-02,C,4.131839e-03,1.333333e-01,0.4123%,5.211969e-02,4.668944e-02,6.470961e-05,2.471740e-15,1.253811e-10,2.355919e-05,4.351800e-07,0.000000e+00,0.000000e+00,1.550633e-18,0.000000e+00,0.000000e+00,0.000000e+00,0.000000e+00,0.000000e+00,0.000000e+00,3.065633e-18,0.000000e+00,2.026062e-18,2.089405e-32,1.975568e-23,1.488529e-18,1.918086e-20,-6.264671e-43,-3.015725e-18,-1.507975e-18,-2.025942e-18,-2.192325e-33,-1.975607e-23,-1.488517e-18,-1.918136e-20,-2.957380e-33,0.000000e+00,0.000000e+00,0.000000e+00,0.000000e+00,0.000000e+00,0.000000e+00,0.000000e+00,0.000000e+00,4.990769e-20,4.265808e-20,1.198293e-22,1.870173e-32,-3.926267e-28,1.166754e-23,-5.066764e-25,-2.957380e-33
4784.5268,200.00,288.8995,9.394565e+01,1.369545e-02,C,4.134319e-03,1.333333e-01,0.4126%,5.215094e-02,4.671616e-02,6.474259e-05,2.483207e-15,1.253346e-10,2.356191e-05,4.350457e-07,0.000000e+00,0.000000e+00,1.550633e-18,0.000000e+00,0.000000e+00,0.000000e+00,0.000000e+00,0.000000e+00,0.000000e+00,3.066301e-18,5.740065e-33,2.027015e-18,2.088953e-32,1.974822e-23,1.489281e-18,1.917823e-20,-5.429381e-43,-3.017242e-18,-1.508733e-18,-2.026955e-18,-2.608678e-33,-1.974846e-23,-1.489279e-18,-1.917855e-20,-2.959528e-33,0.000000e+00,0.000000e+00,0.000000e+00,0.000000e+00,0.000000e+00,0.000000e+00,0.000000e+00,0.000000e+00,4.905863e-20,4.189941e-20,6.024423e-23,1.828085e-32,-2.389650e-28,2.798389e-24,-3.236782e-25,-2.959528e-33
4804.5268,200.00,288.9073,9.400340e+01,1.345998e-02,C,4.136840e-03,1.333333e-01,0.4128%,5.218164e-02,4.674241e-02,6.477492e-05,2.494981e-15,1.252613e-10,2.356444e-05,4.348977e-07,0.000000e+00,0.000000e+00,1.550633e-18,0.000000e+00,0.000000e+00,0.000000e+00,0.000000e+00,0.000000e+00,0.000000e+00,3.066793e-18,1.148013e-32,2.027918e-18,2.087826e-32,1.973653e-23,1.489998e-18,1.917317e-20,6.682315e-43,-3.018664e-18,-1.509444e-18,-2.027906e-18,-2.968471e-33,-1.973662e-23,-1.489994e-18,-1.917331e-20,-2.961578e-33,0.000000e+00,0.000000e+00,0.000000e+00,0.000000e+00,0.000000e+00,0.000000e+00,0.000000e+00,0.000000e+00,4.812933e-20,4.118858e-20,1.238772e-23,1.790979e-32,-8.854709e-29,3.896348e-24,-1.339165e-25,-2.961578e-33
4824.5268,200.00,288.9149,9.405992e+01,1.321574e-02,C,4.139242e-03,1.333333e-01,0.4131%,5.221181e-02,4.676821e-02,6.480708e-05,2.507224e-15,1.252187e-10,2.356712e-05,4.347689e-07,0.000000e+00,0.000000e+00,1.550633e-18,0.000000e+00,0.000000e+00,0.000000e+00,0.000000e+00,0.000000e+00,0.000000e+00,3.067459e-18,2.870033e-32,2.028846e-18,2.087455e-32,1.972971e-23,1.490731e-18,1.917082e-20,7.517605e-43,-3.020139e-18,-1.510182e-18,-2.028843e-18,2.632954e-32,-1.972980e-23,-1.490734e-18,-1.917097e-20,-2.963600e-33,0.000000e+00,0.000000e+00,0.000000e+00,0.000000e+00,0.000000e+00,0.000000e+00,0.000000e+00,0.000000e+00,4.732052e-20,4.045093e-20,3.550614e-24,4.720409e-32,-8.708576e-29,-2.971901e-24,-1.415096e-25,-2.963600e-33
4844.5268,200.00,288.9225,9.411603e+01,1.298850e-02,C,4.141691e-03,1.333333e-01,0.4133%,5.224145e-02,4.679355e-02,6.483859e-05,2.518857e-15,1.251494e-10,2.356962e-05,4.346268e-07,0.000000e+00,0.000000e+00,1.550633e-18,0.000000e+00,0.000000e+00,0.000000e+00,0.000000e+00,0.000000e+00,0.000000e+00,3.067952e-18,3.444039e-32,2.029727e-18,2.086404e-32,1.971864e-23,1.491430e-18,1.916605e-20,3.758802e-43,-3.021512e-18,-1.510869e-18,-2.029665e-18,-2.972854e-33,-1.971888e-23,-1.491425e-18,-1.916636e-20,-2.965441e-33,0.000000e+00,0.000000e+00,0.000000e+00,0.000000e+00,0.000000e+00,0.000000e+00,0.000000e+00,0.000000e+00,4.644056e-20,3.976431e-20,6.196274e-23,1.789119e-32,-2.341453e-28,4.932515e-24,-3.145375e-25,-2.965441e-33
4864.5268,200.00,288.9299,9.417073e+01,1.275511e-02,C,4.144013e-03,1.333333e-01,0.4135%,5.227058e-02,4.681845e-02,6.486962e-05,2.530567e-15,1.251116e-10,2.357224e-05,4.345046e-07,0.000000e+00,0.000000e+00,1.550633e-18,0.000000e+00,0.000000e+00,0.000000e+00,0.000000e+00,0.000000e+00,0.000000e+00,3.068622e-18,4.018046e-32,2.030631e-18,2.086130e-32,1.971258e-23,1.492143e-18,1.916409e-20,7.935250e-43,-3.022922e-18,-1.511574e-18,-2.030561e-18,-2.951431e-33,-1.971426e-23,-1.492132e-18,-1.916439e-20,-2.967384e-33,0.000000e+00,0.000000e+00,0.000000e+00,0.000000e+00,0.000000e+00,0.000000e+00,0.000000e+00,0.000000e+00,4.569952e-20,3.905880e-20,7.024149e-23,1.790987e-32,-1.675763e-27,1.128680e-23,-3.059421e-25,-2.967384e-33
4884.5268,200.00,288.9371,9.422443e+01,1.253155e-02,C,4.146360e-03,1.333333e-01,0.4138%,5.229919e-02,4.684291e-02,6.490025e-05,2.542661e-15,1.250462e-10,2.357465e-05,4.343680e-07,0.000000e+00,0.000000e+00,1.550633e-18,0.000000e+00,0.000000e+00,0.000000e+00,0.000000e+00,0.000000e+00,0.000000e+00,3.069096e-18,3.444039e-32,2.031477e-18,2.085156e-32,1.970214e-23,1.492815e-18,1.915958e-20,2.088224e-43,-3.024274e-18,-1.512250e-18,-2.031418e-18,-2.976695e-33,-1.970237e-23,-1.492812e-18,-1.915989e-20,-2.969256e-33,0.000000e+00,0.000000e+00,0.000000e+00,0.000000e+00,0.000000e+00,0.000000e+00,0.000000e+00,0.000000e+00,4.482201e-20,3.838268e-20,5.898809e-23,1.787487e-32,-2.307545e-28,2.905109e-24,-3.142894e-25,-2.969256e-33
4904.5268,200.00,288.9442,9.427714e+01,1.230482e-02,C,4.148585e-03,1.333333e-01,0.4140%,5.232731e-02,4.686695e-02,6.493010e-05,2.554389e-15,1.250132e-10,2.357719e-05,4.342524e-07,0.000000e+00,0.000000e+00,1.550633e-18,0.000000e+00,0.000000e+00,0.000000e+00,0.000000e+00,0.000000e+00,0.000000e+00,3.069759e-18,0.000000e+00,2.032352e-18,2.084975e-32,1.969684e-23,1.493504e-18,1.915800e-20,-8.770539e-43,-3.025646e-18,-1.512936e-18,-2.032290e-18,-2.978739e-33,-1.969706e-23,-1.493500e-18,-1.915831e-20,-2.971140e-33,0.000000e+00,0.000000e+00,0.000000e+00,0.000000e+00,0.000000e+00,0.000000e+00,0.000000e+00,0.000000e+00,4.411236e-20,3.769666e-20,6.180700e-23,1.787102e-32,-2.290488e-28,4.870608e-24,-3.097235e-25,-2.971140e-33
4924.5268,200.00,288.9512,9.432913e+01,1.208875e-02,C,4.150845e-03,1.333333e-01,0.4142%,5.235494e-02,4.689056e-02,6.495928e-05,2.565905e-15,1.249534e-10,2.357953e-05,4.341234e-07,0.000000e+00,0.000000e+00,1.550633e-18,0.000000e+00,0.000000e+00,0.000000e+00,0.000000e+00,0.000000e+00,0.000000e+00,3.070239e-18,2.870033e-32,2.033173e-18,2.084113e-32,1.968729e-23,1.494156e-18,1.915398e-20,8.352894e-44,-3.026954e-18,-1.513590e-18,-2.033169e-18,-2.859880e-33,-1.968737e-23,-1.494158e-18,-1.915410e-20,-2.973020e-33,0.000000e+00,0.000000e+00,0.000000e+00,0.000000e+00,0.000000e+00,0.000000e+00,0.000000e+00,0.000000e+00,4.328458e-20,3.704263e-20,4.560855e-24,1.798125e-32,-7.807598e-29,-1.571787e-24,-1.259377e-25,-2.973020e-33
4944.5268,200.00,288.9580,9.437988e+01,1.186773e-02,C,4.152993e-03,1.333333e-01,0.4144%,5.238208e-02,4.691376e-02,6.498830e-05,2.577996e-15,1.249241e-10,2.358201e-05,4.340133e-07,0.000000e+00,0.000000e+00,1.550633e-18,0.000000e+00,0.000000e+00,0.000000e+00,0.000000e+00,0.000000e+00,0.000000e+00,3.070897e-18,2.296026e-32,2.034023e-18,2.084006e-32,1.968258e-23,1.494826e-18,1.915266e-20,4.176447e-44,-3.028292e-18,-1.514260e-18,-2.034019e-18,-2.981605e-33,-1.968377e-23,-1.494828e-18,-1.915279e-20,-2.974853e-33,0.000000e+00,0.000000e+00,0.000000e+00,0.000000e+00,0.000000e+00,0.000000e+00,0.000000e+00,0.000000e+00,4.260424e-20,3.637330e-20,4.092960e-24,1.785846e-32,-1.192751e-27,-2.055813e-24,-1.270098e-25,-2.974853e-33
4964.5268,200.00,288.9648,9.443012e+01,1.166241e-02,C,4.155177e-03,1.333333e-01,0.4147%,5.240875e-02,4.693656e-02,6.501667e-05,2.589869e-15,1.248681e-10,2.358430e-05,4.338894e-07,0.000000e+00,0.000000e+00,1.550633e-18,0.000000e+00,0.000000e+00,0.000000e+00,0.000000e+00,0.000000e+00,0.000000e+00,3.071373e-18,2.296026e-32,2.034821e-18,2.083220e-32,1.967362e-23,1.495458e-18,1.914892e-20,0.000000e+00,-3.029536e-18,-1.514882e-18,-2.034759e-18,-8.105469e-34,-1.967384e-23,-1.495453e-18,-1.914922e-20,-2.976516e-33,0.000000e+00,0.000000e+00,0.000000e+00,0.000000e+00,0.000000e+00,0.000000e+00,0.000000e+00,0.000000e+00,4.183672e-20,3.575128e-20,6.172114e-23,2.002165e-32,-2.186646e-28,5.154418e-24,-3.043982e-25,-2.976516e-33
4984.5268,200.00,288.9715,9.447961e+01,1.145753e-02,C,4.157328e-03,1.333333e-01,0.4149%,5.243495e-02,4.695895e-02,6.504463e-05,2.601803e-15,1.248138e-10,2.358656e-05,4.337682e-07,0.000000e+00,0.000000e+00,1.550633e-18,0.000000e+00,0.000000e+00,0.000000e+00,0.000000e+00,0.000000e+00,0.000000e+00,3.071850e-18,3.444039e-32,2.035608e-18,2.082469e-32,1.966495e-23,1.496083e-18,1.914530e-20,-4.176447e-43,-3.030778e-18,-1.515503e-18,-2.035547e-18,-2.985996e-33,-1.966518e-23,-1.496077e-18,-1.914560e-20,-2.978237e-33,0.000000e+00,0.000000e+00,0.000000e+00,0.000000e+00,0.000000e+00,0.000000e+00,0.000000e+00,0.000000e+00,4.107212e-20,3.513033e-20,6.179526e-23,1.783870e-32,-2.238627e-28,5.279398e-24,-2.985987e-25,-2.978237e-33
5004.5268,200.00,288.9780,9.452801e+01,1.125540e-02,C,4.159428e-03,1.333333e-01,0.4151%,5.246069e-02,4.698095e-02,6.507215e-05,2.613561e-15,1.247613e-10,2.358878e-05,4.336496e-07,0.000000e+00,0.000000e+00,1.550633e-18,0.000000e+00,0.000000e+00,0.000000e+00,0.000000e+00,0.000000e+00,0.000000e+00,3.072316e-18,5.740065e-33,2.036379e-18,2.081753e-32,1.965658e-23,1.496694e-18,1.914182e-20,-3.341158e-43,-3.032003e-18,-1.516115e-18,-2.036324e-18,-2.734168e-33,-1.965680e-23,-1.496693e-18,-1.914212e-20,-2.979933e-33,0.000000e+00,0.000000e+00,0.000000e+00,0.000000e+00,0.000000e+00,0.000000e+00,0.000000e+00,0.000000e+00,4.031320e-20,3.451749e-20,5.497725e-23,1.808336e-32,-2.220642e-28,1.600536e-25,-3.014904e-25,-2.979933e-33
5024.5268,200.00,288.9844,9.457553e+01,1.104812e-02,C,4.161430e-03,1.333333e-01,0.4153%,5.248598e-02,4.700256e-02,6.509924e-05,2.625076e-15,1.247403e-10,2.359117e-05,4.335509e-07,0.000000e+00,0.000000e+00,1.550633e-18,0.000000e+00,0.000000e+00,0.000000e+00,0.000000e+00,0.000000e+00,0.000000e+00,3.072976e-18,5.740065e-33,2.037185e-18,2.081809e-32,1.965317e-23,1.497328e-18,1.914116e-20,-4.594092e-43,-3.033260e-18,-1.516744e-18,-2.037123e-18,-2.989488e-33,-1.965339e-23,-1.497323e-18,-1.914145e-20,-2.981652e-33,0.000000e+00,0.000000e+00,0.000000e+00,0.000000e+00,0.000000e+00,0.000000e+00,0.000000e+00,0.000000e+00,3.971593e-20,3.388875e-20,6.196369e-23,1.782860e-32,-2.203387e-28,5.365026e-24,-2.966082e-25,-2.981652e-33
5044.5268,200.00,288.9907,9.462223e+01,1.085210e-02,C,4.163451e-03,1.333333e-01,0.4155%,5.251083e-02,4.702380e-02,6.512563e-05,2.637559e-15,1.246923e-10,2.359332e-05,4.334384e-07,0.000000e+00,0.000000e+00,1.550633e-18,0.000000e+00,0.000000e+00,0.000000e+00,0.000000e+00,0.000000e+00,0.000000e+00,3.073443e-18,1.722020e-32,2.037932e-18,2.081185e-32,1.964551e-23,1.497920e-18,1.913805e-20,-1.044112e-42,-3.034451e-18,-1.517339e-18,-2.037927e-18,-2.991152e-33,-1.964558e-23,-1.497921e-18,-1.913816e-20,-2.979260e-33,0.000000e+00,0.000000e+00,0.000000e+00,0.000000e+00,0.000000e+00,0.000000e+00,0.000000e+00,0.000000e+00,3.899183e-20,3.329393e-20,4.875962e-24,1.782070e-32,-6.957485e-29,-9.613784e-25,-1.141127e-25,-2.979260e-33
5064.5268,200.00,288.9969,9.466816e+01,1.066111e-02,C,4.165453e-03,1.333333e-01,0.4157%,5.253524e-02,4.704466e-02,6.515166e-05,2.649576e-15,1.246462e-10,2.359547e-05,4.333284e-07,0.000000e+00,0.000000e+00,1.550633e-18,0.000000e+00,0.000000e+00,0.000000e+00,0.000000e+00,0.000000e+00,0.000000e+00,3.073918e-18,2.870033e-32,2.038674e-18,2.080595e-32,1.963813e-23,1.498508e-18,1.913508e-20,-2.923513e-43,-3.035609e-18,-1.517919e-18,-2.038662e-18,-2.992881e-33,-1.963820e-23,-1.498503e-18,-1.913518e-20,-2.984977e-33,0.000000e+00,0.000000e+00,0.000000e+00,0.000000e+00,0.000000e+00,0.000000e+00,0.000000e+00,0.000000e+00,3.830894e-20,3.271416e-20,1.203083e-23,1.781307e-32,-6.906120e-29,4.706665e-24,-1.045857e-25,-2.984977e-33
5084.5268,200.00,289.0030,9.471332e+01,1.047305e-02,C,4.167405e-03,1.333333e-01,0.4159%,5.255923e-02,4.706515e-02,6.517725e-05,2.661074e-15,1.246017e-10,2.359757e-05,4.332208e-07,0.000000e+00,0.000000e+00,1.550633e-18,0.000000e+00,0.000000e+00,0.000000e+00,0.000000e+00,0.000000e+00,0.000000e+00,3.074383e-18,3.444039e-32,2.039400e-18,2.080039e-32,1.963103e-23,1.499082e-18,1.913223e-20,-9.188184e-43,-3.036751e-18,-1.518490e-18,-2.039337e-18,3.290140e-33,-1.963124e-23,-1.499076e-18,-1.913252e-20,-2.986490e-33,0.000000e+00,0.000000e+00,0.000000e+00,0.000000e+00,0.000000e+00,0.000000e+00,0.000000e+00,0.000000e+00,3.763170e-20,3.214307e-20,6.242417e-23,2.409053e-32,-2.171173e-28,6.040167e-24,-2.881788e-25,-2.986490e-33
5104.5268,200.00,289.0090,9.475775e+01,1.028822e-02,C,4.169325e-03,1.333333e-01,0.4161%,5.258279e-02,4.708529e-02,6.520244e-05,2.672476e-15,1.245590e-10,2.359965e-05,4.331157e-07,0.000000e+00,0.000000e+00,1.550633e-18,0.000000e+00,0.000000e+00,0.000000e+00,0.000000e+00,0.000000e+00,0.000000e+00,3.074847e-18,3.444039e-32,2.040115e-18,2.079516e-32,1.962420e-23,1.499649e-18,1.912952e-20,-3.758802e-43,-3.037874e-18,-1.519051e-18,-2.040049e-18,-2.962114e-33,-1.962442e-23,-1.499640e-18,-1.912981e-20,-2.988047e-33,0.000000e+00,0.000000e+00,0.000000e+00,0.000000e+00,0.000000e+00,0.000000e+00,0.000000e+00,0.000000e+00,3.697360e-20,3.158158e-20,6.610509e-23,1.783305e-32,-2.161489e-28,8.962222e-24,-2.826320e-25,-2.988047e-33
5124.5268,200.00,289.0148,9.480104e+01,1.010542e-02,C,4.171197e-03,1.333333e-01,0.4163%,5.260594e-02,4.710507e-02,6.522719e-05,2.684053e-15,1.246735e-10,2.360168e-05,4.330129e-07,0.000000e+00,0.000000e+00,1.550633e-18,0.000000e+00,0.000000e+00,0.000000e+00,0.000000e+00,0.000000e+00,0.000000e+00,3.075302e-18,2.870033e-32,2.040815e-18,2.079029e-32,1.961765e-23,1.500204e-18,1.912694e-20,-4.176447e-43,-3.038985e-18,-1.519607e-18,-2.040754e-18,-2.997619e-33,-1.959327e-23,-1.500198e-18,-1.912722e-20,-2.989584e-33,0.000000e+00,0.000000e+00,0.000000e+00,0.000000e+00,0.000000e+00,0.000000e+00,0.000000e+00,0.000000e+00,3.631757e-20,3.102606e-20,6.140738e-23,1.779267e-32,2.437892e-26,5.406640e-24,-2.846959e-25,-2.989584e-33
5144.5268,200.00,289.0206,9.484395e+01,9.925206e-03,C,4.173045e-03,1.333333e-01,0.4164%,5.262869e-02,4.712450e-02,6.525157e-05,2.695890e-15,1.244788e-10,2.360370e-05,4.329126e-07,0.000000e+00,0.000000e+00,1.550633e-18,0.000000e+00,0.000000e+00,0.000000e+00,0.000000e+00,0.000000e+00,0.000000e+00,3.075761e-18,2.296026e-32,2.041508e-18,2.078575e-32,1.961136e-23,1.500752e-18,1.912449e-20,8.352894e-44,-3.040080e-18,-1.520155e-18,-2.041447e-18,-2.999244e-33,-1.961157e-23,-1.500747e-18,-1.912477e-20,-2.991105e-33,0.000000e+00,0.000000e+00,0.000000e+00,0.000000e+00,0.000000e+00,0.000000e+00,0.000000e+00,0.000000e+00,3.568091e-20,3.047820e-20,6.106520e-23,1.778651e-32,-2.133430e-28,5.201280e-24,-2.830839e-25,-2.991105e-33
5164.5268,200.00,289.0262,9.488577e+01,9.746459e-03,C,4.174854e-03,1.333333e-01,0.4166%,5.265103e-02,4.714359e-02,6.527523e-05,2.707599e-15,1.244422e-10,2.360569e-05,4.328158e-07,0.000000e+00,0.000000e+00,1.550633e-18,0.000000e+00,0.000000e+00,0.000000e+00,0.000000e+00,0.000000e+00,0.000000e+00,3.076224e-18,3.444039e-32,2.042191e-18,2.078173e-32,1.960550e-23,1.501292e-18,1.912227e-20,-5.011737e-43,-3.041167e-18,-1.520698e-18,-2.042188e-18,-3.000780e-33,-1.960556e-23,-1.501294e-18,-1.912238e-20,-2.992667e-33,0.000000e+00,0.000000e+00,0.000000e+00,0.000000e+00,0.000000e+00,0.000000e+00,0.000000e+00,0.000000e+00,3.505692e-20,2.993460e-20,2.863118e-24,1.778095e-32,-6.169057e-29,-1.789180e-24,-1.083816e-25,-2.992667e-33
5184.5268,200.00,289.0318,9.492722e+01,9.572080e-03,C,4.176637e-03,1.333333e-01,0.4168%,5.267298e-02,4.716235e-02,6.529881e-05,2.719084e-15,1.244063e-10,2.360767e-05,4.327201e-07,0.000000e+00,0.000000e+00,1.550633e-18,0.000000e+00,0.000000e+00,0.000000e+00,0.000000e+00,0.000000e+00,0.000000e+00,3.076681e-18,1.148013e-32,2.042864e-18,2.077786e-32,1.959975e-23,1.501825e-18,1.912008e-20,-2.505868e-43,-3.042228e-18,-1.521229e-18,-2.042860e-18,-2.810357e-33,-1.959985e-23,-1.501826e-18,-1.912019e-20,-2.994132e-33,0.000000e+00,0.000000e+00,0.000000e+00,0.000000e+00,0.000000e+00,0.000000e+00,0.000000e+00,0.000000e+00,3.445365e-20,2.940410e-20,3.316665e-24,1.796750e-32,-9.841891e-29,-1.621550e-24,-1.013659e-25,-2.994132e-33
5204.5268,200.00,289.0373,9.496796e+01,9.401075e-03,C,4.178404e-03,1.333333e-01,0.4170%,5.269455e-02,4.718077e-02,6.532204e-05,2.730953e-15,1.243720e-10,2.360965e-05,4.326269e-07,0.000000e+00,0.000000e+00,1.550633e-18,0.000000e+00,0.000000e+00,0.000000e+00,0.000000e+00,0.000000e+00,0.000000e+00,3.077148e-18,2.296026e-32,2.043533e-18,2.077431e-32,1.959426e-23,1.502354e-18,1.911803e-20,0.000000e+00,-3.043268e-18,-1.521749e-18,-2.043471e-18,2.903002e-32,-1.959447e-23,-1.502348e-18,-1.911831e-20,-2.995499e-33,0.000000e+00,0.000000e+00,0.000000e+00,0.000000e+00,0.000000e+00,0.000000e+00,0.000000e+00,0.000000e+00,3.387985e-20,2.888370e-20,6.187600e-23,4.980433e-32,-2.097852e-28,5.898037e-24,-2.782085e-25,-2.995499e-33
5224.5268,200.00,289.0426,9.500759e+01,9.243899e-03,C,4.180177e-03,1.333333e-01,0.4171%,5.271574e-02,4.719887e-02,6.534452e-05,2.742780e-15,1.243162e-10,2.361136e-05,4.325196e-07,0.000000e+00,0.000000e+00,1.550633e-18,0.000000e+00,0.000000e+00,0.000000e+00,0.000000e+00,0.000000e+00,0.000000e+00,3.077412e-18,5.740065e-33,2.044138e-18,2.076392e-32,1.958452e-23,1.502837e-18,1.911352e-20,2.088224e-43,-3.044231e-18,-1.522228e-18,-2.044133e-18,-3.004971e-33,-1.958373e-23,-1.502837e-18,-1.911362e-20,-2.995899e-33,0.000000e+00,0.000000e+00,0.000000e+00,0.000000e+00,0.000000e+00,0.000000e+00,0.000000e+00,0.000000e+00,3.318048e-20,2.840521e-20,5.096412e-24,1.775895e-32,7.831200e-28,1.330760e-25,-9.271832e-26,-2.995899e-33
5244.5268,200.00,289.0479,9.504675e+01,9.075787e-03,C,4.181853e-03,1.333333e-01,0.4173%,5.273656e-02,4.721665e-02,6.536690e-05,2.754826e-15,1.242799e-10,2.361323e-05,4.324307e-07,0.000000e+00,0.000000e+00,1.550633e-18,0.000000e+00,0.000000e+00,0.000000e+00,0.000000e+00,0.000000e+00,0.000000e+00,3.077859e-18,1.148013e-32,2.044777e-18,2.076106e-32,1.957955e-23,1.503343e-18,1.911172e-20,4.176447e-44,-3.045249e-18,-1.522740e-18,-2.044726e-18,-2.725823e-33,-1.957976e-23,-1.503345e-18,-1.911200e-20,-2.998260e-33,0.000000e+00,0.000000e+00,0.000000e+00,0.000000e+00,0.000000e+00,0.000000e+00,0.000000e+00,0.000000e+00,3.261020e-20,2.789328e-20,5.149772e-23,1.803523e-32,-2.070094e-28,-1.729210e-24,-2.794265e-25,-2.998260e-33
5264.5268,200.00,289.0532,9.508562e+01,8.913136e-03,C,4.183531e-03,1.333333e-01,0.4175%,5.275701e-02,4.723412e-02,6.538897e-05,2.766547e-15,1.242505e-10,2.361515e-05,4.323441e-07,0.000000e+00,0.000000e+00,1.550633e-18,0.000000e+00,0.000000e+00,0.000000e+00,0.000000e+00,0.000000e+00,0.000000e+00,3.078327e-18,1.722020e-32,2.045420e-18,2.075849e-32,1.957484e-23,1.503851e-18,1.911005e-20,3.758802e-43,-3.046240e-18,-1.523235e-18,-2.045354e-18,-2.982417e-33,-1.957505e-23,-1.503842e-18,-1.911032e-20,-2.999630e-33,0.000000e+00,0.000000e+00,0.000000e+00,0.000000e+00,0.000000e+00,0.000000e+00,0.000000e+00,0.000000e+00,3.208715e-20,2.739780e-20,6.592950e-23,1.777608e-32,-2.054038e-28,9.359719e-24,-2.669217e-25,-2.999630e-33
5284.5268,200.00,289.0582,9.512312e+01,8.750077e-03,C,4.185132e-03,1.333333e-01,0.4176%,5.277710e-02,4.725128e-02,6.541022e-05,2.778326e-15,1.242237e-10,2.361696e-05,4.322610e-07,0.000000e+00,0.000000e+00,1.550633e-18,0.000000e+00,0.000000e+00,0.000000e+00,0.000000e+00,0.000000e+00,0.000000e+00,3.078774e-18,4.018046e-32,2.046038e-18,2.075643e-32,1.957054e-23,1.504339e-18,1.910860e-20,1.670579e-43,-3.047233e-18,-1.523732e-18,-2.046035e-18,-3.009412e-33,-1.957060e-23,-1.504340e-18,-1.910870e-20,-3.001055e-33,0.000000e+00,0.000000e+00,0.000000e+00,0.000000e+00,0.000000e+00,0.000000e+00,0.000000e+00,0.000000e+00,3.154042e-20,2.690093e-20,3.672320e-24,1.774701e-32,-5.730913e-29,-9.211875e-25,-9.418777e-26,-3.001055e-33
5304.5268,200.00,289.0632,9.516030e+01,8.601206e-03,C,4.186796e-03,1.333333e-01,0.4178%,5.279683e-02,4.726814e-02,6.543147e-05,2.789919e-15,1.241681e-10,2.361860e-05,4.321616e-07,0.000000e+00,0.000000e+00,1.550633e-18,0.000000e+00,0.000000e+00,0.000000e+00,0.000000e+00,0.000000e+00,0.000000e+00,3.079034e-18,2.296026e-32,2.046609e-18,2.074713e-32,1.956167e-23,1.504795e-18,1.910451e-20,-3.341158e-43,-3.048140e-18,-1.524186e-18,-2.046608e-18,-3.010725e-33,-1.956173e-23,-1.504797e-18,-1.910460e-20,-3.002338e-33,0.000000e+00,0.000000e+00,0.000000e+00,0.000000e+00,0.000000e+00,0.000000e+00,0.000000e+00,0.000000e+00,3.089394e-20,2.644715e-20,9.574436e-25,1.773640e-32,-5.612199e-29,-2.801310e-24,-8.946325e-26,-3.002338e-33
5324.5268,200.00,289.0681,9.519665e+01,8.447077e-03,C,4.188361e-03,1.333333e-01,0.4180%,5.281622e-02,4.728469e-02,6.545231e-05,2.801308e-15,1.241435e-10,2.362040e-05,4.320815e-07,0.000000e+00,0.000000e+00,1.550633e-18,0.000000e+00,0.000000e+00,0.000000e+00,0.000000e+00,0.000000e+00,0.000000e+00,3.079487e-18,2.296026e-32,2.047216e-18,2.074551e-32,1.955772e-23,1.505274e-18,1.910321e-20,-2.505868e-43,-3.049080e-18,-1.524656e-18,-2.047155e-18,-3.011993e-33,-1.955793e-23,-1.505268e-18,-1.910348e-20,-3.003568e-33,0.000000e+00,0.000000e+00,0.000000e+00,0.000000e+00,0.000000e+00,0.000000e+00,0.000000e+00,0.000000e+00,3.040666e-20,2.597720e-20,6.092356e-23,1.773352e-32,-2.030471e-28,5.678037e-24,-2.660380e-25,-3.003568e-33
5344.5268,200.00,289.0730,9.523282e+01,8.292416e-03,C,4.189901e-03,1.333333e-01,0.4181%,5.283527e-02,4.730096e-02,6.547276e-05,2.812901e-15,1.241205e-10,2.362220e-05,4.320039e-07,0.000000e+00,0.000000e+00,1.550633e-18,0.000000e+00,0.000000e+00,0.000000e+00,0.000000e+00,0.000000e+00,0.000000e+00,3.079941e-18,0.000000e+00,2.047816e-18,2.074420e-32,1.955402e-23,1.505747e-18,1.910205e-20,-1.252934e-43,-3.050023e-18,-1.525127e-18,-2.047803e-18,-2.952101e-33,-1.955408e-23,-1.505741e-18,-1.910213e-20,-3.004933e-33,0.000000e+00,0.000000e+00,0.000000e+00,0.000000e+00,0.000000e+00,0.000000e+00,0.000000e+00,0.000000e+00,2.991791e-20,2.550548e-20,1.262095e-23,1.779210e-32,-5.992949e-29,6.142262e-24,-7.843868e-26,-3.004933e-33
5364.5268,200.00,289.0777,9.526787e+01,8.152257e-03,C,4.191466e-03,1.333333e-01,0.4183%,5.285398e-02,4.731694e-02,6.549283e-05,2.824355e-15,1.240696e-10,2.362375e-05,4.319108e-07,0.000000e+00,0.000000e+00,1.550633e-18,0.000000e+00,0.000000e+00,0.000000e+00,0.000000e+00,0.000000e+00,0.000000e+00,3.080195e-18,6.314072e-32,2.048356e-18,2.073584e-32,1.954591e-23,1.506179e-18,1.909833e-20,-3.341158e-43,-3.050878e-18,-1.525555e-18,-2.048294e-18,-3.014569e-33,-1.954611e-23,-1.506172e-18,-1.909859e-20,-3.006067e-33,0.000000e+00,0.000000e+00,0.000000e+00,0.000000e+00,0.000000e+00,0.000000e+00,0.000000e+00,0.000000e+00,2.931624e-20,2.507787e-20,6.169679e-23,1.772127e-32,-2.009072e-28,6.475120e-24,-2.607821e-25,-3.006067e-33
