t_Myr,dt_kyr,T,P_CO2,rel_change,slowest,Da,A_reactive,supply_efficiency,Y_Alkalinity,Y_C,Y_Si,Y_Al,Y_Fe,Y_Ca,Y_Mg,Y_Na,F_out_Alkalinity,F_out_C,F_out_Si,F_out_Al,F_out_Fe,F_out_Ca,F_out_Mg,F_out_Na,F_diss_Alkalinity,F_diss_C,F_diss_Si,F_diss_Al,F_diss_Fe,F_diss_Ca,F_diss_Mg,F_diss_Na,F_prec_Alkalinity,F_prec_C,F_prec_Si,F_prec_Al,F_prec_Fe,F_prec_Ca,F_prec_Mg,F_prec_Na,F_cont_Alkalinity,F_cont_C,F_cont_Si,F_cont_Al,F_cont_Fe,F_cont_Ca,F_cont_Mg,F_cont_Na,F_net_Alkalinity,F_net_C,F_net_Si,F_net_Al,F_net_Fe,F_net_Ca,F_net_Mg,F_net_Na
2.0200,20.00,275.0000,2.849521e-01,1.000000e+00,C,4.147520e-03,1.333333e-01,0.4139%,1.080153e-04,9.898000e-05,3.750564e-05,2.773565e-19,3.646460e-12,3.906319e-05,2.041118e-07,0.000000e+00,0.000000e+00,1.550633e-18,0.000000e+00,0.000000e+00,0.000000e+00,0.000000e+00,0.000000e+00,0.000000e+00,1.740737e-18,2.726531e-32,7.543736e-19,4.469600e-33,4.705800e-24,6.244300e-19,3.292861e-21,-1.252934e-43,-4.720615e-24,-1.873845e-26,-7.166638e-19,-2.130592e-34,-4.705385e-24,-1.322263e-26,-7.020555e-29,-2.144059e-34,0.000000e+00,0.000000e+00,0.000000e+00,0.000000e+00,0.000000e+00,0.000000e+00,0.000000e+00,0.000000e+00,1.740732e-18,1.550633e-18,3.770986e-20,4.256541e-33,4.148694e-28,6.244300e-19,3.292861e-21,-2.144059e-34
4.4200,24.00,275.0000,3.386606e-01,9.999997e-01,Mg,4.094195e-03,1.333333e-01,0.4086%,2.419618e-04,2.165800e-04,3.974907e-05,5.883542e-19,4.179553e-12,8.681324e-05,4.572566e-07,0.000000e+00,0.000000e+00,1.550633e-18,0.000000e+00,0.000000e+00,0.000000e+00,0.000000e+00,0.000000e+00,0.000000e+00,1.791974e-18,7.127313e-27,7.760424e-19,4.522560e-33,4.731401e-24,6.348892e-19,3.384573e-21,1.737402e-40,-4.997213e-24,-2.361912e-25,-7.532422e-19,-5.525163e-34,-4.731254e-24,-9.540043e-26,-5.024526e-28,-5.525220e-34,0.000000e+00,0.000000e+00,0.000000e+00,0.000000e+00,0.000000e+00,0.000000e+00,0.000000e+00,0.000000e+00,1.791969e-18,1.550633e-18,2.280019e-20,3.970044e-33,1.467641e-28,6.348891e-19,3.384572e-21,-5.525218e-34
6.8200,24.00,275.0000,3.924927e-01,9.999993e-01,Mg,4.050066e-03,1.333333e-01,0.4042%,3.795680e-04,3.341800e-04,4.121058e-05,8.810110e-19,4.229269e-12,1.352956e-04,7.169118e-07,0.000000e+00,0.000000e+00,1.550633e-18,0.000000e+00,0.000000e+00,0.000000e+00,0.000000e+00,0.000000e+00,0.000000e+00,1.834467e-18,8.968852e-33,7.947527e-19,4.572384e-33,4.774834e-24,6.430661e-19,3.457578e-21,-3.341158e-43,-5.391704e-24,-5.546336e-25,-7.783652e-19,-8.164460e-34,-4.774181e-24,-2.201269e-25,-1.166360e-27,-8.164466e-34,0.000000e+00,0.000000e+00,0.000000e+00,0.000000e+00,0.000000e+00,0.000000e+00,0.000000e+00,0.000000e+00,1.834461e-18,1.550632e-18,1.638751e-20,3.755938e-33,6.529540e-28,6.430659e-19,3.457577e-21,-8.164466e-34
9.2200,24.00,275.0000,4.439674e-01,9.999989e-01,Mg,4.014665e-03,1.333333e-01,0.4007%,5.200051e-04,4.517799e-04,4.229189e-05,1.159202e-18,4.282023e-12,1.842999e-04,9.812076e-07,0.000000e+00,0.000000e+00,1.550633e-18,0.000000e+00,0.000000e+00,0.000000e+00,0.000000e+00,0.000000e+00,0.000000e+00,1.867405e-18,4.963363e-31,8.101618e-19,4.608092e-33,4.825787e-24,6.488608e-19,3.508687e-21,-1.252934e-43,-5.886149e-24,-9.190817e-25,-7.977154e-19,-1.022741e-33,-4.825351e-24,-3.759779e-25,-2.001614e-27,-1.022750e-33,0.000000e+00,0.000000e+00,0.000000e+00,0.000000e+00,0.000000e+00,0.000000e+00,0.000000e+00,0.000000e+00,1.867399e-18,1.550632e-18,1.244640e-20,3.585352e-33,4.360032e-28,6.488604e-19,3.508685e-21,-1.022750e-33
11.6200,24.00,275.0000,6.717367e-01,9.999978e-01,Mg,3.877801e-03,1.333333e-01,0.3870%,5.977981e-04,5.337191e-04,4.081834e-05,1.406020e-18,4.524596e-12,1.996312e-04,1.264535e-06,0.000000e+00,0.000000e+00,1.550633e-18,0.000000e+00,0.000000e+00,0.000000e+00,0.000000e+00,0.000000e+00,0.000000e+00,2.064398e-18,4.645865e-31,8.820713e-19,5.307357e-33,5.119684e-24,6.955814e-19,3.964523e-21,-2.505868e-43,-1.134135e-18,-5.670656e-19,-8.972173e-19,-1.745507e-33,-5.105004e-24,-5.670644e-19,-4.403997e-27,-1.745499e-33,0.000000e+00,0.000000e+00,0.000000e+00,0.000000e+00,0.000000e+00,0.000000e+00,0.000000e+00,0.000000e+00,9.302632e-19,9.835674e-19,-1.514596e-20,3.561851e-33,1.468085e-26,1.285170e-19,3.964518e-21,-1.745499e-33
14.0200,24.00,275.0000,9.065588e-01,9.999974e-01,Mg,3.785046e-03,1.333333e-01,0.3778%,6.648573e-04,6.035219e-04,3.996704e-05,1.699976e-18,4.800334e-12,2.059996e-04,1.579289e-06,0.000000e+00,0.000000e+00,1.550633e-18,0.000000e+00,0.000000e+00,0.000000e+00,0.000000e+00,0.000000e+00,0.000000e+00,2.215191e-18,4.935021e-30,9.360134e-19,5.923970e-33,5.464002e-24,7.304731e-19,4.310967e-21,2.923513e-43,-1.373224e-18,-6.866102e-19,-9.442052e-19,-1.765840e-33,-5.482212e-24,-6.866086e-19,-5.525783e-27,-1.768170e-33,0.000000e+00,0.000000e+00,0.000000e+00,0.000000e+00,0.000000e+00,0.000000e+00,0.000000e+00,0.000000e+00,8.419668e-19,8.640227e-19,-8.191848e-21,4.158130e-33,-1.820973e-26,4.386453e-20,4.310961e-21,-1.768170e-33
16.4200,24.00,275.0000,1.119033e+00,9.999972e-01,Mg,3.723472e-03,1.333333e-01,0.3717%,7.259339e-04,6.654716e-04,3.949567e-05,2.034323e-18,5.065138e-12,2.067551e-04,1.915677e-06,0.000000e+00,0.000000e+00,1.550633e-18,0.000000e+00,0.000000e+00,0.000000e+00,0.000000e+00,0.000000e+00,0.000000e+00,2.323655e-18,4.305049e-33,9.744779e-19,6.414438e-33,5.773202e-24,7.554351e-19,4.540355e-21,-8.352894e-44,-1.551052e-18,-7.755239e-19,-9.791253e-19,-1.785652e-33,-5.806342e-24,-7.755203e-19,-6.424622e-27,-1.804336e-33,0.000000e+00,0.000000e+00,0.000000e+00,0.000000e+00,0.000000e+00,0.000000e+00,0.000000e+00,0.000000e+00,7.726023e-19,7.751090e-19,-4.647378e-21,4.628786e-33,-3.314010e-26,-2.008523e-20,4.540348e-21,-1.804336e-33
18.8200,24.00,275.0000,1.301546e+00,9.999965e-01,Mg,3.681327e-03,1.333333e-01,0.3675%,7.824965e-04,7.216559e-04,3.923143e-05,2.400881e-18,5.270574e-12,2.033682e-04,2.265782e-06,0.000000e+00,0.000000e+00,1.550633e-18,0.000000e+00,0.000000e+00,0.000000e+00,0.000000e+00,0.000000e+00,0.000000e+00,2.402107e-18,3.228787e-33,1.002298e-18,6.795603e-33,6.028094e-24,7.737360e-19,4.677002e-21,7.099960e-43,-1.679843e-18,-8.399199e-19,-1.004860e-18,-1.786246e-33,-6.021427e-24,-8.399180e-19,-8.081811e-27,-1.786244e-33,0.000000e+00,0.000000e+00,0.000000e+00,0.000000e+00,0.000000e+00,0.000000e+00,0.000000e+00,0.000000e+00,7.222632e-19,7.107130e-19,-2.561303e-21,5.009357e-33,6.666897e-27,-6.618205e-20,4.676994e-21,-1.786244e-33
21.2200,24.00,275.0000,1.452248e+00,9.999960e-01,Mg,3.652088e-03,1.333333e-01,0.3645%,8.358730e-04,7.737115e-04,3.909330e-05,2.792112e-18,5.435696e-12,1.970516e-04,2.623344e-06,0.000000e+00,0.000000e+00,1.550633e-18,0.000000e+00,0.000000e+00,0.000000e+00,0.000000e+00,0.000000e+00,0.000000e+00,2.458725e-18,1.759222e-29,1.022558e-18,7.084460e-33,6.227266e-24,7.873631e-19,4.740700e-21,3.341158e-43,-1.770684e-18,-8.853403e-19,-1.023767e-18,-1.789306e-33,-6.256758e-24,-8.853382e-19,-9.375069e-27,-1.789306e-33,0.000000e+00,0.000000e+00,0.000000e+00,0.000000e+00,0.000000e+00,0.000000e+00,0.000000e+00,0.000000e+00,6.880405e-19,6.652926e-19,-1.209489e-21,5.295154e-33,-2.949216e-26,-9.797511e-20,4.740690e-21,-1.789306e-33
23.6200,24.00,275.0000,1.572520e+00,9.999955e-01,Mg,3.631838e-03,1.333333e-01,0.3625%,8.871671e-04,8.229061e-04,3.903899e-05,3.202269e-18,5.582876e-12,1.887702e-04,2.983452e-06,0.000000e+00,0.000000e+00,1.550633e-18,0.000000e+00,0.000000e+00,0.000000e+00,0.000000e+00,0.000000e+00,0.000000e+00,2.499104e-18,6.385823e-32,1.037300e-18,7.296451e-33,6.375736e-24,7.975920e-19,4.747401e-21,-8.352894e-44,-1.832282e-18,-9.161390e-19,-1.037583e-18,-1.788504e-33,-6.352009e-24,-9.161367e-19,-1.065891e-26,-1.788495e-33,0.000000e+00,0.000000e+00,0.000000e+00,0.000000e+00,0.000000e+00,0.000000e+00,0.000000e+00,0.000000e+00,6.668224e-19,6.344939e-19,-2.829021e-22,5.507948e-33,2.372728e-26,-1.185447e-19,4.747390e-21,-1.788495e-33
26.0200,24.00,275.0000,1.665455e+00,9.999949e-01,Mg,3.618121e-03,1.333333e-01,0.3612%,9.372687e-04,8.702216e-04,3.904432e-05,3.634325e-18,5.646746e-12,1.792827e-04,3.342287e-06,0.000000e+00,0.000000e+00,1.550633e-18,0.000000e+00,0.000000e+00,0.000000e+00,0.000000e+00,0.000000e+00,0.000000e+00,2.527087e-18,-3.587541e-34,1.047899e-18,7.444402e-33,6.480039e-24,8.052586e-19,4.709551e-21,-4.176447e-44,-1.871029e-18,-9.355129e-19,-1.047516e-18,-1.784646e-33,-6.477855e-24,-9.355105e-19,-1.191680e-26,-1.784637e-33,0.000000e+00,0.000000e+00,0.000000e+00,0.000000e+00,0.000000e+00,0.000000e+00,0.000000e+00,0.000000e+00,6.560575e-19,6.151200e-19,3.833920e-22,5.659757e-33,2.183957e-27,-1.302519e-19,4.709539e-21,-1.784637e-33
28.4200,24.00,275.0000,1.734936e+00,9.999943e-01,Mg,3.609104e-03,1.333333e-01,0.3603%,9.868808e-04,9.164163e-04,3.909437e-05,4.071975e-18,5.711658e-12,1.691797e-04,3.696922e-06,0.000000e+00,0.000000e+00,1.550633e-18,0.000000e+00,0.000000e+00,0.000000e+00,0.000000e+00,0.000000e+00,0.000000e+00,2.545832e-18,2.213527e-28,1.055448e-18,7.541670e-33,6.548637e-24,8.110235e-19,4.638654e-21,8.018778e-42,-1.892272e-18,-9.461342e-19,-1.054524e-18,-1.778912e-33,-6.547539e-24,-9.461315e-19,-1.314251e-26,-1.778941e-33,0.000000e+00,0.000000e+00,0.000000e+00,0.000000e+00,0.000000e+00,0.000000e+00,0.000000e+00,0.000000e+00,6.535601e-19,6.044987e-19,9.241065e-22,5.762758e-33,1.098271e-27,-1.351080e-19,4.638641e-21,-1.778941e-33
30.8200,24.00,275.0000,1.785119e+00,9.999937e-01,Mg,3.603624e-03,1.333333e-01,0.3597%,1.036546e-03,9.620719e-04,3.917893e-05,4.511611e-18,5.739486e-12,1.589149e-04,4.045163e-06,0.000000e+00,0.000000e+00,1.550633e-18,0.000000e+00,0.000000e+00,0.000000e+00,0.000000e+00,0.000000e+00,0.000000e+00,2.557427e-18,1.435016e-32,1.060665e-18,7.597796e-33,6.588157e-24,8.153112e-19,4.542918e-21,7.517605e-43,-1.900172e-18,-9.500845e-19,-1.059318e-18,-1.772345e-33,-6.619260e-24,-9.500817e-19,-1.437956e-26,-1.772501e-33,0.000000e+00,0.000000e+00,0.000000e+00,0.000000e+00,0.000000e+00,0.000000e+00,0.000000e+00,0.000000e+00,6.572547e-19,6.005484e-19,1.346962e-21,5.825451e-33,-3.110315e-26,-1.347705e-19,4.542904e-21,-1.772501e-33
33.2200,24.00,275.0000,1.820050e+00,9.999930e-01,Mg,3.600754e-03,1.333333e-01,0.3594%,1.086666e-03,1.007623e-03,3.929051e-05,4.954695e-18,5.752595e-12,1.488256e-04,4.385431e-06,0.000000e+00,0.000000e+00,1.550633e-18,0.000000e+00,0.000000e+00,0.000000e+00,0.000000e+00,0.000000e+00,0.000000e+00,2.563634e-18,2.636921e-28,1.064143e-18,7.621920e-33,6.605238e-24,8.184734e-19,4.429626e-21,2.330457e-41,-1.898430e-18,-9.492135e-19,-1.062508e-18,-1.766570e-33,-6.604545e-24,-9.492105e-19,-1.548242e-26,-1.766565e-33,0.000000e+00,0.000000e+00,0.000000e+00,0.000000e+00,0.000000e+00,0.000000e+00,0.000000e+00,0.000000e+00,6.652032e-19,6.014194e-19,1.634755e-21,5.855350e-33,6.930797e-28,-1.307371e-19,4.429611e-21,-1.766565e-33
35.6200,24.00,275.0000,1.843492e+00,9.999923e-01,Mg,3.599774e-03,1.333333e-01,0.3593%,1.137519e-03,1.053384e-03,3.942301e-05,5.399076e-18,5.760893e-12,1.391530e-04,4.716643e-06,0.000000e+00,0.000000e+00,1.550633e-18,0.000000e+00,0.000000e+00,0.000000e+00,0.000000e+00,0.000000e+00,0.000000e+00,2.565857e-18,4.876042e-29,1.066348e-18,7.621879e-33,6.605660e-24,8.207882e-19,4.304767e-21,1.503521e-42,-1.889742e-18,-9.448695e-19,-1.064504e-18,-1.761784e-33,-6.596770e-24,-9.448663e-19,-1.667262e-26,-1.761776e-33,0.000000e+00,0.000000e+00,0.000000e+00,0.000000e+00,0.000000e+00,0.000000e+00,0.000000e+00,0.000000e+00,6.761147e-19,6.057634e-19,1.844202e-21,5.860095e-33,8.890187e-27,-1.240781e-19,4.304751e-21,-1.761776e-33
38.0200,24.00,275.0000,1.863551e+00,3.082581e-01,Mg,3.599300e-03,1.333333e-01,0.3593%,1.188708e-03,1.099251e-03,3.955947e-05,5.850316e-18,5.751768e-12,1.303830e-04,4.412859e-06,0.000000e+00,0.000000e+00,1.550633e-18,0.000000e+00,0.000000e+00,0.000000e+00,0.000000e+00,0.000000e+00,0.000000e+00,2.566976e-18,3.587541e-34,1.068202e-18,7.615419e-33,6.601699e-24,8.227567e-19,4.425225e-21,4.176447e-43,-1.886449e-18,-9.432230e-19,-1.066324e-18,-1.495412e-33,-6.602823e-24,-9.348504e-19,-8.369214e-21,-1.762003e-33,0.000000e+00,0.000000e+00,0.000000e+00,0.000000e+00,0.000000e+00,0.000000e+00,0.000000e+00,0.000000e+00,6.805273e-19,6.074099e-19,1.877529e-21,6.120008e-33,-1.123924e-27,-1.120938e-19,-3.943989e-21,-1.762003e-33
40.9000,28.80,275.0000,1.878075e+00,2.834279e-01,Mg,3.600195e-03,1.333333e-01,0.3594%,1.251575e-03,1.155044e-03,3.987749e-05,6.385587e-18,6.601635e-12,1.207577e-04,4.070959e-06,0.000000e+00,0.000000e+00,1.550633e-18,0.000000e+00,0.000000e+00,0.000000e+00,0.000000e+00,0.000000e+00,0.000000e+00,2.565087e-18,2.699624e-30,1.069399e-18,7.587893e-33,6.583727e-24,8.243937e-19,4.552095e-21,5.011737e-43,-1.869764e-18,-9.348803e-19,-1.067363e-18,-1.761145e-33,-6.603686e-24,-9.267236e-19,-8.153102e-21,-1.761144e-33,0.000000e+00,0.000000e+00,0.000000e+00,0.000000e+00,0.000000e+00,0.000000e+00,0.000000e+00,0.000000e+00,6.953237e-19,6.157526e-19,2.036737e-21,5.826748e-33,-1.995888e-26,-1.023299e-19,-3.601007e-21,-1.761144e-33
44.3560,34.56,275.0000,1.889405e+00,2.533331e-01,C,3.602243e-03,1.333333e-01,0.3596%,1.328810e-03,1.223075e-03,4.028085e-05,7.128960e-18,7.651679e-12,1.104231e-04,3.703265e-06,0.000000e+00,0.000000e+00,1.550633e-18,0.000000e+00,0.000000e+00,0.000000e+00,0.000000e+00,0.000000e+00,0.000000e+00,2.560562e-18,3.134983e-28,1.070147e-18,7.541058e-33,6.553973e-24,8.258134e-19,4.680348e-21,1.227875e-41,-1.847566e-18,-9.237818e-19,-1.068011e-18,-1.764141e-33,-6.553321e-24,-9.159262e-19,-7.851670e-21,-1.764212e-33,0.000000e+00,0.000000e+00,0.000000e+00,0.000000e+00,0.000000e+00,0.000000e+00,0.000000e+00,0.000000e+00,7.129957e-19,6.268511e-19,2.135203e-21,5.776917e-33,6.521884e-28,-9.011279e-20,-3.171323e-21,-1.764212e-33
48.5032,41.47,275.0000,1.900185e+00,2.599139e-01,C,3.605106e-03,1.333333e-01,0.3599%,1.423940e-03,1.306311e-03,4.078096e-05,8.004930e-18,8.942534e-12,9.975310e-05,3.322768e-06,0.000000e+00,0.000000e+00,1.550633e-18,0.000000e+00,0.000000e+00,0.000000e+00,0.000000e+00,0.000000e+00,0.000000e+00,2.553932e-18,7.145951e-29,1.070708e-18,7.477933e-33,6.515549e-24,8.271493e-19,4.808191e-21,3.811426e-40,-1.821717e-18,-9.108573e-19,-1.068551e-18,-1.772535e-33,-6.516053e-24,-9.033627e-19,-7.490570e-21,-1.772797e-33,0.000000e+00,0.000000e+00,0.000000e+00,0.000000e+00,0.000000e+00,0.000000e+00,0.000000e+00,0.000000e+00,7.322146e-19,6.397756e-19,2.157068e-21,5.705398e-33,-5.034829e-28,-7.621337e-20,-2.682379e-21,-1.772797e-33
52.6504,41.47,275.0000,1.913387e+00,2.656537e-01,C,3.607621e-03,1.333333e-01,0.3601%,1.521005e-03,1.390916e-03,4.106287e-05,9.193611e-18,8.899760e-12,9.059254e-05,3.000323e-06,0.000000e+00,0.000000e+00,1.550633e-18,0.000000e+00,0.000000e+00,0.000000e+00,0.000000e+00,0.000000e+00,0.000000e+00,2.547714e-18,2.525629e-31,1.071468e-18,7.417815e-33,6.481663e-24,8.284601e-19,4.917356e-21,-4.176447e-44,-1.799395e-18,-8.996944e-19,-1.069355e-18,-1.779142e-33,-6.482155e-24,-8.925218e-19,-7.172300e-21,-1.784335e-33,0.000000e+00,0.000000e+00,0.000000e+00,0.000000e+00,0.000000e+00,0.000000e+00,0.000000e+00,0.000000e+00,7.483192e-19,6.509385e-19,2.112524e-21,5.638673e-33,-4.925463e-28,-6.406179e-20,-2.254945e-21,-1.784335e-33
56.7976,41.47,275.0000,1.929445e+00,2.704474e-01,C,3.609697e-03,1.333333e-01,0.3603%,1.619963e-03,1.476859e-03,4.133562e-05,1.022119e-17,8.880694e-12,8.290193e-05,2.729585e-06,0.000000e+00,0.000000e+00,1.550633e-18,0.000000e+00,0.000000e+00,0.000000e+00,0.000000e+00,0.000000e+00,0.000000e+00,2.542042e-18,4.666494e-29,1.072441e-18,7.361859e-33,6.452407e-24,8.297695e-19,5.010587e-21,2.046459e-42,-1.780899e-18,-8.904488e-19,-1.070424e-18,-1.802846e-33,-6.439599e-24,-8.835403e-19,-6.903476e-21,-1.802825e-33,0.000000e+00,0.000000e+00,0.000000e+00,0.000000e+00,0.000000e+00,0.000000e+00,0.000000e+00,0.000000e+00,7.611428e-19,6.601841e-19,2.016842e-21,5.559013e-33,1.280895e-26,-5.377084e-20,-1.892889e-21,-1.802825e-33
60.9448,41.47,275.0000,1.949469e+00,2.742322e-01,C,3.611114e-03,1.333333e-01,0.3605%,1.720401e-03,1.563881e-03,4.159456e-05,1.114603e-17,8.843859e-12,7.643666e-05,2.501956e-06,0.000000e+00,0.000000e+00,1.550633e-18,0.000000e+00,0.000000e+00,0.000000e+00,0.000000e+00,0.000000e+00,0.000000e+00,2.537392e-18,7.644993e-27,1.073771e-18,7.313308e-33,6.429523e-24,8.311895e-19,5.092850e-21,9.244566e-40,-1.766398e-18,-8.831982e-19,-1.071874e-18,-1.821847e-33,-6.423101e-24,-8.765046e-19,-6.688204e-21,-1.821835e-33,0.000000e+00,0.000000e+00,0.000000e+00,0.000000e+00,0.000000e+00,0.000000e+00,0.000000e+00,0.000000e+00,7.709947e-19,6.674347e-19,1.897437e-21,5.491461e-33,6.421897e-27,-4.531503e-20,-1.595354e-21,-1.821834e-33
65.0920,41.47,275.0000,1.973623e+00,2.771340e-01,C,3.611925e-03,1.333333e-01,0.3605%,1.821961e-03,1.651735e-03,4.183748e-05,1.223662e-17,8.819737e-12,7.097310e-05,2.309572e-06,0.000000e+00,0.000000e+00,1.550633e-18,0.000000e+00,0.000000e+00,0.000000e+00,0.000000e+00,0.000000e+00,0.000000e+00,2.533698e-18,1.381203e-31,1.075428e-18,7.271158e-33,6.412372e-24,8.327203e-19,5.166639e-21,1.252934e-43,-1.755337e-18,-8.776681e-19,-1.073660e-18,-1.842105e-33,-6.424781e-24,-8.711428e-19,-6.519435e-21,-1.842085e-33,0.000000e+00,0.000000e+00,0.000000e+00,0.000000e+00,0.000000e+00,0.000000e+00,0.000000e+00,0.000000e+00,7.783610e-19,6.729649e-19,1.767341e-21,5.429054e-33,-1.240871e-26,-3.842246e-20,-1.352796e-21,-1.842085e-33
69.2392,41.47,275.0000,2.001594e+00,2.792638e-01,C,3.612048e-03,1.333333e-01,0.3606%,1.924354e-03,1.740211e-03,4.206405e-05,1.304560e-17,8.801811e-12,6.632221e-05,2.145783e-06,0.000000e+00,0.000000e+00,1.550633e-18,0.000000e+00,0.000000e+00,0.000000e+00,0.000000e+00,0.000000e+00,0.000000e+00,2.531147e-18,4.925693e-31,1.077464e-18,7.237333e-33,6.401573e-24,8.344122e-19,5.235101e-21,3.341158e-43,-1.747251e-18,-8.736253e-19,-1.075781e-18,-1.862571e-33,-6.406017e-24,-8.672281e-19,-6.390978e-21,-1.862977e-33,0.000000e+00,0.000000e+00,0.000000e+00,0.000000e+00,0.000000e+00,0.000000e+00,0.000000e+00,0.000000e+00,7.838954e-19,6.770076e-19,1.683116e-21,5.374762e-33,-4.444029e-27,-3.281589e-20,-1.155877e-21,-1.862977e-33
73.3864,41.47,275.0000,2.032914e+00,2.807842e-01,C,3.611753e-03,1.333333e-01,0.3605%,2.027349e-03,1.829134e-03,4.227461e-05,1.404625e-17,8.833473e-12,6.233079e-05,2.005203e-06,0.000000e+00,0.000000e+00,1.550633e-18,0.000000e+00,0.000000e+00,0.000000e+00,0.000000e+00,0.000000e+00,0.000000e+00,2.529245e-18,1.885185e-28,1.079714e-18,7.208381e-33,6.394710e-24,8.361745e-19,5.298113e-21,3.136512e-41,-1.741495e-18,-8.707476e-19,-1.078153e-18,-1.884018e-33,-6.373495e-24,-8.644469e-19,-6.294060e-21,-1.883992e-33,0.000000e+00,0.000000e+00,0.000000e+00,0.000000e+00,0.000000e+00,0.000000e+00,0.000000e+00,0.000000e+00,7.877500e-19,6.798853e-19,1.560088e-21,5.324363e-33,2.121462e-26,-2.827234e-20,-9.959464e-22,-1.883992e-33
77.5336,41.47,275.0000,2.067104e+00,2.817869e-01,C,3.611034e-03,1.333333e-01,0.3605%,2.130770e-03,1.918369e-03,4.247012e-05,1.511815e-17,8.792187e-12,5.887734e-05,1.883556e-06,0.000000e+00,0.000000e+00,1.550633e-18,0.000000e+00,0.000000e+00,0.000000e+00,0.000000e+00,0.000000e+00,0.000000e+00,2.528026e-18,-1.435016e-33,1.082182e-18,7.184598e-33,6.391813e-24,8.380218e-19,5.357348e-21,9.188184e-43,-1.737707e-18,-8.688534e-19,-1.080775e-18,-1.904955e-33,-6.392307e-24,-8.626226e-19,-6.223669e-21,-1.904928e-33,0.000000e+00,0.000000e+00,0.000000e+00,0.000000e+00,0.000000e+00,0.000000e+00,0.000000e+00,0.000000e+00,7.903196e-19,6.817795e-19,1.406705e-21,5.279643e-33,-4.943706e-28,-2.460085e-20,-8.663210e-22,-1.904928e-33
81.6808,41.47,275.0000,2.103719e+00,2.824227e-01,C,3.609888e-03,1.333333e-01,0.3603%,2.234480e-03,2.007805e-03,4.265177e-05,1.634284e-17,8.795530e-12,5.586569e-05,1.777458e-06,0.000000e+00,0.000000e+00,1.550633e-18,0.000000e+00,0.000000e+00,0.000000e+00,0.000000e+00,0.000000e+00,0.000000e+00,2.527514e-18,2.785381e-26,1.084874e-18,7.167828e-33,6.392896e-24,8.399654e-19,5.414143e-21,2.406803e-39,-1.735307e-18,-8.676538e-19,-1.083528e-18,-1.925595e-33,-6.402774e-24,-8.614743e-19,-6.172043e-21,-1.925576e-33,0.000000e+00,0.000000e+00,0.000000e+00,0.000000e+00,0.000000e+00,0.000000e+00,0.000000e+00,0.000000e+00,7.922066e-19,6.829791e-19,1.346163e-21,5.242233e-33,-9.877993e-27,-2.150887e-20,-7.578998e-22,-1.925573e-33
85.8280,41.47,275.0000,2.142368e+00,2.827481e-01,C,3.608525e-03,1.333333e-01,0.3602%,2.338372e-03,2.097356e-03,4.282060e-05,1.710941e-17,8.801270e-12,5.321965e-05,1.684230e-06,0.000000e+00,0.000000e+00,1.550633e-18,0.000000e+00,0.000000e+00,0.000000e+00,0.000000e+00,0.000000e+00,0.000000e+00,2.527325e-18,1.696907e-31,1.087662e-18,7.150896e-33,6.396162e-24,8.419323e-19,5.467850e-21,-4.594092e-43,-1.734080e-18,-8.670404e-19,-1.086410e-18,-1.945358e-33,-6.404032e-24,-8.608963e-19,-6.136126e-21,-1.945487e-33,0.000000e+00,0.000000e+00,0.000000e+00,0.000000e+00,0.000000e+00,0.000000e+00,0.000000e+00,0.000000e+00,7.932448e-19,6.835925e-19,1.251622e-21,5.205538e-33,-7.870358e-27,-1.896401e-20,-6.682766e-22,-1.945487e-33
89.9752,41.47,275.0000,2.182739e+00,2.828334e-01,C,3.606943e-03,1.333333e-01,0.3600%,2.442361e-03,2.186957e-03,4.297773e-05,1.809375e-17,8.809735e-12,5.087899e-05,1.601752e-06,0.000000e+00,0.000000e+00,1.550633e-18,0.000000e+00,0.000000e+00,0.000000e+00,0.000000e+00,0.000000e+00,0.000000e+00,2.527473e-18,3.179996e-30,1.090547e-18,7.138508e-33,6.401616e-24,8.439294e-19,5.519294e-21,7.935250e-43,-1.733758e-18,-8.668795e-19,-1.089382e-18,-1.965094e-33,-6.401430e-24,-8.607587e-19,-6.112414e-21,-1.965055e-33,0.000000e+00,0.000000e+00,0.000000e+00,0.000000e+00,0.000000e+00,0.000000e+00,0.000000e+00,0.000000e+00,7.937149e-19,6.837534e-19,1.165339e-21,5.173414e-33,1.863745e-28,-1.682930e-20,-5.931202e-22,-1.965055e-33
94.1224,41.47,275.0000,2.224572e+00,2.827368e-01,C,3.605214e-03,1.333333e-01,0.3599%,2.546381e-03,2.276554e-03,4.312414e-05,1.907555e-17,8.843664e-12,4.879540e-05,1.528324e-06,0.000000e+00,0.000000e+00,1.550633e-18,0.000000e+00,0.000000e+00,0.000000e+00,0.000000e+00,0.000000e+00,0.000000e+00,2.527834e-18,-3.228787e-33,1.093488e-18,7.128325e-33,6.408625e-24,8.459350e-19,5.568561e-21,-7.517605e-43,-1.734122e-18,-8.670617e-19,-1.092403e-18,-1.984036e-33,-6.410780e-24,-8.609549e-19,-6.097970e-21,-1.983991e-33,0.000000e+00,0.000000e+00,0.000000e+00,0.000000e+00,0.000000e+00,0.000000e+00,0.000000e+00,0.000000e+00,7.937121e-19,6.835712e-19,1.084814e-21,5.144290e-33,-2.154749e-27,-1.501994e-20,-5.294092e-22,-1.983991e-33
98.2696,41.47,275.0000,2.267655e+00,2.824657e-01,C,3.603266e-03,1.333333e-01,0.3597%,2.650380e-03,2.366106e-03,4.326083e-05,1.985697e-17,8.833925e-12,4.693004e-05,1.462579e-06,0.000000e+00,0.000000e+00,1.550633e-18,0.000000e+00,0.000000e+00,0.000000e+00,0.000000e+00,0.000000e+00,0.000000e+00,2.528549e-18,6.457573e-33,1.096529e-18,7.121394e-33,6.417866e-24,8.479802e-19,5.616766e-21,-7.935250e-43,-1.735144e-18,-8.675728e-19,-1.095513e-18,-2.002457e-33,-6.417876e-24,-8.614711e-19,-6.092344e-21,-2.002418e-33,0.000000e+00,0.000000e+00,0.000000e+00,0.000000e+00,0.000000e+00,0.000000e+00,0.000000e+00,0.000000e+00,7.934056e-19,6.830602e-19,1.015715e-21,5.118937e-33,-9.814322e-30,-1.349090e-20,-4.755776e-22,-2.002418e-33
102.4168,41.47,275.0000,2.311826e+00,2.820855e-01,C,3.601317e-03,1.333333e-01,0.3595%,2.754313e-03,2.455578e-03,4.338845e-05,2.059749e-17,8.847839e-12,4.525126e-05,1.403404e-06,0.000000e+00,0.000000e+00,1.550633e-18,0.000000e+00,0.000000e+00,0.000000e+00,0.000000e+00,0.000000e+00,0.000000e+00,2.529222e-18,4.305049e-33,1.099540e-18,7.114810e-33,6.427400e-24,8.499870e-19,5.662580e-21,4.176447e-44,-1.736578e-18,-8.682899e-19,-1.098633e-18,-2.020251e-33,-6.428229e-24,-8.621878e-19,-6.092366e-21,-2.020208e-33,0.000000e+00,0.000000e+00,0.000000e+00,0.000000e+00,0.000000e+00,0.000000e+00,0.000000e+00,0.000000e+00,7.926448e-19,6.823430e-19,9.069825e-22,5.094559e-33,-8.290405e-28,-1.220079e-20,-4.297856e-22,-2.020208e-33
107.3934,49.77,275.0000,2.365491e+00,2.815630e-01,C,3.598844e-03,1.333333e-01,0.3592%,2.879322e-03,2.563037e-03,4.380765e-05,2.144691e-17,1.049278e-11,4.366716e-05,1.341428e-06,0.000000e+00,0.000000e+00,1.550633e-18,0.000000e+00,0.000000e+00,0.000000e+00,0.000000e+00,0.000000e+00,0.000000e+00,2.530126e-18,3.939120e-31,1.103139e-18,7.108984e-33,6.439732e-24,8.523609e-19,5.715237e-21,-6.682315e-43,-1.738549e-18,-8.692761e-19,-1.102267e-18,-2.040887e-33,-6.457645e-24,-8.631694e-19,-6.096352e-21,-2.040842e-33,0.000000e+00,0.000000e+00,0.000000e+00,0.000000e+00,0.000000e+00,0.000000e+00,0.000000e+00,0.000000e+00,7.915767e-19,6.813569e-19,8.714316e-22,5.068097e-33,-1.791234e-26,-1.080856e-20,-3.811151e-22,-2.040842e-33
113.3654,59.72,275.0000,2.431797e+00,2.807695e-01,C,3.595742e-03,1.333333e-01,0.3589%,3.029073e-03,2.691759e-03,4.430494e-05,2.255552e-17,1.253533e-11,4.202929e-05,1.276152e-06,0.000000e+00,0.000000e+00,1.550633e-18,0.000000e+00,0.000000e+00,0.000000e+00,0.000000e+00,0.000000e+00,0.000000e+00,2.531397e-18,6.493449e-31,1.107483e-18,7.104624e-33,6.456290e-24,8.551973e-19,5.776277e-21,2.505868e-43,-1.741548e-18,-8.707754e-19,-1.106693e-18,-2.064458e-33,-6.445768e-24,-8.646547e-19,-6.109807e-21,-2.064412e-33,0.000000e+00,0.000000e+00,0.000000e+00,0.000000e+00,0.000000e+00,0.000000e+00,0.000000e+00,0.000000e+00,7.898492e-19,6.798575e-19,7.900946e-22,5.040165e-33,1.052239e-26,-9.457342e-21,-3.335302e-22,-2.064412e-33
120.5318,71.66,275.0000,2.513594e+00,2.796751e-01,C,3.591833e-03,1.333333e-01,0.3585%,3.208313e-03,2.845825e-03,4.489136e-05,2.390316e-17,1.498742e-11,4.037206e-05,1.208537e-06,0.000000e+00,0.000000e+00,1.550633e-18,0.000000e+00,0.000000e+00,0.000000e+00,0.000000e+00,0.000000e+00,0.000000e+00,2.533195e-18,7.464022e-29,1.112732e-18,7.103252e-33,6.478626e-24,8.585903e-19,5.847316e-21,1.607932e-41,-1.745688e-18,-8.728461e-19,-1.111985e-18,-2.091029e-33,-6.477998e-24,-8.667006e-19,-6.133757e-21,-2.090977e-33,0.000000e+00,0.000000e+00,0.000000e+00,0.000000e+00,0.000000e+00,0.000000e+00,0.000000e+00,0.000000e+00,7.875067e-19,6.777868e-19,7.471868e-22,5.012223e-33,6.284743e-28,-8.110361e-21,-2.864413e-22,-2.090977e-33
129.1314,86.00,275.0000,2.614375e+00,2.781949e-01,C,3.587015e-03,1.333333e-01,0.3581%,3.422628e-03,3.030045e-03,4.557969e-05,2.528566e-17,1.799773e-11,3.873744e-05,1.139761e-06,0.000000e+00,0.000000e+00,1.550633e-18,0.000000e+00,0.000000e+00,0.000000e+00,0.000000e+00,0.000000e+00,0.000000e+00,2.535508e-18,1.435016e-33,1.119005e-18,7.105384e-33,6.507740e-24,8.626052e-19,5.929400e-21,-2.505868e-43,-1.751301e-18,-8.756527e-19,-1.118344e-18,-2.120764e-33,-6.506957e-24,-8.694681e-19,-6.171912e-21,-2.120707e-33,0.000000e+00,0.000000e+00,0.000000e+00,0.000000e+00,0.000000e+00,0.000000e+00,0.000000e+00,0.000000e+00,7.842071e-19,6.749802e-19,6.606615e-22,4.984621e-33,7.834101e-28,-6.862897e-21,-2.425120e-22,-2.120707e-33
139.4510,103.20,275.0000,2.738433e+00,2.763041e-01,C,3.581188e-03,1.333333e-01,0.3575%,3.678558e-03,3.250070e-03,4.638554e-05,2.726041e-17,2.168286e-11,3.717413e-05,1.071159e-06,0.000000e+00,0.000000e+00,1.550633e-18,0.000000e+00,0.000000e+00,0.000000e+00,0.000000e+00,0.000000e+00,0.000000e+00,2.538285e-18,7.820839e-32,1.126419e-18,7.111343e-33,6.544735e-24,8.673071e-19,6.023681e-21,-9.188184e-43,-1.758489e-18,-8.792471e-19,-1.125848e-18,-2.153443e-33,-6.536081e-24,-8.730080e-19,-6.225279e-21,-2.153386e-33,0.000000e+00,0.000000e+00,0.000000e+00,0.000000e+00,0.000000e+00,0.000000e+00,0.000000e+00,0.000000e+00,7.797964e-19,6.713858e-19,5.709653e-22,4.957900e-33,8.654647e-27,-5.700882e-21,-2.015978e-22,-2.153386e-33
151.8344,123.83,275.0000,2.891158e+00,2.739449e-01,C,3.574102e-03,1.333333e-01,0.3568%,3.983714e-03,3.512516e-03,4.732845e-05,2.937180e-17,2.615378e-11,3.573692e-05,1.004186e-06,0.000000e+00,0.000000e+00,1.550633e-18,0.000000e+00,0.000000e+00,0.000000e+00,0.000000e+00,0.000000e+00,0.000000e+00,2.541712e-18,-7.175082e-34,1.135181e-18,7.124059e-33,6.592363e-24,8.728139e-19,6.132801e-21,-2.088224e-43,-1.767487e-18,-8.837470e-19,-1.134658e-18,-2.188778e-33,-6.581131e-24,-8.774351e-19,-6.296690e-21,-2.188714e-33,0.000000e+00,0.000000e+00,0.000000e+00,0.000000e+00,0.000000e+00,0.000000e+00,0.000000e+00,0.000000e+00,7.742252e-19,6.668859e-19,5.237613e-22,4.935282e-33,1.123217e-26,-4.621215e-21,-1.638887e-22,-2.188714e-33
166.6946,148.60,275.0000,3.079251e+00,2.710486e-01,C,3.565718e-03,1.333333e-01,0.3559%,4.346906e-03,3.825097e-03,4.843241e-05,3.209200e-17,3.155505e-11,3.448370e-05,9.402925e-07,0.000000e+00,0.000000e+00,1.550633e-18,0.000000e+00,0.000000e+00,0.000000e+00,0.000000e+00,0.000000e+00,0.000000e+00,2.545551e-18,4.734325e-27,1.145372e-18,7.143541e-33,6.651635e-24,8.791623e-19,6.257883e-21,9.950385e-40,-1.778580e-18,-8.892940e-19,-1.144978e-18,-2.226316e-33,-6.654122e-24,-8.828872e-19,-6.389930e-21,-2.226241e-33,0.000000e+00,0.000000e+00,0.000000e+00,0.000000e+00,0.000000e+00,0.000000e+00,0.000000e+00,0.000000e+00,7.669712e-19,6.613389e-19,3.934283e-22,4.917225e-33,-2.487769e-27,-3.724975e-21,-1.320463e-22,-2.226240e-33
184.5268,178.32,275.0000,3.311241e+00,2.676066e-01,C,3.555685e-03,1.333333e-01,0.3549%,4.778253e-03,4.196772e-03,4.972811e-05,3.505877e-17,3.822969e-11,3.347529e-05,8.809022e-07,0.000000e+00,0.000000e+00,1.550633e-18,0.000000e+00,0.000000e+00,0.000000e+00,0.000000e+00,0.000000e+00,0.000000e+00,2.550086e-18,2.111318e-28,1.157241e-18,7.173974e-33,6.727122e-24,8.864949e-19,6.403218e-21,4.581562e-41,-1.791829e-18,-8.959193e-19,-1.156890e-18,-2.190808e-33,-6.726384e-24,-8.893940e-19,-6.506472e-21,-2.264958e-33,0.000000e+00,0.000000e+00,0.000000e+00,0.000000e+00,0.000000e+00,0.000000e+00,0.000000e+00,0.000000e+00,7.582574e-19,6.547136e-19,3.512085e-22,4.983165e-33,7.380144e-28,-2.899098e-21,-1.032539e-22,-2.264958e-33
204.5268,200.00,275.0000,3.579114e+00,2.638135e-01,C,3.544695e-03,1.333333e-01,0.3538%,5.255481e-03,4.608854e-03,5.072534e-05,3.882878e-17,4.340110e-11,3.247379e-05,8.278432e-07,0.000000e+00,0.000000e+00,1.550633e-18,0.000000e+00,0.000000e+00,0.000000e+00,0.000000e+00,0.000000e+00,0.000000e+00,2.554878e-18,7.584061e-30,1.170070e-18,7.214531e-33,6.815932e-24,8.943613e-19,6.561413e-21,1.545285e-42,-1.806513e-18,-9.032622e-19,-1.169750e-18,-2.282172e-33,-6.814427e-24,-8.965996e-19,-6.641610e-21,-2.301468e-33,0.000000e+00,0.000000e+00,0.000000e+00,0.000000e+00,0.000000e+00,0.000000e+00,0.000000e+00,0.000000e+00,7.483652e-19,6.473707e-19,3.192969e-22,4.932359e-33,1.504556e-27,-2.238286e-21,-8.019686e-23,-2.301468e-33
224.5268,200.00,275.0000,3.854534e+00,2.600923e-01,C,3.534003e-03,1.333333e-01,0.3528%,5.725239e-03,5.015659e-03,5.088807e-05,4.197718e-17,4.399295e-11,3.119751e-05,7.821643e-07,0.000000e+00,0.000000e+00,1.550633e-18,0.000000e+00,0.000000e+00,0.000000e+00,0.000000e+00,0.000000e+00,0.000000e+00,2.559479e-18,4.635103e-31,1.182470e-18,7.261059e-33,6.909454e-24,9.019196e-19,6.716895e-21,2.923513e-43,-1.821005e-18,-9.105088e-19,-1.182207e-18,-2.332324e-33,-6.907780e-24,-9.037045e-19,-6.781030e-21,-2.332052e-33,0.000000e+00,0.000000e+00,0.000000e+00,0.000000e+00,0.000000e+00,0.000000e+00,0.000000e+00,0.000000e+00,7.384746e-19,6.401241e-19,2.634578e-22,4.928735e-33,1.674043e-27,-1.784959e-21,-6.413525e-23,-2.332052e-33
244.5268,200.00,275.0000,4.136740e+00,2.565241e-01,C,3.523691e-03,1.333333e-01,0.3517%,6.188760e-03,5.417967e-03,5.101464e-05,4.582993e-17,4.459399e-11,3.016638e-05,7.451846e-07,0.000000e+00,0.000000e+00,1.550633e-18,0.000000e+00,0.000000e+00,0.000000e+00,0.000000e+00,0.000000e+00,0.000000e+00,2.563531e-18,7.677337e-32,1.194282e-18,7.310216e-33,7.004468e-24,9.090790e-19,6.867939e-21,3.341158e-43,-1.834981e-18,-9.174980e-19,-1.194107e-18,-2.357524e-33,-7.003498e-24,-9.105518e-19,-6.920814e-21,-2.357415e-33,0.000000e+00,0.000000e+00,0.000000e+00,0.000000e+00,0.000000e+00,0.000000e+00,0.000000e+00,0.000000e+00,7.285503e-19,6.331350e-19,1.754009e-22,4.952692e-33,9.701976e-28,-1.472783e-21,-5.287466e-23,-2.357415e-33
264.5268,200.00,275.0000,4.425965e+00,2.530991e-01,C,3.513549e-03,1.333333e-01,0.3507%,6.646139e-03,5.815939e-03,5.111197e-05,4.974269e-17,4.521775e-11,2.932002e-05,7.147711e-07,0.000000e+00,0.000000e+00,1.550633e-18,0.000000e+00,0.000000e+00,0.000000e+00,0.000000e+00,0.000000e+00,0.000000e+00,2.567444e-18,5.453062e-32,1.205655e-18,7.365072e-33,7.103115e-24,9.159401e-19,7.017287e-21,-8.352894e-43,-1.848471e-18,-9.242439e-19,-1.205516e-18,-2.378412e-33,-7.102006e-24,-9.171554e-19,-7.061019e-21,-2.378294e-33,0.000000e+00,0.000000e+00,0.000000e+00,0.000000e+00,0.000000e+00,0.000000e+00,0.000000e+00,0.000000e+00,7.189726e-19,6.263890e-19,1.387231e-22,4.986660e-33,1.109429e-27,-1.215286e-21,-4.373182e-23,-2.378294e-33
284.5268,200.00,275.0000,4.722293e+00,2.498159e-01,C,3.503727e-03,1.333333e-01,0.3498%,7.097511e-03,6.209732e-03,5.118463e-05,5.347748e-17,4.585128e-11,2.861533e-05,6.894053e-07,0.000000e+00,0.000000e+00,1.550633e-18,0.000000e+00,0.000000e+00,0.000000e+00,0.000000e+00,0.000000e+00,0.000000e+00,2.570972e-18,6.098819e-32,1.216529e-18,7.422097e-33,7.203339e-24,9.224739e-19,7.163871e-21,-1.252934e-43,-1.861472e-18,-9.307452e-19,-1.216462e-18,-2.395322e-33,-7.203040e-24,-9.235143e-19,-7.201256e-21,-2.395226e-33,0.000000e+00,0.000000e+00,0.000000e+00,0.000000e+00,0.000000e+00,0.000000e+00,0.000000e+00,0.000000e+00,7.094996e-19,6.198877e-19,6.713478e-23,5.026775e-33,2.996541e-28,-1.040439e-21,-3.738461e-23,-2.395226e-33
304.5268,200.00,275.0000,5.025796e+00,2.466826e-01,C,3.494067e-03,1.333333e-01,0.3488%,7.543033e-03,6.599499e-03,5.123726e-05,5.698296e-17,4.650560e-11,2.802198e-05,6.680148e-07,0.000000e+00,0.000000e+00,1.550633e-18,0.000000e+00,0.000000e+00,0.000000e+00,0.000000e+00,0.000000e+00,0.000000e+00,2.574414e-18,8.610098e-32,1.227017e-18,7.483832e-33,7.306877e-24,9.287545e-19,7.309632e-21,-9.605828e-43,-1.873943e-18,-9.369816e-19,-1.226934e-18,1.042826e-33,-7.305494e-24,-9.296094e-19,-7.340512e-21,-2.408618e-33,0.000000e+00,0.000000e+00,0.000000e+00,0.000000e+00,0.000000e+00,0.000000e+00,0.000000e+00,0.000000e+00,7.004703e-19,6.136513e-19,8.308440e-23,8.526658e-33,1.383211e-27,-8.549252e-22,-3.088021e-23,-2.408618e-33
324.5268,200.00,275.0000,5.336507e+00,2.436630e-01,C,3.484699e-03,1.333333e-01,0.3479%,7.982871e-03,6.985386e-03,5.127277e-05,6.063880e-17,4.716858e-11,2.751713e-05,6.497924e-07,0.000000e+00,0.000000e+00,1.550633e-18,0.000000e+00,0.000000e+00,0.000000e+00,0.000000e+00,0.000000e+00,0.000000e+00,2.577548e-18,1.183888e-31,1.237068e-18,7.547107e-33,7.411809e-24,9.347545e-19,7.453359e-21,-7.935250e-43,-1.886022e-18,-9.430215e-19,-1.237046e-18,-2.412150e-33,-7.411307e-24,-9.355074e-19,-7.480505e-21,-2.419067e-33,0.000000e+00,0.000000e+00,0.000000e+00,0.000000e+00,0.000000e+00,0.000000e+00,0.000000e+00,0.000000e+00,6.915260e-19,6.076114e-19,2.196958e-23,5.134957e-33,5.024446e-28,-7.528950e-22,-2.714587e-23,-2.419067e-33
344.5268,200.00,275.0000,5.654405e+00,2.407750e-01,C,3.475452e-03,1.333333e-01,0.3469%,8.417204e-03,7.367532e-03,5.129455e-05,6.464845e-17,4.788006e-11,2.708412e-05,6.341482e-07,0.000000e+00,0.000000e+00,1.550633e-18,0.000000e+00,0.000000e+00,0.000000e+00,0.000000e+00,0.000000e+00,0.000000e+00,2.580691e-18,1.470892e-31,1.246796e-18,7.615285e-33,7.520275e-24,9.405478e-19,7.597099e-21,-6.682315e-43,-1.897628e-18,-9.488258e-19,-1.246750e-18,-2.426965e-33,-7.514478e-24,-9.411705e-19,-7.619635e-21,-2.426810e-33,0.000000e+00,0.000000e+00,0.000000e+00,0.000000e+00,0.000000e+00,0.000000e+00,0.000000e+00,0.000000e+00,6.830623e-19,6.018071e-19,4.577042e-23,5.188320e-33,5.797300e-27,-6.227756e-22,-2.253630e-23,-2.426810e-33
364.5268,200.00,275.0000,5.979487e+00,2.379936e-01,C,3.466516e-03,1.333333e-01,0.3461%,8.846203e-03,7.746069e-03,5.130420e-05,6.849591e-17,4.854319e-11,2.670959e-05,6.206094e-07,0.000000e+00,0.000000e+00,1.550633e-18,0.000000e+00,0.000000e+00,0.000000e+00,0.000000e+00,0.000000e+00,0.000000e+00,2.583507e-18,1.657444e-31,1.256114e-18,7.683698e-33,7.629413e-24,9.460834e-19,7.738764e-21,7.517605e-43,-1.908858e-18,-9.544413e-19,-1.256122e-18,-2.427974e-33,-7.628721e-24,-9.466448e-19,-7.759049e-21,-2.432267e-33,0.000000e+00,0.000000e+00,0.000000e+00,0.000000e+00,0.000000e+00,0.000000e+00,0.000000e+00,0.000000e+00,6.746491e-19,5.961916e-19,-8.366076e-24,5.255724e-33,6.921098e-28,-5.613301e-22,-2.028470e-23,-2.432267e-33
384.5268,200.00,275.0000,6.311768e+00,2.353220e-01,C,3.457708e-03,1.333333e-01,0.3452%,9.270041e-03,8.121121e-03,5.130421e-05,7.261517e-17,4.925221e-11,2.638391e-05,6.088337e-07,0.000000e+00,0.000000e+00,1.550633e-18,0.000000e+00,0.000000e+00,0.000000e+00,0.000000e+00,0.000000e+00,0.000000e+00,2.586329e-18,1.894222e-31,1.265138e-18,7.756229e-33,7.741664e-24,9.514353e-19,7.880515e-21,-3.341158e-43,-1.919695e-18,-9.598589e-19,-1.265158e-18,-2.435561e-33,-7.740875e-24,-9.519244e-19,-7.898199e-21,-2.434984e-33,0.000000e+00,0.000000e+00,0.000000e+00,0.000000e+00,0.000000e+00,0.000000e+00,0.000000e+00,0.000000e+00,6.666338e-19,5.907740e-19,-1.942642e-23,5.320668e-33,7.893746e-28,-4.891405e-22,-1.768470e-23,-2.434984e-33
404.5268,200.00,275.0000,6.651234e+00,2.327435e-01,C,3.449061e-03,1.333333e-01,0.3443%,9.688886e-03,8.492807e-03,5.129601e-05,7.675248e-17,4.997698e-11,2.609906e-05,5.985366e-07,0.000000e+00,0.000000e+00,1.550633e-18,0.000000e+00,0.000000e+00,0.000000e+00,0.000000e+00,0.000000e+00,0.000000e+00,2.589096e-18,2.037723e-31,1.273866e-18,7.831860e-33,7.856427e-24,9.566027e-19,8.022014e-21,-2.505868e-43,-1.930192e-18,-9.651101e-19,-1.273894e-18,-2.378804e-33,-7.855553e-24,-9.570313e-19,-8.037510e-21,-2.437273e-33,0.000000e+00,0.000000e+00,0.000000e+00,0.000000e+00,0.000000e+00,0.000000e+00,0.000000e+00,0.000000e+00,6.589039e-19,5.855228e-19,-2.815103e-23,5.453056e-33,8.739631e-28,-4.285860e-22,-1.549613e-23,-2.437273e-33
424.5268,200.00,275.0000,6.997850e+00,2.302757e-01,C,3.440680e-03,1.333333e-01,0.3435%,1.010290e-02,8.861239e-03,5.128058e-05,8.071234e-17,5.070690e-11,2.584847e-05,5.894843e-07,0.000000e+00,0.000000e+00,1.550633e-18,0.000000e+00,0.000000e+00,0.000000e+00,0.000000e+00,0.000000e+00,0.000000e+00,2.591627e-18,2.166875e-31,1.282254e-18,7.907792e-33,7.971925e-24,9.615616e-19,8.161997e-21,6.264671e-43,-1.940284e-18,-9.701565e-19,-1.282290e-18,-2.433458e-33,-7.970878e-24,-9.619378e-19,-8.175589e-21,-2.437201e-33,0.000000e+00,0.000000e+00,0.000000e+00,0.000000e+00,0.000000e+00,0.000000e+00,0.000000e+00,0.000000e+00,6.513431e-19,5.804764e-19,-3.617175e-23,5.474334e-33,1.046858e-27,-3.762226e-22,-1.359137e-23,-2.437201e-33
444.5268,200.00,275.0000,7.351627e+00,2.278792e-01,C,3.432369e-03,1.333333e-01,0.3426%,1.051225e-02,9.226523e-03,5.125962e-05,8.446014e-17,5.146959e-11,2.562749e-05,5.815114e-07,0.000000e+00,0.000000e+00,1.550633e-18,0.000000e+00,0.000000e+00,0.000000e+00,0.000000e+00,0.000000e+00,0.000000e+00,2.594266e-18,2.252976e-31,1.290420e-18,7.988668e-33,8.091090e-24,9.663846e-19,8.302872e-21,8.352894e-44,-1.950122e-18,-9.750764e-19,-1.290461e-18,-2.436013e-33,-8.088350e-24,-9.667168e-19,-8.314858e-21,-2.435810e-33,0.000000e+00,0.000000e+00,0.000000e+00,0.000000e+00,0.000000e+00,0.000000e+00,0.000000e+00,0.000000e+00,6.441442e-19,5.755565e-19,-4.156146e-23,5.552654e-33,2.739891e-27,-3.321763e-22,-1.198605e-23,-2.435810e-33
464.5268,200.00,275.0000,7.712526e+00,2.255788e-01,C,3.424300e-03,1.333333e-01,0.3418%,1.091708e-02,9.588759e-03,5.123350e-05,8.911112e-17,5.221630e-11,2.543157e-05,5.744547e-07,0.000000e+00,0.000000e+00,1.550633e-18,0.000000e+00,0.000000e+00,0.000000e+00,0.000000e+00,0.000000e+00,0.000000e+00,2.596709e-18,2.166875e-31,1.298284e-18,8.069845e-33,8.211023e-24,9.710240e-19,8.442479e-21,-3.758802e-43,-1.959602e-18,-9.798170e-19,-1.298330e-18,-2.433308e-33,-8.213069e-24,-9.713175e-19,-8.453045e-21,-2.433091e-33,0.000000e+00,0.000000e+00,0.000000e+00,0.000000e+00,0.000000e+00,0.000000e+00,0.000000e+00,0.000000e+00,6.371069e-19,5.708159e-19,-4.654851e-23,5.636537e-33,-2.046170e-27,-2.935223e-22,-1.056589e-23,-2.433091e-33
484.5268,200.00,275.0000,8.080567e+00,2.233616e-01,C,3.416420e-03,1.333333e-01,0.3411%,1.131754e-02,9.948044e-03,5.120314e-05,9.435566e-17,5.298291e-11,2.525742e-05,5.681968e-07,0.000000e+00,0.000000e+00,1.550633e-18,0.000000e+00,0.000000e+00,0.000000e+00,0.000000e+00,0.000000e+00,0.000000e+00,2.599046e-18,2.023373e-31,1.305885e-18,8.152447e-33,8.332424e-24,9.755045e-19,8.581434e-21,2.505868e-43,-1.968773e-18,-9.844031e-19,-1.305936e-18,-2.429454e-33,-8.331191e-24,-9.757642e-19,-8.590752e-21,-2.429226e-33,0.000000e+00,0.000000e+00,0.000000e+00,0.000000e+00,0.000000e+00,0.000000e+00,0.000000e+00,0.000000e+00,6.302736e-19,5.662298e-19,-5.080675e-23,5.722994e-33,1.232813e-27,-2.596965e-22,-9.317928e-24,-2.429226e-33
504.5268,200.00,275.0000,8.455690e+00,2.212150e-01,C,3.408675e-03,1.333333e-01,0.3403%,1.171377e-02,1.030447e-02,5.116941e-05,9.849230e-17,5.376371e-11,2.510228e-05,5.626391e-07,0.000000e+00,0.000000e+00,1.550633e-18,0.000000e+00,0.000000e+00,0.000000e+00,0.000000e+00,0.000000e+00,0.000000e+00,2.601373e-18,1.865521e-31,1.313261e-18,8.237761e-33,8.456067e-24,9.798503e-19,8.720429e-21,4.594092e-43,-1.977684e-18,-9.888592e-19,-1.313315e-18,-2.424633e-33,-8.456856e-24,-9.800807e-19,-8.728658e-21,-2.424395e-33,0.000000e+00,0.000000e+00,0.000000e+00,0.000000e+00,0.000000e+00,0.000000e+00,0.000000e+00,0.000000e+00,6.236895e-19,5.617737e-19,-5.392173e-23,5.813127e-33,-7.892965e-28,-2.303702e-22,-8.228717e-24,-2.424395e-33
524.5268,200.00,275.0000,8.837877e+00,2.191384e-01,C,3.401082e-03,1.333333e-01,0.3395%,1.210591e-02,1.065812e-02,5.113282e-05,1.027714e-16,5.455620e-11,2.496372e-05,5.576946e-07,0.000000e+00,0.000000e+00,1.550633e-18,0.000000e+00,0.000000e+00,0.000000e+00,0.000000e+00,0.000000e+00,0.000000e+00,2.603656e-18,1.808121e-31,1.320414e-18,8.325143e-33,8.581570e-24,9.840622e-19,8.859213e-21,8.352894e-44,-1.986334e-18,-9.931847e-19,-1.320470e-18,-2.362191e-33,-8.580164e-24,-9.842668e-19,-8.866477e-21,-2.418685e-33,0.000000e+00,0.000000e+00,0.000000e+00,0.000000e+00,0.000000e+00,0.000000e+00,0.000000e+00,0.000000e+00,6.173225e-19,5.574482e-19,-5.624125e-23,5.962952e-33,1.406496e-27,-2.046168e-22,-7.263706e-24,-2.418685e-33
544.5268,200.00,275.0000,9.227109e+00,2.171195e-01,C,3.393655e-03,1.333333e-01,0.3388%,1.249409e-02,1.100907e-02,5.109377e-05,1.074792e-16,5.535769e-11,2.483971e-05,5.532898e-07,0.000000e+00,0.000000e+00,1.550633e-18,0.000000e+00,0.000000e+00,0.000000e+00,0.000000e+00,0.000000e+00,0.000000e+00,2.605864e-18,1.664619e-31,1.327342e-18,8.413976e-33,8.708496e-24,9.881410e-19,8.997531e-21,7.517605e-43,-1.994772e-18,-9.974044e-19,-1.327438e-18,-2.409228e-33,-8.711549e-24,-9.883464e-19,-9.004998e-21,-2.412244e-33,0.000000e+00,0.000000e+00,0.000000e+00,0.000000e+00,0.000000e+00,0.000000e+00,0.000000e+00,0.000000e+00,6.110924e-19,5.532285e-19,-9.500568e-23,6.004748e-33,-3.053267e-27,-2.054686e-22,-7.466857e-24,-2.412244e-33
564.5268,200.00,275.0000,9.623381e+00,2.151812e-01,C,3.386338e-03,1.333333e-01,0.3381%,1.287844e-02,1.135741e-02,5.105286e-05,1.116349e-16,5.617477e-11,2.472867e-05,5.493688e-07,0.000000e+00,0.000000e+00,1.550633e-18,0.000000e+00,0.000000e+00,0.000000e+00,0.000000e+00,0.000000e+00,0.000000e+00,2.608100e-18,1.492417e-31,1.334086e-18,8.505839e-33,8.837890e-24,9.921104e-19,9.136194e-21,-4.176447e-44,-2.002899e-18,-1.001469e-18,-1.334145e-18,-2.405275e-33,-8.836335e-24,-9.922723e-19,-9.141842e-21,-2.405006e-33,0.000000e+00,0.000000e+00,0.000000e+00,0.000000e+00,0.000000e+00,0.000000e+00,0.000000e+00,0.000000e+00,6.052010e-19,5.491643e-19,-5.915394e-23,6.100563e-33,1.555195e-27,-1.618200e-22,-5.647680e-24,-2.405006e-33
584.5268,200.00,275.0000,1.002663e+01,2.132877e-01,C,3.379213e-03,1.333333e-01,0.3374%,1.325907e-02,1.170320e-02,5.101018e-05,1.165062e-16,5.700205e-11,2.462895e-05,5.458703e-07,0.000000e+00,0.000000e+00,1.550633e-18,0.000000e+00,0.000000e+00,0.000000e+00,0.000000e+00,0.000000e+00,0.000000e+00,2.610206e-18,1.205414e-31,1.340607e-18,8.597969e-33,8.967946e-24,9.959486e-19,9.273920e-21,4.176447e-44,-2.010863e-18,-1.005451e-18,-1.340704e-18,-2.397494e-33,-8.966803e-24,-9.961155e-19,-9.279969e-21,-2.397169e-33,0.000000e+00,0.000000e+00,0.000000e+00,0.000000e+00,0.000000e+00,0.000000e+00,0.000000e+00,0.000000e+00,5.993429e-19,5.451814e-19,-9.646032e-23,6.200475e-33,1.142852e-27,-1.669302e-22,-6.049252e-24,-2.397169e-33
604.5268,200.00,275.0000,1.043687e+01,2.114617e-01,C,3.372149e-03,1.333333e-01,0.3366%,1.363610e-02,1.204653e-02,5.096644e-05,1.205549e-16,5.785157e-11,2.453958e-05,5.427621e-07,0.000000e+00,0.000000e+00,1.550633e-18,0.000000e+00,0.000000e+00,0.000000e+00,0.000000e+00,0.000000e+00,0.000000e+00,2.612420e-18,1.191064e-31,1.346982e-18,8.694439e-33,9.101247e-24,9.997018e-19,9.412652e-21,8.352894e-44,-2.018568e-18,-1.009304e-18,-1.347042e-18,-2.389269e-33,-9.097329e-24,-9.998298e-19,-9.417001e-21,-2.388965e-33,0.000000e+00,0.000000e+00,0.000000e+00,0.000000e+00,0.000000e+00,0.000000e+00,0.000000e+00,0.000000e+00,5.938527e-19,5.413287e-19,-6.009658e-23,6.305170e-33,3.918606e-27,-1.280356e-22,-4.348720e-24,-2.388965e-33
624.5268,200.00,275.0000,1.085406e+01,2.096908e-01,C,3.365299e-03,1.333333e-01,0.3360%,1.400964e-02,1.238744e-02,5.092140e-05,1.250080e-16,5.867939e-11,2.445917e-05,5.399899e-07,0.000000e+00,0.000000e+00,1.550633e-18,0.000000e+00,0.000000e+00,0.000000e+00,0.000000e+00,0.000000e+00,0.000000e+00,2.614458e-18,9.471108e-32,1.353138e-18,8.790061e-33,9.234518e-24,1.003326e-18,9.550017e-21,-2.505868e-43,-2.026061e-18,-1.013052e-18,-1.353198e-18,-2.380285e-33,-9.232688e-24,-1.003439e-18,-9.553797e-21,-2.379986e-33,0.000000e+00,0.000000e+00,0.000000e+00,0.000000e+00,0.000000e+00,0.000000e+00,0.000000e+00,0.000000e+00,5.883970e-19,5.375812e-19,-6.040315e-23,6.409776e-33,1.829327e-27,-1.134205e-22,-3.780220e-24,-2.379986e-33
644.5268,200.00,275.0000,1.127818e+01,2.079632e-01,C,3.358600e-03,1.333333e-01,0.3353%,1.437979e-02,1.272602e-02,5.087550e-05,1.299247e-16,5.952792e-11,2.438690e-05,5.375253e-07,0.000000e+00,0.000000e+00,1.550633e-18,0.000000e+00,0.000000e+00,0.000000e+00,0.000000e+00,0.000000e+00,0.000000e+00,2.616430e-18,9.040603e-32,1.359113e-18,8.886659e-33,9.368889e-24,1.006844e-18,9.686892e-21,-6.264671e-43,-2.033394e-18,-1.016718e-18,-1.359209e-18,-2.369921e-33,-9.368547e-24,-1.006967e-18,-9.691305e-21,-2.370729e-33,0.000000e+00,0.000000e+00,0.000000e+00,0.000000e+00,0.000000e+00,0.000000e+00,0.000000e+00,0.000000e+00,5.830363e-19,5.339145e-19,-9.605821e-23,6.516738e-33,3.425708e-28,-1.230392e-22,-4.413228e-24,-2.370729e-33
664.5268,200.00,275.0000,1.170916e+01,2.063008e-01,C,3.351989e-03,1.333333e-01,0.3346%,1.474665e-02,1.306232e-02,5.082912e-05,1.349370e-16,6.039149e-11,2.432206e-05,5.353441e-07,0.000000e+00,0.000000e+00,1.550633e-18,0.000000e+00,0.000000e+00,0.000000e+00,0.000000e+00,0.000000e+00,0.000000e+00,2.618446e-18,7.892590e-32,1.364944e-18,8.986304e-33,9.505638e-24,1.010280e-18,9.824236e-21,-5.011737e-43,-2.040469e-18,-1.020256e-18,-1.365004e-18,2.135043e-32,-9.506206e-24,-1.010368e-18,-9.827025e-21,-2.361009e-33,0.000000e+00,0.000000e+00,0.000000e+00,0.000000e+00,0.000000e+00,0.000000e+00,0.000000e+00,0.000000e+00,5.779770e-19,5.303764e-19,-6.015686e-23,3.033673e-32,-5.685919e-28,-8.836716e-23,-2.789236e-24,-2.361009e-33
684.5268,200.00,275.0000,1.214701e+01,2.046691e-01,C,3.345475e-03,1.333333e-01,0.3340%,1.511033e-02,1.339640e-02,5.078241e-05,1.394520e-16,6.129198e-11,2.426393e-05,5.334197e-07,0.000000e+00,0.000000e+00,1.550633e-18,0.000000e+00,0.000000e+00,0.000000e+00,0.000000e+00,0.000000e+00,0.000000e+00,2.620487e-18,6.601075e-32,1.370633e-18,9.088631e-33,9.644546e-24,1.013633e-18,9.961899e-21,5.429381e-43,-2.047432e-18,-1.023739e-18,-1.370693e-18,-2.351370e-33,-9.640705e-24,-1.013711e-18,-9.964273e-21,-2.351042e-33,0.000000e+00,0.000000e+00,0.000000e+00,0.000000e+00,0.000000e+00,0.000000e+00,0.000000e+00,0.000000e+00,5.730556e-19,5.268944e-19,-5.935467e-23,6.737261e-33,3.840874e-27,-7.799178e-23,-2.373567e-24,-2.351042e-33
704.5268,200.00,275.0000,1.259168e+01,2.030902e-01,C,3.339135e-03,1.333333e-01,0.3334%,1.547092e-02,1.372832e-02,5.073525e-05,1.443427e-16,6.214754e-11,2.421171e-05,5.317205e-07,0.000000e+00,0.000000e+00,1.550633e-18,0.000000e+00,0.000000e+00,0.000000e+00,0.000000e+00,0.000000e+00,0.000000e+00,2.622407e-18,5.022557e-32,1.376146e-18,9.190656e-33,9.783708e-24,1.016884e-18,1.009855e-20,-4.594092e-43,-2.054188e-18,-1.027117e-18,-1.376204e-18,-2.338583e-33,-9.783957e-24,-1.016952e-18,-1.010053e-20,-2.340742e-33,0.000000e+00,0.000000e+00,0.000000e+00,0.000000e+00,0.000000e+00,0.000000e+00,0.000000e+00,0.000000e+00,5.682195e-19,5.235159e-19,-5.874707e-23,6.852074e-33,-2.489709e-28,-6.816923e-23,-1.973079e-24,-2.340742e-33
724.5268,200.00,275.0000,1.304312e+01,2.015523e-01,C,3.332905e-03,1.333333e-01,0.3327%,1.582850e-02,1.405812e-02,5.068798e-05,1.490811e-16,6.303671e-11,2.416497e-05,5.302324e-07,0.000000e+00,0.000000e+00,1.550633e-18,0.000000e+00,0.000000e+00,0.000000e+00,0.000000e+00,0.000000e+00,0.000000e+00,2.624320e-18,5.022557e-32,1.381518e-18,9.294562e-33,9.924507e-24,1.020055e-18,1.023521e-20,-5.847026e-43,-2.060786e-18,-1.030416e-18,-1.381576e-18,-2.330545e-33,-9.922259e-24,-1.020114e-18,-1.023682e-20,-2.330198e-33,0.000000e+00,0.000000e+00,0.000000e+00,0.000000e+00,0.000000e+00,0.000000e+00,0.000000e+00,0.000000e+00,5.635342e-19,5.202165e-19,-5.794494e-23,6.964017e-33,2.247281e-27,-5.930610e-23,-1.609203e-24,-2.330198e-33
744.5268,200.00,275.0000,1.350137e+01,2.000549e-01,C,3.326791e-03,1.333333e-01,0.3321%,1.618316e-02,1.438586e-02,5.064065e-05,1.536450e-16,6.393468e-11,2.412324e-05,5.289375e-07,0.000000e+00,0.000000e+00,1.550633e-18,0.000000e+00,0.000000e+00,0.000000e+00,0.000000e+00,0.000000e+00,0.000000e+00,2.626210e-18,3.874544e-32,1.386753e-18,9.399993e-33,1.006670e-23,1.023146e-18,1.037172e-20,4.594092e-43,-2.067226e-18,-1.033637e-18,-1.386810e-18,-2.319788e-33,-1.006436e-23,-1.023198e-18,-1.037300e-20,-2.319431e-33,0.000000e+00,0.000000e+00,0.000000e+00,0.000000e+00,0.000000e+00,0.000000e+00,0.000000e+00,0.000000e+00,5.589839e-19,5.169958e-19,-5.701291e-23,7.080205e-33,2.335980e-27,-5.122554e-23,-1.273286e-24,-2.319431e-33
764.5268,200.00,275.0000,1.396628e+01,1.985974e-01,C,3.320797e-03,1.333333e-01,0.3315%,1.653498e-02,1.471160e-02,5.059339e-05,1.584136e-16,6.486279e-11,2.408600e-05,5.278168e-07,0.000000e+00,0.000000e+00,1.550633e-18,0.000000e+00,0.000000e+00,0.000000e+00,0.000000e+00,0.000000e+00,0.000000e+00,2.628063e-18,3.874544e-32,1.391851e-18,9.506616e-33,1.021005e-23,1.026159e-18,1.050795e-20,3.758802e-43,-2.073510e-18,-1.036780e-18,-1.391907e-18,-2.308843e-33,-1.020403e-23,-1.026203e-18,-1.050891e-20,-2.308477e-33,0.000000e+00,0.000000e+00,0.000000e+00,0.000000e+00,0.000000e+00,0.000000e+00,0.000000e+00,0.000000e+00,5.545528e-19,5.138533e-19,-5.603554e-23,7.197773e-33,6.016392e-27,-4.378096e-23,-9.601884e-25,-2.308477e-33
784.5268,200.00,275.0000,1.443787e+01,1.971793e-01,C,3.314929e-03,1.333333e-01,0.3309%,1.688404e-02,1.503536e-02,5.054622e-05,1.635406e-16,6.576881e-11,2.405288e-05,5.268561e-07,0.000000e+00,0.000000e+00,1.550633e-18,0.000000e+00,0.000000e+00,0.000000e+00,0.000000e+00,0.000000e+00,0.000000e+00,2.629865e-18,3.731042e-32,1.396813e-18,9.614067e-33,1.035432e-23,1.029094e-18,1.064374e-20,-5.429381e-43,-2.079639e-18,-1.039844e-18,-1.396868e-18,-2.297728e-33,-1.034902e-23,-1.029131e-18,-1.064441e-20,-2.297353e-33,0.000000e+00,0.000000e+00,0.000000e+00,0.000000e+00,0.000000e+00,0.000000e+00,0.000000e+00,0.000000e+00,5.502268e-19,5.107885e-19,-5.507803e-23,7.316339e-33,5.293558e-27,-3.685118e-23,-6.656668e-25,-2.297353e-33
804.5268,200.00,275.0000,1.491611e+01,1.957895e-01,C,3.309190e-03,1.333333e-01,0.3304%,1.723041e-02,1.535721e-02,5.049921e-05,1.686721e-16,6.666653e-11,2.402352e-05,5.260415e-07,0.000000e+00,0.000000e+00,1.550633e-18,0.000000e+00,0.000000e+00,0.000000e+00,0.000000e+00,0.000000e+00,0.000000e+00,2.631605e-18,2.726531e-32,1.401641e-18,9.721978e-33,1.049925e-23,1.031952e-18,1.077897e-20,6.682315e-43,-2.085659e-18,-1.042855e-18,-1.401729e-18,-2.246197e-33,-1.050269e-23,-1.032004e-18,-1.078065e-20,-2.286132e-33,0.000000e+00,0.000000e+00,0.000000e+00,0.000000e+00,0.000000e+00,0.000000e+00,0.000000e+00,0.000000e+00,5.459460e-19,5.077777e-19,-8.765281e-23,7.475781e-33,-3.441971e-27,-5.207950e-23,-1.687027e-24,-2.286132e-33
824.5268,200.00,275.0000,1.540097e+01,1.944382e-01,C,3.303516e-03,1.333333e-01,0.3298%,1.757418e-02,1.567719e-02,5.045260e-05,1.743748e-16,6.760556e-11,2.399774e-05,5.253690e-07,0.000000e+00,0.000000e+00,1.550633e-18,0.000000e+00,0.000000e+00,0.000000e+00,0.000000e+00,0.000000e+00,0.000000e+00,2.633401e-18,1.722020e-32,1.406371e-18,9.832949e-33,1.064654e-23,1.034756e-18,1.091477e-20,0.000000e+00,-2.091527e-18,-1.045789e-18,-1.406457e-18,-2.275175e-33,-1.064441e-23,-1.034802e-18,-1.091623e-20,-2.274777e-33,0.000000e+00,0.000000e+00,0.000000e+00,0.000000e+00,0.000000e+00,0.000000e+00,0.000000e+00,0.000000e+00,5.418740e-19,5.048436e-19,-8.619009e-23,7.557774e-33,2.128061e-27,-4.622147e-23,-1.453709e-24,-2.274777e-33
844.5268,200.00,275.0000,1.589241e+01,1.931248e-01,C,3.297912e-03,1.333333e-01,0.3292%,1.791540e-02,1.599533e-02,5.040642e-05,1.797692e-16,6.854082e-11,2.397523e-05,5.248276e-07,0.000000e+00,0.000000e+00,1.550633e-18,0.000000e+00,0.000000e+00,0.000000e+00,0.000000e+00,0.000000e+00,0.000000e+00,2.635240e-18,2.152524e-32,1.411003e-18,9.946772e-33,1.079602e-23,1.037505e-18,1.105108e-20,2.088224e-43,-2.097242e-18,-1.048647e-18,-1.411054e-18,-2.271275e-33,-1.079483e-23,-1.037524e-18,-1.105098e-20,-2.263314e-33,0.000000e+00,0.000000e+00,0.000000e+00,0.000000e+00,0.000000e+00,0.000000e+00,0.000000e+00,0.000000e+00,5.379984e-19,5.019855e-19,-5.146964e-23,7.675498e-33,1.194839e-27,-1.953039e-23,9.373927e-26,-2.263314e-33
864.5268,200.00,275.0000,1.639043e+01,1.918385e-01,C,3.292449e-03,1.333333e-01,0.3287%,1.825414e-02,1.631169e-02,5.036049e-05,1.849733e-16,6.948546e-11,2.395562e-05,5.243990e-07,0.000000e+00,0.000000e+00,1.550633e-18,0.000000e+00,0.000000e+00,0.000000e+00,0.000000e+00,0.000000e+00,0.000000e+00,2.636983e-18,1.578518e-32,1.415505e-18,1.006015e-32,1.094559e-23,1.040179e-18,1.118645e-20,-1.670579e-43,-2.102852e-18,-1.051453e-18,-1.415555e-18,-2.252198e-33,-1.094276e-23,-1.040193e-18,-1.118613e-20,-2.251782e-33,0.000000e+00,0.000000e+00,0.000000e+00,0.000000e+00,0.000000e+00,0.000000e+00,0.000000e+00,0.000000e+00,5.341314e-19,4.991802e-19,-5.021049e-23,7.807950e-33,2.832627e-27,-1.460004e-23,3.164540e-25,-2.251782e-33
884.5268,200.00,275.0000,1.689490e+01,1.905789e-01,C,3.287128e-03,1.333333e-01,0.3282%,1.859047e-02,1.662628e-02,5.031484e-05,1.906516e-16,7.044250e-11,2.393864e-05,5.240727e-07,0.000000e+00,0.000000e+00,1.550633e-18,0.000000e+00,0.000000e+00,0.000000e+00,0.000000e+00,0.000000e+00,0.000000e+00,2.638619e-18,1.148013e-32,1.419879e-18,1.017273e-32,1.109497e-23,1.042779e-18,1.132074e-20,-8.352894e-44,-2.108357e-18,-1.054206e-18,-1.419961e-18,-2.240652e-33,-1.109323e-23,-1.042810e-18,-1.132158e-20,-2.240226e-33,0.000000e+00,0.000000e+00,0.000000e+00,0.000000e+00,0.000000e+00,0.000000e+00,0.000000e+00,0.000000e+00,5.302618e-19,4.964273e-19,-8.175719e-23,7.932078e-33,1.733407e-27,-3.102842e-23,-8.390812e-25,-2.240226e-33
904.5268,200.00,275.0000,1.740584e+01,1.893559e-01,C,3.281820e-03,1.333333e-01,0.3276%,1.892444e-02,1.693916e-02,5.026991e-05,1.958797e-16,7.140237e-11,2.392434e-05,5.238581e-07,0.000000e+00,0.000000e+00,1.550633e-18,0.000000e+00,0.000000e+00,0.000000e+00,0.000000e+00,0.000000e+00,0.000000e+00,2.640399e-18,4.305049e-33,1.424192e-18,1.029048e-32,1.124804e-23,1.045347e-18,1.145657e-20,3.341158e-43,-2.113713e-18,-1.056884e-18,-1.424240e-18,-2.229033e-33,-1.124399e-23,-1.045353e-18,-1.145584e-20,-2.228597e-33,0.000000e+00,0.000000e+00,0.000000e+00,0.000000e+00,0.000000e+00,0.000000e+00,0.000000e+00,0.000000e+00,5.266858e-19,4.937488e-19,-4.765869e-23,8.061451e-33,4.048349e-27,-5.767256e-24,7.246573e-25,-2.228597e-33
924.5268,200.00,275.0000,1.792321e+01,1.881487e-01,C,3.276660e-03,1.333333e-01,0.3271%,1.925613e-02,1.725036e-02,5.022529e-05,2.013255e-16,7.236651e-11,2.391228e-05,5.237302e-07,0.000000e+00,0.000000e+00,1.550633e-18,0.000000e+00,0.000000e+00,0.000000e+00,0.000000e+00,0.000000e+00,0.000000e+00,2.642053e-18,2.296026e-32,1.428379e-18,1.040688e-32,1.140054e-23,1.047843e-18,1.159110e-20,1.670579e-43,-2.119011e-18,-1.059534e-18,-1.428458e-18,-2.217445e-33,-1.140041e-23,-1.047866e-18,-1.159160e-20,-2.216999e-33,0.000000e+00,0.000000e+00,0.000000e+00,0.000000e+00,0.000000e+00,0.000000e+00,0.000000e+00,0.000000e+00,5.230416e-19,4.910994e-19,-7.856018e-23,8.189439e-33,1.360126e-28,-2.283446e-23,-5.016089e-25,-2.216999e-33
944.5268,200.00,275.0000,1.844695e+01,1.869773e-01,C,3.271584e-03,1.333333e-01,0.3266%,1.958558e-02,1.755991e-02,5.018120e-05,2.069200e-16,7.336253e-11,2.390239e-05,5.236904e-07,0.000000e+00,0.000000e+00,1.550633e-18,0.000000e+00,0.000000e+00,0.000000e+00,0.000000e+00,0.000000e+00,0.000000e+00,2.643703e-18,2.152524e-32,1.432475e-18,1.052484e-32,1.155439e-23,1.050287e-18,1.172561e-20,-4.176447e-44,-2.124162e-18,-1.062109e-18,-1.432552e-18,-2.205807e-33,-1.154833e-23,-1.050306e-18,-1.172594e-20,-2.205351e-33,0.000000e+00,0.000000e+00,0.000000e+00,0.000000e+00,0.000000e+00,0.000000e+00,0.000000e+00,0.000000e+00,5.195407e-19,4.885235e-19,-7.704971e-23,8.319034e-33,6.064516e-27,-1.901917e-23,-3.385596e-25,-2.205351e-33
964.5268,200.00,275.0000,1.897706e+01,1.858312e-01,C,3.266594e-03,1.333333e-01,0.3261%,1.991285e-02,1.786786e-02,5.013763e-05,2.127069e-16,7.430986e-11,2.389452e-05,5.237325e-07,0.000000e+00,0.000000e+00,1.550633e-18,0.000000e+00,0.000000e+00,0.000000e+00,0.000000e+00,0.000000e+00,0.000000e+00,2.645340e-18,1.578518e-32,1.436480e-18,1.064412e-32,1.170941e-23,1.052681e-18,1.186000e-20,-9.188184e-43,-2.129211e-18,-1.064635e-18,-1.436556e-18,3.055490e-32,-1.170833e-23,-1.052696e-18,-1.186019e-20,-2.193705e-33,0.000000e+00,0.000000e+00,0.000000e+00,0.000000e+00,0.000000e+00,0.000000e+00,0.000000e+00,0.000000e+00,5.161289e-19,4.859984e-19,-7.554185e-23,4.119902e-32,1.074039e-27,-1.549138e-23,-1.888907e-25,-2.193705e-33
984.5268,200.00,275.0000,1.951347e+01,1.847101e-01,C,3.261693e-03,1.333333e-01,0.3256%,2.023799e-02,1.817421e-02,5.009459e-05,2.185845e-16,7.530446e-11,2.388851e-05,5.238503e-07,0.000000e+00,0.000000e+00,1.550633e-18,0.000000e+00,0.000000e+00,0.000000e+00,0.000000e+00,0.000000e+00,0.000000e+00,2.646958e-18,2.152524e-32,1.440396e-18,1.076449e-32,1.186543e-23,1.055024e-18,1.199419e-20,1.252934e-43,-2.134160e-18,-1.067109e-18,-1.440470e-18,-2.182548e-33,-1.186477e-23,-1.055036e-18,-1.199423e-20,-2.182072e-33,0.000000e+00,0.000000e+00,0.000000e+00,0.000000e+00,0.000000e+00,0.000000e+00,0.000000e+00,0.000000e+00,5.127975e-19,4.835235e-19,-7.404531e-23,8.581945e-33,6.668520e-28,-1.218999e-23,-4.740537e-26,-2.182072e-33
1004.5268,200.00,275.0000,2.005616e+01,1.836137e-01,C,3.256882e-03,1.333333e-01,0.3252%,2.056105e-02,1.847902e-02,5.005209e-05,2.244565e-16,7.628641e-11,2.388424e-05,5.240384e-07,0.000000e+00,0.000000e+00,1.550633e-18,0.000000e+00,0.000000e+00,0.000000e+00,0.000000e+00,0.000000e+00,0.000000e+00,2.648548e-18,1.291515e-32,1.444224e-18,1.088573e-32,1.202233e-23,1.057317e-18,1.212808e-20,3.758802e-43,-2.139009e-18,-1.069534e-18,-1.444296e-18,-2.170934e-33,-1.202116e-23,-1.057326e-18,-1.212799e-20,-2.170630e-33,0.000000e+00,0.000000e+00,0.000000e+00,0.000000e+00,0.000000e+00,0.000000e+00,0.000000e+00,0.000000e+00,5.095382e-19,4.810986e-19,-7.258669e-23,8.714799e-33,1.165160e-27,-9.070514e-24,8.748104e-26,-2.170630e-33
1024.5268,200.00,275.0000,2.060520e+01,1.825416e-01,C,3.252097e-03,1.333333e-01,0.3247%,2.088208e-02,1.878232e-02,5.001029e-05,2.302140e-16,7.729641e-11,2.388172e-05,5.243022e-07,0.000000e+00,0.000000e+00,1.550633e-18,0.000000e+00,0.000000e+00,0.000000e+00,0.000000e+00,0.000000e+00,0.000000e+00,2.650234e-18,2.296026e-32,1.447995e-18,1.101107e-32,1.218222e-23,1.059581e-18,1.226307e-20,2.088224e-43,-2.143760e-18,-1.071910e-18,-1.448035e-18,-2.178077e-33,-1.217871e-23,-1.059567e-18,-1.226136e-20,-2.159076e-33,0.000000e+00,0.000000e+00,0.000000e+00,0.000000e+00,0.000000e+00,0.000000e+00,0.000000e+00,0.000000e+00,5.064743e-19,4.787231e-19,-3.973658e-23,8.832990e-33,3.514567e-27,1.412987e-23,1.709213e-24,-2.159076e-33
1044.5268,200.00,275.0000,2.116029e+01,1.814837e-01,C,3.247472e-03,1.333333e-01,0.3242%,2.120114e-02,1.908412e-02,4.996885e-05,2.363912e-16,7.829548e-11,2.388053e-05,5.246156e-07,0.000000e+00,0.000000e+00,1.550633e-18,0.000000e+00,0.000000e+00,0.000000e+00,0.000000e+00,0.000000e+00,0.000000e+00,2.651747e-18,3.444039e-32,1.451649e-18,1.113339e-32,1.234038e-23,1.061777e-18,1.239611e-20,3.758802e-43,-2.148456e-18,-1.074258e-18,-1.451719e-18,-2.131474e-33,-1.233913e-23,-1.061780e-18,-1.239578e-20,-2.147352e-33,0.000000e+00,0.000000e+00,0.000000e+00,0.000000e+00,0.000000e+00,0.000000e+00,0.000000e+00,0.000000e+00,5.032916e-19,4.763749e-19,-6.949401e-23,9.001914e-33,1.255006e-27,-3.633354e-24,3.285222e-25,-2.147352e-33
1064.5268,200.00,275.0000,2.172157e+01,1.804496e-01,C,3.242877e-03,1.333333e-01,0.3238%,2.151825e-02,1.938445e-02,4.992813e-05,2.427109e-16,7.931228e-11,2.388085e-05,5.249947e-07,0.000000e+00,0.000000e+00,1.550633e-18,0.000000e+00,0.000000e+00,0.000000e+00,0.000000e+00,0.000000e+00,0.000000e+00,2.653343e-18,4.018046e-32,1.455249e-18,1.125946e-32,1.250130e-23,1.063944e-18,1.253011e-20,2.923513e-43,-2.153054e-18,-1.076557e-18,-1.455317e-18,-2.134588e-33,-1.249995e-23,-1.063945e-18,-1.252968e-20,-2.135876e-33,0.000000e+00,0.000000e+00,0.000000e+00,0.000000e+00,0.000000e+00,0.000000e+00,0.000000e+00,0.000000e+00,5.002896e-19,4.740755e-19,-6.793280e-23,9.124877e-33,1.353522e-27,-1.247853e-24,4.336756e-25,-2.135876e-33
1084.5268,200.00,275.0000,2.228895e+01,1.794391e-01,C,3.238378e-03,1.333333e-01,0.3233%,2.183348e-02,1.968335e-02,4.988793e-05,2.491718e-16,8.033016e-11,2.388244e-05,5.254255e-07,0.000000e+00,0.000000e+00,1.550633e-18,0.000000e+00,0.000000e+00,0.000000e+00,0.000000e+00,0.000000e+00,0.000000e+00,2.654885e-18,4.305049e-32,1.458765e-18,1.138556e-32,1.266250e-23,1.066063e-18,1.266348e-20,0.000000e+00,-2.157555e-18,-1.078808e-18,-1.458831e-18,-2.124483e-33,-1.266115e-23,-1.066062e-18,-1.266294e-20,-2.124442e-33,0.000000e+00,0.000000e+00,0.000000e+00,0.000000e+00,0.000000e+00,0.000000e+00,0.000000e+00,0.000000e+00,4.973301e-19,4.718246e-19,-6.646017e-23,9.261082e-33,1.345157e-27,1.125666e-24,5.449875e-25,-2.124442e-33
1104.5268,200.00,275.0000,2.286240e+01,1.784519e-01,C,3.233977e-03,1.333333e-01,0.3229%,2.214685e-02,1.998084e-02,4.984825e-05,2.555443e-16,8.134912e-11,2.388522e-05,5.259043e-07,0.000000e+00,0.000000e+00,1.550633e-18,0.000000e+00,0.000000e+00,0.000000e+00,0.000000e+00,0.000000e+00,0.000000e+00,2.656366e-18,4.879055e-32,1.462197e-18,1.151145e-32,1.282380e-23,1.068135e-18,1.279614e-20,-3.341158e-43,-2.161959e-18,-1.081011e-18,-1.462263e-18,-2.113593e-33,-1.282242e-23,-1.068131e-18,-1.279548e-20,-2.113054e-33,0.000000e+00,0.000000e+00,0.000000e+00,0.000000e+00,0.000000e+00,0.000000e+00,0.000000e+00,0.000000e+00,4.944062e-19,4.696220e-19,-6.514865e-23,9.397853e-33,1.382243e-27,3.494192e-24,6.524082e-25,-2.113054e-33
1124.5268,200.00,275.0000,2.344190e+01,1.774780e-01,C,3.229610e-03,1.333333e-01,0.3224%,2.245841e-02,2.027695e-02,4.980925e-05,2.617691e-16,8.238349e-11,2.388923e-05,5.264377e-07,0.000000e+00,0.000000e+00,1.550633e-18,0.000000e+00,0.000000e+00,0.000000e+00,0.000000e+00,0.000000e+00,0.000000e+00,2.657912e-18,5.453062e-32,1.465578e-18,1.164061e-32,1.298755e-23,1.070179e-18,1.292956e-20,4.176447e-44,-2.166312e-18,-1.083188e-18,-1.465642e-18,-2.102307e-33,-1.298883e-23,-1.070174e-18,-1.292881e-20,-2.101756e-33,0.000000e+00,0.000000e+00,0.000000e+00,0.000000e+00,0.000000e+00,0.000000e+00,0.000000e+00,0.000000e+00,4.915994e-19,4.674453e-19,-6.363571e-23,9.538307e-33,-1.276510e-27,5.460634e-24,7.457889e-25,-2.101756e-33
1144.5268,200.00,275.0000,2.402739e+01,1.765270e-01,C,3.225343e-03,1.333333e-01,0.3220%,2.276821e-02,2.057170e-02,4.977076e-05,2.686722e-16,8.341698e-11,2.389427e-05,5.270120e-07,0.000000e+00,0.000000e+00,1.550633e-18,0.000000e+00,0.000000e+00,0.000000e+00,0.000000e+00,0.000000e+00,0.000000e+00,2.659386e-18,6.888078e-32,1.468878e-18,1.176919e-32,1.315115e-23,1.072177e-18,1.306211e-20,9.188184e-43,-2.170570e-18,-1.085317e-18,-1.468940e-18,-2.091013e-33,-1.314968e-23,-1.072170e-18,-1.306127e-20,-2.090512e-33,0.000000e+00,0.000000e+00,0.000000e+00,0.000000e+00,0.000000e+00,0.000000e+00,0.000000e+00,0.000000e+00,4.888157e-19,4.653162e-19,-6.229685e-23,9.678174e-33,1.471893e-27,7.488482e-24,8.410222e-25,-2.090512e-33
1164.5268,200.00,275.0000,2.461886e+01,1.755985e-01,C,3.221114e-03,1.333333e-01,0.3216%,2.307627e-02,2.086511e-02,4.973293e-05,2.759675e-16,8.446473e-11,2.390039e-05,5.276347e-07,0.000000e+00,0.000000e+00,1.550633e-18,0.000000e+00,0.000000e+00,0.000000e+00,0.000000e+00,0.000000e+00,0.000000e+00,2.660914e-18,1.061912e-31,1.472127e-18,1.190077e-32,1.331701e-23,1.074148e-18,1.319533e-20,-2.505868e-43,-2.174733e-18,-1.087399e-18,-1.472158e-18,-2.079415e-33,-1.331289e-23,-1.074119e-18,-1.319277e-20,-2.079321e-33,0.000000e+00,0.000000e+00,0.000000e+00,0.000000e+00,0.000000e+00,0.000000e+00,0.000000e+00,0.000000e+00,4.861810e-19,4.632343e-19,-3.103236e-23,9.821354e-33,4.124816e-27,2.924867e-23,2.560928e-24,-2.079321e-33
1184.5268,200.00,275.0000,2.521623e+01,1.746731e-01,C,3.216986e-03,1.333333e-01,0.3212%,2.338263e-02,2.115721e-02,4.969559e-05,2.829518e-16,8.569427e-11,2.390739e-05,5.282921e-07,0.000000e+00,0.000000e+00,1.550633e-18,0.000000e+00,0.000000e+00,0.000000e+00,0.000000e+00,0.000000e+00,0.000000e+00,2.662360e-18,1.148013e-31,1.475297e-18,1.203135e-32,1.348243e-23,1.076074e-18,1.332753e-20,2.505868e-43,-2.178889e-18,-1.089477e-18,-1.475357e-18,-2.068860e-33,-1.345165e-23,-1.076063e-18,-1.332652e-20,-2.068274e-33,0.000000e+00,0.000000e+00,0.000000e+00,0.000000e+00,0.000000e+00,0.000000e+00,0.000000e+00,0.000000e+00,4.834711e-19,4.611560e-19,-5.949600e-23,9.962494e-33,3.077799e-26,1.099400e-23,1.011727e-24,-2.068274e-33
1204.5268,200.00,275.0000,2.581948e+01,1.737794e-01,C,3.212960e-03,1.333333e-01,0.3208%,2.368733e-02,2.144802e-02,4.965871e-05,2.901957e-16,8.655076e-11,2.391521e-05,5.289819e-07,0.000000e+00,0.000000e+00,1.550633e-18,0.000000e+00,0.000000e+00,0.000000e+00,0.000000e+00,0.000000e+00,0.000000e+00,2.663718e-18,1.463717e-31,1.478389e-18,1.216069e-32,1.364723e-23,1.077954e-18,1.345861e-20,1.670579e-43,-2.182908e-18,-1.091487e-18,-1.478447e-18,-1.022973e-33,-1.364561e-23,-1.077941e-18,-1.345751e-20,-2.057243e-33,0.000000e+00,0.000000e+00,0.000000e+00,0.000000e+00,0.000000e+00,0.000000e+00,0.000000e+00,0.000000e+00,4.808102e-19,4.591461e-19,-5.840018e-23,1.113772e-32,1.617149e-27,1.289657e-23,1.102185e-24,-2.057243e-33
1224.5268,200.00,275.0000,2.642861e+01,1.728887e-01,C,3.208911e-03,1.333333e-01,0.3204%,2.399040e-02,2.173756e-02,4.962265e-05,2.971098e-16,8.762118e-11,2.392405e-05,5.297225e-07,0.000000e+00,0.000000e+00,1.550633e-18,0.000000e+00,0.000000e+00,0.000000e+00,0.000000e+00,0.000000e+00,0.000000e+00,2.665249e-18,2.095124e-31,1.481462e-18,1.229656e-32,1.381667e-23,1.079828e-18,1.359184e-20,-7.517605e-43,-2.186921e-18,-1.093493e-18,-1.481518e-18,-2.046963e-33,-1.381501e-23,-1.079814e-18,-1.359067e-20,-2.046354e-33,0.000000e+00,0.000000e+00,0.000000e+00,0.000000e+00,0.000000e+00,0.000000e+00,0.000000e+00,0.000000e+00,4.783280e-19,4.571395e-19,-5.685866e-23,1.024959e-32,1.662970e-27,1.418770e-23,1.170875e-24,-2.046354e-33
1244.5268,200.00,275.0000,2.704326e+01,1.720292e-01,C,3.205028e-03,1.333333e-01,0.3200%,2.429190e-02,2.202584e-02,4.958690e-05,3.039206e-16,8.866890e-11,2.393342e-05,5.304775e-07,0.000000e+00,0.000000e+00,1.550633e-18,0.000000e+00,0.000000e+00,0.000000e+00,0.000000e+00,0.000000e+00,0.000000e+00,2.666550e-18,2.439528e-31,1.484428e-18,1.242685e-32,1.398252e-23,1.081638e-18,1.372215e-20,-4.176447e-44,-2.190798e-18,-1.095432e-18,-1.484484e-18,-1.761681e-33,-1.398081e-23,-1.081622e-18,-1.372089e-20,-2.035504e-33,0.000000e+00,0.000000e+00,0.000000e+00,0.000000e+00,0.000000e+00,0.000000e+00,0.000000e+00,0.000000e+00,4.757517e-19,4.552006e-19,-5.587384e-23,1.066517e-32,1.708383e-27,1.601174e-23,1.258071e-24,-2.035504e-33
1264.5268,200.00,275.0000,2.766405e+01,1.711723e-01,C,3.201125e-03,1.333333e-01,0.3196%,2.459181e-02,2.231291e-02,4.955187e-05,3.111250e-16,8.974541e-11,2.394378e-05,5.312819e-07,0.000000e+00,0.000000e+00,1.550633e-18,0.000000e+00,0.000000e+00,0.000000e+00,0.000000e+00,0.000000e+00,0.000000e+00,2.668015e-18,3.329238e-31,1.487378e-18,1.256342e-32,1.415289e-23,1.083442e-18,1.385453e-20,-7.099960e-43,-2.194670e-18,-1.097368e-18,-1.487432e-18,-1.915044e-33,-1.415111e-23,-1.083425e-18,-1.385320e-20,-2.024778e-33,0.000000e+00,0.000000e+00,0.000000e+00,0.000000e+00,0.000000e+00,0.000000e+00,0.000000e+00,0.000000e+00,4.733454e-19,4.532645e-19,-5.447424e-23,1.064838e-32,1.784027e-27,1.722433e-23,1.323878e-24,-2.024778e-33
1284.5268,200.00,275.0000,2.829047e+01,1.703366e-01,C,3.197327e-03,1.333333e-01,0.3192%,2.489019e-02,2.259877e-02,4.951729e-05,3.192514e-16,9.081445e-11,2.395472e-05,5.321081e-07,0.000000e+00,0.000000e+00,1.550633e-18,0.000000e+00,0.000000e+00,0.000000e+00,0.000000e+00,0.000000e+00,0.000000e+00,2.669375e-18,4.391150e-31,1.490252e-18,1.269807e-32,1.432215e-23,1.085202e-18,1.398553e-20,6.682315e-43,-2.198451e-18,-1.099259e-18,-1.490305e-18,-2.014852e-33,-1.432035e-23,-1.085184e-18,-1.398413e-20,-2.014051e-33,0.000000e+00,0.000000e+00,0.000000e+00,0.000000e+00,0.000000e+00,0.000000e+00,0.000000e+00,0.000000e+00,4.709237e-19,4.513737e-19,-5.332175e-23,1.068321e-32,1.799508e-27,1.864753e-23,1.396742e-24,-2.014051e-33
1304.5268,200.00,275.0000,2.892258e+01,1.695132e-01,C,3.193571e-03,1.333333e-01,0.3188%,2.518708e-02,2.288343e-02,4.948330e-05,3.267578e-16,9.189367e-11,2.396636e-05,5.329660e-07,0.000000e+00,0.000000e+00,1.550633e-18,0.000000e+00,0.000000e+00,0.000000e+00,0.000000e+00,0.000000e+00,0.000000e+00,2.670757e-18,5.854867e-31,1.493080e-18,1.283472e-32,1.449298e-23,1.086938e-18,1.411680e-20,8.352894e-44,-2.202182e-18,-1.101125e-18,-1.493132e-18,5.579832e-33,-1.449113e-23,-1.086918e-18,-1.411533e-20,-2.003574e-33,0.000000e+00,0.000000e+00,0.000000e+00,0.000000e+00,0.000000e+00,0.000000e+00,0.000000e+00,0.000000e+00,4.685755e-19,4.495080e-19,-5.210231e-23,1.841455e-32,1.845304e-27,1.990121e-23,1.463458e-24,-2.003574e-33
1324.5268,200.00,275.0000,2.956033e+01,1.687012e-01,C,3.189860e-03,1.333333e-01,0.3185%,2.548249e-02,2.316693e-02,4.944989e-05,3.341142e-16,9.298240e-11,2.397864e-05,5.338535e-07,0.000000e+00,0.000000e+00,1.550633e-18,0.000000e+00,0.000000e+00,0.000000e+00,0.000000e+00,0.000000e+00,0.000000e+00,2.672159e-18,7.576886e-31,1.495864e-18,1.297328e-32,1.466531e-23,1.088649e-18,1.424830e-20,4.176447e-44,-2.205866e-18,-1.102967e-18,-1.495915e-18,-1.972147e-33,-1.466718e-23,-1.088628e-18,-1.424678e-20,-1.993132e-33,0.000000e+00,0.000000e+00,0.000000e+00,0.000000e+00,0.000000e+00,0.000000e+00,0.000000e+00,0.000000e+00,4.662930e-19,4.476656e-19,-5.083358e-23,1.100113e-32,-1.876813e-27,2.096134e-23,1.523581e-24,-1.993132e-33
1344.5268,200.00,275.0000,3.020365e+01,1.679008e-01,C,3.186254e-03,1.333333e-01,0.3181%,2.577645e-02,2.344928e-02,4.941687e-05,3.415134e-16,9.406145e-11,2.399140e-05,5.347576e-07,0.000000e+00,0.000000e+00,1.550633e-18,0.000000e+00,0.000000e+00,0.000000e+00,0.000000e+00,0.000000e+00,0.000000e+00,2.673444e-18,9.872912e-31,1.498575e-18,1.310932e-32,1.483611e-23,1.090317e-18,1.437821e-20,6.264671e-43,-2.209503e-18,-1.104786e-18,-1.498653e-18,-1.983475e-33,-1.483717e-23,-1.090315e-18,-1.437842e-20,-1.982797e-33,0.000000e+00,0.000000e+00,0.000000e+00,0.000000e+00,0.000000e+00,0.000000e+00,0.000000e+00,0.000000e+00,4.639406e-19,4.458470e-19,-7.813756e-23,1.112584e-32,-1.056076e-27,2.799749e-24,-2.104935e-25,-1.982797e-33
1364.5268,200.00,275.0000,3.085261e+01,1.671212e-01,C,3.182633e-03,1.333333e-01,0.3178%,2.606900e-02,2.373049e-02,4.938457e-05,3.489050e-16,9.516782e-11,2.400486e-05,5.356998e-07,0.000000e+00,0.000000e+00,1.550633e-18,0.000000e+00,0.000000e+00,0.000000e+00,0.000000e+00,0.000000e+00,0.000000e+00,2.674873e-18,1.320215e-30,1.501270e-18,1.325133e-32,1.501123e-23,1.091981e-18,1.451005e-20,-4.594092e-43,-2.213050e-18,-1.106560e-18,-1.501319e-18,-1.973182e-33,-1.500925e-23,-1.091958e-18,-1.450841e-20,-1.972788e-33,0.000000e+00,0.000000e+00,0.000000e+00,0.000000e+00,0.000000e+00,0.000000e+00,0.000000e+00,0.000000e+00,4.618228e-19,4.440732e-19,-4.848627e-23,1.127815e-32,1.987239e-27,2.308569e-23,1.643244e-24,-1.972788e-33
1384.5268,200.00,275.0000,3.150709e+01,1.663528e-01,C,3.179118e-03,1.333333e-01,0.3174%,2.636016e-02,2.401059e-02,4.935264e-05,3.564076e-16,9.626295e-11,2.401874e-05,5.366552e-07,0.000000e+00,0.000000e+00,1.550633e-18,0.000000e+00,0.000000e+00,0.000000e+00,0.000000e+00,0.000000e+00,0.000000e+00,2.676178e-18,1.736370e-30,1.503894e-18,1.339050e-32,1.518457e-23,1.093602e-18,1.464018e-20,1.127641e-42,-2.216551e-18,-1.108310e-18,-1.503942e-18,-1.953534e-33,-1.518254e-23,-1.093578e-18,-1.463848e-20,-1.962369e-33,0.000000e+00,0.000000e+00,0.000000e+00,0.000000e+00,0.000000e+00,0.000000e+00,0.000000e+00,0.000000e+00,4.596270e-19,4.423227e-19,-4.742042e-23,1.143697e-32,2.030621e-27,2.415866e-23,1.703244e-24,-1.962369e-33
1404.5268,200.00,275.0000,3.216704e+01,1.655956e-01,C,3.175649e-03,1.333333e-01,0.3171%,2.664995e-02,2.428958e-02,4.932124e-05,3.643290e-16,9.736527e-11,2.403311e-05,5.376337e-07,0.000000e+00,0.000000e+00,1.550633e-18,0.000000e+00,0.000000e+00,0.000000e+00,0.000000e+00,0.000000e+00,0.000000e+00,2.677487e-18,2.290286e-30,1.506476e-18,1.353106e-32,1.535906e-23,1.095199e-18,1.477034e-20,1.252934e-43,-2.220005e-18,-1.110038e-18,-1.506522e-18,-1.953024e-33,-1.535698e-23,-1.095174e-18,-1.476858e-20,-1.952336e-33,0.000000e+00,0.000000e+00,0.000000e+00,0.000000e+00,0.000000e+00,0.000000e+00,0.000000e+00,0.000000e+00,4.574827e-19,4.405954e-19,-4.633782e-23,1.157804e-32,2.076372e-27,2.513068e-23,1.759595e-24,-1.952336e-33
1424.5268,200.00,275.0000,3.283245e+01,1.648495e-01,C,3.172226e-03,1.333333e-01,0.3167%,2.693840e-02,2.456749e-02,4.929035e-05,3.718758e-16,9.847434e-11,2.404796e-05,5.386341e-07,0.000000e+00,0.000000e+00,1.550633e-18,0.000000e+00,0.000000e+00,0.000000e+00,0.000000e+00,0.000000e+00,0.000000e+00,2.678799e-18,2.973354e-30,1.509015e-18,1.367289e-32,1.553460e-23,1.096774e-18,1.490049e-20,-2.088224e-43,-2.223413e-18,-1.111742e-18,-1.509060e-18,-1.943091e-33,-1.553248e-23,-1.096748e-18,-1.489868e-20,-1.942369e-33,0.000000e+00,0.000000e+00,0.000000e+00,0.000000e+00,0.000000e+00,0.000000e+00,0.000000e+00,0.000000e+00,4.553864e-19,4.388912e-19,-4.524702e-23,1.172980e-32,2.124578e-27,2.601479e-23,1.812756e-24,-1.942369e-33
1444.5268,200.00,275.0000,3.350329e+01,1.641144e-01,C,3.168850e-03,1.333333e-01,0.3164%,2.722553e-02,2.484433e-02,4.925997e-05,3.800604e-16,9.958964e-11,2.406325e-05,5.396550e-07,0.000000e+00,0.000000e+00,1.550633e-18,0.000000e+00,0.000000e+00,0.000000e+00,0.000000e+00,0.000000e+00,0.000000e+00,2.680110e-18,3.886024e-30,1.511513e-18,1.381589e-32,1.571113e-23,1.098325e-18,1.503060e-20,4.594092e-43,-2.226775e-18,-1.113423e-18,-1.511557e-18,-1.933260e-33,-1.570896e-23,-1.098298e-18,-1.502874e-20,-1.932527e-33,0.000000e+00,0.000000e+00,0.000000e+00,0.000000e+00,0.000000e+00,0.000000e+00,0.000000e+00,0.000000e+00,4.533347e-19,4.372099e-19,-4.415563e-23,1.188263e-32,2.170604e-27,2.682321e-23,1.863157e-24,-1.932527e-33
1464.5268,200.00,275.0000,3.417950e+01,1.633901e-01,C,3.165581e-03,1.333333e-01,0.3161%,2.751137e-02,2.512012e-02,4.922991e-05,3.878986e-16,1.006901e-10,2.407884e-05,5.406832e-07,0.000000e+00,0.000000e+00,1.550633e-18,0.000000e+00,0.000000e+00,0.000000e+00,0.000000e+00,0.000000e+00,0.000000e+00,2.681282e-18,5.031167e-30,1.513942e-18,1.395528e-32,1.588531e-23,1.099835e-18,1.515871e-20,8.770539e-43,-2.230092e-18,-1.115082e-18,-1.514013e-18,-1.923532e-33,-1.588636e-23,-1.099826e-18,-1.515870e-20,-1.922791e-33,0.000000e+00,0.000000e+00,0.000000e+00,0.000000e+00,0.000000e+00,0.000000e+00,0.000000e+00,0.000000e+00,4.511906e-19,4.355514e-19,-7.081180e-23,1.203175e-32,-1.049080e-27,8.744298e-24,1.005555e-26,-1.922791e-33
1484.5268,200.00,275.0000,3.486110e+01,1.626858e-01,C,3.162300e-03,1.333333e-01,0.3157%,2.779593e-02,2.539488e-02,4.920050e-05,3.961508e-16,1.018161e-10,2.409496e-05,5.417415e-07,0.000000e+00,0.000000e+00,1.550633e-18,0.000000e+00,0.000000e+00,0.000000e+00,0.000000e+00,0.000000e+00,0.000000e+00,2.682581e-18,6.509234e-30,1.516358e-18,1.410020e-32,1.606354e-23,1.101341e-18,1.528859e-20,0.000000e+00,-2.233321e-18,-1.116696e-18,-1.516400e-18,-1.913883e-33,-1.606127e-23,-1.101313e-18,-1.528661e-20,-1.913124e-33,0.000000e+00,0.000000e+00,0.000000e+00,0.000000e+00,0.000000e+00,0.000000e+00,0.000000e+00,0.000000e+00,4.492606e-19,4.339366e-19,-4.225910e-23,1.218632e-32,2.273787e-27,2.864098e-23,1.974929e-24,-1.913124e-33
1504.5268,200.00,275.0000,3.554798e+01,1.619830e-01,C,3.159067e-03,1.333333e-01,0.3154%,2.807925e-02,2.566860e-02,4.917155e-05,4.041704e-16,1.029470e-10,2.411143e-05,5.428165e-07,0.000000e+00,0.000000e+00,1.550633e-18,0.000000e+00,0.000000e+00,0.000000e+00,0.000000e+00,0.000000e+00,0.000000e+00,2.683870e-18,8.386235e-30,1.518734e-18,1.424595e-32,1.624252e-23,1.102825e-18,1.541828e-20,7.935250e-43,-2.236547e-18,-1.118310e-18,-1.518775e-18,-1.899862e-33,-1.624020e-23,-1.102796e-18,-1.541626e-20,-1.903597e-33,0.000000e+00,0.000000e+00,0.000000e+00,0.000000e+00,0.000000e+00,0.000000e+00,0.000000e+00,0.000000e+00,4.473232e-19,4.323233e-19,-4.121903e-23,1.234609e-32,2.319638e-27,2.927321e-23,2.014573e-24,-1.903597e-33
1524.5268,200.00,275.0000,3.624011e+01,1.612908e-01,C,3.155882e-03,1.333333e-01,0.3151%,2.836133e-02,2.594132e-02,4.914307e-05,4.131301e-16,1.040819e-10,2.412824e-05,5.439072e-07,0.000000e+00,0.000000e+00,1.550633e-18,0.000000e+00,0.000000e+00,0.000000e+00,0.000000e+00,0.000000e+00,0.000000e+00,2.685146e-18,1.075401e-29,1.521070e-18,1.439242e-32,1.642216e-23,1.104287e-18,1.554775e-20,5.011737e-43,-2.239728e-18,-1.119901e-18,-1.521111e-18,-1.873302e-33,-1.641980e-23,-1.104257e-18,-1.554569e-20,-1.894174e-33,0.000000e+00,0.000000e+00,0.000000e+00,0.000000e+00,0.000000e+00,0.000000e+00,0.000000e+00,0.000000e+00,4.454179e-19,4.307324e-19,-4.018887e-23,1.251912e-32,2.359468e-27,2.990037e-23,2.058112e-24,-1.894174e-33
1544.5268,200.00,275.0000,3.693747e+01,1.606090e-01,C,3.152746e-03,1.333333e-01,0.3148%,2.864221e-02,2.621305e-02,4.911503e-05,4.216646e-16,1.052205e-10,2.414537e-05,5.450126e-07,0.000000e+00,0.000000e+00,1.550633e-18,0.000000e+00,0.000000e+00,0.000000e+00,0.000000e+00,0.000000e+00,0.000000e+00,2.686407e-18,1.372737e-29,1.523367e-18,1.453947e-32,1.660238e-23,1.105726e-18,1.567697e-20,1.712343e-42,-2.242865e-18,-1.121469e-18,-1.523407e-18,-1.883906e-33,-1.659997e-23,-1.105696e-18,-1.567486e-20,-1.884854e-33,0.000000e+00,0.000000e+00,0.000000e+00,0.000000e+00,0.000000e+00,0.000000e+00,0.000000e+00,0.000000e+00,4.435417e-19,4.291637e-19,-3.918876e-23,1.265557e-32,2.406512e-27,3.049645e-23,2.100540e-24,-1.884854e-33
1564.5268,200.00,275.0000,3.764005e+01,1.599377e-01,C,3.149716e-03,1.333333e-01,0.3145%,2.892190e-02,2.648379e-02,4.908725e-05,4.302286e-16,1.063402e-10,2.416270e-05,5.461192e-07,0.000000e+00,0.000000e+00,1.550633e-18,0.000000e+00,0.000000e+00,0.000000e+00,0.000000e+00,0.000000e+00,0.000000e+00,2.687516e-18,1.744406e-29,1.525599e-18,1.468209e-32,1.677960e-23,1.107125e-18,1.580389e-20,2.505868e-42,-2.245958e-18,-1.123016e-18,-1.525664e-18,-1.876430e-33,-1.678065e-23,-1.107113e-18,-1.580374e-20,-1.875635e-33,0.000000e+00,0.000000e+00,0.000000e+00,0.000000e+00,0.000000e+00,0.000000e+00,0.000000e+00,0.000000e+00,4.415577e-19,4.276172e-19,-6.530557e-23,1.280566e-32,-1.044470e-27,1.251642e-23,1.505169e-25,-1.875635e-33
1584.5268,200.00,275.0000,3.834781e+01,1.592858e-01,C,3.146677e-03,1.333333e-01,0.3142%,2.920042e-02,2.675356e-02,4.906006e-05,4.385969e-16,1.074844e-10,2.418042e-05,5.472511e-07,0.000000e+00,0.000000e+00,1.550633e-18,0.000000e+00,0.000000e+00,0.000000e+00,0.000000e+00,0.000000e+00,0.000000e+00,2.688738e-18,2.204472e-29,1.527819e-18,1.482991e-32,1.696069e-23,1.108521e-18,1.593244e-20,2.714691e-42,-2.248965e-18,-1.124519e-18,-1.527856e-18,-1.867288e-33,-1.695818e-23,-1.108489e-18,-1.593024e-20,-1.866484e-33,0.000000e+00,0.000000e+00,0.000000e+00,0.000000e+00,0.000000e+00,0.000000e+00,0.000000e+00,0.000000e+00,4.397732e-19,4.261137e-19,-3.754194e-23,1.296262e-32,2.510557e-27,3.203828e-23,2.201789e-24,-1.866484e-33
1604.5268,200.00,275.0000,3.906068e+01,1.586351e-01,C,3.143687e-03,1.333333e-01,0.3139%,2.947779e-02,2.702238e-02,4.903328e-05,4.477253e-16,1.086305e-10,2.419841e-05,5.483945e-07,0.000000e+00,0.000000e+00,1.550633e-18,0.000000e+00,0.000000e+00,0.000000e+00,0.000000e+00,0.000000e+00,0.000000e+00,2.689937e-18,2.771590e-29,1.530001e-18,1.497798e-32,1.714210e-23,1.109896e-18,1.606060e-20,2.798220e-42,-2.251969e-18,-1.126022e-18,-1.530038e-18,2.986977e-32,-1.713956e-23,-1.109863e-18,-1.605836e-20,-1.857467e-33,0.000000e+00,0.000000e+00,0.000000e+00,0.000000e+00,0.000000e+00,0.000000e+00,0.000000e+00,0.000000e+00,4.379678e-19,4.246112e-19,-3.665537e-23,4.484776e-32,2.536953e-27,3.262194e-23,2.243509e-24,-1.857467e-33
1624.5268,200.00,275.0000,3.977866e+01,1.579855e-01,C,3.140746e-03,1.333333e-01,0.3136%,2.975402e-02,2.729025e-02,4.900691e-05,4.565894e-16,1.097781e-10,2.421665e-05,5.495489e-07,0.000000e+00,0.000000e+00,1.550633e-18,0.000000e+00,0.000000e+00,0.000000e+00,0.000000e+00,0.000000e+00,0.000000e+00,2.691111e-18,3.473026e-29,1.532146e-18,1.512617e-32,1.732372e-23,1.111249e-18,1.618833e-20,4.259976e-42,-2.254972e-18,-1.127523e-18,-1.532208e-18,-1.849426e-33,-1.732566e-23,-1.111234e-18,-1.618811e-20,-1.848711e-33,0.000000e+00,0.000000e+00,0.000000e+00,0.000000e+00,0.000000e+00,0.000000e+00,0.000000e+00,0.000000e+00,4.361389e-19,4.231097e-19,-6.228949e-23,1.327675e-32,-1.937346e-27,1.440103e-23,2.212422e-25,-1.848711e-33
1644.5268,200.00,275.0000,4.050171e+01,1.573550e-01,C,3.137798e-03,1.333333e-01,0.3133%,3.002914e-02,2.755720e-02,4.898109e-05,4.657320e-16,1.109499e-10,2.423524e-05,5.507264e-07,0.000000e+00,0.000000e+00,1.550633e-18,0.000000e+00,0.000000e+00,0.000000e+00,0.000000e+00,0.000000e+00,0.000000e+00,2.692392e-18,4.330592e-29,1.534280e-18,1.527948e-32,1.750919e-23,1.112599e-18,1.631765e-20,5.304088e-42,-2.257889e-18,-1.128982e-18,-1.534315e-18,1.128181e-33,-1.750654e-23,-1.112565e-18,-1.631534e-20,-1.839761e-33,0.000000e+00,0.000000e+00,0.000000e+00,0.000000e+00,0.000000e+00,0.000000e+00,0.000000e+00,0.000000e+00,4.345025e-19,4.216508e-19,-3.478724e-23,1.640766e-32,2.646523e-27,3.346112e-23,2.310546e-24,-1.839761e-33
1664.5268,200.00,275.0000,4.122978e+01,1.567346e-01,C,3.134955e-03,1.333333e-01,0.3130%,3.030316e-02,2.782322e-02,4.895548e-05,4.747103e-16,1.120991e-10,2.425392e-05,5.519000e-07,0.000000e+00,0.000000e+00,1.550633e-18,0.000000e+00,0.000000e+00,0.000000e+00,0.000000e+00,0.000000e+00,0.000000e+00,2.693508e-18,5.379589e-29,1.536351e-18,1.542759e-32,1.769107e-23,1.113910e-18,1.644440e-20,6.807609e-42,-2.260764e-18,-1.130419e-18,-1.536385e-18,-1.831911e-33,-1.768837e-23,-1.113876e-18,-1.644205e-20,-1.831036e-33,0.000000e+00,0.000000e+00,0.000000e+00,0.000000e+00,0.000000e+00,0.000000e+00,0.000000e+00,0.000000e+00,4.327447e-19,4.202135e-19,-3.405191e-23,1.359568e-32,2.694910e-27,3.410895e-23,2.354137e-24,-1.831036e-33
1684.5268,200.00,275.0000,4.196286e+01,1.561151e-01,C,3.132162e-03,1.333333e-01,0.3127%,3.057611e-02,2.808834e-02,4.893024e-05,4.835824e-16,1.132479e-10,2.427282e-05,5.530820e-07,0.000000e+00,0.000000e+00,1.550633e-18,0.000000e+00,0.000000e+00,0.000000e+00,0.000000e+00,0.000000e+00,0.000000e+00,2.694593e-18,6.651014e-29,1.538386e-18,1.557546e-32,1.787289e-23,1.115199e-18,1.657059e-20,8.144072e-42,-2.263636e-18,-1.131856e-18,-1.538445e-18,-1.807904e-33,-1.787393e-23,-1.115183e-18,-1.657030e-20,-1.822443e-33,0.000000e+00,0.000000e+00,0.000000e+00,0.000000e+00,0.000000e+00,0.000000e+00,0.000000e+00,0.000000e+00,4.309562e-19,4.187770e-19,-5.949068e-23,1.376755e-32,-1.041088e-27,1.609661e-23,2.850543e-25,-1.822443e-33
1704.5268,200.00,275.0000,4.270088e+01,1.555149e-01,C,3.129362e-03,1.333333e-01,0.3124%,3.084798e-02,2.835256e-02,4.890553e-05,4.933907e-16,1.144454e-10,2.429201e-05,5.542847e-07,0.000000e+00,0.000000e+00,1.550633e-18,0.000000e+00,0.000000e+00,0.000000e+00,0.000000e+00,0.000000e+00,0.000000e+00,2.695778e-18,8.189638e-29,1.540411e-18,1.572825e-32,1.805841e-23,1.116487e-18,1.669829e-20,9.355242e-42,-2.266424e-18,-1.133249e-18,-1.540443e-18,-1.814742e-33,-1.805160e-23,-1.116451e-18,-1.669586e-20,-1.813761e-33,0.000000e+00,0.000000e+00,0.000000e+00,0.000000e+00,0.000000e+00,0.000000e+00,0.000000e+00,0.000000e+00,4.293541e-19,4.173836e-19,-3.249275e-23,1.391350e-32,6.802914e-27,3.515920e-23,2.437363e-24,-1.813761e-33
1724.5268,200.00,275.0000,4.344385e+01,1.549149e-01,C,3.126611e-03,1.333333e-01,0.3122%,3.111881e-02,2.861589e-02,4.888116e-05,5.024765e-16,1.155990e-10,2.431138e-05,5.554945e-07,0.000000e+00,0.000000e+00,1.550633e-18,0.000000e+00,0.000000e+00,0.000000e+00,0.000000e+00,0.000000e+00,0.000000e+00,2.696927e-18,1.004138e-28,1.542401e-18,1.588063e-32,1.824378e-23,1.117753e-18,1.682538e-20,1.123464e-41,-2.269211e-18,-1.134644e-18,-1.542432e-18,-1.806395e-33,-1.823970e-23,-1.117718e-18,-1.682291e-20,-1.805466e-33,0.000000e+00,0.000000e+00,0.000000e+00,0.000000e+00,0.000000e+00,0.000000e+00,0.000000e+00,0.000000e+00,4.277156e-19,4.159894e-19,-3.169188e-23,1.407424e-32,4.079576e-27,3.556880e-23,2.472451e-24,-1.805466e-33
1744.5268,200.00,275.0000,4.419167e+01,1.543249e-01,C,3.123911e-03,1.333333e-01,0.3119%,3.138861e-02,2.887835e-02,4.885714e-05,5.118784e-16,1.167612e-10,2.433091e-05,5.567103e-07,0.000000e+00,0.000000e+00,1.550633e-18,0.000000e+00,0.000000e+00,0.000000e+00,0.000000e+00,0.000000e+00,0.000000e+00,2.698038e-18,1.226480e-28,1.544355e-18,1.603252e-32,1.842891e-23,1.118999e-18,1.695181e-20,1.445051e-41,-2.271956e-18,-1.136016e-18,-1.544386e-18,-8.218857e-34,-1.842600e-23,-1.118963e-18,-1.694930e-20,-1.797195e-33,0.000000e+00,0.000000e+00,0.000000e+00,0.000000e+00,0.000000e+00,0.000000e+00,0.000000e+00,0.000000e+00,4.260819e-19,4.146168e-19,-3.095808e-23,1.521063e-32,2.916089e-27,3.603562e-23,2.509436e-24,-1.797195e-33
1764.5268,200.00,275.0000,4.494436e+01,1.537358e-01,C,3.121205e-03,1.333333e-01,0.3116%,3.165739e-02,2.913995e-02,4.883361e-05,5.216109e-16,1.179537e-10,2.435070e-05,5.579453e-07,0.000000e+00,0.000000e+00,1.550633e-18,0.000000e+00,0.000000e+00,0.000000e+00,0.000000e+00,0.000000e+00,0.000000e+00,2.699244e-18,1.491900e-28,1.546300e-18,1.618920e-32,1.861768e-23,1.120243e-18,1.707970e-20,1.774990e-41,-2.274699e-18,-1.137388e-18,-1.546330e-18,-1.772792e-33,-1.861473e-23,-1.120207e-18,-1.707717e-20,-1.789005e-33,0.000000e+00,0.000000e+00,0.000000e+00,0.000000e+00,0.000000e+00,0.000000e+00,0.000000e+00,0.000000e+00,4.245448e-19,4.132450e-19,-3.006948e-23,1.441641e-32,2.942126e-27,3.619190e-23,2.530605e-24,-1.789005e-33
1784.5268,200.00,275.0000,4.570185e+01,1.531653e-01,C,3.118603e-03,1.333333e-01,0.3114%,3.192517e-02,2.940069e-02,4.881025e-05,5.312020e-16,1.191189e-10,2.437052e-05,5.591713e-07,0.000000e+00,0.000000e+00,1.550633e-18,0.000000e+00,0.000000e+00,0.000000e+00,0.000000e+00,0.000000e+00,0.000000e+00,2.700273e-18,1.808034e-28,1.548185e-18,1.633974e-32,1.880209e-23,1.121448e-18,1.720469e-20,2.058988e-41,-2.277359e-18,-1.138718e-18,-1.548215e-18,-1.782652e-33,-1.879909e-23,-1.121411e-18,-1.720212e-20,-1.780877e-33,0.000000e+00,0.000000e+00,0.000000e+00,0.000000e+00,0.000000e+00,0.000000e+00,0.000000e+00,0.000000e+00,4.229140e-19,4.119151e-19,-2.946354e-23,1.455709e-32,2.994557e-27,3.681982e-23,2.577775e-24,-1.780877e-33
1804.5268,200.00,275.0130,4.649003e+01,1.525688e-01,C,3.115888e-03,1.333333e-01,0.3111%,3.219196e-02,2.966059e-02,4.878771e-05,5.407045e-16,1.203849e-10,2.439077e-05,5.604420e-07,0.000000e+00,0.000000e+00,1.550633e-18,0.000000e+00,0.000000e+00,0.000000e+00,0.000000e+00,0.000000e+00,0.000000e+00,2.701665e-18,2.183664e-28,1.550113e-18,1.650605e-32,1.899814e-23,1.122687e-18,1.733550e-20,2.514221e-41,-2.280142e-18,-1.140109e-18,-1.550167e-18,-1.773920e-33,-1.899487e-23,-1.122669e-18,-1.733515e-20,-1.772957e-33,0.000000e+00,0.000000e+00,0.000000e+00,0.000000e+00,0.000000e+00,0.000000e+00,0.000000e+00,0.000000e+00,4.215230e-19,4.105234e-19,-5.374499e-23,1.473213e-32,3.264856e-27,1.787645e-23,3.549032e-25,-1.772957e-33
1824.5268,200.00,275.1181,4.745434e+01,1.518497e-01,C,3.112303e-03,1.333333e-01,0.3107%,3.245848e-02,2.991951e-02,4.876987e-05,5.505195e-16,1.220358e-10,2.441045e-05,5.618624e-07,0.000000e+00,0.000000e+00,1.550633e-18,0.000000e+00,0.000000e+00,0.000000e+00,0.000000e+00,0.000000e+00,0.000000e+00,2.705303e-18,2.633312e-28,1.552442e-18,1.676923e-32,1.926371e-23,1.124214e-18,1.750339e-20,2.986160e-41,-2.283501e-18,-1.141789e-18,-1.552465e-18,-1.767014e-33,-1.926060e-23,-1.124183e-18,-1.750100e-20,-1.766042e-33,0.000000e+00,0.000000e+00,0.000000e+00,0.000000e+00,0.000000e+00,0.000000e+00,0.000000e+00,0.000000e+00,4.218021e-19,4.088435e-19,-2.329513e-23,1.500222e-32,3.100107e-27,3.066751e-23,2.393525e-24,-1.766042e-33
1844.5268,200.00,275.2210,4.839952e+01,1.511665e-01,C,3.109000e-03,1.333333e-01,0.3104%,3.272501e-02,3.017738e-02,4.875399e-05,5.603921e-16,1.236152e-10,2.442598e-05,5.630998e-07,0.000000e+00,0.000000e+00,1.550633e-18,0.000000e+00,0.000000e+00,0.000000e+00,0.000000e+00,0.000000e+00,0.000000e+00,2.708325e-18,3.165703e-28,1.554631e-18,1.701430e-32,1.951364e-23,1.125646e-18,1.766214e-20,3.520745e-41,-2.286697e-18,-1.143387e-18,-1.554650e-18,-1.760749e-33,-1.951188e-23,-1.125621e-18,-1.765991e-20,-1.759774e-33,0.000000e+00,0.000000e+00,0.000000e+00,0.000000e+00,0.000000e+00,0.000000e+00,0.000000e+00,0.000000e+00,4.216285e-19,4.072457e-19,-1.948265e-23,1.525355e-32,1.757391e-27,2.501654e-23,2.230215e-24,-1.759774e-33
1864.5268,200.00,275.3224,4.933013e+01,1.505025e-01,C,3.105810e-03,1.333333e-01,0.3101%,3.299140e-02,3.043426e-02,4.874009e-05,5.705393e-16,1.251790e-10,2.443838e-05,5.642182e-07,0.000000e+00,0.000000e+00,1.550633e-18,0.000000e+00,0.000000e+00,0.000000e+00,0.000000e+00,0.000000e+00,0.000000e+00,2.711141e-18,3.793896e-28,1.556758e-18,1.725700e-32,1.975992e-23,1.127040e-18,1.781826e-20,4.243270e-41,-2.289806e-18,-1.144942e-18,-1.556774e-18,-1.755088e-33,-1.975855e-23,-1.127019e-18,-1.781617e-20,-1.754089e-33,0.000000e+00,0.000000e+00,0.000000e+00,0.000000e+00,0.000000e+00,0.000000e+00,0.000000e+00,0.000000e+00,4.213350e-19,4.056908e-19,-1.613277e-23,1.550192e-32,1.372552e-27,2.073555e-23,2.097173e-24,-1.754089e-33
1884.5268,200.00,275.4225,5.024915e+01,1.498660e-01,C,3.102787e-03,1.333333e-01,0.3098%,3.325752e-02,3.069017e-02,4.872762e-05,5.810820e-16,1.266938e-10,2.444805e-05,5.652211e-07,0.000000e+00,0.000000e+00,1.550633e-18,0.000000e+00,0.000000e+00,0.000000e+00,0.000000e+00,0.000000e+00,0.000000e+00,2.713617e-18,4.532585e-28,1.558799e-18,1.749079e-32,1.999800e-23,1.128377e-18,1.796937e-20,4.928208e-41,-2.292790e-18,-1.146434e-18,-1.558812e-18,-1.749870e-33,-1.999190e-23,-1.128360e-18,-1.796736e-20,-1.748851e-33,0.000000e+00,0.000000e+00,0.000000e+00,0.000000e+00,0.000000e+00,0.000000e+00,0.000000e+00,0.000000e+00,4.208265e-19,4.041986e-19,-1.339706e-23,1.574092e-32,6.100671e-27,1.739320e-23,2.007108e-24,-1.748851e-33
1904.5268,200.00,275.5217,5.115970e+01,1.492479e-01,C,3.099874e-03,1.333333e-01,0.3095%,3.352329e-02,3.094516e-02,4.871645e-05,5.913726e-16,1.281534e-10,2.445554e-05,5.661376e-07,0.000000e+00,0.000000e+00,1.550633e-18,0.000000e+00,0.000000e+00,0.000000e+00,0.000000e+00,0.000000e+00,0.000000e+00,2.715890e-18,5.398531e-28,1.560780e-18,1.772062e-32,2.023180e-23,1.129676e-18,1.811759e-20,5.918026e-41,-2.295691e-18,-1.147885e-18,-1.560791e-18,-1.743181e-33,-2.023010e-23,-1.129661e-18,-1.811566e-20,-1.744016e-33,0.000000e+00,0.000000e+00,0.000000e+00,0.000000e+00,0.000000e+00,0.000000e+00,0.000000e+00,0.000000e+00,4.201990e-19,4.027482e-19,-1.106380e-23,1.597744e-32,1.700355e-27,1.458842e-23,1.930529e-24,-1.744016e-33
1924.5268,200.00,275.6201,5.206374e+01,1.486483e-01,C,3.097070e-03,1.333333e-01,0.3092%,3.378863e-02,3.119924e-02,4.870634e-05,6.022308e-16,1.296022e-10,2.446120e-05,5.669790e-07,0.000000e+00,0.000000e+00,1.550633e-18,0.000000e+00,0.000000e+00,0.000000e+00,0.000000e+00,0.000000e+00,0.000000e+00,2.717961e-18,6.410390e-28,1.562702e-18,1.794590e-32,2.046107e-23,1.130936e-18,1.826284e-20,6.849373e-41,-2.298508e-18,-1.149293e-18,-1.562711e-18,-1.740547e-33,-2.045958e-23,-1.130924e-18,-1.826096e-20,-1.739507e-33,0.000000e+00,0.000000e+00,0.000000e+00,0.000000e+00,0.000000e+00,0.000000e+00,0.000000e+00,0.000000e+00,4.194534e-19,4.013396e-19,-9.103626e-24,1.620535e-32,1.485186e-27,1.233166e-23,1.872874e-24,-1.739507e-33
1944.5268,200.00,275.7182,5.296395e+01,1.480583e-01,C,3.094321e-03,1.333333e-01,0.3090%,3.405347e-02,3.145244e-02,4.869724e-05,6.128283e-16,1.310494e-10,2.446544e-05,5.677701e-07,0.000000e+00,0.000000e+00,1.550633e-18,0.000000e+00,0.000000e+00,0.000000e+00,0.000000e+00,0.000000e+00,0.000000e+00,2.719968e-18,7.590777e-28,1.564590e-18,1.817203e-32,2.069005e-23,1.132177e-18,1.840735e-20,8.164954e-41,-2.301283e-18,-1.150681e-18,-1.564597e-18,-1.736350e-33,-2.068659e-23,-1.132166e-18,-1.840553e-20,-1.735298e-33,0.000000e+00,0.000000e+00,0.000000e+00,0.000000e+00,0.000000e+00,0.000000e+00,0.000000e+00,0.000000e+00,4.186853e-19,3.999518e-19,-7.295464e-24,1.643568e-32,3.464140e-27,1.023524e-23,1.815354e-24,-1.735297e-33
1964.5268,200.00,275.8160,5.386152e+01,1.474864e-01,C,3.091677e-03,1.333333e-01,0.3087%,3.431777e-02,3.170478e-02,4.868884e-05,6.234787e-16,1.324650e-10,2.446837e-05,5.685033e-07,0.000000e+00,0.000000e+00,1.550633e-18,0.000000e+00,0.000000e+00,0.000000e+00,0.000000e+00,0.000000e+00,0.000000e+00,2.721774e-18,8.960845e-28,1.566419e-18,1.839264e-32,2.091409e-23,1.133379e-18,1.854871e-20,9.501417e-41,-2.303975e-18,-1.152027e-18,-1.566425e-18,-1.732379e-33,-2.091063e-23,-1.133371e-18,-1.854692e-20,-1.731319e-33,0.000000e+00,0.000000e+00,0.000000e+00,0.000000e+00,0.000000e+00,0.000000e+00,0.000000e+00,0.000000e+00,4.177989e-19,3.986056e-19,-5.825202e-24,1.666026e-32,3.461729e-27,8.670066e-24,1.781705e-24,-1.731319e-33
1984.5268,200.00,275.9136,5.475776e+01,1.469239e-01,C,3.089139e-03,1.333333e-01,0.3084%,3.458149e-02,3.195628e-02,4.868101e-05,6.344518e-16,1.338477e-10,2.447018e-05,5.691846e-07,0.000000e+00,0.000000e+00,1.550633e-18,0.000000e+00,0.000000e+00,0.000000e+00,0.000000e+00,0.000000e+00,0.000000e+00,2.723378e-18,1.054789e-27,1.568192e-18,1.860728e-32,2.113291e-23,1.134544e-18,1.868680e-20,1.118453e-40,-2.306625e-18,-1.153353e-18,-1.568221e-18,-1.249411e-33,-2.113398e-23,-1.134555e-18,-1.868745e-20,-1.727561e-33,0.000000e+00,0.000000e+00,0.000000e+00,0.000000e+00,0.000000e+00,0.000000e+00,0.000000e+00,0.000000e+00,4.167524e-19,3.972802e-19,-2.927589e-23,1.735786e-32,-1.079236e-27,-1.060167e-23,-6.486170e-25,-1.727561e-33
2004.5268,200.00,276.0112,5.565400e+01,1.463730e-01,C,3.086601e-03,1.333333e-01,0.3082%,3.484460e-02,3.220695e-02,4.867395e-05,6.454342e-16,1.352550e-10,2.447124e-05,5.698495e-07,0.000000e+00,0.000000e+00,1.550633e-18,0.000000e+00,0.000000e+00,0.000000e+00,0.000000e+00,0.000000e+00,0.000000e+00,2.725054e-18,1.238342e-27,1.569957e-18,1.882776e-32,2.135559e-23,1.135708e-18,1.882638e-20,1.285093e-40,-2.309193e-18,-1.154652e-18,-1.569960e-18,-1.725628e-33,-2.135410e-23,-1.135701e-18,-1.882463e-20,-1.724515e-33,0.000000e+00,0.000000e+00,0.000000e+00,0.000000e+00,0.000000e+00,0.000000e+00,0.000000e+00,0.000000e+00,4.158611e-19,3.959806e-19,-3.433820e-24,1.710214e-32,1.485987e-27,6.330397e-24,1.741518e-24,-1.724515e-33
2024.5268,200.00,276.1089,5.655114e+01,1.458356e-01,C,3.084166e-03,1.333333e-01,0.3079%,3.510708e-02,3.245681e-02,4.866727e-05,6.565209e-16,1.366271e-10,2.447146e-05,5.704713e-07,0.000000e+00,0.000000e+00,1.550633e-18,0.000000e+00,0.000000e+00,0.000000e+00,0.000000e+00,0.000000e+00,0.000000e+00,2.726528e-18,1.449717e-27,1.571665e-18,1.904164e-32,2.157272e-23,1.136834e-18,1.896255e-20,1.501850e-40,-2.311761e-18,-1.155921e-18,-1.571692e-18,-1.721698e-33,-2.157756e-23,-1.136846e-18,-1.896326e-20,-1.720569e-33,0.000000e+00,0.000000e+00,0.000000e+00,0.000000e+00,0.000000e+00,0.000000e+00,0.000000e+00,0.000000e+00,4.147673e-19,3.947120e-19,-2.696805e-23,1.731994e-32,-4.845854e-27,-1.252938e-23,-7.155178e-25,-1.720569e-33
2044.5268,200.00,276.2068,5.745007e+01,1.453096e-01,C,3.081732e-03,1.333333e-01,0.3077%,3.536892e-02,3.270587e-02,4.866122e-05,6.681784e-16,1.380231e-10,2.447117e-05,5.710841e-07,0.000000e+00,0.000000e+00,1.550633e-18,0.000000e+00,0.000000e+00,0.000000e+00,0.000000e+00,0.000000e+00,0.000000e+00,2.728074e-18,1.692854e-27,1.573366e-18,1.926102e-32,2.179363e-23,1.137958e-18,1.910015e-20,1.734061e-40,-2.314247e-18,-1.157164e-18,-1.573367e-18,-1.270125e-33,-2.178992e-23,-1.137953e-18,-1.909843e-20,-1.717291e-33,0.000000e+00,0.000000e+00,0.000000e+00,0.000000e+00,0.000000e+00,0.000000e+00,0.000000e+00,0.000000e+00,4.138276e-19,3.934688e-19,-1.557909e-24,1.799089e-32,3.709971e-27,4.531075e-24,1.721513e-24,-1.717291e-33
2064.5268,200.00,276.3050,5.835147e+01,1.447841e-01,C,3.079399e-03,1.333333e-01,0.3075%,3.563011e-02,3.295415e-02,4.865540e-05,6.797859e-16,1.393821e-10,2.447021e-05,5.716595e-07,0.000000e+00,0.000000e+00,1.550633e-18,0.000000e+00,0.000000e+00,0.000000e+00,0.000000e+00,0.000000e+00,0.000000e+00,2.729416e-18,1.971506e-27,1.575011e-18,1.947322e-32,2.200864e-23,1.139045e-18,1.923421e-20,2.004695e-40,-2.316732e-18,-1.158407e-18,-1.575036e-18,-1.451760e-33,-2.200969e-23,-1.139059e-18,-1.923498e-20,-1.714172e-33,0.000000e+00,0.000000e+00,0.000000e+00,0.000000e+00,0.000000e+00,0.000000e+00,0.000000e+00,0.000000e+00,4.126836e-19,3.922259e-19,-2.510948e-23,1.802146e-32,-1.043996e-27,-1.390654e-23,-7.623158e-25,-1.714171e-33
2084.5268,200.00,276.4035,5.925573e+01,1.442764e-01,C,3.077066e-03,1.333333e-01,0.3072%,3.589063e-02,3.320165e-02,4.865010e-05,6.914975e-16,1.407638e-10,2.446887e-05,5.722304e-07,0.000000e+00,0.000000e+00,1.550633e-18,0.000000e+00,0.000000e+00,0.000000e+00,0.000000e+00,0.000000e+00,0.000000e+00,2.730828e-18,2.290392e-27,1.576650e-18,1.969064e-32,2.222731e-23,1.140131e-18,1.936965e-20,2.308740e-40,-2.319136e-18,-1.159609e-18,-1.576650e-18,-1.011897e-33,-2.222348e-23,-1.140127e-18,-1.936791e-20,-1.711145e-33,0.000000e+00,0.000000e+00,0.000000e+00,0.000000e+00,0.000000e+00,0.000000e+00,0.000000e+00,0.000000e+00,4.116926e-19,3.910240e-19,-7.335589e-26,1.867874e-32,3.828920e-27,3.717049e-24,1.737572e-24,-1.711144e-33
2104.5268,200.00,276.5024,6.016355e+01,1.437604e-01,C,3.074784e-03,1.333333e-01,0.3070%,3.615048e-02,3.344839e-02,4.864511e-05,7.034882e-16,1.421375e-10,2.446711e-05,5.727833e-07,0.000000e+00,0.000000e+00,1.550633e-18,0.000000e+00,0.000000e+00,0.000000e+00,0.000000e+00,0.000000e+00,0.000000e+00,2.732172e-18,2.654261e-27,1.578258e-18,1.990680e-32,2.244470e-23,1.141198e-18,1.950393e-20,2.665826e-40,-2.321581e-18,-1.160832e-18,-1.578281e-18,-1.709480e-33,-2.244578e-23,-1.141213e-18,-1.950473e-20,-1.708277e-33,0.000000e+00,0.000000e+00,0.000000e+00,0.000000e+00,0.000000e+00,0.000000e+00,0.000000e+00,0.000000e+00,4.105913e-19,3.898012e-19,-2.347587e-23,1.819732e-32,-1.088387e-27,-1.489653e-23,-7.966182e-25,-1.708276e-33
2124.5268,200.00,276.6017,6.107508e+01,1.432621e-01,C,3.072551e-03,1.333333e-01,0.3068%,3.640966e-02,3.369437e-02,4.864040e-05,7.153862e-16,1.435026e-10,2.446495e-05,5.733190e-07,0.000000e+00,0.000000e+00,1.550633e-18,0.000000e+00,0.000000e+00,0.000000e+00,0.000000e+00,0.000000e+00,0.000000e+00,2.733447e-18,3.068510e-27,1.579835e-18,2.012153e-32,2.266071e-23,1.142246e-18,1.963703e-20,3.061336e-40,-2.323944e-18,-1.162014e-18,-1.579858e-18,-1.706369e-33,-2.266179e-23,-1.142261e-18,-1.963784e-20,-1.705481e-33,0.000000e+00,0.000000e+00,0.000000e+00,0.000000e+00,0.000000e+00,0.000000e+00,0.000000e+00,0.000000e+00,4.095029e-19,3.886194e-19,-2.281888e-23,1.841517e-32,-1.084550e-27,-1.519187e-23,-8.064044e-25,-1.705481e-33
2144.5268,200.00,276.7014,6.199054e+01,1.427728e-01,C,3.070318e-03,1.333333e-01,0.3066%,3.666818e-02,3.393960e-02,4.863611e-05,7.273416e-16,1.449074e-10,2.446254e-05,5.738543e-07,0.000000e+00,0.000000e+00,1.550633e-18,0.000000e+00,0.000000e+00,0.000000e+00,0.000000e+00,0.000000e+00,0.000000e+00,2.734790e-18,3.539384e-27,1.581407e-18,2.034122e-32,2.288029e-23,1.143292e-18,1.977145e-20,3.493180e-40,-2.326267e-18,-1.163175e-18,-1.581405e-18,-1.704008e-33,-2.287357e-23,-1.143290e-18,-1.976969e-20,-1.702758e-33,0.000000e+00,0.000000e+00,0.000000e+00,0.000000e+00,0.000000e+00,0.000000e+00,0.000000e+00,0.000000e+00,4.085238e-19,3.874579e-19,1.863108e-24,1.863721e-32,6.718547e-27,2.356064e-24,1.751572e-24,-1.702757e-33
2164.5268,200.00,276.8016,6.291040e+01,1.422837e-01,C,3.068135e-03,1.333333e-01,0.3063%,3.692602e-02,3.418410e-02,4.863204e-05,7.397212e-16,1.462682e-10,2.445980e-05,5.743742e-07,0.000000e+00,0.000000e+00,1.550633e-18,0.000000e+00,0.000000e+00,0.000000e+00,0.000000e+00,0.000000e+00,0.000000e+00,2.736063e-18,4.073093e-27,1.582948e-18,2.055925e-32,2.309834e-23,1.144320e-18,1.990461e-20,3.988925e-40,-2.328590e-18,-1.164337e-18,-1.582946e-18,-1.701441e-33,-2.309597e-23,-1.144318e-18,-1.990285e-20,-1.700184e-33,0.000000e+00,0.000000e+00,0.000000e+00,0.000000e+00,0.000000e+00,0.000000e+00,0.000000e+00,0.000000e+00,4.074726e-19,3.862960e-19,2.434914e-24,1.885781e-32,2.369304e-27,2.004191e-24,1.759501e-24,-1.700184e-33
2184.5268,200.00,276.9023,6.383477e+01,1.417950e-01,C,3.066001e-03,1.333333e-01,0.3061%,3.718321e-02,3.442787e-02,4.862819e-05,7.525670e-16,1.476462e-10,2.445674e-05,5.748789e-07,0.000000e+00,0.000000e+00,1.550633e-18,0.000000e+00,0.000000e+00,0.000000e+00,0.000000e+00,0.000000e+00,0.000000e+00,2.737262e-18,4.676684e-27,1.584460e-18,2.077548e-32,2.331475e-23,1.145329e-18,2.003646e-20,4.559427e-40,-2.330914e-18,-1.165499e-18,-1.584481e-18,-1.698973e-33,-2.331418e-23,-1.145345e-18,-2.003730e-20,-1.697692e-33,0.000000e+00,0.000000e+00,0.000000e+00,0.000000e+00,0.000000e+00,0.000000e+00,0.000000e+00,0.000000e+00,4.063485e-19,3.851339e-19,-2.087159e-23,1.907650e-32,5.657408e-28,-1.618039e-23,-8.394433e-25,-1.697691e-33
2204.5268,200.00,277.0034,6.476349e+01,1.413152e-01,C,3.063867e-03,1.333333e-01,0.3059%,3.743973e-02,3.467091e-02,4.862469e-05,7.648948e-16,1.490406e-10,2.445350e-05,5.753853e-07,0.000000e+00,0.000000e+00,1.550633e-18,0.000000e+00,0.000000e+00,0.000000e+00,0.000000e+00,0.000000e+00,0.000000e+00,2.738528e-18,5.358537e-27,1.585966e-18,2.099643e-32,2.353463e-23,1.146337e-18,2.016959e-20,5.187147e-40,-2.333197e-18,-1.166641e-18,-1.585986e-18,-1.696573e-33,-2.353333e-23,-1.146353e-18,-2.017044e-20,-1.695266e-33,0.000000e+00,0.000000e+00,0.000000e+00,0.000000e+00,0.000000e+00,0.000000e+00,0.000000e+00,0.000000e+00,4.053310e-19,3.839920e-19,-2.023405e-23,1.929986e-32,1.309292e-27,-1.653467e-23,-8.513483e-25,-1.695265e-33
2224.5268,200.00,277.1052,6.569751e+01,1.408442e-01,C,3.061782e-03,1.333333e-01,0.3057%,3.769559e-02,3.491324e-02,4.862138e-05,7.779832e-16,1.504110e-10,2.444998e-05,5.758773e-07,0.000000e+00,0.000000e+00,1.550633e-18,0.000000e+00,0.000000e+00,0.000000e+00,0.000000e+00,0.000000e+00,0.000000e+00,2.739720e-18,6.126570e-27,1.587443e-18,2.121538e-32,2.375273e-23,1.147326e-18,2.030136e-20,5.890461e-40,-2.335440e-18,-1.167763e-18,-1.587462e-18,-1.694263e-33,-2.375462e-23,-1.147342e-18,-2.030222e-20,-1.692943e-33,0.000000e+00,0.000000e+00,0.000000e+00,0.000000e+00,0.000000e+00,0.000000e+00,0.000000e+00,0.000000e+00,4.042792e-19,3.828702e-19,-1.970310e-23,1.952111e-32,-1.887896e-27,-1.672614e-23,-8.574882e-25,-1.692942e-33
2244.5268,200.00,277.2074,6.663608e+01,1.403821e-01,C,3.059697e-03,1.333333e-01,0.3055%,3.795080e-02,3.515486e-02,4.861838e-05,7.908727e-16,1.518147e-10,2.444629e-05,5.763717e-07,0.000000e+00,0.000000e+00,1.550633e-18,0.000000e+00,0.000000e+00,0.000000e+00,0.000000e+00,0.000000e+00,0.000000e+00,2.740975e-18,6.990771e-27,1.588914e-18,2.143896e-32,2.397429e-23,1.148314e-18,2.043438e-20,6.678139e-40,-2.337643e-18,-1.168864e-18,-1.588909e-18,-1.692005e-33,-2.397096e-23,-1.148313e-18,-2.043258e-20,-1.690664e-33,0.000000e+00,0.000000e+00,0.000000e+00,0.000000e+00,0.000000e+00,0.000000e+00,0.000000e+00,0.000000e+00,4.033321e-19,3.817687e-19,4.473123e-24,1.974696e-32,3.331066e-27,8.359747e-25,1.799023e-24,-1.690664e-33
2264.5268,200.00,277.3102,6.757975e+01,1.399201e-01,C,3.057661e-03,1.333333e-01,0.3053%,3.820537e-02,3.539578e-02,4.861555e-05,8.037691e-16,1.531918e-10,2.444234e-05,5.768517e-07,0.000000e+00,0.000000e+00,1.550633e-18,0.000000e+00,0.000000e+00,0.000000e+00,0.000000e+00,0.000000e+00,0.000000e+00,2.742155e-18,7.960454e-27,1.590356e-18,2.166034e-32,2.419391e-23,1.149283e-18,2.056597e-20,7.552269e-40,-2.339847e-18,-1.169966e-18,-1.590351e-18,-1.688148e-33,-2.418958e-23,-1.149283e-18,-2.056416e-20,-1.688489e-33,0.000000e+00,0.000000e+00,0.000000e+00,0.000000e+00,0.000000e+00,0.000000e+00,0.000000e+00,0.000000e+00,4.023078e-19,3.806666e-19,4.916630e-24,1.997219e-32,4.334757e-27,6.151665e-25,1.811246e-24,-1.688488e-33
2284.5268,200.00,277.4135,6.852834e+01,1.394585e-01,C,3.055624e-03,1.333333e-01,0.3051%,3.845930e-02,3.563601e-02,4.861302e-05,8.169647e-16,1.546181e-10,2.443824e-05,5.773345e-07,0.000000e+00,0.000000e+00,1.550633e-18,0.000000e+00,0.000000e+00,0.000000e+00,0.000000e+00,0.000000e+00,0.000000e+00,2.743396e-18,9.047548e-27,1.591794e-18,2.188628e-32,2.441694e-23,1.150252e-18,2.069879e-20,8.525799e-40,-2.342051e-18,-1.171069e-18,-1.591788e-18,-1.687756e-33,-2.440988e-23,-1.150252e-18,-2.069698e-20,-1.686358e-33,0.000000e+00,0.000000e+00,0.000000e+00,0.000000e+00,0.000000e+00,0.000000e+00,0.000000e+00,0.000000e+00,4.013452e-19,3.795643e-19,5.437700e-24,2.019853e-32,7.059595e-27,2.209366e-25,1.811324e-24,-1.686357e-33
2304.5268,200.00,277.5174,6.948215e+01,1.390054e-01,C,3.053636e-03,1.333333e-01,0.3049%,3.871259e-02,3.587555e-02,4.861064e-05,8.300427e-16,1.559994e-10,2.443389e-05,5.778030e-07,0.000000e+00,0.000000e+00,1.550633e-18,0.000000e+00,0.000000e+00,0.000000e+00,0.000000e+00,0.000000e+00,0.000000e+00,2.744560e-18,1.026290e-26,1.593203e-18,2.210982e-32,2.463789e-23,1.151202e-18,2.083013e-20,9.616270e-40,-2.344216e-18,-1.172151e-18,-1.593197e-18,-1.684937e-33,-2.463316e-23,-1.151202e-18,-2.082830e-20,-1.684363e-33,0.000000e+00,0.000000e+00,0.000000e+00,0.000000e+00,0.000000e+00,0.000000e+00,0.000000e+00,0.000000e+00,4.003440e-19,3.784817e-19,5.862084e-24,2.042489e-32,4.728302e-27,-1.603110e-26,1.823018e-24,-1.684363e-33
2324.5268,200.00,277.6218,7.044093e+01,1.385613e-01,C,3.051697e-03,1.333333e-01,0.3047%,3.896525e-02,3.611441e-02,4.860839e-05,8.435127e-16,1.573959e-10,2.442929e-05,5.782572e-07,0.000000e+00,0.000000e+00,1.550633e-18,0.000000e+00,0.000000e+00,0.000000e+00,0.000000e+00,0.000000e+00,0.000000e+00,2.745644e-18,1.161925e-26,1.594583e-18,2.233081e-32,2.485663e-23,1.152134e-18,2.095994e-20,1.082201e-39,-2.346340e-18,-1.173213e-18,-1.594577e-18,-1.683794e-33,-2.484958e-23,-1.152134e-18,-2.095809e-20,-1.682352e-33,0.000000e+00,0.000000e+00,0.000000e+00,0.000000e+00,0.000000e+00,0.000000e+00,0.000000e+00,0.000000e+00,3.993039e-19,3.774196e-19,6.189935e-24,2.064702e-32,7.051892e-27,-3.890021e-26,1.847929e-24,-1.682351e-33
2344.5268,200.00,277.7269,7.140530e+01,1.381085e-01,C,3.049757e-03,1.333333e-01,0.3045%,3.921730e-02,3.635259e-02,4.860642e-05,8.570859e-16,1.587975e-10,2.442455e-05,5.787142e-07,0.000000e+00,0.000000e+00,1.550633e-18,0.000000e+00,0.000000e+00,0.000000e+00,0.000000e+00,0.000000e+00,0.000000e+00,2.746787e-18,1.313173e-26,1.595959e-18,2.255620e-32,2.507865e-23,1.153065e-18,2.109091e-20,1.215137e-39,-2.348506e-18,-1.174297e-18,-1.595976e-18,-1.681950e-33,-2.507744e-23,-1.153083e-18,-2.109181e-20,-1.680491e-33,0.000000e+00,0.000000e+00,0.000000e+00,0.000000e+00,0.000000e+00,0.000000e+00,0.000000e+00,0.000000e+00,3.982811e-19,3.763361e-19,-1.662123e-23,2.087425e-32,1.210087e-27,-1.808028e-23,-9.018554e-25,-1.680490e-33
2364.5268,200.00,277.8325,7.237464e+01,1.376731e-01,C,3.047818e-03,1.333333e-01,0.3043%,3.946872e-02,3.659010e-02,4.860473e-05,8.710459e-16,1.602072e-10,2.441968e-05,5.791739e-07,0.000000e+00,0.000000e+00,1.550633e-18,0.000000e+00,0.000000e+00,0.000000e+00,0.000000e+00,0.000000e+00,0.000000e+00,2.747990e-18,1.481569e-26,1.597330e-18,2.278602e-32,2.530402e-23,1.153995e-18,2.122307e-20,1.363151e-39,-2.350592e-18,-1.175340e-18,-1.597323e-18,-1.680140e-33,-2.530169e-23,-1.153996e-18,-2.122120e-20,-1.678688e-33,0.000000e+00,0.000000e+00,0.000000e+00,0.000000e+00,0.000000e+00,0.000000e+00,0.000000e+00,0.000000e+00,3.973985e-19,3.752931e-19,7.074598e-24,2.110588e-32,2.328015e-27,-6.075013e-25,1.867596e-24,-1.678686e-33
2384.5268,200.00,277.9386,7.334898e+01,1.372378e-01,C,3.045926e-03,1.333333e-01,0.3041%,3.971954e-02,3.682695e-02,4.860315e-05,8.851060e-16,1.616258e-10,2.441456e-05,5.796190e-07,0.000000e+00,0.000000e+00,1.550633e-18,0.000000e+00,0.000000e+00,0.000000e+00,0.000000e+00,0.000000e+00,0.000000e+00,2.749111e-18,1.668572e-26,1.598673e-18,2.301306e-32,2.552700e-23,1.154907e-18,2.135362e-20,1.525280e-39,-2.352678e-18,-1.176383e-18,-1.598666e-18,-1.678413e-33,-2.552082e-23,-1.154908e-18,-2.135174e-20,-1.676925e-33,0.000000e+00,0.000000e+00,0.000000e+00,0.000000e+00,0.000000e+00,0.000000e+00,0.000000e+00,0.000000e+00,3.964326e-19,3.742497e-19,7.448624e-24,2.133464e-32,6.178858e-27,-7.919825e-25,1.880803e-24,-1.676923e-33
2404.5268,200.00,278.0453,7.432862e+01,1.368026e-01,C,3.044082e-03,1.333333e-01,0.3039%,3.996976e-02,3.706315e-02,4.860169e-05,8.990425e-16,1.630095e-10,2.440920e-05,5.800491e-07,0.000000e+00,0.000000e+00,1.550633e-18,0.000000e+00,0.000000e+00,0.000000e+00,0.000000e+00,0.000000e+00,0.000000e+00,2.750148e-18,1.875890e-26,1.599989e-18,2.323717e-32,2.574744e-23,1.155801e-18,2.148252e-20,1.705243e-39,-2.354766e-18,-1.177427e-18,-1.600005e-18,-1.541470e-33,-2.575163e-23,-1.155820e-18,-2.148344e-20,-1.675252e-33,0.000000e+00,0.000000e+00,0.000000e+00,0.000000e+00,0.000000e+00,0.000000e+00,0.000000e+00,0.000000e+00,3.953822e-19,3.732057e-19,-1.530613e-23,2.169570e-32,-4.197956e-27,-1.858268e-23,-9.179716e-25,-1.675250e-33
2424.5268,200.00,278.1526,7.531368e+01,1.363761e-01,C,3.042191e-03,1.333333e-01,0.3038%,4.021938e-02,3.729869e-02,4.860063e-05,9.129127e-16,1.644743e-10,2.440383e-05,5.805000e-07,0.000000e+00,0.000000e+00,1.550633e-18,0.000000e+00,0.000000e+00,0.000000e+00,0.000000e+00,0.000000e+00,0.000000e+00,2.751383e-18,2.105851e-26,1.601324e-18,2.347285e-32,2.597699e-23,1.156712e-18,2.161536e-20,1.903290e-39,-2.356813e-18,-1.178451e-18,-1.601316e-18,-1.675135e-33,-2.597174e-23,-1.156713e-18,-2.161346e-20,-1.673586e-33,0.000000e+00,0.000000e+00,0.000000e+00,0.000000e+00,0.000000e+00,0.000000e+00,0.000000e+00,0.000000e+00,3.945693e-19,3.721818e-19,8.233930e-24,2.179771e-32,5.252081e-27,-1.284203e-24,1.896439e-24,-1.673584e-33
2444.5268,200.00,278.2604,7.630368e+01,1.359498e-01,C,3.040394e-03,1.333333e-01,0.3036%,4.046842e-02,3.753358e-02,4.859953e-05,9.275395e-16,1.658776e-10,2.439811e-05,5.809177e-07,0.000000e+00,0.000000e+00,1.550633e-18,0.000000e+00,0.000000e+00,0.000000e+00,0.000000e+00,0.000000e+00,0.000000e+00,2.752391e-18,2.359774e-26,1.602608e-18,2.369817e-32,2.619801e-23,1.157587e-18,2.174369e-20,2.120549e-39,-2.358862e-18,-1.179475e-18,-1.602622e-18,-1.673568e-33,-2.619587e-23,-1.157606e-18,-2.174462e-20,-1.671946e-33,0.000000e+00,0.000000e+00,0.000000e+00,0.000000e+00,0.000000e+00,0.000000e+00,0.000000e+00,0.000000e+00,3.935295e-19,3.711577e-19,-1.442068e-23,2.202460e-32,2.147781e-27,-1.900315e-23,-9.317947e-25,-1.671943e-33
2464.5268,200.00,278.3689,7.729937e+01,1.355317e-01,C,3.038551e-03,1.333333e-01,0.3034%,4.071687e-02,3.776783e-02,4.859882e-05,9.416476e-16,1.673118e-10,2.439237e-05,5.813561e-07,0.000000e+00,0.000000e+00,1.550633e-18,0.000000e+00,0.000000e+00,0.000000e+00,0.000000e+00,0.000000e+00,0.000000e+00,2.753596e-18,2.640606e-26,1.603911e-18,2.393510e-32,2.642821e-23,1.158479e-18,2.187597e-20,2.359359e-39,-2.360871e-18,-1.180481e-18,-1.603902e-18,-1.669049e-33,-2.642631e-23,-1.158480e-18,-2.187405e-20,-1.670566e-33,0.000000e+00,0.000000e+00,0.000000e+00,0.000000e+00,0.000000e+00,0.000000e+00,0.000000e+00,0.000000e+00,3.927247e-19,3.701523e-19,8.959691e-24,2.226605e-32,1.900137e-27,-1.694708e-24,1.921046e-24,-1.670564e-33
2484.5268,200.00,278.4778,7.829966e+01,1.351138e-01,C,3.036802e-03,1.333333e-01,0.3032%,4.096474e-02,3.800145e-02,4.859807e-05,9.561047e-16,1.687109e-10,2.438628e-05,5.817607e-07,0.000000e+00,0.000000e+00,1.550633e-18,0.000000e+00,0.000000e+00,0.000000e+00,0.000000e+00,0.000000e+00,0.000000e+00,2.754573e-18,2.949780e-26,1.605164e-18,2.416135e-32,2.664960e-23,1.159335e-18,2.200364e-20,2.621806e-39,-2.362882e-18,-1.181486e-18,-1.605178e-18,-1.670733e-33,-2.665071e-23,-1.159355e-18,-2.200458e-20,-1.669136e-33,0.000000e+00,0.000000e+00,0.000000e+00,0.000000e+00,0.000000e+00,0.000000e+00,0.000000e+00,0.000000e+00,3.916911e-19,3.691470e-19,-1.361156e-23,2.249062e-32,-1.106135e-27,-1.934127e-23,-9.427209e-25,-1.669133e-33
2504.5268,200.00,278.5874,7.930565e+01,1.347046e-01,C,3.035006e-03,1.333333e-01,0.3030%,4.121205e-02,3.823443e-02,4.859771e-05,9.711927e-16,1.701685e-10,2.438017e-05,5.821861e-07,0.000000e+00,0.000000e+00,1.550633e-18,0.000000e+00,0.000000e+00,0.000000e+00,0.000000e+00,0.000000e+00,0.000000e+00,2.755744e-18,3.290765e-26,1.606436e-18,2.439928e-32,2.688024e-23,1.160209e-18,2.213527e-20,2.908311e-39,-2.364852e-18,-1.182471e-18,-1.606427e-18,-1.668978e-33,-2.687521e-23,-1.160211e-18,-2.213332e-20,-1.667753e-33,0.000000e+00,0.000000e+00,0.000000e+00,0.000000e+00,0.000000e+00,0.000000e+00,0.000000e+00,0.000000e+00,3.908924e-19,3.681616e-19,9.618939e-24,2.273031e-32,5.034741e-27,-2.008413e-24,1.955385e-24,-1.667750e-33
2524.5268,200.00,278.6975,8.031659e+01,1.342954e-01,C,3.033257e-03,1.333333e-01,0.3029%,4.145879e-02,3.846679e-02,4.859743e-05,9.857503e-16,1.716076e-10,2.437383e-05,5.825957e-07,0.000000e+00,0.000000e+00,1.550633e-18,0.000000e+00,0.000000e+00,0.000000e+00,0.000000e+00,0.000000e+00,0.000000e+00,2.756827e-18,3.665529e-26,1.607682e-18,2.463383e-32,2.710795e-23,1.161064e-18,2.226511e-20,3.221753e-39,-2.366823e-18,-1.183457e-18,-1.607672e-18,-1.668083e-33,-2.710598e-23,-1.161066e-18,-2.226314e-20,-1.666381e-33,0.000000e+00,0.000000e+00,0.000000e+00,0.000000e+00,0.000000e+00,0.000000e+00,0.000000e+00,0.000000e+00,3.900039e-19,3.671758e-19,9.958412e-24,2.296575e-32,1.974329e-27,-2.207899e-24,1.967784e-24,-1.666378e-33
2544.5268,200.00,278.8082,8.133287e+01,1.338862e-01,C,3.031555e-03,1.333333e-01,0.3027%,4.170497e-02,3.869853e-02,4.859724e-05,1.000447e-15,1.730408e-10,2.436725e-05,5.829892e-07,0.000000e+00,0.000000e+00,1.550633e-18,0.000000e+00,0.000000e+00,0.000000e+00,0.000000e+00,0.000000e+00,0.000000e+00,2.757821e-18,4.076830e-26,1.608901e-18,2.486486e-32,2.733262e-23,1.161901e-18,2.239309e-20,3.564180e-39,-2.368797e-18,-1.184444e-18,-1.608913e-18,-1.666843e-33,-2.733291e-23,-1.161921e-18,-2.239405e-20,-1.665147e-33,0.000000e+00,0.000000e+00,0.000000e+00,0.000000e+00,0.000000e+00,0.000000e+00,0.000000e+00,0.000000e+00,3.890243e-19,3.661891e-19,-1.242046e-23,2.319802e-32,-2.917677e-28,-1.989766e-23,-9.609233e-25,-1.665144e-33
2564.5268,200.00,278.9195,8.235450e+01,1.334854e-01,C,3.029808e-03,1.333333e-01,0.3025%,4.195061e-02,3.892965e-02,4.859742e-05,1.015343e-15,1.745146e-10,2.436065e-05,5.834037e-07,0.000000e+00,0.000000e+00,1.550633e-18,0.000000e+00,0.000000e+00,0.000000e+00,0.000000e+00,0.000000e+00,0.000000e+00,2.759008e-18,4.528686e-26,1.610139e-18,2.510767e-32,2.756668e-23,1.162756e-18,2.252508e-20,3.938097e-39,-2.370730e-18,-1.185411e-18,-1.610128e-18,-1.665687e-33,-2.756419e-23,-1.162758e-18,-2.252309e-20,-1.663998e-33,0.000000e+00,0.000000e+00,0.000000e+00,0.000000e+00,0.000000e+00,0.000000e+00,0.000000e+00,0.000000e+00,3.882776e-19,3.652220e-19,1.066105e-23,2.344199e-32,2.488536e-27,-2.675678e-24,1.990102e-24,-1.663994e-33
2584.5268,200.00,279.0313,8.338110e+01,1.330851e-01,C,3.028107e-03,1.333333e-01,0.3024%,4.219569e-02,3.916016e-02,4.859769e-05,1.030336e-15,1.759844e-10,2.435383e-05,5.838020e-07,0.000000e+00,0.000000e+00,1.550633e-18,0.000000e+00,0.000000e+00,0.000000e+00,0.000000e+00,0.000000e+00,0.000000e+00,2.760104e-18,5.023370e-26,1.611350e-18,2.534689e-32,2.779763e-23,1.163592e-18,2.265519e-20,4.346011e-39,-2.372664e-18,-1.186378e-18,-1.611339e-18,-1.664516e-33,-2.779458e-23,-1.163595e-18,-2.265320e-20,-1.662713e-33,0.000000e+00,0.000000e+00,0.000000e+00,0.000000e+00,0.000000e+00,0.000000e+00,0.000000e+00,0.000000e+00,3.874397e-19,3.642552e-19,1.101289e-23,2.368238e-32,3.047595e-27,-2.944306e-24,1.993288e-24,-1.662708e-33
2604.5268,200.00,279.1437,8.441299e+01,1.326925e-01,C,3.026452e-03,1.333333e-01,0.3022%,4.244024e-02,3.939007e-02,4.859803e-05,1.045599e-15,1.774053e-10,2.434676e-05,5.841838e-07,0.000000e+00,0.000000e+00,1.550633e-18,0.000000e+00,0.000000e+00,0.000000e+00,0.000000e+00,0.000000e+00,0.000000e+00,2.761108e-18,5.564208e-26,1.612536e-18,2.558237e-32,2.802535e-23,1.164411e-18,2.278338e-20,4.789383e-39,-2.374560e-18,-1.187326e-18,-1.612524e-18,-1.451531e-33,-2.802080e-23,-1.164414e-18,-2.278137e-20,-1.661778e-33,0.000000e+00,0.000000e+00,0.000000e+00,0.000000e+00,0.000000e+00,0.000000e+00,0.000000e+00,0.000000e+00,3.865479e-19,3.633068e-19,1.127071e-23,2.413084e-32,4.545206e-27,-3.013585e-24,2.016731e-24,-1.661773e-33
2624.5268,200.00,279.2567,8.545016e+01,1.323003e-01,C,3.024798e-03,1.333333e-01,0.3020%,4.268426e-02,3.961937e-02,4.859858e-05,1.060950e-15,1.788638e-10,2.433957e-05,5.845678e-07,0.000000e+00,0.000000e+00,1.550633e-18,0.000000e+00,0.000000e+00,0.000000e+00,0.000000e+00,0.000000e+00,0.000000e+00,2.762161e-18,6.155473e-26,1.613718e-18,2.582185e-32,2.825612e-23,1.165229e-18,2.291260e-20,5.269799e-39,-2.376456e-18,-1.188275e-18,-1.613706e-18,-1.662518e-33,-2.825243e-23,-1.165233e-18,-2.291057e-20,-1.660756e-33,0.000000e+00,0.000000e+00,0.000000e+00,0.000000e+00,0.000000e+00,0.000000e+00,0.000000e+00,0.000000e+00,3.857049e-19,3.623584e-19,1.158286e-23,2.415934e-32,3.683878e-27,-3.206939e-24,2.029162e-24,-1.660751e-33
2644.5268,200.00,279.3702,8.649231e+01,1.319081e-01,C,3.023144e-03,1.333333e-01,0.3019%,4.292774e-02,3.984807e-02,4.859936e-05,1.076490e-15,1.803493e-10,2.433225e-05,5.849539e-07,0.000000e+00,0.000000e+00,1.550633e-18,0.000000e+00,0.000000e+00,0.000000e+00,0.000000e+00,0.000000e+00,0.000000e+00,2.763263e-18,6.801139e-26,1.614896e-18,2.606536e-32,2.849000e-23,1.166047e-18,2.304286e-20,5.793902e-39,-2.378354e-18,-1.189224e-18,-1.614884e-18,-1.661584e-33,-2.848337e-23,-1.166051e-18,-2.304082e-20,-1.659794e-33,0.000000e+00,0.000000e+00,0.000000e+00,0.000000e+00,0.000000e+00,0.000000e+00,0.000000e+00,0.000000e+00,3.849095e-19,3.614093e-19,1.195629e-23,2.440377e-32,6.626773e-27,-3.516333e-24,2.037555e-24,-1.659788e-33
2664.5268,200.00,279.4843,8.753973e+01,1.315243e-01,C,3.021536e-03,1.333333e-01,0.3017%,4.317070e-02,4.007618e-02,4.860020e-05,1.092187e-15,1.818082e-10,2.432470e-05,5.853230e-07,0.000000e+00,0.000000e+00,1.550633e-18,0.000000e+00,0.000000e+00,0.000000e+00,0.000000e+00,0.000000e+00,0.000000e+00,2.764271e-18,7.504520e-26,1.616049e-18,2.630489e-32,2.872042e-23,1.166847e-18,2.317112e-20,6.361188e-39,-2.380212e-18,-1.190153e-18,-1.616037e-18,-1.660695e-33,-2.871332e-23,-1.166851e-18,-2.316906e-20,-1.658882e-33,0.000000e+00,0.000000e+00,0.000000e+00,0.000000e+00,0.000000e+00,0.000000e+00,0.000000e+00,0.000000e+00,3.840595e-19,3.604800e-19,1.221677e-23,2.464420e-32,7.097897e-27,-3.633362e-24,2.052518e-24,-1.658876e-33
2684.5268,200.00,279.5990,8.859243e+01,1.311405e-01,C,3.019929e-03,1.333333e-01,0.3015%,4.341315e-02,4.030371e-02,4.860126e-05,1.107883e-15,1.832735e-10,2.431703e-05,5.856942e-07,0.000000e+00,0.000000e+00,1.550633e-18,0.000000e+00,0.000000e+00,0.000000e+00,0.000000e+00,0.000000e+00,0.000000e+00,2.765327e-18,8.270833e-26,1.617199e-18,2.654837e-32,2.895389e-23,1.167647e-18,2.330038e-20,6.975502e-39,-2.382072e-18,-1.191083e-18,-1.617186e-18,-1.659868e-33,-2.894918e-23,-1.167651e-18,-2.329832e-20,-1.658030e-33,0.000000e+00,0.000000e+00,0.000000e+00,0.000000e+00,0.000000e+00,0.000000e+00,0.000000e+00,0.000000e+00,3.832557e-19,3.595500e-19,1.253689e-23,2.488850e-32,4.706683e-27,-3.862450e-24,2.063603e-24,-1.658023e-33
2704.5268,200.00,279.7142,8.965004e+01,1.307566e-01,C,3.018367e-03,1.333333e-01,0.3014%,4.365509e-02,4.053064e-02,4.860238e-05,1.124595e-15,1.847263e-10,2.430912e-05,5.860480e-07,0.000000e+00,0.000000e+00,1.550633e-18,0.000000e+00,0.000000e+00,0.000000e+00,0.000000e+00,0.000000e+00,0.000000e+00,2.766287e-18,9.103709e-26,1.618323e-18,2.678771e-32,2.918370e-23,1.168429e-18,2.342758e-20,7.641353e-39,-2.383933e-18,-1.192014e-18,-1.618332e-18,-1.659104e-33,-2.918476e-23,-1.168451e-18,-2.342860e-20,-1.657240e-33,0.000000e+00,0.000000e+00,0.000000e+00,0.000000e+00,0.000000e+00,0.000000e+00,0.000000e+00,0.000000e+00,3.823544e-19,3.586192e-19,-9.445477e-24,2.512861e-32,-1.064533e-27,-2.147218e-23,-1.013032e-24,-1.657232e-33
2724.5268,200.00,279.8299,9.071266e+01,1.303812e-01,C,3.016762e-03,1.333333e-01,0.3012%,4.389651e-02,4.075700e-02,4.860384e-05,1.140748e-15,1.862401e-10,2.430121e-05,5.864236e-07,0.000000e+00,0.000000e+00,1.550633e-18,0.000000e+00,0.000000e+00,0.000000e+00,0.000000e+00,0.000000e+00,0.000000e+00,2.767437e-18,1.001029e-25,1.619466e-18,2.703908e-32,2.942330e-23,1.169229e-18,2.355887e-20,8.361623e-39,-2.385754e-18,-1.192925e-18,-1.619453e-18,-1.658378e-33,-2.941763e-23,-1.169233e-18,-2.355679e-20,-1.656487e-33,0.000000e+00,0.000000e+00,0.000000e+00,0.000000e+00,0.000000e+00,0.000000e+00,0.000000e+00,0.000000e+00,3.816825e-19,3.577083e-19,1.317044e-23,2.538070e-32,5.666072e-27,-4.347977e-24,2.077738e-24,-1.656479e-33
2744.5268,200.00,279.9462,9.178039e+01,1.300057e-01,C,3.015246e-03,1.333333e-01,0.3011%,4.413744e-02,4.098278e-02,4.860522e-05,1.157305e-15,1.876876e-10,2.429294e-05,5.867616e-07,0.000000e+00,0.000000e+00,1.550633e-18,0.000000e+00,0.000000e+00,0.000000e+00,0.000000e+00,0.000000e+00,0.000000e+00,2.768346e-18,1.099224e-25,1.620562e-18,2.727799e-32,2.965233e-23,1.169993e-18,2.368495e-20,9.138442e-39,-2.387577e-18,-1.193836e-18,-1.620571e-18,-1.657715e-33,-2.965345e-23,-1.170015e-18,-2.368597e-20,-1.655797e-33,0.000000e+00,0.000000e+00,0.000000e+00,0.000000e+00,0.000000e+00,0.000000e+00,0.000000e+00,0.000000e+00,3.807686e-19,3.567966e-19,-8.762817e-24,2.562028e-32,-1.116314e-27,-2.184417e-23,-1.025358e-24,-1.655788e-33
2764.5268,200.00,280.0631,9.285344e+01,1.296386e-01,C,3.013686e-03,1.333333e-01,0.3009%,4.437787e-02,4.120799e-02,4.860694e-05,1.173804e-15,1.892050e-10,2.428467e-05,5.871213e-07,0.000000e+00,0.000000e+00,1.550633e-18,0.000000e+00,0.000000e+00,0.000000e+00,0.000000e+00,0.000000e+00,0.000000e+00,2.769444e-18,1.205885e-25,1.621677e-18,2.752898e-32,2.989122e-23,1.170774e-18,2.381512e-20,9.977532e-39,-2.389360e-18,-1.194728e-18,-1.621664e-18,-1.657086e-33,-2.988420e-23,-1.170779e-18,-2.381301e-20,-1.655138e-33,0.000000e+00,0.000000e+00,0.000000e+00,0.000000e+00,0.000000e+00,0.000000e+00,0.000000e+00,0.000000e+00,3.800832e-19,3.559048e-19,1.370587e-23,2.587190e-32,7.015804e-27,-4.644643e-24,2.112201e-24,-1.655128e-33
2784.5268,200.00,280.1806,9.393219e+01,1.292714e-01,C,3.012172e-03,1.333333e-01,0.3008%,4.461780e-02,4.143264e-02,4.860870e-05,1.190495e-15,1.906823e-10,2.427619e-05,5.874643e-07,0.000000e+00,0.000000e+00,1.550633e-18,0.000000e+00,0.000000e+00,0.000000e+00,0.000000e+00,0.000000e+00,0.000000e+00,2.770443e-18,1.321318e-25,1.622767e-18,2.777551e-32,3.012619e-23,1.171538e-18,2.394314e-20,1.088219e-38,-2.391145e-18,-1.195621e-18,-1.622753e-18,-1.656519e-33,-3.012383e-23,-1.171543e-18,-2.394101e-20,-1.654547e-33,0.000000e+00,0.000000e+00,0.000000e+00,0.000000e+00,0.000000e+00,0.000000e+00,0.000000e+00,0.000000e+00,3.792977e-19,3.550122e-19,1.396769e-23,2.611899e-32,2.364464e-27,-4.800726e-24,2.125612e-24,-1.654536e-33
2804.5268,200.00,280.2986,9.501572e+01,1.289049e-01,C,3.010658e-03,1.333333e-01,0.3006%,4.485725e-02,4.165672e-02,4.861066e-05,1.207597e-15,1.922013e-10,2.426759e-05,5.878088e-07,0.000000e+00,0.000000e+00,1.550633e-18,0.000000e+00,0.000000e+00,0.000000e+00,0.000000e+00,0.000000e+00,0.000000e+00,2.771487e-18,1.446289e-25,1.623855e-18,2.802587e-32,3.036416e-23,1.172302e-18,2.407212e-20,1.185672e-38,-2.392929e-18,-1.196512e-18,-1.623840e-18,-1.655940e-33,-3.035586e-23,-1.172306e-18,-2.407001e-20,-1.653839e-33,0.000000e+00,0.000000e+00,0.000000e+00,0.000000e+00,0.000000e+00,0.000000e+00,0.000000e+00,0.000000e+00,3.785577e-19,3.541206e-19,1.428309e-23,2.636993e-32,8.307320e-27,-4.091957e-24,2.110586e-24,-1.653828e-33
2824.5268,200.00,280.4171,9.610368e+01,1.285368e-01,C,3.009189e-03,1.333333e-01,0.3005%,4.509623e-02,4.188024e-02,4.861268e-05,1.224648e-15,1.936645e-10,2.425873e-05,5.881342e-07,0.000000e+00,0.000000e+00,1.550633e-18,0.000000e+00,0.000000e+00,0.000000e+00,0.000000e+00,0.000000e+00,0.000000e+00,2.772430e-18,1.581272e-25,1.624917e-18,2.827165e-32,3.059803e-23,1.173048e-18,2.419888e-20,1.290397e-38,-2.394720e-18,-1.197409e-18,-1.624924e-18,-1.655561e-33,-3.059911e-23,-1.173070e-18,-2.419993e-20,-1.653535e-33,0.000000e+00,0.000000e+00,0.000000e+00,0.000000e+00,0.000000e+00,0.000000e+00,0.000000e+00,0.000000e+00,3.777100e-19,3.532245e-19,-7.426176e-24,2.661609e-32,-1.079790e-27,-2.262342e-23,-1.051346e-24,-1.653522e-33
2844.5268,200.00,280.5362,9.719691e+01,1.281778e-01,C,3.007721e-03,1.333333e-01,0.3003%,4.533473e-02,4.210320e-02,4.861490e-05,1.241771e-15,1.951607e-10,2.424976e-05,5.884613e-07,0.000000e+00,0.000000e+00,1.550633e-18,0.000000e+00,0.000000e+00,0.000000e+00,0.000000e+00,0.000000e+00,0.000000e+00,2.773416e-18,1.727118e-25,1.625977e-18,2.852117e-32,3.083482e-23,1.173793e-18,2.432659e-20,1.403144e-38,-2.396468e-18,-1.198283e-18,-1.625984e-18,-9.353118e-34,-3.083737e-23,-1.173816e-18,-2.432765e-20,-1.653096e-33,0.000000e+00,0.000000e+00,0.000000e+00,0.000000e+00,0.000000e+00,0.000000e+00,0.000000e+00,0.000000e+00,3.769481e-19,3.523501e-19,-7.129849e-24,2.758586e-32,-2.555569e-27,-2.276796e-23,-1.056066e-24,-1.653082e-33
2864.5268,200.00,280.6558,9.829500e+01,1.278188e-01,C,3.006254e-03,1.333333e-01,0.3002%,4.557276e-02,4.232561e-02,4.861729e-05,1.259489e-15,1.966841e-10,2.424066e-05,5.887903e-07,0.000000e+00,0.000000e+00,1.550633e-18,0.000000e+00,0.000000e+00,0.000000e+00,0.000000e+00,0.000000e+00,0.000000e+00,2.774445e-18,1.884564e-25,1.627034e-18,2.877447e-32,3.107454e-23,1.174539e-18,2.445524e-20,1.524153e-38,-2.398218e-18,-1.199158e-18,-1.627040e-18,-1.654792e-33,-3.107812e-23,-1.174562e-18,-2.445630e-20,-1.652700e-33,0.000000e+00,0.000000e+00,0.000000e+00,0.000000e+00,0.000000e+00,0.000000e+00,0.000000e+00,0.000000e+00,3.762273e-19,3.514750e-19,-6.784036e-24,2.711967e-32,-3.579963e-27,-2.300552e-23,-1.064110e-24,-1.652685e-33
2884.5268,200.00,280.7759,9.939795e+01,1.274681e-01,C,3.004787e-03,1.333333e-01,0.3000%,4.581033e-02,4.254747e-02,4.861987e-05,1.277034e-15,1.982097e-10,2.423146e-05,5.891212e-07,0.000000e+00,0.000000e+00,1.550633e-18,0.000000e+00,0.000000e+00,0.000000e+00,0.000000e+00,0.000000e+00,0.000000e+00,2.775517e-18,2.054382e-25,1.628088e-18,2.903154e-32,3.131726e-23,1.175284e-18,2.458484e-20,1.654061e-38,-2.399928e-18,-1.200013e-18,-1.628073e-18,-1.521133e-33,-3.131273e-23,-1.175290e-18,-2.458265e-20,-1.652365e-33,0.000000e+00,0.000000e+00,0.000000e+00,0.000000e+00,0.000000e+00,0.000000e+00,0.000000e+00,0.000000e+00,3.755884e-19,3.506197e-19,1.538877e-23,2.751040e-32,4.531263e-27,-5.852851e-24,2.182913e-24,-1.652349e-33
2904.5268,200.00,280.8518,1.003271e+02,1.271767e-01,C,3.003708e-03,1.333333e-01,0.2999%,4.604731e-02,4.276881e-02,4.862121e-05,1.294675e-15,1.993461e-10,2.422147e-05,5.892803e-07,0.000000e+00,0.000000e+00,1.550633e-18,0.000000e+00,0.000000e+00,0.000000e+00,0.000000e+00,0.000000e+00,0.000000e+00,2.775334e-18,2.234794e-25,1.628943e-18,2.921377e-32,3.149708e-23,1.175875e-18,2.468613e-20,1.793087e-38,-2.401350e-18,-1.200725e-18,-1.628950e-18,-1.654002e-33,-3.150066e-23,-1.175896e-18,-2.468713e-20,-1.651862e-33,0.000000e+00,0.000000e+00,0.000000e+00,0.000000e+00,0.000000e+00,0.000000e+00,0.000000e+00,0.000000e+00,3.739835e-19,3.499086e-19,-7.405175e-24,2.755977e-32,-3.585588e-27,-2.119345e-23,-9.986526e-25,-1.651844e-33
2924.5268,200.00,280.8754,1.010770e+02,1.269613e-01,C,3.002968e-03,1.333333e-01,0.2998%,4.628293e-02,4.298979e-02,4.862022e-05,1.312336e-15,2.001260e-10,2.421296e-05,5.893623e-07,0.000000e+00,0.000000e+00,1.550633e-18,0.000000e+00,0.000000e+00,0.000000e+00,0.000000e+00,0.000000e+00,0.000000e+00,2.774057e-18,-5.740065e-33,1.629621e-18,2.932566e-32,3.162048e-23,1.176329e-18,2.476209e-20,3.758802e-43,-2.402401e-18,-1.201250e-18,-1.629631e-18,-1.467732e-33,-3.162159e-23,-1.176346e-18,-2.476293e-20,-1.650797e-33,0.000000e+00,0.000000e+00,0.000000e+00,0.000000e+00,0.000000e+00,0.000000e+00,0.000000e+00,0.000000e+00,3.716557e-19,3.493826e-19,-9.603494e-24,2.785793e-32,-1.109123e-27,-1.696708e-23,-8.401453e-25,-1.650797e-33
2944.5268,200.00,280.9003,1.018676e+02,1.267287e-01,C,3.002137e-03,1.333333e-01,0.2998%,4.651718e-02,4.321042e-02,4.861825e-05,1.330262e-15,2.010105e-10,2.420708e-05,5.895738e-07,0.000000e+00,0.000000e+00,1.550633e-18,0.000000e+00,0.000000e+00,0.000000e+00,0.000000e+00,0.000000e+00,0.000000e+00,2.773129e-18,-5.740065e-33,1.630342e-18,2.945430e-32,3.176043e-23,1.176817e-18,2.484512e-20,3.341158e-43,-2.403537e-18,-1.201818e-18,-1.630354e-18,-1.651333e-33,-3.176155e-23,-1.176830e-18,-2.484584e-20,-1.650778e-33,0.000000e+00,0.000000e+00,0.000000e+00,0.000000e+00,0.000000e+00,0.000000e+00,0.000000e+00,0.000000e+00,3.695925e-19,3.488146e-19,-1.138278e-23,2.780297e-32,-1.120929e-27,-1.351655e-23,-7.240003e-25,-1.650778e-33
2964.5268,200.00,280.9262,1.026931e+02,1.264871e-01,C,3.001259e-03,1.333333e-01,0.2997%,4.675017e-02,4.343068e-02,4.861537e-05,1.348508e-15,2.019537e-10,2.420333e-05,5.898818e-07,0.000000e+00,0.000000e+00,1.550633e-18,0.000000e+00,0.000000e+00,0.000000e+00,0.000000e+00,0.000000e+00,0.000000e+00,2.772403e-18,1.148013e-32,1.631084e-18,2.959129e-32,3.190968e-23,1.177322e-18,2.493200e-20,-3.758802e-43,-2.404717e-18,-1.202409e-18,-1.631097e-18,-1.649685e-33,-3.191174e-23,-1.177333e-18,-2.493260e-20,-1.647735e-33,0.000000e+00,0.000000e+00,0.000000e+00,0.000000e+00,0.000000e+00,0.000000e+00,0.000000e+00,0.000000e+00,3.676862e-19,3.482243e-19,-1.288531e-23,2.794160e-32,-2.057273e-27,-1.051301e-23,-6.090173e-25,-1.647735e-33
2984.5268,200.00,280.9532,1.035501e+02,1.262371e-01,C,3.000334e-03,1.333333e-01,0.2996%,4.698201e-02,4.365057e-02,4.861176e-05,1.366604e-15,2.029675e-10,2.420144e-05,5.902758e-07,0.000000e+00,0.000000e+00,1.550633e-18,0.000000e+00,0.000000e+00,0.000000e+00,0.000000e+00,0.000000e+00,0.000000e+00,2.771875e-18,5.740065e-33,1.631846e-18,2.973708e-32,3.206832e-23,1.177846e-18,2.502276e-20,1.670579e-43,-2.405940e-18,-1.203020e-18,-1.631860e-18,-1.648040e-33,-3.206933e-23,-1.177853e-18,-2.502328e-20,-1.645730e-33,0.000000e+00,0.000000e+00,0.000000e+00,0.000000e+00,0.000000e+00,0.000000e+00,0.000000e+00,0.000000e+00,3.659359e-19,3.476131e-19,-1.414371e-23,2.808904e-32,-1.013073e-27,-7.952688e-24,-5.172113e-25,-1.645730e-33
3004.5268,200.00,280.9810,1.044340e+02,1.259861e-01,C,2.999363e-03,1.333333e-01,0.2995%,4.721279e-02,4.387006e-02,4.860756e-05,1.384493e-15,2.040566e-10,2.420113e-05,5.907468e-07,0.000000e+00,0.000000e+00,1.550633e-18,0.000000e+00,0.000000e+00,0.000000e+00,0.000000e+00,0.000000e+00,0.000000e+00,2.771544e-18,2.296026e-32,1.632628e-18,2.989211e-32,3.223644e-23,1.178386e-18,2.511744e-20,-1.044112e-42,-2.407187e-18,-1.203634e-18,-1.632643e-18,-1.644712e-33,-3.223286e-23,-1.178392e-18,-2.511788e-20,-1.640310e-33,0.000000e+00,0.000000e+00,0.000000e+00,0.000000e+00,0.000000e+00,0.000000e+00,0.000000e+00,0.000000e+00,3.643571e-19,3.469992e-19,-1.516105e-23,2.824739e-32,3.576125e-27,-5.813647e-24,-4.404176e-25,-1.640310e-33
3024.5268,200.00,281.0095,1.053419e+02,1.257208e-01,C,2.998347e-03,1.333333e-01,0.2994%,4.744260e-02,4.408915e-02,4.860289e-05,1.402755e-15,2.051630e-10,2.420220e-05,5.912876e-07,0.000000e+00,0.000000e+00,1.550633e-18,0.000000e+00,0.000000e+00,0.000000e+00,0.000000e+00,0.000000e+00,0.000000e+00,2.771406e-18,-1.148013e-32,1.633431e-18,3.005686e-32,3.241415e-23,1.178944e-18,2.521607e-20,5.429381e-43,-2.408469e-18,-1.204283e-18,-1.633425e-18,-1.643394e-33,-3.241078e-23,-1.178930e-18,-2.521311e-20,-1.640502e-33,0.000000e+00,0.000000e+00,0.000000e+00,0.000000e+00,0.000000e+00,0.000000e+00,0.000000e+00,0.000000e+00,3.629365e-19,3.463503e-19,5.567333e-24,2.841347e-32,3.371533e-27,1.332004e-23,2.962728e-24,-1.640502e-33
3044.5268,200.00,281.0388,1.062714e+02,1.254421e-01,C,2.997329e-03,1.333333e-01,0.2993%,4.767150e-02,4.430782e-02,4.859773e-05,1.420772e-15,2.062783e-10,2.420434e-05,5.918702e-07,0.000000e+00,0.000000e+00,1.550633e-18,0.000000e+00,0.000000e+00,0.000000e+00,0.000000e+00,0.000000e+00,0.000000e+00,2.771315e-18,-1.148013e-32,1.634232e-18,3.022245e-32,3.259397e-23,1.179502e-18,2.531534e-20,2.505868e-43,-2.409828e-18,-1.204965e-18,-1.634248e-18,-1.641082e-33,-3.259535e-23,-1.179504e-18,-2.531567e-20,-1.639080e-33,0.000000e+00,0.000000e+00,0.000000e+00,0.000000e+00,0.000000e+00,0.000000e+00,0.000000e+00,0.000000e+00,3.614873e-19,3.456681e-19,-1.665557e-23,2.858137e-32,-1.385769e-27,-2.482059e-24,-3.281073e-25,-1.639080e-33
3064.5268,200.00,281.0686,1.072194e+02,1.251754e-01,C,2.996267e-03,1.333333e-01,0.2992%,4.789955e-02,4.452608e-02,4.859232e-05,1.438952e-15,2.074940e-10,2.420750e-05,5.925104e-07,0.000000e+00,0.000000e+00,1.550633e-18,0.000000e+00,0.000000e+00,0.000000e+00,0.000000e+00,0.000000e+00,0.000000e+00,2.771415e-18,1.148013e-32,1.635053e-18,3.039838e-32,3.278355e-23,1.180077e-18,2.541862e-20,8.352894e-44,-2.411138e-18,-1.205618e-18,-1.635048e-18,-1.638692e-33,-3.277679e-23,-1.180060e-18,-2.541553e-20,-1.635956e-33,0.000000e+00,0.000000e+00,0.000000e+00,0.000000e+00,0.000000e+00,0.000000e+00,0.000000e+00,0.000000e+00,3.602771e-19,3.450147e-19,4.300315e-24,2.875969e-32,6.757799e-27,1.613164e-23,3.093552e-24,-1.635956e-33
3084.5268,200.00,281.0990,1.081845e+02,1.249064e-01,C,2.995245e-03,1.333333e-01,0.2991%,4.812681e-02,4.474391e-02,4.858644e-05,1.457641e-15,2.086756e-10,2.421132e-05,5.931612e-07,0.000000e+00,0.000000e+00,1.550633e-18,0.000000e+00,0.000000e+00,0.000000e+00,0.000000e+00,0.000000e+00,0.000000e+00,2.771413e-18,1.148013e-32,1.635851e-18,3.056671e-32,3.296756e-23,1.180635e-18,2.551920e-20,-9.188184e-43,-2.412475e-18,-1.206277e-18,-1.635868e-18,-1.634908e-33,-3.296353e-23,-1.180635e-18,-2.551942e-20,-1.630100e-33,0.000000e+00,0.000000e+00,0.000000e+00,0.000000e+00,0.000000e+00,0.000000e+00,0.000000e+00,0.000000e+00,3.589381e-19,3.443557e-19,-1.771637e-23,2.893180e-32,4.030158e-27,1.311412e-25,-2.263683e-25,-1.630100e-33
3104.5268,200.00,281.1298,1.091643e+02,1.246199e-01,C,2.994137e-03,1.333333e-01,0.2990%,4.835331e-02,4.496131e-02,4.858058e-05,1.476424e-15,2.099134e-10,2.421603e-05,5.938823e-07,0.000000e+00,0.000000e+00,1.550633e-18,0.000000e+00,0.000000e+00,0.000000e+00,0.000000e+00,0.000000e+00,0.000000e+00,2.771745e-18,1.722020e-32,1.636690e-18,3.075482e-32,3.316922e-23,1.181227e-18,2.562719e-20,-2.923513e-43,-2.413856e-18,-1.206979e-18,-1.636687e-18,-1.633734e-33,-3.316251e-23,-1.181209e-18,-2.562399e-20,-1.631324e-33,0.000000e+00,0.000000e+00,0.000000e+00,0.000000e+00,0.000000e+00,0.000000e+00,0.000000e+00,0.000000e+00,3.578882e-19,3.436535e-19,3.439057e-24,2.912109e-32,6.710957e-27,1.824198e-23,3.200043e-24,-1.631324e-33
3124.5268,200.00,281.1610,1.101574e+02,1.243353e-01,C,2.993070e-03,1.333333e-01,0.2989%,4.857911e-02,4.517828e-02,4.857439e-05,1.495121e-15,2.111686e-10,2.422120e-05,5.946061e-07,0.000000e+00,0.000000e+00,1.550633e-18,0.000000e+00,0.000000e+00,0.000000e+00,0.000000e+00,0.000000e+00,0.000000e+00,2.771972e-18,-1.148013e-32,1.637507e-18,3.093559e-32,3.336529e-23,1.181802e-18,2.573247e-20,-5.011737e-43,-2.415255e-18,-1.207678e-18,-1.637525e-18,-1.630876e-33,-3.336668e-23,-1.181801e-18,-2.573265e-20,-1.628130e-33,0.000000e+00,0.000000e+00,0.000000e+00,0.000000e+00,0.000000e+00,0.000000e+00,0.000000e+00,0.000000e+00,3.567166e-19,3.429554e-19,-1.824567e-23,2.930472e-32,-1.388698e-27,1.778126e-24,-1.741685e-25,-1.628130e-33
3144.5268,200.00,281.1926,1.111628e+02,1.240572e-01,C,2.992003e-03,1.333333e-01,0.2988%,4.880422e-02,4.539481e-02,4.856805e-05,1.514113e-15,2.124193e-10,2.422684e-05,5.953509e-07,0.000000e+00,0.000000e+00,1.550633e-18,0.000000e+00,0.000000e+00,0.000000e+00,0.000000e+00,0.000000e+00,0.000000e+00,2.772239e-18,5.740065e-33,1.638321e-18,3.111834e-32,3.356356e-23,1.182378e-18,2.583843e-20,8.352894e-44,-2.416618e-18,-1.208360e-18,-1.638340e-18,-1.628234e-33,-3.356333e-23,-1.182375e-18,-2.583857e-20,-1.625607e-33,0.000000e+00,0.000000e+00,0.000000e+00,0.000000e+00,0.000000e+00,0.000000e+00,0.000000e+00,0.000000e+00,3.556208e-19,3.422730e-19,-1.849704e-23,2.949011e-32,2.267927e-28,2.605386e-24,-1.366651e-25,-1.625607e-33
3164.5268,200.00,281.2246,1.121794e+02,1.237730e-01,C,2.990893e-03,1.333333e-01,0.2986%,4.902869e-02,4.561091e-02,4.856174e-05,1.532956e-15,2.137221e-10,2.423299e-05,5.961360e-07,0.000000e+00,0.000000e+00,1.550633e-18,0.000000e+00,0.000000e+00,0.000000e+00,0.000000e+00,0.000000e+00,0.000000e+00,2.772691e-18,2.296026e-32,1.639156e-18,3.131210e-32,3.377191e-23,1.182970e-18,2.594849e-20,5.847026e-43,-2.418019e-18,-1.209058e-18,-1.639175e-18,-1.278531e-33,-3.377761e-23,-1.182967e-18,-2.594862e-20,-1.621969e-33,0.000000e+00,0.000000e+00,0.000000e+00,0.000000e+00,0.000000e+00,0.000000e+00,0.000000e+00,0.000000e+00,3.546725e-19,3.415752e-19,-1.856302e-23,3.003357e-32,-5.699720e-27,3.063188e-24,-1.274802e-25,-1.621969e-33
3184.5268,200.00,281.2569,1.132059e+02,1.234959e-01,C,2.989782e-03,1.333333e-01,0.2985%,4.925254e-02,4.582657e-02,4.855535e-05,1.551881e-15,2.150756e-10,2.423948e-05,5.969377e-07,0.000000e+00,0.000000e+00,1.550633e-18,0.000000e+00,0.000000e+00,0.000000e+00,0.000000e+00,0.000000e+00,0.000000e+00,2.773181e-18,-2.296026e-32,1.639989e-18,3.150821e-32,3.398260e-23,1.183563e-18,2.605925e-20,5.429381e-43,-2.419382e-18,-1.209738e-18,-1.639986e-18,-1.622281e-33,-3.397217e-23,-1.183542e-18,-2.605590e-20,-1.618889e-33,0.000000e+00,0.000000e+00,0.000000e+00,0.000000e+00,0.000000e+00,0.000000e+00,0.000000e+00,0.000000e+00,3.537995e-19,3.408944e-19,2.663024e-24,2.988593e-32,1.042389e-26,2.079446e-23,3.355336e-24,-1.618889e-33
3204.5268,200.00,281.2895,1.142415e+02,1.232079e-01,C,2.988712e-03,1.333333e-01,0.2984%,4.947580e-02,4.604179e-02,4.854878e-05,1.570999e-15,2.163663e-10,2.424616e-05,5.977320e-07,0.000000e+00,0.000000e+00,1.550633e-18,0.000000e+00,0.000000e+00,0.000000e+00,0.000000e+00,0.000000e+00,0.000000e+00,2.773563e-18,1.722020e-32,1.640799e-18,3.169696e-32,3.418748e-23,1.184139e-18,2.616724e-20,-2.088224e-43,-2.420793e-18,-1.210446e-18,-1.640818e-18,-1.619747e-33,-3.418575e-23,-1.184134e-18,-2.616734e-20,-1.616726e-33,0.000000e+00,0.000000e+00,0.000000e+00,0.000000e+00,0.000000e+00,0.000000e+00,0.000000e+00,0.000000e+00,3.527700e-19,3.401867e-19,-1.869244e-23,3.007721e-32,1.733361e-27,4.366444e-24,-1.022389e-25,-1.616726e-33
3224.5268,200.00,281.3223,1.152853e+02,1.229276e-01,C,2.987601e-03,1.333333e-01,0.2983%,4.969847e-02,4.625657e-02,4.854233e-05,1.590194e-15,2.177128e-10,2.425318e-05,5.985611e-07,0.000000e+00,0.000000e+00,1.550633e-18,0.000000e+00,0.000000e+00,0.000000e+00,0.000000e+00,0.000000e+00,0.000000e+00,2.774128e-18,5.740065e-33,1.641629e-18,3.189742e-32,3.440269e-23,1.184732e-18,2.627939e-20,4.176447e-44,-2.422167e-18,-1.211135e-18,-1.641626e-18,-1.617240e-33,-3.439925e-23,-1.184710e-18,-2.627598e-20,-1.614670e-33,0.000000e+00,0.000000e+00,0.000000e+00,0.000000e+00,0.000000e+00,0.000000e+00,0.000000e+00,0.000000e+00,3.519609e-19,3.394976e-19,2.556078e-24,3.028018e-32,3.431370e-27,2.156586e-23,3.415545e-24,-1.614670e-33
3244.5268,200.00,281.3554,1.163369e+02,1.226407e-01,C,2.986531e-03,1.333333e-01,0.2982%,4.992059e-02,4.647091e-02,4.853575e-05,1.609734e-15,2.190314e-10,2.426029e-05,5.993793e-07,0.000000e+00,0.000000e+00,1.550633e-18,0.000000e+00,0.000000e+00,0.000000e+00,0.000000e+00,0.000000e+00,0.000000e+00,2.774582e-18,1.148013e-32,1.642436e-18,3.209075e-32,3.461202e-23,1.185307e-18,2.638874e-20,-2.088224e-43,-2.423578e-18,-1.211841e-18,-1.642455e-18,-1.614464e-33,-3.461549e-23,-1.185303e-18,-2.638881e-20,-1.611869e-33,0.000000e+00,0.000000e+00,0.000000e+00,0.000000e+00,0.000000e+00,0.000000e+00,0.000000e+00,0.000000e+00,3.510036e-19,3.387917e-19,-1.865023e-23,3.047628e-32,-3.472066e-27,4.628559e-24,-6.977479e-26,-1.611869e-33
3264.5268,200.00,281.3887,1.173955e+02,1.223620e-01,C,2.985460e-03,1.333333e-01,0.2981%,5.014217e-02,4.668481e-02,4.852919e-05,1.629296e-15,2.203682e-10,2.426757e-05,6.002078e-07,0.000000e+00,0.000000e+00,1.550633e-18,0.000000e+00,0.000000e+00,0.000000e+00,0.000000e+00,0.000000e+00,0.000000e+00,2.775072e-18,-5.740065e-33,1.643242e-18,3.228635e-32,3.482358e-23,1.185883e-18,2.649877e-20,7.935250e-43,-2.424950e-18,-1.212527e-18,-1.643260e-18,-1.611604e-33,-3.482785e-23,-1.185878e-18,-2.649882e-20,-1.609054e-33,0.000000e+00,0.000000e+00,0.000000e+00,0.000000e+00,0.000000e+00,0.000000e+00,0.000000e+00,0.000000e+00,3.501216e-19,3.381057e-19,-1.863602e-23,3.067475e-32,-4.266622e-27,4.966112e-24,-4.937381e-26,-1.609054e-33
3284.5268,200.00,281.4222,1.184607e+02,1.220907e-01,C,2.984348e-03,1.333333e-01,0.2980%,5.036322e-02,4.689828e-02,4.852280e-05,1.649067e-15,2.217992e-10,2.427509e-05,6.010678e-07,0.000000e+00,0.000000e+00,1.550633e-18,0.000000e+00,0.000000e+00,0.000000e+00,0.000000e+00,0.000000e+00,0.000000e+00,2.775742e-18,0.000000e+00,1.644067e-18,3.249390e-32,3.504565e-23,1.186476e-18,2.661300e-20,-3.341158e-43,-2.426305e-18,-1.213195e-18,-1.644064e-18,-1.607718e-33,-3.503705e-23,-1.186454e-18,-2.660951e-20,-1.603077e-33,0.000000e+00,0.000000e+00,0.000000e+00,0.000000e+00,0.000000e+00,0.000000e+00,0.000000e+00,0.000000e+00,3.494375e-19,3.374377e-19,2.628217e-24,3.088618e-32,8.605830e-27,2.227947e-23,3.490329e-24,-1.603077e-33
3304.5268,200.00,281.4559,1.195321e+02,1.218051e-01,C,2.983278e-03,1.333333e-01,0.2979%,5.058375e-02,4.711130e-02,4.851632e-05,1.668969e-15,2.231525e-10,2.428261e-05,6.019136e-07,0.000000e+00,0.000000e+00,1.550633e-18,0.000000e+00,0.000000e+00,0.000000e+00,0.000000e+00,0.000000e+00,0.000000e+00,2.776301e-18,3.444039e-32,1.644870e-18,3.269437e-32,3.526172e-23,1.187052e-18,2.672439e-20,1.252934e-43,-2.427696e-18,-1.213899e-18,-1.644867e-18,-1.605960e-33,-3.525848e-23,-1.187030e-18,-2.672088e-20,-1.602986e-33,0.000000e+00,0.000000e+00,0.000000e+00,0.000000e+00,0.000000e+00,0.000000e+00,0.000000e+00,0.000000e+00,3.486052e-19,3.367341e-19,2.682381e-24,3.108841e-32,3.233820e-27,2.245940e-23,3.513106e-24,-1.602986e-33
3324.5268,200.00,281.4898,1.206093e+02,1.215247e-01,C,2.982207e-03,1.333333e-01,0.2978%,5.080378e-02,4.732390e-02,4.850991e-05,1.689071e-15,2.245490e-10,2.429023e-05,6.027668e-07,0.000000e+00,0.000000e+00,1.550633e-18,0.000000e+00,0.000000e+00,0.000000e+00,0.000000e+00,0.000000e+00,0.000000e+00,2.776893e-18,4.018046e-32,1.645671e-18,3.289714e-32,3.548005e-23,1.187628e-18,2.683646e-20,-2.923513e-43,-2.429075e-18,-1.214590e-18,-1.645668e-18,-1.603402e-33,-3.546826e-23,-1.187606e-18,-2.683293e-20,-1.600696e-33,0.000000e+00,0.000000e+00,0.000000e+00,0.000000e+00,0.000000e+00,0.000000e+00,0.000000e+00,0.000000e+00,3.478182e-19,3.360430e-19,2.771956e-24,3.129373e-32,1.179263e-26,2.256921e-23,3.533548e-24,-1.600696e-33
3344.5268,200.00,281.5238,1.216916e+02,1.212481e-01,C,2.981177e-03,1.333333e-01,0.2977%,5.102332e-02,4.753606e-02,4.850343e-05,1.708980e-15,2.258770e-10,2.429780e-05,6.036040e-07,0.000000e+00,0.000000e+00,1.550633e-18,0.000000e+00,0.000000e+00,0.000000e+00,0.000000e+00,0.000000e+00,0.000000e+00,2.777372e-18,2.296026e-32,1.646449e-18,3.309265e-32,3.569216e-23,1.188187e-18,2.694563e-20,5.429381e-43,-2.430446e-18,-1.215272e-18,-1.646467e-18,-1.600234e-33,-3.569012e-23,-1.188182e-18,-2.694566e-20,-1.596756e-33,0.000000e+00,0.000000e+00,0.000000e+00,0.000000e+00,0.000000e+00,0.000000e+00,0.000000e+00,0.000000e+00,3.469255e-19,3.353607e-19,-1.823298e-23,3.149241e-32,2.046769e-27,5.567818e-24,-2.606943e-26,-1.596756e-33
3364.5268,200.00,281.5580,1.227792e+02,1.209656e-01,C,2.980107e-03,1.333333e-01,0.2976%,5.124237e-02,4.774779e-02,4.849716e-05,1.729513e-15,2.272652e-10,2.430553e-05,6.044699e-07,0.000000e+00,0.000000e+00,1.550633e-18,0.000000e+00,0.000000e+00,0.000000e+00,0.000000e+00,0.000000e+00,0.000000e+00,2.778030e-18,5.740065e-33,1.647248e-18,3.330032e-32,3.591494e-23,1.188763e-18,2.705905e-20,0.000000e+00,-2.431833e-18,-1.215969e-18,-1.647266e-18,-1.597986e-33,-3.591915e-23,-1.188758e-18,-2.705908e-20,-1.595067e-33,0.000000e+00,0.000000e+00,0.000000e+00,0.000000e+00,0.000000e+00,0.000000e+00,0.000000e+00,0.000000e+00,3.461967e-19,3.346637e-19,-1.805090e-23,3.170233e-32,-4.210575e-27,5.539273e-24,-3.463876e-26,-1.595067e-33
3384.5268,200.00,281.5924,1.238719e+02,1.206943e-01,C,2.979037e-03,1.333333e-01,0.2975%,5.146095e-02,4.795909e-02,4.849097e-05,1.750031e-15,2.286968e-10,2.431330e-05,6.053416e-07,0.000000e+00,0.000000e+00,1.550633e-18,0.000000e+00,0.000000e+00,0.000000e+00,0.000000e+00,0.000000e+00,0.000000e+00,2.778720e-18,-1.148013e-32,1.648044e-18,3.351043e-32,3.614005e-23,1.189340e-18,2.717315e-20,7.935250e-43,-2.433173e-18,-1.216639e-18,-1.648041e-18,-1.595289e-33,-3.613111e-23,-1.189317e-18,-2.716956e-20,-1.592480e-33,0.000000e+00,0.000000e+00,0.000000e+00,0.000000e+00,0.000000e+00,0.000000e+00,0.000000e+00,0.000000e+00,3.455474e-19,3.339939e-19,3.103428e-24,3.191514e-32,8.934737e-27,2.275879e-23,3.589891e-24,-1.592480e-33
3404.5268,200.00,281.6269,1.249690e+02,1.204262e-01,C,2.978008e-03,1.333333e-01,0.2974%,5.167906e-02,4.816996e-02,4.848473e-05,1.770713e-15,2.300906e-10,2.432099e-05,6.061955e-07,0.000000e+00,0.000000e+00,1.550633e-18,0.000000e+00,0.000000e+00,0.000000e+00,0.000000e+00,0.000000e+00,0.000000e+00,2.779296e-18,2.296026e-32,1.648819e-18,3.371320e-32,3.635881e-23,1.189899e-18,2.728431e-20,4.176447e-44,-2.434505e-18,-1.217301e-18,-1.648816e-18,-1.592075e-33,-3.634803e-23,-1.189876e-18,-2.728070e-20,-1.588311e-33,0.000000e+00,0.000000e+00,0.000000e+00,0.000000e+00,0.000000e+00,0.000000e+00,0.000000e+00,0.000000e+00,3.447901e-19,3.333318e-19,3.184307e-24,3.212113e-32,1.077767e-26,2.286934e-23,3.610249e-24,-1.588311e-33
3424.5268,200.00,281.6616,1.260709e+02,1.201424e-01,C,2.976978e-03,1.333333e-01,0.2973%,5.189671e-02,4.838040e-02,4.847859e-05,1.791081e-15,2.314664e-10,2.432869e-05,6.070539e-07,0.000000e+00,0.000000e+00,1.550633e-18,0.000000e+00,0.000000e+00,0.000000e+00,0.000000e+00,0.000000e+00,0.000000e+00,2.779902e-18,4.018046e-32,1.649592e-18,3.391843e-32,3.657973e-23,1.190458e-18,2.739612e-20,6.682315e-43,-2.435899e-18,-1.218002e-18,-1.649610e-18,-1.589879e-33,-3.658539e-23,-1.190453e-18,-2.739615e-20,-1.587184e-33,0.000000e+00,0.000000e+00,0.000000e+00,0.000000e+00,0.000000e+00,0.000000e+00,0.000000e+00,0.000000e+00,3.440030e-19,3.326304e-19,-1.757799e-23,3.232855e-32,-5.656061e-27,5.610875e-24,-3.075187e-26,-1.587184e-33
3444.5268,200.00,281.6964,1.271768e+02,1.198704e-01,C,2.975949e-03,1.333333e-01,0.2972%,5.211391e-02,4.859042e-02,4.847254e-05,1.811888e-15,2.328820e-10,2.433640e-05,6.079168e-07,0.000000e+00,0.000000e+00,1.550633e-18,0.000000e+00,0.000000e+00,0.000000e+00,0.000000e+00,0.000000e+00,0.000000e+00,2.780540e-18,2.296026e-32,1.650364e-18,3.412613e-32,3.680290e-23,1.191018e-18,2.750859e-20,-4.176447e-44,-2.437244e-18,-1.218675e-18,-1.650381e-18,-1.587428e-33,-3.680676e-23,-1.191012e-18,-2.750862e-20,-1.584553e-33,0.000000e+00,0.000000e+00,0.000000e+00,0.000000e+00,0.000000e+00,0.000000e+00,0.000000e+00,0.000000e+00,3.432961e-19,3.319580e-19,-1.740464e-23,3.253870e-32,-3.855127e-27,5.594016e-24,-3.091263e-26,-1.584553e-33
3464.5268,200.00,281.7313,1.282867e+02,1.196222e-01,C,2.974921e-03,1.333333e-01,0.2970%,5.233065e-02,4.880001e-02,4.846659e-05,1.832932e-15,2.343338e-10,2.434410e-05,6.087838e-07,0.000000e+00,0.000000e+00,1.550633e-18,0.000000e+00,0.000000e+00,0.000000e+00,0.000000e+00,0.000000e+00,0.000000e+00,2.781208e-18,1.722020e-32,1.651134e-18,3.433631e-32,3.702832e-23,1.191578e-18,2.762173e-20,3.341158e-43,-2.438510e-18,-1.219289e-18,-1.651131e-18,-1.582477e-33,-3.702100e-23,-1.191555e-18,-2.761807e-20,-1.575527e-33,0.000000e+00,0.000000e+00,0.000000e+00,0.000000e+00,0.000000e+00,0.000000e+00,0.000000e+00,0.000000e+00,3.426984e-19,3.313442e-19,3.618350e-24,3.275384e-32,7.322098e-27,2.281643e-23,3.657801e-24,-1.575527e-33
3484.5268,200.00,281.7663,1.294003e+02,1.193343e-01,C,2.973932e-03,1.333333e-01,0.2970%,5.254695e-02,4.900919e-02,4.846061e-05,1.854072e-15,2.356883e-10,2.435169e-05,6.096311e-07,0.000000e+00,0.000000e+00,1.550633e-18,0.000000e+00,0.000000e+00,0.000000e+00,0.000000e+00,0.000000e+00,0.000000e+00,2.781760e-18,4.018046e-32,1.651883e-18,3.453895e-32,3.724708e-23,1.192120e-18,2.773183e-20,-1.670579e-43,-2.439896e-18,-1.220001e-18,-1.651900e-18,-1.582296e-33,-3.725255e-23,-1.192115e-18,-2.773186e-20,-1.579365e-33,0.000000e+00,0.000000e+00,0.000000e+00,0.000000e+00,0.000000e+00,0.000000e+00,0.000000e+00,0.000000e+00,3.418637e-19,3.306318e-19,-1.710883e-23,3.295666e-32,-5.470524e-27,5.644087e-24,-2.835261e-26,-1.579365e-33
3504.5268,200.00,281.8015,1.305182e+02,1.190702e-01,C,2.972904e-03,1.333333e-01,0.2968%,5.276282e-02,4.921794e-02,4.845487e-05,1.875199e-15,2.371365e-10,2.435937e-05,6.105054e-07,0.000000e+00,0.000000e+00,1.550633e-18,0.000000e+00,0.000000e+00,0.000000e+00,0.000000e+00,0.000000e+00,0.000000e+00,2.782488e-18,3.444039e-32,1.652651e-18,3.475403e-32,3.747694e-23,1.192680e-18,2.784627e-20,-4.176447e-43,-2.441203e-18,-1.220655e-18,-1.652647e-18,-1.265474e-33,-3.747439e-23,-1.192657e-18,-2.784258e-20,-1.576807e-33,0.000000e+00,0.000000e+00,0.000000e+00,0.000000e+00,0.000000e+00,0.000000e+00,0.000000e+00,0.000000e+00,3.412849e-19,3.299779e-19,3.924730e-24,3.348856e-32,2.550631e-27,2.273114e-23,3.687618e-24,-1.576807e-33
3524.5268,200.00,281.8367,1.316392e+02,1.188105e-01,C,2.971916e-03,1.333333e-01,0.2968%,5.297825e-02,4.942628e-02,4.844909e-05,1.896246e-15,2.385674e-10,2.436692e-05,6.113595e-07,0.000000e+00,0.000000e+00,1.550633e-18,0.000000e+00,0.000000e+00,0.000000e+00,0.000000e+00,0.000000e+00,0.000000e+00,2.783099e-18,4.018046e-32,1.653396e-18,3.496148e-32,3.770008e-23,1.193223e-18,2.795766e-20,1.252934e-43,-2.442501e-18,-1.221298e-18,-1.653392e-18,-1.576559e-33,-3.769282e-23,-1.193200e-18,-2.795396e-20,-1.572369e-33,0.000000e+00,0.000000e+00,0.000000e+00,0.000000e+00,0.000000e+00,0.000000e+00,0.000000e+00,0.000000e+00,3.405978e-19,3.293345e-19,4.048642e-24,3.338492e-32,7.259052e-27,2.273654e-23,3.704130e-24,-1.572369e-33
3544.5268,200.00,281.8721,1.327642e+02,1.185414e-01,C,2.970928e-03,1.333333e-01,0.2967%,5.319325e-02,4.963420e-02,4.844341e-05,1.917493e-15,2.400057e-10,2.437444e-05,6.122167e-07,0.000000e+00,0.000000e+00,1.550633e-18,0.000000e+00,0.000000e+00,0.000000e+00,0.000000e+00,0.000000e+00,0.000000e+00,2.783739e-18,5.740065e-32,1.654141e-18,3.517144e-32,3.792538e-23,1.193766e-18,2.806968e-20,2.923513e-43,-2.443823e-18,-1.221965e-18,-1.654137e-18,-1.574807e-33,-3.791692e-23,-1.193743e-18,-2.806596e-20,-1.571790e-33,0.000000e+00,0.000000e+00,0.000000e+00,0.000000e+00,0.000000e+00,0.000000e+00,0.000000e+00,0.000000e+00,3.399160e-19,3.286678e-19,4.203627e-24,3.359663e-32,8.458149e-27,2.268044e-23,3.718364e-24,-1.571790e-33
3564.5268,200.00,281.9076,1.338927e+02,1.182768e-01,C,2.969980e-03,1.333333e-01,0.2966%,5.340783e-02,4.984171e-02,4.843771e-05,1.938804e-15,2.413856e-10,2.438183e-05,6.130533e-07,0.000000e+00,0.000000e+00,1.550633e-18,0.000000e+00,0.000000e+00,0.000000e+00,0.000000e+00,0.000000e+00,0.000000e+00,2.784260e-18,8.036091e-32,1.654864e-18,3.537337e-32,3.814375e-23,1.194292e-18,2.817859e-20,-1.085876e-42,-2.445136e-18,-1.222621e-18,-1.654880e-18,-1.572375e-33,-3.814381e-23,-1.194286e-18,-2.817861e-20,-1.569329e-33,0.000000e+00,0.000000e+00,0.000000e+00,0.000000e+00,0.000000e+00,0.000000e+00,0.000000e+00,0.000000e+00,3.391247e-19,3.280115e-19,-1.644083e-23,3.380099e-32,-6.418628e-29,5.552473e-24,-2.144672e-26,-1.569329e-33
3584.5268,200.00,281.9432,1.350246e+02,1.180118e-01,C,2.968993e-03,1.333333e-01,0.2965%,5.362198e-02,5.004881e-02,4.843225e-05,1.960237e-15,2.428384e-10,2.438930e-05,6.139161e-07,0.000000e+00,0.000000e+00,1.550633e-18,0.000000e+00,0.000000e+00,0.000000e+00,0.000000e+00,0.000000e+00,0.000000e+00,2.784958e-18,6.888078e-32,1.655606e-18,3.558820e-32,3.837337e-23,1.194835e-18,2.829187e-20,-2.088224e-43,-2.446450e-18,-1.223279e-18,-1.655622e-18,-1.569975e-33,-3.837178e-23,-1.194830e-18,-2.829190e-20,-1.566901e-33,0.000000e+00,0.000000e+00,0.000000e+00,0.000000e+00,0.000000e+00,0.000000e+00,0.000000e+00,0.000000e+00,3.385085e-19,3.273544e-19,-1.621265e-23,3.401822e-32,1.593535e-27,5.376589e-24,-3.577947e-26,-1.566901e-33
3604.5268,200.00,281.9789,1.361597e+02,1.177552e-01,C,2.968046e-03,1.333333e-01,0.2964%,5.383572e-02,5.025550e-02,4.842676e-05,1.981805e-15,2.442084e-10,2.439661e-05,6.147578e-07,0.000000e+00,0.000000e+00,1.550633e-18,0.000000e+00,0.000000e+00,0.000000e+00,0.000000e+00,0.000000e+00,0.000000e+00,2.785536e-18,1.033212e-31,1.656327e-18,3.579493e-32,3.859598e-23,1.195362e-18,2.840201e-20,-3.341158e-43,-2.447723e-18,-1.223915e-18,-1.656343e-18,-1.567510e-33,-3.860400e-23,-1.195356e-18,-2.840204e-20,-1.564486e-33,0.000000e+00,0.000000e+00,0.000000e+00,0.000000e+00,0.000000e+00,0.000000e+00,0.000000e+00,0.000000e+00,3.378131e-19,3.267175e-19,-1.608254e-23,3.422742e-32,-8.013214e-27,5.421267e-24,-2.530060e-26,-1.564486e-33
3624.5268,200.00,282.0148,1.372988e+02,1.174984e-01,C,2.967060e-03,1.333333e-01,0.2963%,5.404905e-02,5.046179e-02,4.842150e-05,2.003509e-15,2.457369e-10,2.440400e-05,6.156262e-07,0.000000e+00,0.000000e+00,1.550633e-18,0.000000e+00,0.000000e+00,0.000000e+00,0.000000e+00,0.000000e+00,0.000000e+00,2.786291e-18,9.184104e-32,1.657067e-18,3.601460e-32,3.883001e-23,1.195905e-18,2.851657e-20,4.176447e-44,-2.448998e-18,-1.224553e-18,-1.657062e-18,-1.565236e-33,-3.882183e-23,-1.195883e-18,-2.851279e-20,-1.562103e-33,0.000000e+00,0.000000e+00,0.000000e+00,0.000000e+00,0.000000e+00,0.000000e+00,0.000000e+00,0.000000e+00,3.372924e-19,3.260799e-19,4.820641e-24,3.444937e-32,8.171968e-27,2.240971e-23,3.774004e-24,-1.562103e-33
3644.5268,200.00,282.0507,1.384405e+02,1.172472e-01,C,2.966152e-03,1.333333e-01,0.2962%,5.426196e-02,5.066767e-02,4.841608e-05,2.025346e-15,2.470840e-10,2.441113e-05,6.164489e-07,0.000000e+00,0.000000e+00,1.550633e-18,0.000000e+00,0.000000e+00,0.000000e+00,0.000000e+00,0.000000e+00,0.000000e+00,2.786776e-18,1.205414e-31,1.657764e-18,3.621568e-32,3.904757e-23,1.196415e-18,2.862414e-20,5.847026e-43,-2.450261e-18,-1.225177e-18,-1.657780e-18,-1.562011e-33,-3.904999e-23,-1.196409e-18,-2.862416e-20,-1.557307e-33,0.000000e+00,0.000000e+00,0.000000e+00,0.000000e+00,0.000000e+00,0.000000e+00,0.000000e+00,0.000000e+00,3.365156e-19,3.254559e-19,-1.575714e-23,3.465366e-32,-2.416929e-27,5.334685e-24,-2.754874e-26,-1.557307e-33
3664.5268,200.00,282.0867,1.395854e+02,1.169841e-01,C,2.965205e-03,1.333333e-01,0.2961%,5.447447e-02,5.087315e-02,4.841091e-05,2.047318e-15,2.485230e-10,2.441834e-05,6.172979e-07,0.000000e+00,0.000000e+00,1.550633e-18,0.000000e+00,0.000000e+00,0.000000e+00,0.000000e+00,0.000000e+00,0.000000e+00,2.787438e-18,1.377616e-31,1.658481e-18,3.642966e-32,3.927655e-23,1.196941e-18,2.873612e-20,-7.517605e-43,-2.451554e-18,-1.225831e-18,-1.658497e-18,-1.560625e-33,-3.928068e-23,-1.196936e-18,-2.873615e-20,-1.557434e-33,0.000000e+00,0.000000e+00,0.000000e+00,0.000000e+00,0.000000e+00,0.000000e+00,0.000000e+00,0.000000e+00,3.358844e-19,3.248022e-19,-1.555327e-23,3.486903e-32,-4.123447e-27,5.203275e-24,-3.177563e-26,-1.557434e-33
3684.5268,200.00,282.1228,1.407335e+02,1.167352e-01,C,2.964260e-03,1.333333e-01,0.2960%,5.468658e-02,5.107823e-02,4.840583e-05,2.069426e-15,2.499907e-10,2.442549e-05,6.181493e-07,0.000000e+00,0.000000e+00,1.550633e-18,0.000000e+00,0.000000e+00,0.000000e+00,0.000000e+00,0.000000e+00,0.000000e+00,2.788127e-18,1.262814e-31,1.659197e-18,3.664605e-32,3.950771e-23,1.197468e-18,2.884873e-20,1.670579e-43,-2.452791e-18,-1.226450e-18,-1.659192e-18,-1.558348e-33,-3.950155e-23,-1.197446e-18,-2.884491e-20,-1.555128e-33,0.000000e+00,0.000000e+00,0.000000e+00,0.000000e+00,0.000000e+00,0.000000e+00,0.000000e+00,0.000000e+00,3.353354e-19,3.241832e-19,5.220644e-24,3.508771e-32,6.165726e-27,2.228867e-23,3.818073e-24,-1.555128e-33
3704.5268,200.00,282.1590,1.418847e+02,1.164775e-01,C,2.963353e-03,1.333333e-01,0.2959%,5.489828e-02,5.128291e-02,4.840072e-05,2.091669e-15,2.514347e-10,2.443249e-05,6.189787e-07,0.000000e+00,0.000000e+00,1.550633e-18,0.000000e+00,0.000000e+00,0.000000e+00,0.000000e+00,0.000000e+00,0.000000e+00,2.788694e-18,1.549818e-31,1.659892e-18,3.685419e-32,3.973148e-23,1.197978e-18,2.895808e-20,0.000000e+00,-2.454073e-18,-1.227091e-18,-1.659907e-18,-1.556124e-33,-3.972720e-23,-1.197973e-18,-2.895813e-20,-1.552873e-33,0.000000e+00,0.000000e+00,0.000000e+00,0.000000e+00,0.000000e+00,0.000000e+00,0.000000e+00,0.000000e+00,3.346210e-19,3.235423e-19,-1.521570e-23,3.529807e-32,4.283421e-27,5.047286e-24,-4.510361e-26,-1.552873e-33
3724.5268,200.00,282.1953,1.430390e+02,1.162331e-01,C,2.962446e-03,1.333333e-01,0.2958%,5.510959e-02,5.148720e-02,4.839571e-05,2.114047e-15,2.528323e-10,2.443945e-05,6.198100e-07,0.000000e+00,0.000000e+00,1.550633e-18,0.000000e+00,0.000000e+00,0.000000e+00,0.000000e+00,0.000000e+00,0.000000e+00,2.789287e-18,1.951622e-31,1.660585e-18,3.706460e-32,3.995732e-23,1.198488e-18,2.906803e-20,8.770539e-43,-2.455302e-18,-1.227699e-18,-1.660600e-18,-1.553145e-33,-3.996303e-23,-1.198483e-18,-2.906807e-20,-1.548555e-33,0.000000e+00,0.000000e+00,0.000000e+00,0.000000e+00,0.000000e+00,0.000000e+00,0.000000e+00,0.000000e+00,3.339859e-19,3.229341e-19,-1.506851e-23,3.551146e-32,-5.711343e-27,5.029157e-24,-3.670504e-26,-1.548555e-33
3744.5268,200.00,282.2317,1.441963e+02,1.159882e-01,C,2.961540e-03,1.333333e-01,0.2957%,5.532050e-02,5.169109e-02,4.839081e-05,2.136561e-15,2.542769e-10,2.444636e-05,6.206433e-07,0.000000e+00,0.000000e+00,1.550633e-18,0.000000e+00,0.000000e+00,0.000000e+00,0.000000e+00,0.000000e+00,0.000000e+00,2.789908e-18,1.894222e-31,1.661277e-18,3.727738e-32,4.018525e-23,1.198999e-18,2.917858e-20,-5.011737e-43,-2.456533e-18,-1.228309e-18,-1.661292e-18,-1.550264e-33,-4.018645e-23,-1.198994e-18,-2.917861e-20,-1.544419e-33,0.000000e+00,0.000000e+00,0.000000e+00,0.000000e+00,0.000000e+00,0.000000e+00,0.000000e+00,0.000000e+00,3.333752e-19,3.223244e-19,-1.490347e-23,3.572711e-32,-1.208540e-27,4.955244e-24,-3.894129e-26,-1.544419e-33
3764.5268,200.00,282.2682,1.453567e+02,1.157288e-01,C,2.960634e-03,1.333333e-01,0.2956%,5.553102e-02,5.189459e-02,4.838600e-05,2.159212e-15,2.557366e-10,2.445322e-05,6.214787e-07,0.000000e+00,0.000000e+00,1.550633e-18,0.000000e+00,0.000000e+00,0.000000e+00,0.000000e+00,0.000000e+00,0.000000e+00,2.790554e-18,2.123824e-31,1.661969e-18,3.749250e-32,4.041525e-23,1.199509e-18,2.928971e-20,-3.341158e-43,-2.457800e-18,-1.228955e-18,-1.661984e-18,-1.549581e-33,-4.041530e-23,-1.199504e-18,-2.928976e-20,-1.546237e-33,0.000000e+00,0.000000e+00,0.000000e+00,0.000000e+00,0.000000e+00,0.000000e+00,0.000000e+00,0.000000e+00,3.327538e-19,3.216783e-19,-1.471796e-23,3.594292e-32,-5.490007e-29,4.822028e-24,-5.191472e-26,-1.546237e-33
3784.5268,200.00,282.3048,1.465201e+02,1.154873e-01,C,2.959729e-03,1.333333e-01,0.2955%,5.574115e-02,5.209770e-02,4.838129e-05,2.181998e-15,2.572031e-10,2.446003e-05,6.223161e-07,0.000000e+00,0.000000e+00,1.550633e-18,0.000000e+00,0.000000e+00,0.000000e+00,0.000000e+00,0.000000e+00,0.000000e+00,2.791227e-18,2.525629e-31,1.662659e-18,3.770998e-32,4.064738e-23,1.200020e-18,2.940145e-20,7.099960e-43,-2.459004e-18,-1.229556e-18,-1.662653e-18,-1.547441e-33,-4.063606e-23,-1.199998e-18,-2.939756e-20,-1.544068e-33,0.000000e+00,0.000000e+00,0.000000e+00,0.000000e+00,0.000000e+00,0.000000e+00,0.000000e+00,0.000000e+00,3.322230e-19,3.210766e-19,5.940097e-24,3.616254e-32,1.132671e-26,2.190628e-23,3.884688e-24,-1.544068e-33
3804.5268,200.00,282.3415,1.476864e+02,1.152373e-01,C,2.958862e-03,1.333333e-01,0.2954%,5.595089e-02,5.230042e-02,4.837656e-05,2.204921e-15,2.586484e-10,2.446668e-05,6.231303e-07,0.000000e+00,0.000000e+00,1.550633e-18,0.000000e+00,0.000000e+00,0.000000e+00,0.000000e+00,0.000000e+00,0.000000e+00,2.791776e-18,2.583029e-31,1.663328e-18,3.791886e-32,4.087175e-23,1.200514e-18,2.950983e-20,-6.264671e-43,-2.460250e-18,-1.230180e-18,-1.663342e-18,-1.545352e-33,-4.087126e-23,-1.200509e-18,-2.950989e-20,-1.541948e-33,0.000000e+00,0.000000e+00,0.000000e+00,0.000000e+00,0.000000e+00,0.000000e+00,0.000000e+00,0.000000e+00,3.315255e-19,3.204533e-19,-1.377267e-23,3.637350e-32,4.852026e-28,5.128337e-24,-5.768462e-26,-1.541948e-33
3824.5268,200.00,282.3783,1.488557e+02,1.149952e-01,C,2.957996e-03,1.333333e-01,0.2954%,5.616025e-02,5.250276e-02,4.837191e-05,2.227979e-15,2.600571e-10,2.447329e-05,6.239466e-07,0.000000e+00,0.000000e+00,1.550633e-18,0.000000e+00,0.000000e+00,0.000000e+00,0.000000e+00,0.000000e+00,0.000000e+00,2.792350e-18,3.329238e-31,1.663996e-18,3.812998e-32,4.109816e-23,1.201008e-18,2.961879e-20,8.770539e-43,-2.461457e-18,-1.230783e-18,-1.664011e-18,-1.543275e-33,-4.109915e-23,-1.201003e-18,-2.961884e-20,-1.539840e-33,0.000000e+00,0.000000e+00,0.000000e+00,0.000000e+00,0.000000e+00,0.000000e+00,0.000000e+00,0.000000e+00,3.308925e-19,3.198496e-19,-1.426731e-23,3.658671e-32,-9.898090e-28,4.666718e-24,-4.755808e-26,-1.539840e-33
3844.5268,200.00,282.4151,1.500273e+02,1.147531e-01,C,2.957092e-03,1.333333e-01,0.2953%,5.636923e-02,5.270471e-02,4.836750e-05,2.251276e-15,2.615575e-10,2.447994e-05,6.247897e-07,0.000000e+00,0.000000e+00,1.550633e-18,0.000000e+00,0.000000e+00,0.000000e+00,0.000000e+00,0.000000e+00,0.000000e+00,2.793099e-18,3.157036e-31,1.664684e-18,3.835447e-32,4.133654e-23,1.201519e-18,2.973229e-20,-1.169405e-42,-2.462665e-18,-1.231387e-18,-1.664678e-18,-1.541227e-33,-4.133182e-23,-1.201497e-18,-2.972837e-20,-1.537761e-33,0.000000e+00,0.000000e+00,0.000000e+00,0.000000e+00,0.000000e+00,0.000000e+00,0.000000e+00,0.000000e+00,3.304335e-19,3.192455e-19,6.390643e-24,3.681324e-32,4.727676e-27,2.159414e-23,3.921409e-24,-1.537761e-33
3864.5268,200.00,282.4521,1.512024e+02,1.145127e-01,C,2.956264e-03,1.333333e-01,0.2952%,5.657783e-02,5.290628e-02,4.836292e-05,2.274608e-15,2.629379e-10,2.448633e-05,6.255842e-07,0.000000e+00,0.000000e+00,1.550633e-18,0.000000e+00,0.000000e+00,0.000000e+00,0.000000e+00,0.000000e+00,0.000000e+00,2.793574e-18,3.673642e-31,1.665330e-18,3.855907e-32,4.155705e-23,1.201996e-18,2.983841e-20,-6.682315e-43,-2.463870e-18,-1.231988e-18,-1.665344e-18,-1.538899e-33,-4.156032e-23,-1.201991e-18,-2.983847e-20,-1.534882e-33,0.000000e+00,0.000000e+00,0.000000e+00,0.000000e+00,0.000000e+00,0.000000e+00,0.000000e+00,0.000000e+00,3.297035e-19,3.186454e-19,-1.394606e-23,3.702017e-32,-3.264865e-27,4.488935e-24,-5.307978e-26,-1.534882e-33
3884.5268,200.00,282.4891,1.523798e+02,1.142682e-01,C,2.955399e-03,1.333333e-01,0.2951%,5.678605e-02,5.310747e-02,4.835856e-05,2.298077e-15,2.644551e-10,2.449278e-05,6.264056e-07,0.000000e+00,0.000000e+00,1.550633e-18,0.000000e+00,0.000000e+00,0.000000e+00,0.000000e+00,0.000000e+00,0.000000e+00,2.794223e-18,3.960645e-31,1.665995e-18,3.877705e-32,4.178957e-23,1.202490e-18,2.994908e-20,-4.594092e-43,-2.465086e-18,-1.232598e-18,-1.666009e-18,-1.537221e-33,-4.178314e-23,-1.202486e-18,-2.994915e-20,-1.533692e-33,0.000000e+00,0.000000e+00,0.000000e+00,0.000000e+00,0.000000e+00,0.000000e+00,0.000000e+00,0.000000e+00,3.291369e-19,3.180349e-19,-1.375811e-23,3.723983e-32,6.427186e-27,4.322133e-24,-6.745802e-26,-1.533692e-33
3904.5268,200.00,282.5263,1.535606e+02,1.140340e-01,C,2.954535e-03,1.333333e-01,0.2950%,5.699390e-02,5.330828e-02,4.835430e-05,2.321683e-15,2.658968e-10,2.449917e-05,6.272285e-07,0.000000e+00,0.000000e+00,1.550633e-18,0.000000e+00,0.000000e+00,0.000000e+00,0.000000e+00,0.000000e+00,0.000000e+00,2.794897e-18,4.477251e-31,1.666660e-18,3.899734e-32,4.202414e-23,1.202985e-18,3.006034e-20,5.429381e-43,-2.466256e-18,-1.233183e-18,-1.666653e-18,-1.535243e-33,-4.201974e-23,-1.202964e-18,-3.005637e-20,-1.531683e-33,0.000000e+00,0.000000e+00,0.000000e+00,0.000000e+00,0.000000e+00,0.000000e+00,0.000000e+00,0.000000e+00,3.286406e-19,3.174497e-19,6.781807e-24,3.746209e-32,4.405659e-27,2.137116e-23,3.960931e-24,-1.531683e-33
3924.5268,200.00,282.5635,1.547436e+02,1.137911e-01,C,2.953707e-03,1.333333e-01,0.2949%,5.720137e-02,5.350872e-02,4.835000e-05,2.345426e-15,2.673511e-10,2.450540e-05,6.280278e-07,0.000000e+00,0.000000e+00,1.550633e-18,0.000000e+00,0.000000e+00,0.000000e+00,0.000000e+00,0.000000e+00,0.000000e+00,2.795445e-18,4.936456e-31,1.667303e-18,3.920862e-32,4.225058e-23,1.203463e-18,3.016812e-20,3.758802e-43,-2.467471e-18,-1.233790e-18,-1.667317e-18,-1.533313e-33,-4.225119e-23,-1.203459e-18,-3.016819e-20,-1.529721e-33,0.000000e+00,0.000000e+00,0.000000e+00,0.000000e+00,0.000000e+00,0.000000e+00,0.000000e+00,0.000000e+00,3.279746e-19,3.168425e-19,-1.343644e-23,3.767531e-32,-6.112760e-28,4.118730e-24,-7.401026e-26,-1.529721e-33
3944.5268,200.00,282.6008,1.559295e+02,1.135564e-01,C,2.952881e-03,1.333333e-01,0.2949%,5.740847e-02,5.370878e-02,4.834579e-05,2.369306e-15,2.687920e-10,2.451158e-05,6.288286e-07,0.000000e+00,0.000000e+00,1.550633e-18,0.000000e+00,0.000000e+00,0.000000e+00,0.000000e+00,0.000000e+00,0.000000e+00,2.796018e-18,5.682665e-31,1.667946e-18,3.942216e-32,4.247899e-23,1.203941e-18,3.027646e-20,6.264671e-43,-2.468644e-18,-1.234377e-18,-1.667959e-18,-1.531393e-33,-4.248372e-23,-1.203937e-18,-3.027653e-20,-1.527768e-33,0.000000e+00,0.000000e+00,0.000000e+00,0.000000e+00,0.000000e+00,0.000000e+00,0.000000e+00,0.000000e+00,3.273736e-19,3.162557e-19,-1.330835e-23,3.789077e-32,-4.730031e-27,4.078444e-24,-7.512011e-26,-1.527768e-33
3964.5268,200.00,282.6382,1.571184e+02,1.133215e-01,C,2.952055e-03,1.333333e-01,0.2948%,5.761521e-02,5.390848e-02,4.834167e-05,2.393325e-15,2.702424e-10,2.451771e-05,6.296312e-07,0.000000e+00,0.000000e+00,1.550633e-18,0.000000e+00,0.000000e+00,0.000000e+00,0.000000e+00,0.000000e+00,0.000000e+00,2.796614e-18,6.256671e-31,1.668587e-18,3.963786e-32,4.270940e-23,1.204419e-18,3.038535e-20,-5.429381e-43,-2.469819e-18,-1.234965e-18,-1.668600e-18,-1.529498e-33,-4.271294e-23,-1.204415e-18,-3.038542e-20,-1.525843e-33,0.000000e+00,0.000000e+00,0.000000e+00,0.000000e+00,0.000000e+00,0.000000e+00,0.000000e+00,0.000000e+00,3.267951e-19,3.156682e-19,-1.315927e-23,3.810836e-32,-3.539751e-27,3.991242e-24,-7.786533e-26,-1.525843e-33
3984.5268,200.00,282.6757,1.583101e+02,1.130865e-01,C,2.951229e-03,1.333333e-01,0.2947%,5.782158e-02,5.410780e-02,4.833763e-05,2.417479e-15,2.717203e-10,2.452379e-05,6.304353e-07,0.000000e+00,0.000000e+00,1.550633e-18,0.000000e+00,0.000000e+00,0.000000e+00,0.000000e+00,0.000000e+00,0.000000e+00,2.797234e-18,6.888078e-31,1.669228e-18,3.985572e-32,4.294181e-23,1.204897e-18,3.049478e-20,-3.341158e-43,-2.470995e-18,-1.235553e-18,-1.669241e-18,-1.527631e-33,-4.293612e-23,-1.204893e-18,-3.049486e-20,-1.523945e-33,0.000000e+00,0.000000e+00,0.000000e+00,0.000000e+00,0.000000e+00,0.000000e+00,0.000000e+00,0.000000e+00,3.262387e-19,3.150799e-19,-1.298989e-23,3.832809e-32,5.682300e-27,3.858179e-24,-8.221456e-26,-1.523945e-33
4004.5268,200.00,282.7132,1.595039e+02,1.128597e-01,C,2.950404e-03,1.333333e-01,0.2946%,5.802758e-02,5.430675e-02,4.833368e-05,2.441772e-15,2.732013e-10,2.452982e-05,6.312412e-07,0.000000e+00,0.000000e+00,1.550633e-18,0.000000e+00,0.000000e+00,0.000000e+00,0.000000e+00,0.000000e+00,0.000000e+00,2.797877e-18,7.347283e-31,1.669868e-18,4.007586e-32,4.317620e-23,1.205376e-18,3.060478e-20,2.923513e-43,-2.472131e-18,-1.236121e-18,-1.669861e-18,-1.525776e-33,-4.316840e-23,-1.205355e-18,-3.060075e-20,-1.522055e-33,0.000000e+00,0.000000e+00,0.000000e+00,0.000000e+00,0.000000e+00,0.000000e+00,0.000000e+00,0.000000e+00,3.257469e-19,3.145122e-19,7.432825e-24,3.855009e-32,7.803248e-27,2.093666e-23,4.023914e-24,-1.522055e-33
4024.5268,200.00,282.7509,1.607012e+02,1.126242e-01,C,2.949616e-03,1.333333e-01,0.2945%,5.823323e-02,5.450534e-02,4.832969e-05,2.466202e-15,2.746121e-10,2.453568e-05,6.320225e-07,0.000000e+00,0.000000e+00,1.550633e-18,0.000000e+00,0.000000e+00,0.000000e+00,0.000000e+00,0.000000e+00,0.000000e+00,2.798394e-18,8.380495e-31,1.670487e-18,4.028667e-32,4.340210e-23,1.205837e-18,3.071120e-20,-4.594092e-43,-2.473310e-18,-1.236711e-18,-1.670500e-18,-1.523964e-33,-4.340275e-23,-1.205834e-18,-3.071129e-20,-1.520211e-33,0.000000e+00,0.000000e+00,0.000000e+00,0.000000e+00,0.000000e+00,0.000000e+00,0.000000e+00,0.000000e+00,3.250836e-19,3.139224e-19,-1.271848e-23,3.876271e-32,-6.458226e-28,3.721949e-24,-8.638401e-26,-1.520211e-33
4044.5268,200.00,282.7886,1.619006e+02,1.123971e-01,C,2.948828e-03,1.333333e-01,0.2944%,5.843851e-02,5.470356e-02,4.832579e-05,2.490770e-15,2.760832e-10,2.454150e-05,6.328052e-07,0.000000e+00,0.000000e+00,1.550633e-18,0.000000e+00,0.000000e+00,0.000000e+00,0.000000e+00,0.000000e+00,0.000000e+00,2.798933e-18,9.413707e-31,1.671106e-18,4.049962e-32,4.362991e-23,1.206299e-18,3.081817e-20,4.176447e-43,-2.474448e-18,-1.237280e-18,-1.671118e-18,-1.522160e-33,-4.363098e-23,-1.206295e-18,-3.081824e-20,-1.518375e-33,0.000000e+00,0.000000e+00,0.000000e+00,0.000000e+00,0.000000e+00,0.000000e+00,0.000000e+00,0.000000e+00,3.244847e-19,3.133532e-19,-1.260956e-23,3.897746e-32,-1.069988e-27,3.718679e-24,-7.699668e-26,-1.518375e-33
4064.5268,200.00,282.8264,1.631027e+02,1.121697e-01,C,2.948041e-03,1.333333e-01,0.2944%,5.864343e-02,5.490141e-02,4.832198e-05,2.515476e-15,2.775037e-10,2.454726e-05,6.335894e-07,0.000000e+00,0.000000e+00,1.550633e-18,0.000000e+00,0.000000e+00,0.000000e+00,0.000000e+00,0.000000e+00,0.000000e+00,2.799495e-18,9.930313e-31,1.671723e-18,4.071470e-32,4.385966e-23,1.206761e-18,3.092565e-20,-1.252934e-43,-2.475588e-18,-1.237850e-18,-1.671736e-18,-1.520384e-33,-4.386046e-23,-1.206758e-18,-3.092573e-20,-1.516565e-33,0.000000e+00,0.000000e+00,0.000000e+00,0.000000e+00,0.000000e+00,0.000000e+00,0.000000e+00,0.000000e+00,3.239068e-19,3.127832e-19,-1.248789e-23,3.919432e-32,-7.914919e-28,3.672311e-24,-7.826658e-26,-1.516565e-33
4084.5268,200.00,282.8644,1.643083e+02,1.119572e-01,C,2.947254e-03,1.333333e-01,0.2943%,5.884801e-02,5.509891e-02,4.831824e-05,2.540320e-15,2.789635e-10,2.455296e-05,6.343749e-07,0.000000e+00,0.000000e+00,1.550633e-18,0.000000e+00,0.000000e+00,0.000000e+00,0.000000e+00,0.000000e+00,0.000000e+00,2.800080e-18,1.130793e-30,1.672340e-18,4.093200e-32,4.409132e-23,1.207223e-18,3.103366e-20,-1.252934e-43,-2.476692e-18,-1.238383e-18,-1.672353e-18,-1.516377e-33,-4.409670e-23,-1.207220e-18,-3.103374e-20,-1.508532e-33,0.000000e+00,0.000000e+00,0.000000e+00,0.000000e+00,0.000000e+00,0.000000e+00,0.000000e+00,0.000000e+00,3.233876e-19,3.122503e-19,-1.234900e-23,3.941562e-32,-5.385801e-27,3.578864e-24,-8.123605e-26,-1.508532e-33
4104.5268,200.00,282.9023,1.655153e+02,1.117143e-01,C,2.946468e-03,1.333333e-01,0.2942%,5.905223e-02,5.529605e-02,4.831459e-05,2.565302e-15,2.804551e-10,2.455861e-05,6.351618e-07,0.000000e+00,0.000000e+00,1.550633e-18,0.000000e+00,0.000000e+00,0.000000e+00,0.000000e+00,0.000000e+00,0.000000e+00,2.800687e-18,1.165233e-30,1.672956e-18,4.115136e-32,4.432493e-23,1.207686e-18,3.114220e-20,-6.682315e-43,-2.477872e-18,-1.238992e-18,-1.672969e-18,-1.516910e-33,-4.432440e-23,-1.207682e-18,-3.114229e-20,-1.513025e-33,0.000000e+00,0.000000e+00,0.000000e+00,0.000000e+00,0.000000e+00,0.000000e+00,0.000000e+00,0.000000e+00,3.228143e-19,3.116409e-19,-1.218593e-23,3.963445e-32,5.282061e-28,3.440759e-24,-8.580020e-26,-1.513025e-33
4124.5268,200.00,282.9404,1.667257e+02,1.114862e-01,C,2.945682e-03,1.333333e-01,0.2941%,5.925609e-02,5.549283e-02,4.831102e-05,2.590423e-15,2.819650e-10,2.456422e-05,6.359502e-07,0.000000e+00,0.000000e+00,1.550633e-18,0.000000e+00,0.000000e+00,0.000000e+00,0.000000e+00,0.000000e+00,0.000000e+00,2.801316e-18,1.337435e-30,1.673572e-18,4.137287e-32,4.456049e-23,1.208149e-18,3.125127e-20,1.670579e-43,-2.479017e-18,-1.239564e-18,-1.673584e-18,-1.515212e-33,-4.455666e-23,-1.208145e-18,-3.125137e-20,-1.511292e-33,0.000000e+00,0.000000e+00,0.000000e+00,0.000000e+00,0.000000e+00,0.000000e+00,0.000000e+00,0.000000e+00,3.222994e-19,3.110686e-19,-1.201316e-23,3.985765e-32,3.833855e-27,3.258637e-24,-1.009940e-25,-1.511292e-33
4144.5268,200.00,282.9785,1.679382e+02,1.112666e-01,C,2.944933e-03,1.333333e-01,0.2941%,5.945961e-02,5.568925e-02,4.830740e-05,2.615682e-15,2.834099e-10,2.456966e-05,6.367136e-07,0.000000e+00,0.000000e+00,1.550633e-18,0.000000e+00,0.000000e+00,0.000000e+00,0.000000e+00,0.000000e+00,0.000000e+00,2.801817e-18,1.406316e-30,1.674167e-18,4.158486e-32,4.478714e-23,1.208594e-18,3.135668e-20,-2.505868e-43,-2.480120e-18,-1.240116e-18,-1.674179e-18,-1.513520e-33,-4.478718e-23,-1.208591e-18,-3.135677e-20,-1.509566e-33,0.000000e+00,0.000000e+00,0.000000e+00,0.000000e+00,0.000000e+00,0.000000e+00,0.000000e+00,0.000000e+00,3.216967e-19,3.105170e-19,-1.193417e-23,4.007134e-32,-3.766726e-29,3.303167e-24,-8.999308e-26,-1.509566e-33
4164.5268,200.00,283.0168,1.691540e+02,1.110467e-01,C,2.944148e-03,1.333333e-01,0.2940%,5.966278e-02,5.588532e-02,4.830399e-05,2.641079e-15,2.849184e-10,2.457515e-05,6.375048e-07,0.000000e+00,0.000000e+00,1.550633e-18,0.000000e+00,0.000000e+00,0.000000e+00,0.000000e+00,0.000000e+00,0.000000e+00,2.802490e-18,1.526857e-30,1.674781e-18,4.181069e-32,4.502661e-23,1.209057e-18,3.146680e-20,-5.429381e-43,-2.481224e-18,-1.240668e-18,-1.674772e-18,-1.511852e-33,-4.501448e-23,-1.209037e-18,-3.146268e-20,-1.507865e-33,0.000000e+00,0.000000e+00,0.000000e+00,0.000000e+00,0.000000e+00,0.000000e+00,0.000000e+00,0.000000e+00,3.212657e-19,3.099647e-19,8.375446e-24,4.029884e-32,1.212418e-26,2.029396e-23,4.124755e-24,-1.507865e-33
4184.5268,200.00,283.0551,1.703718e+02,1.108266e-01,C,2.943400e-03,1.333333e-01,0.2939%,5.986560e-02,5.608104e-02,4.830054e-05,2.666616e-15,2.863451e-10,2.458049e-05,6.382706e-07,0.000000e+00,0.000000e+00,1.550633e-18,0.000000e+00,0.000000e+00,0.000000e+00,0.000000e+00,0.000000e+00,0.000000e+00,2.803034e-18,1.693319e-30,1.675374e-18,4.202655e-32,4.525705e-23,1.209504e-18,3.157323e-20,-3.758802e-43,-2.482330e-18,-1.241221e-18,-1.675366e-18,-1.510209e-33,-4.524994e-23,-1.209483e-18,-3.156909e-20,-1.506189e-33,0.000000e+00,0.000000e+00,0.000000e+00,0.000000e+00,0.000000e+00,0.000000e+00,0.000000e+00,0.000000e+00,3.207036e-19,3.094116e-19,8.469342e-24,4.051634e-32,7.111561e-27,2.025254e-23,4.138659e-24,-1.506189e-33
4204.5268,200.00,283.0935,1.715923e+02,1.105977e-01,C,2.942652e-03,1.333333e-01,0.2938%,6.006809e-02,5.627640e-02,4.829716e-05,2.692291e-15,2.878207e-10,2.458576e-05,6.390377e-07,0.000000e+00,0.000000e+00,1.550633e-18,0.000000e+00,0.000000e+00,0.000000e+00,0.000000e+00,0.000000e+00,0.000000e+00,2.803599e-18,1.842561e-30,1.675967e-18,4.224482e-32,4.548935e-23,1.209950e-18,3.168015e-20,-1.670579e-43,-2.483481e-18,-1.241797e-18,-1.675978e-18,-1.508612e-33,-4.548988e-23,-1.209947e-18,-3.168026e-20,-1.504556e-33,0.000000e+00,0.000000e+00,0.000000e+00,0.000000e+00,0.000000e+00,0.000000e+00,0.000000e+00,0.000000e+00,3.201184e-19,3.088363e-19,-1.148843e-23,4.073621e-32,-5.299305e-28,2.911723e-24,-1.121093e-25,-1.504556e-33
4224.5268,200.00,283.1320,1.728156e+02,1.103857e-01,C,2.941904e-03,1.333333e-01,0.2938%,6.027022e-02,5.647142e-02,4.829386e-05,2.718105e-15,2.893065e-10,2.459099e-05,6.398063e-07,0.000000e+00,0.000000e+00,1.550633e-18,0.000000e+00,0.000000e+00,0.000000e+00,0.000000e+00,0.000000e+00,0.000000e+00,2.804186e-18,2.066423e-30,1.676559e-18,4.246484e-32,4.572358e-23,1.210397e-18,3.178760e-20,-2.923513e-43,-2.484547e-18,-1.242330e-18,-1.676550e-18,-1.507001e-33,-4.571236e-23,-1.210377e-18,-3.178344e-20,-1.502909e-33,0.000000e+00,0.000000e+00,0.000000e+00,0.000000e+00,0.000000e+00,0.000000e+00,0.000000e+00,0.000000e+00,3.196392e-19,3.083032e-19,8.711148e-24,4.095784e-32,1.122659e-26,2.004702e-23,4.162132e-24,-1.502909e-33
4244.5268,200.00,283.1705,1.740407e+02,1.101650e-01,C,2.941192e-03,1.333333e-01,0.2937%,6.047202e-02,5.666609e-02,4.829050e-05,2.744058e-15,2.907238e-10,2.459606e-05,6.405490e-07,0.000000e+00,0.000000e+00,1.550633e-18,0.000000e+00,0.000000e+00,0.000000e+00,0.000000e+00,0.000000e+00,0.000000e+00,2.804642e-18,2.192705e-30,1.677130e-18,4.267499e-32,4.594849e-23,1.210826e-18,3.189127e-20,5.847026e-43,-2.485657e-18,-1.242885e-18,-1.677142e-18,-1.505432e-33,-4.594943e-23,-1.210824e-18,-3.189137e-20,-1.501305e-33,0.000000e+00,0.000000e+00,0.000000e+00,0.000000e+00,0.000000e+00,0.000000e+00,0.000000e+00,0.000000e+00,3.189848e-19,3.077479e-19,-1.129767e-23,4.116956e-32,-9.359133e-28,2.888893e-24,-1.028770e-25,-1.501305e-33
4264.5268,200.00,283.2091,1.752685e+02,1.099440e-01,C,2.940446e-03,1.333333e-01,0.2936%,6.067348e-02,5.686041e-02,4.828735e-05,2.770150e-15,2.922124e-10,2.460119e-05,6.413199e-07,0.000000e+00,0.000000e+00,1.550633e-18,0.000000e+00,0.000000e+00,0.000000e+00,0.000000e+00,0.000000e+00,0.000000e+00,2.805271e-18,2.364907e-30,1.677721e-18,4.289945e-32,4.618644e-23,1.211274e-18,3.199971e-20,7.099960e-43,-2.486769e-18,-1.243441e-18,-1.677732e-18,-1.503883e-33,-4.618996e-23,-1.211271e-18,-3.199983e-20,-1.499724e-33,0.000000e+00,0.000000e+00,0.000000e+00,0.000000e+00,0.000000e+00,0.000000e+00,0.000000e+00,0.000000e+00,3.185017e-19,3.071918e-19,-1.112400e-23,4.139557e-32,-3.514009e-27,2.681048e-24,-1.194313e-25,-1.499724e-33
4284.5268,200.00,283.2478,1.764990e+02,1.097314e-01,C,2.939735e-03,1.333333e-01,0.2935%,6.087461e-02,5.705439e-02,4.828415e-05,2.796381e-15,2.936682e-10,2.460615e-05,6.420651e-07,0.000000e+00,0.000000e+00,1.550633e-18,0.000000e+00,0.000000e+00,0.000000e+00,0.000000e+00,0.000000e+00,0.000000e+00,2.805769e-18,2.634690e-30,1.678291e-18,4.311346e-32,4.641503e-23,1.211704e-18,3.210436e-20,1.670579e-43,-2.487840e-18,-1.243976e-18,-1.678302e-18,-1.502342e-33,-4.641451e-23,-1.211701e-18,-3.210447e-20,-1.498148e-33,0.000000e+00,0.000000e+00,0.000000e+00,0.000000e+00,0.000000e+00,0.000000e+00,0.000000e+00,0.000000e+00,3.179291e-19,3.066565e-19,-1.104349e-23,4.161112e-32,5.235361e-28,2.703248e-24,-1.086193e-25,-1.498148e-33
4304.5268,200.00,283.2866,1.777321e+02,1.095186e-01,C,2.939024e-03,1.333333e-01,0.2935%,6.107540e-02,5.724802e-02,4.828102e-05,2.822752e-15,2.951214e-10,2.461106e-05,6.428114e-07,0.000000e+00,0.000000e+00,1.550633e-18,0.000000e+00,0.000000e+00,0.000000e+00,0.000000e+00,0.000000e+00,0.000000e+00,2.806287e-18,2.841332e-30,1.678861e-18,4.332964e-32,4.664542e-23,1.212134e-18,3.220949e-20,2.923513e-43,-2.488912e-18,-1.244512e-18,-1.678872e-18,-1.500825e-33,-4.664587e-23,-1.212132e-18,-3.220960e-20,-1.496595e-33,0.000000e+00,0.000000e+00,0.000000e+00,0.000000e+00,0.000000e+00,0.000000e+00,0.000000e+00,0.000000e+00,3.173756e-19,3.061205e-19,-1.095161e-23,4.182881e-32,-4.429273e-28,2.681516e-24,-1.091579e-25,-1.496595e-33
4324.5268,200.00,283.3255,1.789679e+02,1.093056e-01,C,2.938280e-03,1.333333e-01,0.2934%,6.127585e-02,5.744132e-02,4.827809e-05,2.849262e-15,2.966828e-10,2.461603e-05,6.435863e-07,0.000000e+00,0.000000e+00,1.550633e-18,0.000000e+00,0.000000e+00,0.000000e+00,0.000000e+00,0.000000e+00,0.000000e+00,2.806978e-18,3.076675e-30,1.679450e-18,4.356017e-32,4.688907e-23,1.212582e-18,3.231944e-20,0.000000e+00,-2.489985e-18,-1.245049e-18,-1.679441e-18,-1.499330e-33,-4.687416e-23,-1.212562e-18,-3.231522e-20,-1.495064e-33,0.000000e+00,0.000000e+00,0.000000e+00,0.000000e+00,0.000000e+00,0.000000e+00,0.000000e+00,0.000000e+00,3.169932e-19,3.055838e-19,9.254627e-24,4.206084e-32,1.491886e-26,1.961957e-23,4.222794e-24,-1.495064e-33
4344.5268,200.00,283.3644,1.802056e+02,1.090924e-01,C,2.937570e-03,1.333333e-01,0.2933%,6.147598e-02,5.763427e-02,4.827510e-05,2.875912e-15,2.981544e-10,2.462084e-05,6.443350e-07,0.000000e+00,0.000000e+00,1.550633e-18,0.000000e+00,0.000000e+00,0.000000e+00,0.000000e+00,0.000000e+00,0.000000e+00,2.807537e-18,3.294797e-30,1.680019e-18,4.378046e-32,4.712318e-23,1.213013e-18,3.242556e-20,9.188184e-43,-2.491060e-18,-1.245587e-18,-1.680009e-18,-1.497858e-33,-4.710840e-23,-1.212993e-18,-3.242132e-20,-1.493555e-33,0.000000e+00,0.000000e+00,0.000000e+00,0.000000e+00,0.000000e+00,0.000000e+00,0.000000e+00,0.000000e+00,3.164777e-19,3.050464e-19,9.365488e-24,4.228260e-32,1.478088e-26,1.952228e-23,4.234509e-24,-1.493555e-33
4364.5268,200.00,283.4034,1.814458e+02,1.088790e-01,C,2.936896e-03,1.333333e-01,0.2933%,6.167577e-02,5.782689e-02,4.827206e-05,2.902701e-15,2.995620e-10,2.462548e-05,6.450573e-07,0.000000e+00,0.000000e+00,1.550633e-18,0.000000e+00,0.000000e+00,0.000000e+00,0.000000e+00,0.000000e+00,0.000000e+00,2.807964e-18,3.604761e-30,1.680567e-18,4.399026e-32,4.734755e-23,1.213427e-18,3.252779e-20,-8.770539e-43,-2.492136e-18,-1.246125e-18,-1.680577e-18,-1.496406e-33,-4.734982e-23,-1.213424e-18,-3.252791e-20,-1.492069e-33,0.000000e+00,0.000000e+00,0.000000e+00,0.000000e+00,0.000000e+00,0.000000e+00,0.000000e+00,0.000000e+00,3.158283e-19,3.045082e-19,-1.057711e-23,4.249386e-32,-2.272318e-27,2.386737e-24,-1.185786e-25,-1.492069e-33
4384.5268,200.00,283.4425,1.826887e+02,1.086654e-01,C,2.936187e-03,1.333333e-01,0.2932%,6.187524e-02,5.801917e-02,4.826922e-05,2.929630e-15,3.011005e-10,2.463019e-05,6.458083e-07,0.000000e+00,0.000000e+00,1.550633e-18,0.000000e+00,0.000000e+00,0.000000e+00,0.000000e+00,0.000000e+00,0.000000e+00,2.808563e-18,3.914724e-30,1.681134e-18,4.421452e-32,4.758526e-23,1.213858e-18,3.263486e-20,-5.011737e-43,-2.493213e-18,-1.246664e-18,-1.681144e-18,-1.494978e-33,-4.758741e-23,-1.213856e-18,-3.263499e-20,-1.490605e-33,0.000000e+00,0.000000e+00,0.000000e+00,0.000000e+00,0.000000e+00,0.000000e+00,0.000000e+00,0.000000e+00,3.153498e-19,3.039692e-19,-1.042609e-23,4.271954e-32,-2.155657e-27,2.209969e-24,-1.340917e-25,-1.490605e-33
4404.5268,200.00,283.4817,1.839342e+02,1.084601e-01,C,2.935514e-03,1.333333e-01,0.2931%,6.207438e-02,5.821111e-02,4.826632e-05,2.956700e-15,3.025075e-10,2.463473e-05,6.465327e-07,0.000000e+00,0.000000e+00,1.550633e-18,0.000000e+00,0.000000e+00,0.000000e+00,0.000000e+00,0.000000e+00,0.000000e+00,2.809030e-18,4.247648e-30,1.681681e-18,4.442831e-32,4.781321e-23,1.214272e-18,3.273803e-20,-2.088224e-43,-2.494249e-18,-1.247182e-18,-1.681691e-18,-1.493553e-33,-4.781296e-23,-1.214270e-18,-3.273816e-20,-1.489144e-33,0.000000e+00,0.000000e+00,0.000000e+00,0.000000e+00,0.000000e+00,0.000000e+00,0.000000e+00,0.000000e+00,3.147805e-19,3.034513e-19,-1.036670e-23,4.293476e-32,2.515996e-28,2.261996e-24,-1.223385e-25,-1.489144e-33
4424.5268,200.00,283.5209,1.851815e+02,1.082460e-01,C,2.934806e-03,1.333333e-01,0.2931%,6.227320e-02,5.840272e-02,4.826362e-05,2.983909e-15,3.040601e-10,2.463933e-05,6.472860e-07,0.000000e+00,0.000000e+00,1.550633e-18,0.000000e+00,0.000000e+00,0.000000e+00,0.000000e+00,0.000000e+00,0.000000e+00,2.809668e-18,4.637973e-30,1.682247e-18,4.465642e-32,4.805461e-23,1.214704e-18,3.284606e-20,-2.088224e-43,-2.495330e-18,-1.247722e-18,-1.682258e-18,-1.492167e-33,-4.804963e-23,-1.214702e-18,-3.284620e-20,-1.487722e-33,0.000000e+00,0.000000e+00,0.000000e+00,0.000000e+00,0.000000e+00,0.000000e+00,0.000000e+00,0.000000e+00,3.143385e-19,3.029109e-19,-1.018463e-23,4.316426e-32,4.977451e-27,2.011555e-24,-1.405747e-25,-1.487722e-33
4444.5268,200.00,283.5603,1.864322e+02,1.080404e-01,C,2.934134e-03,1.333333e-01,0.2930%,6.247170e-02,5.859400e-02,4.826085e-05,3.011258e-15,3.055002e-10,2.464378e-05,6.480127e-07,0.000000e+00,0.000000e+00,1.550633e-18,0.000000e+00,0.000000e+00,0.000000e+00,0.000000e+00,0.000000e+00,0.000000e+00,2.810174e-18,5.016817e-30,1.682793e-18,4.487404e-32,4.828608e-23,1.215119e-18,3.295017e-20,-4.176447e-44,-2.496369e-18,-1.248241e-18,-1.682803e-18,-1.490786e-33,-4.829103e-23,-1.215117e-18,-3.295031e-20,-1.486303e-33,0.000000e+00,0.000000e+00,0.000000e+00,0.000000e+00,0.000000e+00,0.000000e+00,0.000000e+00,0.000000e+00,3.138053e-19,3.023914e-19,-1.009981e-23,4.338325e-32,-4.942252e-27,1.987428e-24,-1.410570e-25,-1.486303e-33
4464.5268,200.00,283.5997,1.876846e+02,1.078345e-01,C,2.933461e-03,1.333333e-01,0.2929%,6.266987e-02,5.878495e-02,4.825815e-05,3.038747e-15,3.069895e-10,2.464817e-05,6.487404e-07,0.000000e+00,0.000000e+00,1.550633e-18,0.000000e+00,0.000000e+00,0.000000e+00,0.000000e+00,0.000000e+00,0.000000e+00,2.810699e-18,5.430102e-30,1.683339e-18,4.509360e-32,4.851936e-23,1.215534e-18,3.305474e-20,5.011737e-43,-2.497409e-18,-1.248762e-18,-1.683349e-18,-1.489425e-33,-4.851750e-23,-1.215532e-18,-3.305487e-20,-1.484906e-33,0.000000e+00,0.000000e+00,0.000000e+00,0.000000e+00,0.000000e+00,0.000000e+00,0.000000e+00,0.000000e+00,3.132899e-19,3.018713e-19,-9.994091e-24,4.360418e-32,1.855565e-27,1.930704e-24,-1.329920e-25,-1.484906e-33
4484.5268,200.00,283.6391,1.889389e+02,1.076284e-01,C,2.932790e-03,1.333333e-01,0.2928%,6.286773e-02,5.897557e-02,4.825553e-05,3.066576e-15,3.084580e-10,2.465251e-05,6.494692e-07,0.000000e+00,0.000000e+00,1.550633e-18,0.000000e+00,0.000000e+00,0.000000e+00,0.000000e+00,0.000000e+00,0.000000e+00,2.811243e-18,5.860607e-30,1.683884e-18,4.531512e-32,4.875440e-23,1.215949e-18,3.315977e-20,2.923513e-43,-2.498450e-18,-1.249282e-18,-1.683894e-18,-1.488083e-33,-4.875551e-23,-1.215948e-18,-3.315992e-20,-1.483528e-33,0.000000e+00,0.000000e+00,0.000000e+00,0.000000e+00,0.000000e+00,0.000000e+00,0.000000e+00,0.000000e+00,3.127923e-19,3.013504e-19,-9.884341e-24,4.382703e-32,-1.118391e-27,1.831051e-24,-1.459503e-25,-1.483528e-33
4504.5268,200.00,283.6787,1.901965e+02,1.074221e-01,C,2.932118e-03,1.333333e-01,0.2928%,6.306526e-02,5.916587e-02,4.825296e-05,3.094346e-15,3.099548e-10,2.465680e-05,6.501990e-07,0.000000e+00,0.000000e+00,1.550633e-18,0.000000e+00,0.000000e+00,0.000000e+00,0.000000e+00,0.000000e+00,0.000000e+00,2.811806e-18,6.325552e-30,1.684428e-18,4.553861e-32,4.899124e-23,1.216365e-18,3.326526e-20,1.127641e-42,-2.499493e-18,-1.249804e-18,-1.684438e-18,-1.486764e-33,-4.898677e-23,-1.216363e-18,-3.326541e-20,-1.482171e-33,0.000000e+00,0.000000e+00,0.000000e+00,0.000000e+00,0.000000e+00,0.000000e+00,0.000000e+00,0.000000e+00,3.123123e-19,3.008289e-19,-9.754326e-24,4.405184e-32,4.462043e-27,1.699635e-24,-1.504485e-25,-1.482171e-33
4524.5268,200.00,283.7183,1.914559e+02,1.072266e-01,C,2.931448e-03,1.333333e-01,0.2927%,6.326248e-02,5.935583e-02,4.825046e-05,3.122256e-15,3.114298e-10,2.466104e-05,6.509301e-07,0.000000e+00,0.000000e+00,1.550633e-18,0.000000e+00,0.000000e+00,0.000000e+00,0.000000e+00,0.000000e+00,0.000000e+00,2.812387e-18,6.807717e-30,1.684972e-18,4.576412e-32,4.922988e-23,1.216781e-18,3.337123e-20,5.429381e-43,-2.500488e-18,-1.250299e-18,-1.684962e-18,-1.485064e-33,-4.922085e-23,-1.216762e-18,-3.336689e-20,-1.479776e-33,0.000000e+00,0.000000e+00,0.000000e+00,0.000000e+00,0.000000e+00,0.000000e+00,0.000000e+00,0.000000e+00,3.118992e-19,3.003344e-19,1.024608e-23,4.427906e-32,9.031683e-27,1.880631e-23,4.343437e-24,-1.479776e-33
4544.5268,200.00,283.7580,1.927177e+02,1.070283e-01,C,2.930811e-03,1.333333e-01,0.2927%,6.345939e-02,5.954548e-02,4.824791e-05,3.150308e-15,3.128785e-10,2.466512e-05,6.516335e-07,0.000000e+00,0.000000e+00,1.550633e-18,0.000000e+00,0.000000e+00,0.000000e+00,0.000000e+00,0.000000e+00,0.000000e+00,2.812835e-18,7.387464e-30,1.685496e-18,4.597856e-32,4.945818e-23,1.217180e-18,3.347316e-20,-1.670579e-43,-2.501513e-18,-1.250800e-18,-1.685505e-18,-1.482541e-33,-4.946384e-23,-1.217178e-18,-3.347331e-20,-1.474963e-33,0.000000e+00,0.000000e+00,0.000000e+00,0.000000e+00,0.000000e+00,0.000000e+00,0.000000e+00,0.000000e+00,3.113219e-19,2.998328e-19,-9.568647e-24,4.449602e-32,-5.657494e-27,1.591503e-24,-1.537351e-25,-1.474963e-33
4564.5268,200.00,283.7977,1.939814e+02,1.068192e-01,C,2.930175e-03,1.333333e-01,0.2926%,6.365598e-02,5.973479e-02,4.824541e-05,3.178500e-15,3.143679e-10,2.466915e-05,6.523382e-07,0.000000e+00,0.000000e+00,1.550633e-18,0.000000e+00,0.000000e+00,0.000000e+00,0.000000e+00,0.000000e+00,0.000000e+00,2.813300e-18,7.921290e-30,1.686019e-18,4.619486e-32,4.968820e-23,1.217579e-18,3.357554e-20,3.758802e-43,-2.502544e-18,-1.251329e-18,-1.686028e-18,-1.482889e-33,-4.969035e-23,-1.217577e-18,-3.357568e-20,-1.478184e-33,0.000000e+00,0.000000e+00,0.000000e+00,0.000000e+00,0.000000e+00,0.000000e+00,0.000000e+00,0.000000e+00,3.107568e-19,2.993034e-19,-9.503726e-24,4.471197e-32,-2.149846e-27,1.616155e-24,-1.426077e-25,-1.478184e-33
4584.5268,200.00,283.8376,1.952484e+02,1.066207e-01,C,2.929506e-03,1.333333e-01,0.2925%,6.385227e-02,5.992379e-02,4.824310e-05,3.206833e-15,3.158699e-10,2.467324e-05,6.530724e-07,0.000000e+00,0.000000e+00,1.550633e-18,0.000000e+00,0.000000e+00,0.000000e+00,0.000000e+00,0.000000e+00,0.000000e+00,2.813938e-18,8.506777e-30,1.686562e-18,4.642607e-32,4.993219e-23,1.217995e-18,3.368287e-20,0.000000e+00,-2.503549e-18,-1.251832e-18,-1.686551e-18,-1.481631e-33,-4.992325e-23,-1.217977e-18,-3.367849e-20,-1.476888e-33,0.000000e+00,0.000000e+00,0.000000e+00,0.000000e+00,0.000000e+00,0.000000e+00,0.000000e+00,0.000000e+00,3.103894e-19,2.988008e-19,1.049994e-23,4.494443e-32,8.937976e-27,1.862108e-23,4.381104e-24,-1.476888e-33
4604.5268,200.00,283.8775,1.965171e+02,1.064134e-01,C,2.928871e-03,1.333333e-01,0.2925%,6.404824e-02,6.011247e-02,4.824073e-05,3.235306e-15,3.173936e-10,2.467717e-05,6.537789e-07,0.000000e+00,0.000000e+00,1.550633e-18,0.000000e+00,0.000000e+00,0.000000e+00,0.000000e+00,0.000000e+00,0.000000e+00,2.814441e-18,9.212805e-30,1.687084e-18,4.664616e-32,5.016566e-23,1.218395e-18,3.378613e-20,4.176447e-43,-2.504599e-18,-1.252357e-18,-1.687093e-18,-1.480411e-33,-5.016210e-23,-1.218394e-18,-3.378630e-20,-1.475630e-33,0.000000e+00,0.000000e+00,0.000000e+00,0.000000e+00,0.000000e+00,0.000000e+00,0.000000e+00,0.000000e+00,3.098418e-19,2.982757e-19,-9.235983e-24,4.516575e-32,3.560485e-27,1.298835e-24,-1.632474e-25,-1.475630e-33
4624.5268,200.00,283.9175,1.977883e+02,1.062281e-01,C,2.928236e-03,1.333333e-01,0.2924%,6.424390e-02,6.030082e-02,4.823842e-05,3.263921e-15,3.188373e-10,2.468105e-05,6.544866e-07,0.000000e+00,0.000000e+00,1.550633e-18,0.000000e+00,0.000000e+00,0.000000e+00,0.000000e+00,0.000000e+00,0.000000e+00,2.814961e-18,9.918833e-30,1.687606e-18,4.686802e-32,5.040088e-23,1.218795e-18,3.388984e-20,-1.670579e-43,-2.505573e-18,-1.252827e-18,-1.687615e-18,-1.477171e-33,-5.040434e-23,-1.218793e-18,-3.389001e-20,-1.468706e-33,0.000000e+00,0.000000e+00,0.000000e+00,0.000000e+00,0.000000e+00,0.000000e+00,0.000000e+00,0.000000e+00,3.093886e-19,2.978061e-19,-9.138422e-24,4.539085e-32,-3.460440e-27,1.222758e-24,-1.654933e-25,-1.468706e-33
4644.5268,200.00,283.9575,1.990613e+02,1.060240e-01,C,2.927602e-03,1.333333e-01,0.2923%,6.443925e-02,6.048886e-02,4.823617e-05,3.292677e-15,3.203529e-10,2.468489e-05,6.551953e-07,0.000000e+00,0.000000e+00,1.550633e-18,0.000000e+00,0.000000e+00,0.000000e+00,0.000000e+00,0.000000e+00,0.000000e+00,2.815500e-18,1.069948e-29,1.688127e-18,4.709196e-32,5.063787e-23,1.219195e-18,3.399400e-20,3.341158e-43,-2.506572e-18,-1.253344e-18,-1.688117e-18,-1.477971e-33,-5.062528e-23,-1.219176e-18,-3.398959e-20,-1.473114e-33,0.000000e+00,0.000000e+00,0.000000e+00,0.000000e+00,0.000000e+00,0.000000e+00,0.000000e+00,0.000000e+00,3.089275e-19,2.972888e-19,1.076672e-23,4.561399e-32,1.258650e-26,1.839048e-23,4.416911e-24,-1.473114e-33
4664.5268,200.00,283.9977,2.003375e+02,1.058247e-01,C,2.927001e-03,1.333333e-01,0.2923%,6.463430e-02,6.067658e-02,4.823385e-05,3.321573e-15,3.218114e-10,2.468856e-05,6.558760e-07,0.000000e+00,0.000000e+00,1.550633e-18,0.000000e+00,0.000000e+00,0.000000e+00,0.000000e+00,0.000000e+00,0.000000e+00,2.815902e-18,1.149735e-29,1.688629e-18,4.730444e-32,5.086404e-23,1.219578e-18,3.409402e-20,8.352894e-44,-2.507583e-18,-1.253849e-18,-1.688638e-18,-1.476792e-33,-5.086512e-23,-1.219577e-18,-3.409417e-20,-1.471894e-33,0.000000e+00,0.000000e+00,0.000000e+00,0.000000e+00,0.000000e+00,0.000000e+00,0.000000e+00,0.000000e+00,3.083194e-19,2.967835e-19,-9.003878e-24,4.582765e-32,-1.082565e-27,1.224087e-24,-1.550017e-25,-1.471894e-33
4684.5268,200.00,284.0379,2.016154e+02,1.056252e-01,C,2.926368e-03,1.333333e-01,0.2922%,6.482905e-02,6.086399e-02,4.823173e-05,3.350612e-15,3.232976e-10,2.469230e-05,6.565865e-07,0.000000e+00,0.000000e+00,1.550633e-18,0.000000e+00,0.000000e+00,0.000000e+00,0.000000e+00,0.000000e+00,0.000000e+00,2.816476e-18,1.231244e-29,1.689149e-18,4.753189e-32,5.110443e-23,1.219978e-18,3.419904e-20,8.352894e-43,-2.508595e-18,-1.254356e-18,-1.689158e-18,-1.475628e-33,-5.110626e-23,-1.219977e-18,-3.419920e-20,-1.470692e-33,0.000000e+00,0.000000e+00,0.000000e+00,0.000000e+00,0.000000e+00,0.000000e+00,0.000000e+00,0.000000e+00,3.078816e-19,2.962774e-19,-8.863290e-24,4.605627e-32,-1.824879e-27,1.048074e-24,-1.608468e-25,-1.470692e-33
4704.5268,200.00,284.0781,2.028950e+02,1.054341e-01,C,2.925735e-03,1.333333e-01,0.2921%,6.502349e-02,6.105108e-02,4.822966e-05,3.379791e-15,3.248312e-10,2.469598e-05,6.572981e-07,0.000000e+00,0.000000e+00,1.550633e-18,0.000000e+00,0.000000e+00,0.000000e+00,0.000000e+00,0.000000e+00,0.000000e+00,2.817068e-18,1.328251e-29,1.689670e-18,4.776148e-32,5.134659e-23,1.220379e-18,3.430452e-20,-4.176447e-43,-2.509564e-18,-1.254840e-18,-1.689659e-18,-1.474464e-33,-5.133640e-23,-1.220361e-18,-3.430007e-20,-1.469490e-33,0.000000e+00,0.000000e+00,0.000000e+00,0.000000e+00,0.000000e+00,0.000000e+00,0.000000e+00,0.000000e+00,3.075038e-19,2.957925e-19,1.104319e-23,4.628702e-32,1.019013e-26,1.812293e-23,4.451294e-24,-1.469490e-33
4724.5268,200.00,284.1184,2.041770e+02,1.052341e-01,C,2.925136e-03,1.333333e-01,0.2921%,6.521763e-02,6.123786e-02,4.822752e-05,3.409112e-15,3.262813e-10,2.469951e-05,6.579815e-07,0.000000e+00,0.000000e+00,1.550633e-18,0.000000e+00,0.000000e+00,0.000000e+00,0.000000e+00,0.000000e+00,0.000000e+00,2.817523e-18,1.427554e-29,1.690170e-18,4.797933e-32,5.157781e-23,1.220763e-18,3.440581e-20,1.002347e-42,-2.510579e-18,-1.255348e-18,-1.690179e-18,-1.473340e-33,-5.157995e-23,-1.220762e-18,-3.440599e-20,-1.468324e-33,0.000000e+00,0.000000e+00,0.000000e+00,0.000000e+00,0.000000e+00,0.000000e+00,0.000000e+00,0.000000e+00,3.069441e-19,2.952850e-19,-8.661499e-24,4.650599e-32,-2.134140e-27,8.520885e-25,-1.772849e-25,-1.468324e-33
4744.5268,200.00,284.1589,2.054623e+02,1.050427e-01,C,2.924537e-03,1.333333e-01,0.2920%,6.541147e-02,6.142433e-02,4.822544e-05,3.438575e-15,3.277738e-10,2.470299e-05,6.586657e-07,0.000000e+00,0.000000e+00,1.550633e-18,0.000000e+00,0.000000e+00,0.000000e+00,0.000000e+00,0.000000e+00,0.000000e+00,2.817996e-18,1.533171e-29,1.690670e-18,4.819907e-32,5.181070e-23,1.221147e-18,3.450753e-20,8.352894e-44,-2.511552e-18,-1.255834e-18,-1.690678e-18,-1.472211e-33,-5.181250e-23,-1.221146e-18,-3.450769e-20,-1.467158e-33,0.000000e+00,0.000000e+00,0.000000e+00,0.000000e+00,0.000000e+00,0.000000e+00,0.000000e+00,0.000000e+00,3.064443e-19,2.947988e-19,-8.589309e-24,4.672686e-32,-1.797864e-27,8.391441e-25,-1.672885e-25,-1.467158e-33
4764.5268,200.00,284.1994,2.067494e+02,1.048510e-01,C,2.923938e-03,1.333333e-01,0.2920%,6.560501e-02,6.161049e-02,4.822342e-05,3.468179e-15,3.292886e-10,2.470642e-05,6.593510e-07,0.000000e+00,0.000000e+00,1.550633e-18,0.000000e+00,0.000000e+00,0.000000e+00,0.000000e+00,0.000000e+00,0.000000e+00,2.818485e-18,1.645103e-29,1.691169e-18,4.842075e-32,5.204526e-23,1.221531e-18,3.460966e-20,1.336463e-42,-2.512525e-18,-1.256321e-18,-1.691178e-18,-1.471101e-33,-5.204102e-23,-1.221531e-18,-3.460983e-20,-1.466009e-33,0.000000e+00,0.000000e+00,0.000000e+00,0.000000e+00,0.000000e+00,0.000000e+00,0.000000e+00,0.000000e+00,3.059602e-19,2.943118e-19,-8.509495e-24,4.694964e-32,4.235638e-27,7.913752e-25,-1.687479e-25,-1.466009e-33
4784.5268,200.00,284.2399,2.080380e+02,1.046591e-01,C,2.923340e-03,1.333333e-01,0.2919%,6.579825e-02,6.179634e-02,4.822145e-05,3.497925e-15,3.307628e-10,2.470981e-05,6.600370e-07,0.000000e+00,0.000000e+00,1.550633e-18,0.000000e+00,0.000000e+00,0.000000e+00,0.000000e+00,0.000000e+00,0.000000e+00,2.818992e-18,1.760478e-29,1.691668e-18,4.864400e-32,5.228147e-23,1.221916e-18,3.471222e-20,3.341158e-43,-2.513500e-18,-1.256809e-18,-1.691677e-18,-1.470011e-33,-5.228244e-23,-1.221915e-18,-3.471239e-20,-1.464878e-33,0.000000e+00,0.000000e+00,0.000000e+00,0.000000e+00,0.000000e+00,0.000000e+00,0.000000e+00,0.000000e+00,3.054917e-19,2.938243e-19,-8.417023e-24,4.717399e-32,-9.704770e-28,7.134487e-25,-1.711454e-25,-1.464878e-33
4804.5268,200.00,284.2805,2.093289e+02,1.044670e-01,C,2.922742e-03,1.333333e-01,0.2918%,6.599120e-02,6.198188e-02,4.821955e-05,3.527813e-15,3.322891e-10,2.471314e-05,6.607239e-07,0.000000e+00,0.000000e+00,1.550633e-18,0.000000e+00,0.000000e+00,0.000000e+00,0.000000e+00,0.000000e+00,0.000000e+00,2.819516e-18,1.889055e-29,1.692167e-18,4.886930e-32,5.251938e-23,1.222301e-18,3.481520e-20,1.294699e-42,-2.514477e-18,-1.257297e-18,-1.692175e-18,-1.468939e-33,-5.251233e-23,-1.222300e-18,-3.481537e-20,-1.463765e-33,0.000000e+00,0.000000e+00,0.000000e+00,0.000000e+00,0.000000e+00,0.000000e+00,0.000000e+00,0.000000e+00,3.050389e-19,2.933360e-19,-8.311892e-24,4.740037e-32,7.054645e-27,6.043722e-25,-1.747890e-25,-1.463765e-33
4824.5268,200.00,284.3212,2.106225e+02,1.042747e-01,C,2.922145e-03,1.333333e-01,0.2918%,6.618385e-02,6.216712e-02,4.821769e-05,3.557843e-15,3.337653e-10,2.471643e-05,6.614119e-07,0.000000e+00,0.000000e+00,1.550633e-18,0.000000e+00,0.000000e+00,0.000000e+00,0.000000e+00,0.000000e+00,0.000000e+00,2.820056e-18,2.026243e-29,1.692665e-18,4.909619e-32,5.275896e-23,1.222686e-18,3.491860e-20,-3.341158e-43,-2.515454e-18,-1.257786e-18,-1.692673e-18,-1.467880e-33,-5.275953e-23,-1.222685e-18,-3.491879e-20,-1.462668e-33,0.000000e+00,0.000000e+00,0.000000e+00,0.000000e+00,0.000000e+00,0.000000e+00,0.000000e+00,0.000000e+00,3.046015e-19,2.928470e-19,-8.199796e-24,4.762831e-32,-5.653054e-28,4.627397e-25,-1.896466e-25,-1.462668e-33
4844.5268,200.00,284.3619,2.119176e+02,1.040909e-01,C,2.921549e-03,1.333333e-01,0.2917%,6.637621e-02,6.235205e-02,4.821589e-05,3.588015e-15,3.353087e-10,2.471967e-05,6.621008e-07,0.000000e+00,0.000000e+00,1.550633e-18,0.000000e+00,0.000000e+00,0.000000e+00,0.000000e+00,0.000000e+00,0.000000e+00,2.820613e-18,2.169171e-29,1.693163e-18,4.932504e-32,5.300027e-23,1.223071e-18,3.502243e-20,1.169405e-42,-2.516389e-18,-1.258253e-18,-1.693152e-18,-1.466824e-33,-5.298729e-23,-1.223053e-18,-3.501789e-20,-1.461569e-33,0.000000e+00,0.000000e+00,0.000000e+00,0.000000e+00,0.000000e+00,0.000000e+00,0.000000e+00,0.000000e+00,3.042235e-19,2.923794e-19,1.162135e-23,4.785822e-32,1.297595e-26,1.759360e-23,4.533762e-24,-1.461569e-33
4864.5268,200.00,284.4028,2.132159e+02,1.038982e-01,C,2.920985e-03,1.333333e-01,0.2917%,6.656828e-02,6.253668e-02,4.821402e-05,3.618329e-15,3.367430e-10,2.472276e-05,6.627608e-07,0.000000e+00,0.000000e+00,1.550633e-18,0.000000e+00,0.000000e+00,0.000000e+00,0.000000e+00,0.000000e+00,0.000000e+00,2.821032e-18,2.328170e-29,1.693641e-18,4.954189e-32,5.323011e-23,1.223439e-18,3.512195e-20,1.002347e-42,-2.517370e-18,-1.258744e-18,-1.693649e-18,-1.465801e-33,-5.323623e-23,-1.223439e-18,-3.512214e-20,-1.460506e-33,0.000000e+00,0.000000e+00,0.000000e+00,0.000000e+00,0.000000e+00,0.000000e+00,0.000000e+00,0.000000e+00,3.036619e-19,2.918892e-19,-8.039290e-24,4.807608e-32,-6.119733e-27,3.488814e-25,-1.931444e-25,-1.460506e-33
4884.5268,200.00,284.4436,2.145150e+02,1.037140e-01,C,2.920421e-03,1.333333e-01,0.2916%,6.676005e-02,6.272100e-02,4.821221e-05,3.648785e-15,3.382172e-10,2.472580e-05,6.634215e-07,0.000000e+00,0.000000e+00,1.550633e-18,0.000000e+00,0.000000e+00,0.000000e+00,0.000000e+00,0.000000e+00,0.000000e+00,2.821467e-18,2.491762e-29,1.694119e-18,4.976059e-32,5.346158e-23,1.223808e-18,3.522188e-20,1.044112e-42,-2.518307e-18,-1.259213e-18,-1.694127e-18,-1.464775e-33,-5.346421e-23,-1.223808e-18,-3.522206e-20,-1.459441e-33,0.000000e+00,0.000000e+00,0.000000e+00,0.000000e+00,0.000000e+00,0.000000e+00,0.000000e+00,0.000000e+00,3.031595e-19,2.914203e-19,-7.990636e-24,4.829582e-32,-2.620844e-27,3.766464e-25,-1.816554e-25,-1.459441e-33
4904.5268,200.00,284.4846,2.158173e+02,1.035296e-01,C,2.919826e-03,1.333333e-01,0.2916%,6.695154e-02,6.290503e-02,4.821057e-05,3.679383e-15,3.397473e-10,2.472890e-05,6.641131e-07,0.000000e+00,0.000000e+00,1.550633e-18,0.000000e+00,0.000000e+00,0.000000e+00,0.000000e+00,0.000000e+00,0.000000e+00,2.822073e-18,2.662242e-29,1.694616e-18,4.999481e-32,5.370791e-23,1.224194e-18,3.532695e-20,5.011737e-43,-2.519246e-18,-1.259682e-18,-1.694604e-18,-1.463766e-33,-5.369935e-23,-1.224176e-18,-3.532238e-20,-1.458392e-33,0.000000e+00,0.000000e+00,0.000000e+00,0.000000e+00,0.000000e+00,0.000000e+00,0.000000e+00,0.000000e+00,3.028269e-19,2.909507e-19,1.183476e-23,4.853104e-32,8.555675e-27,1.742283e-23,4.570461e-24,-1.458392e-33
4924.5268,200.00,284.5256,2.171211e+02,1.033363e-01,C,2.919263e-03,1.333333e-01,0.2915%,6.714274e-02,6.308875e-02,4.820886e-05,3.710124e-15,3.412506e-10,2.473184e-05,6.647754e-07,0.000000e+00,0.000000e+00,1.550633e-18,0.000000e+00,0.000000e+00,0.000000e+00,0.000000e+00,0.000000e+00,0.000000e+00,2.822541e-18,2.844776e-29,1.695093e-18,5.021693e-32,5.394260e-23,1.224563e-18,3.542768e-20,1.169405e-42,-2.520231e-18,-1.260175e-18,-1.695101e-18,-1.462795e-33,-5.394505e-23,-1.224563e-18,-3.542788e-20,-1.457377e-33,0.000000e+00,0.000000e+00,0.000000e+00,0.000000e+00,0.000000e+00,0.000000e+00,0.000000e+00,0.000000e+00,3.023101e-19,2.904584e-19,-7.763307e-24,4.875413e-32,-2.452568e-27,8.486032e-26,-2.017064e-25,-1.457377e-33
4944.5268,200.00,284.5667,2.184274e+02,1.031515e-01,C,2.918701e-03,1.333333e-01,0.2914%,6.733365e-02,6.327218e-02,4.820721e-05,3.741008e-15,3.427434e-10,2.473474e-05,6.654386e-07,0.000000e+00,0.000000e+00,1.550633e-18,0.000000e+00,0.000000e+00,0.000000e+00,0.000000e+00,0.000000e+00,0.000000e+00,2.823025e-18,3.043383e-29,1.695570e-18,5.044079e-32,5.417895e-23,1.224932e-18,3.552881e-20,1.754108e-42,-2.521173e-18,-1.260645e-18,-1.695577e-18,-1.461820e-33,-5.417840e-23,-1.224932e-18,-3.552902e-20,-1.456361e-33,0.000000e+00,0.000000e+00,0.000000e+00,0.000000e+00,0.000000e+00,0.000000e+00,0.000000e+00,0.000000e+00,3.018522e-19,2.899875e-19,-7.684676e-24,4.897897e-32,5.435174e-28,2.308607e-26,-2.036663e-25,-1.456361e-33
4964.5268,200.00,284.6078,2.197351e+02,1.029665e-01,C,2.918139e-03,1.333333e-01,0.2914%,6.752428e-02,6.345530e-02,4.820560e-05,3.772034e-15,3.442467e-10,2.473759e-05,6.661027e-07,0.000000e+00,0.000000e+00,1.550633e-18,0.000000e+00,0.000000e+00,0.000000e+00,0.000000e+00,0.000000e+00,0.000000e+00,2.823524e-18,3.251747e-29,1.696046e-18,5.066632e-32,5.441691e-23,1.225302e-18,3.563035e-20,6.682315e-43,-2.522115e-18,-1.261117e-18,-1.696054e-18,-1.460860e-33,-5.441576e-23,-1.225302e-18,-3.563055e-20,-1.455360e-33,0.000000e+00,0.000000e+00,0.000000e+00,0.000000e+00,0.000000e+00,0.000000e+00,0.000000e+00,0.000000e+00,3.014089e-19,2.895160e-19,-7.594342e-24,4.920546e-32,1.143055e-27,-6.623720e-26,-2.064756e-25,-1.455360e-33
4984.5268,200.00,284.6490,2.210454e+02,1.027900e-01,C,2.917578e-03,1.333333e-01,0.2913%,6.771463e-02,6.363813e-02,4.820404e-05,3.803202e-15,3.457804e-10,2.474040e-05,6.667678e-07,0.000000e+00,0.000000e+00,1.550633e-18,0.000000e+00,0.000000e+00,0.000000e+00,0.000000e+00,0.000000e+00,0.000000e+00,2.824040e-18,3.468147e-29,1.696522e-18,5.089364e-32,5.465651e-23,1.225671e-18,3.573229e-20,4.594092e-43,-2.523015e-18,-1.261567e-18,-1.696510e-18,-1.459898e-33,-5.464612e-23,-1.225654e-18,-3.572767e-20,-1.454356e-33,0.000000e+00,0.000000e+00,0.000000e+00,0.000000e+00,0.000000e+00,0.000000e+00,0.000000e+00,0.000000e+00,3.010244e-19,2.890659e-19,1.214000e-23,4.943374e-32,1.039080e-26,1.713010e-23,4.617065e-24,-1.454356e-33
5004.5268,200.00,284.6904,2.223588e+02,1.026046e-01,C,2.917049e-03,1.333333e-01,0.2913%,6.790469e-02,6.382067e-02,4.820242e-05,3.834513e-15,3.472178e-10,2.474305e-05,6.674031e-07,0.000000e+00,0.000000e+00,1.550633e-18,0.000000e+00,0.000000e+00,0.000000e+00,0.000000e+00,0.000000e+00,0.000000e+00,2.824415e-18,3.708656e-29,1.696978e-18,5.110859e-32,5.488416e-23,1.226024e-18,3.582981e-20,1.044112e-42,-2.523961e-18,-1.262040e-18,-1.696986e-18,-1.458971e-33,-5.488630e-23,-1.226024e-18,-3.583000e-20,-1.453387e-33,0.000000e+00,0.000000e+00,0.000000e+00,0.000000e+00,0.000000e+00,0.000000e+00,0.000000e+00,0.000000e+00,3.004546e-19,2.885931e-19,-7.482711e-24,4.964962e-32,-2.143833e-27,-7.581217e-26,-1.957706e-25,-1.453387e-33
5024.5268,200.00,284.7317,2.236730e+02,1.024190e-01,C,2.916488e-03,1.333333e-01,0.2912%,6.809446e-02,6.400291e-02,4.820096e-05,3.865967e-15,3.487728e-10,2.474577e-05,6.680697e-07,0.000000e+00,0.000000e+00,1.550633e-18,0.000000e+00,0.000000e+00,0.000000e+00,0.000000e+00,0.000000e+00,0.000000e+00,2.824962e-18,3.953757e-29,1.697454e-18,5.133941e-32,5.512696e-23,1.226394e-18,3.593253e-20,7.099960e-43,-2.524908e-18,-1.262513e-18,-1.697461e-18,-1.458058e-33,-5.512287e-23,-1.226395e-18,-3.593274e-20,-1.452432e-33,0.000000e+00,0.000000e+00,0.000000e+00,0.000000e+00,0.000000e+00,0.000000e+00,0.000000e+00,0.000000e+00,3.000546e-19,2.881196e-19,-7.363659e-24,4.988136e-32,4.090630e-27,-2.517895e-25,-2.122294e-25,-1.452432e-33
5044.5268,200.00,284.7731,2.249894e+02,1.022419e-01,C,2.915960e-03,1.333333e-01,0.2912%,6.828396e-02,6.418486e-02,4.819943e-05,3.897564e-15,3.501959e-10,2.474833e-05,6.687066e-07,0.000000e+00,0.000000e+00,1.550633e-18,0.000000e+00,0.000000e+00,0.000000e+00,0.000000e+00,0.000000e+00,0.000000e+00,2.825369e-18,4.216652e-29,1.697910e-18,5.155780e-32,5.535775e-23,1.226748e-18,3.603082e-20,1.670579e-42,-2.525811e-18,-1.262965e-18,-1.697917e-18,-1.457142e-33,-5.535924e-23,-1.226748e-18,-3.603102e-20,-1.451474e-33,0.000000e+00,0.000000e+00,0.000000e+00,0.000000e+00,0.000000e+00,0.000000e+00,0.000000e+00,0.000000e+00,2.995574e-19,2.876677e-19,-7.331212e-24,5.010065e-32,-1.493225e-27,-1.991744e-25,-1.996977e-25,-1.451474e-33
5064.5268,200.00,284.8146,2.263082e+02,1.020559e-01,C,2.915400e-03,1.333333e-01,0.2911%,6.847318e-02,6.436651e-02,4.819808e-05,3.929304e-15,3.517813e-10,2.475096e-05,6.693748e-07,0.000000e+00,0.000000e+00,1.550633e-18,0.000000e+00,0.000000e+00,0.000000e+00,0.000000e+00,0.000000e+00,0.000000e+00,2.825947e-18,4.495045e-29,1.698385e-18,5.179199e-32,5.560379e-23,1.227118e-18,3.613433e-20,8.770539e-43,-2.526761e-18,-1.263440e-18,-1.698392e-18,-1.456260e-33,-5.560238e-23,-1.227119e-18,-3.613455e-20,-1.450550e-33,0.000000e+00,0.000000e+00,0.000000e+00,0.000000e+00,0.000000e+00,0.000000e+00,0.000000e+00,0.000000e+00,2.991859e-19,2.871929e-19,-7.190366e-24,5.033573e-32,1.408308e-27,-4.287380e-25,-2.180178e-25,-1.450550e-33
5084.5268,200.00,284.8561,2.276284e+02,1.018785e-01,C,2.914873e-03,1.333333e-01,0.2911%,6.866212e-02,6.454788e-02,4.819665e-05,3.961187e-15,3.532280e-10,2.475343e-05,6.700132e-07,0.000000e+00,0.000000e+00,1.550633e-18,0.000000e+00,0.000000e+00,0.000000e+00,0.000000e+00,0.000000e+00,0.000000e+00,2.826384e-18,4.792954e-29,1.698840e-18,5.201368e-32,5.583770e-23,1.227472e-18,3.623339e-20,1.169405e-42,-2.527667e-18,-1.263893e-18,-1.698847e-18,-1.455375e-33,-5.584290e-23,-1.227473e-18,-3.623359e-20,-1.449622e-33,0.000000e+00,0.000000e+00,0.000000e+00,0.000000e+00,0.000000e+00,0.000000e+00,0.000000e+00,0.000000e+00,2.987168e-19,2.867397e-19,-7.136002e-24,5.055830e-32,-5.200299e-27,-4.293825e-25,-2.071448e-25,-1.449622e-33
5104.5268,200.00,284.8977,2.289512e+02,1.017008e-01,C,2.914345e-03,1.333333e-01,0.2910%,6.885079e-02,6.472896e-02,4.819526e-05,3.993213e-15,3.547427e-10,2.475586e-05,6.706525e-07,0.000000e+00,0.000000e+00,1.550633e-18,0.000000e+00,0.000000e+00,0.000000e+00,0.000000e+00,0.000000e+00,0.000000e+00,2.826836e-18,5.102918e-29,1.699295e-18,5.223703e-32,5.607318e-23,1.227826e-18,3.633282e-20,1.461756e-42,-2.528575e-18,-1.264347e-18,-1.699302e-18,-1.454505e-33,-5.607032e-23,-1.227827e-18,-3.633302e-20,-1.448708e-33,0.000000e+00,0.000000e+00,0.000000e+00,0.000000e+00,0.000000e+00,0.000000e+00,0.000000e+00,0.000000e+00,2.982616e-19,2.862858e-19,-7.075746e-24,5.078252e-32,2.860867e-27,-4.599320e-25,-2.078938e-25,-1.448708e-33
5124.5268,200.00,284.9394,2.302758e+02,1.015230e-01,C,2.913818e-03,1.333333e-01,0.2910%,6.903918e-02,6.490974e-02,4.819393e-05,4.025383e-15,3.562386e-10,2.475823e-05,6.712921e-07,0.000000e+00,0.000000e+00,1.550633e-18,0.000000e+00,0.000000e+00,0.000000e+00,0.000000e+00,0.000000e+00,0.000000e+00,2.827304e-18,5.432398e-29,1.699749e-18,5.246209e-32,5.631021e-23,1.228180e-18,3.643262e-20,1.378228e-42,-2.529483e-18,-1.264802e-18,-1.699756e-18,-1.453648e-33,-5.630532e-23,-1.228181e-18,-3.643283e-20,-1.447810e-33,0.000000e+00,0.000000e+00,0.000000e+00,0.000000e+00,0.000000e+00,0.000000e+00,0.000000e+00,0.000000e+00,2.978201e-19,2.858313e-19,-7.004984e-24,5.100844e-32,4.892605e-27,-5.169023e-25,-2.096996e-25,-1.447810e-33
5144.5268,200.00,284.9811,2.316019e+02,1.013450e-01,C,2.913292e-03,1.333333e-01,0.2909%,6.922730e-02,6.509024e-02,4.819265e-05,4.057696e-15,3.577407e-10,2.476056e-05,6.719323e-07,0.000000e+00,0.000000e+00,1.550633e-18,0.000000e+00,0.000000e+00,0.000000e+00,0.000000e+00,0.000000e+00,0.000000e+00,2.827786e-18,5.784838e-29,1.700204e-18,5.268879e-32,5.654878e-23,1.228535e-18,3.653281e-20,2.004695e-42,-2.530394e-18,-1.265257e-18,-1.700211e-18,-1.452809e-33,-5.655024e-23,-1.228535e-18,-3.653302e-20,-1.446927e-33,0.000000e+00,0.000000e+00,0.000000e+00,0.000000e+00,0.000000e+00,0.000000e+00,0.000000e+00,0.000000e+00,2.973923e-19,2.853762e-19,-6.923613e-24,5.123598e-32,-1.461766e-27,-5.997301e-25,-2.123373e-25,-1.446927e-33
5164.5268,200.00,285.0222,2.329086e+02,1.004449e-01,C,2.917999e-03,1.333333e-01,0.2914%,6.941506e-02,6.527013e-02,4.826159e-05,4.090134e-15,3.585756e-10,2.477448e-05,6.721723e-07,0.000000e+00,0.000000e+00,1.550633e-18,0.000000e+00,0.000000e+00,0.000000e+00,0.000000e+00,0.000000e+00,0.000000e+00,2.831555e-18,6.144166e-29,1.703248e-18,5.282498e-32,5.668322e-23,1.230820e-18,3.660256e-20,1.712343e-42,-2.534999e-18,-1.267560e-18,-1.703037e-18,-1.454239e-33,-5.667116e-23,-1.230772e-18,-3.659901e-20,-1.448303e-33,0.000000e+00,0.000000e+00,0.000000e+00,0.000000e+00,0.000000e+00,0.000000e+00,0.000000e+00,0.000000e+00,2.965554e-19,2.830731e-19,2.103574e-22,5.137074e-32,1.206106e-26,4.808041e-23,3.550617e-24,-1.448303e-33
5184.5268,200.00,285.0595,2.340936e+02,9.903498e-02,C,2.926372e-03,1.333333e-01,0.2922%,6.960192e-02,6.544786e-02,4.837937e-05,4.122609e-15,3.587130e-10,2.479388e-05,6.719682e-07,0.000000e+00,0.000000e+00,1.550633e-18,0.000000e+00,0.000000e+00,0.000000e+00,0.000000e+00,0.000000e+00,0.000000e+00,2.837100e-18,6.517844e-29,1.708001e-18,5.285963e-32,5.670403e-23,1.234373e-18,3.663653e-20,1.879401e-42,-2.542229e-18,-1.271175e-18,-1.707810e-18,-1.457736e-33,-5.670934e-23,-1.234347e-18,-3.663807e-20,-1.451739e-33,0.000000e+00,0.000000e+00,0.000000e+00,0.000000e+00,0.000000e+00,0.000000e+00,0.000000e+00,0.000000e+00,2.948711e-19,2.794577e-19,1.913462e-22,5.140190e-32,-5.311826e-27,2.586777e-23,-1.541952e-24,-1.451739e-33
5204.5268,200.00,285.0933,2.351683e+02,9.777526e-02,C,2.934001e-03,1.333333e-01,0.2930%,6.978770e-02,6.562342e-02,4.848695e-05,4.155099e-15,3.587813e-10,2.480910e-05,6.716900e-07,0.000000e+00,0.000000e+00,1.550633e-18,0.000000e+00,0.000000e+00,0.000000e+00,0.000000e+00,0.000000e+00,0.000000e+00,2.841857e-18,6.911039e-29,1.712319e-18,5.288518e-32,5.671464e-23,1.237597e-18,3.666581e-20,1.419992e-42,-2.548704e-18,-1.274413e-18,-1.712111e-18,-1.461070e-33,-5.670579e-23,-1.237560e-18,-3.666251e-20,-1.455014e-33,0.000000e+00,0.000000e+00,0.000000e+00,0.000000e+00,0.000000e+00,0.000000e+00,0.000000e+00,0.000000e+00,2.931521e-19,2.762196e-19,2.084538e-22,5.142411e-32,8.843055e-27,3.728146e-23,3.299648e-24,-1.455014e-33
5224.5268,200.00,285.1244,2.361565e+02,9.660576e-02,C,2.941061e-03,1.333333e-01,0.2937%,6.997233e-02,6.579702e-02,4.858653e-05,4.187600e-15,3.587317e-10,2.482105e-05,6.713419e-07,0.000000e+00,0.000000e+00,1.550633e-18,0.000000e+00,0.000000e+00,0.000000e+00,0.000000e+00,0.000000e+00,0.000000e+00,2.845931e-18,7.313417e-29,1.716288e-18,5.289745e-32,5.671113e-23,1.240556e-18,3.668924e-20,1.587050e-42,-2.554729e-18,-1.277426e-18,-1.716104e-18,-1.464335e-33,-5.671960e-23,-1.240543e-18,-3.669101e-20,-1.458216e-33,0.000000e+00,0.000000e+00,0.000000e+00,0.000000e+00,0.000000e+00,0.000000e+00,0.000000e+00,0.000000e+00,2.912021e-19,2.732068e-19,1.837324e-22,5.143311e-32,-8.469138e-27,1.314347e-23,-1.769791e-24,-1.458216e-33
5244.5268,200.00,285.1533,2.370757e+02,9.552753e-02,C,2.947651e-03,1.333333e-01,0.2943%,7.015575e-02,6.596880e-02,4.867963e-05,4.220107e-15,3.587177e-10,2.483055e-05,6.709614e-07,0.000000e+00,0.000000e+00,1.550633e-18,0.000000e+00,0.000000e+00,0.000000e+00,0.000000e+00,0.000000e+00,0.000000e+00,2.849568e-18,7.737608e-29,1.719991e-18,5.290810e-32,5.670533e-23,1.243316e-18,3.671114e-20,1.879401e-42,-2.560295e-18,-1.280210e-18,-1.719882e-18,-1.467553e-33,-5.671159e-23,-1.243304e-18,-3.671232e-20,-1.461373e-33,0.000000e+00,0.000000e+00,0.000000e+00,0.000000e+00,0.000000e+00,0.000000e+00,0.000000e+00,0.000000e+00,2.892723e-19,2.704234e-19,1.090493e-22,5.144055e-32,-6.259806e-27,1.125264e-23,-1.178043e-24,-1.461373e-33
5264.5268,200.00,285.1805,2.379406e+02,9.452327e-02,C,2.953880e-03,1.333333e-01,0.2950%,7.033791e-02,6.613887e-02,4.876811e-05,4.252614e-15,3.586377e-10,2.483815e-05,6.705464e-07,0.000000e+00,0.000000e+00,1.550633e-18,0.000000e+00,0.000000e+00,0.000000e+00,0.000000e+00,0.000000e+00,0.000000e+00,2.852820e-18,8.188203e-29,1.723481e-18,5.291368e-32,5.669398e-23,1.245914e-18,3.673042e-20,1.962930e-42,-2.565489e-18,-1.282807e-18,-1.723313e-18,-1.470597e-33,-5.668632e-23,-1.245886e-18,-3.672698e-20,-1.464356e-33,0.000000e+00,0.000000e+00,0.000000e+00,0.000000e+00,0.000000e+00,0.000000e+00,0.000000e+00,0.000000e+00,2.873305e-19,2.678260e-19,1.681564e-22,5.144309e-32,7.662241e-27,2.807453e-23,3.438599e-24,-1.464356e-33
5284.5268,200.00,285.2063,2.387620e+02,9.356332e-02,C,2.959845e-03,1.333333e-01,0.2955%,7.051879e-02,6.630733e-02,4.885216e-05,4.285121e-15,3.584615e-10,2.484413e-05,6.700729e-07,0.000000e+00,0.000000e+00,1.550633e-18,0.000000e+00,0.000000e+00,0.000000e+00,0.000000e+00,0.000000e+00,0.000000e+00,2.855583e-18,8.642242e-29,1.726772e-18,5.289878e-32,5.666245e-23,1.248360e-18,3.674207e-20,2.213517e-42,-2.570463e-18,-1.285294e-18,-1.726669e-18,-1.473657e-33,-5.666438e-23,-1.248356e-18,-3.674334e-20,-1.467356e-33,0.000000e+00,0.000000e+00,0.000000e+00,0.000000e+00,0.000000e+00,0.000000e+00,0.000000e+00,0.000000e+00,2.851202e-19,2.653387e-19,1.028225e-22,5.142513e-32,-1.926110e-27,3.937085e-24,-1.265738e-24,-1.467356e-33
5304.5268,200.00,285.2311,2.395495e+02,9.264014e-02,C,2.965541e-03,1.333333e-01,0.2961%,7.069836e-02,6.647425e-02,4.893356e-05,4.317624e-15,3.583727e-10,2.484922e-05,6.696325e-07,0.000000e+00,0.000000e+00,1.550633e-18,0.000000e+00,0.000000e+00,0.000000e+00,0.000000e+00,0.000000e+00,0.000000e+00,2.858381e-18,9.126130e-29,1.729967e-18,5.290500e-32,5.665064e-23,1.250737e-18,3.676022e-20,2.464104e-42,-2.575254e-18,-1.287690e-18,-1.729862e-18,-1.476650e-33,-5.665785e-23,-1.250733e-18,-3.676151e-20,-1.470289e-33,0.000000e+00,0.000000e+00,0.000000e+00,0.000000e+00,0.000000e+00,0.000000e+00,0.000000e+00,0.000000e+00,2.831271e-19,2.629427e-19,1.046863e-22,5.142835e-32,-7.210083e-27,4.121369e-24,-1.286330e-24,-1.470289e-33
5324.5268,200.00,285.2550,2.403092e+02,9.176419e-02,C,2.971063e-03,1.333333e-01,0.2967%,7.087662e-02,6.663970e-02,4.901230e-05,4.350122e-15,3.582611e-10,2.485340e-05,6.691662e-07,0.000000e+00,0.000000e+00,1.550633e-18,0.000000e+00,0.000000e+00,0.000000e+00,0.000000e+00,0.000000e+00,0.000000e+00,2.860919e-18,9.630681e-29,1.733041e-18,5.290208e-32,5.663003e-23,1.253023e-18,3.677485e-20,2.881749e-42,-2.579808e-18,-1.289968e-18,-1.732876e-18,-1.479542e-33,-5.661664e-23,-1.253000e-18,-3.677148e-20,-1.473122e-33,0.000000e+00,0.000000e+00,0.000000e+00,0.000000e+00,0.000000e+00,0.000000e+00,0.000000e+00,0.000000e+00,2.811110e-19,2.606654e-19,1.654972e-22,5.142254e-32,1.339014e-26,2.309608e-23,3.368666e-24,-1.473122e-33
5344.5268,200.00,285.2782,2.410463e+02,9.090213e-02,C,2.976456e-03,1.333333e-01,0.2972%,7.105355e-02,6.680372e-02,4.908897e-05,4.382613e-15,3.580892e-10,2.485689e-05,6.686739e-07,0.000000e+00,0.000000e+00,1.550633e-18,0.000000e+00,0.000000e+00,0.000000e+00,0.000000e+00,0.000000e+00,0.000000e+00,2.863223e-18,1.015762e-28,1.736017e-18,5.288919e-32,5.659954e-23,1.255233e-18,3.678564e-20,2.839984e-42,-2.584296e-18,-1.292212e-18,-1.735872e-18,-1.482458e-33,-5.659230e-23,-1.255228e-18,-3.678726e-20,-1.475977e-33,0.000000e+00,0.000000e+00,0.000000e+00,0.000000e+00,0.000000e+00,0.000000e+00,0.000000e+00,0.000000e+00,2.789271e-19,2.584207e-19,1.458074e-22,5.140673e-32,7.236287e-27,5.285731e-24,-1.622534e-24,-1.475977e-33
5364.5268,200.00,285.3008,2.417647e+02,9.006808e-02,C,2.981711e-03,1.333333e-01,0.2977%,7.122915e-02,6.696635e-02,4.916372e-05,4.415097e-15,3.579064e-10,2.485994e-05,6.681904e-07,0.000000e+00,0.000000e+00,1.550633e-18,0.000000e+00,0.000000e+00,0.000000e+00,0.000000e+00,0.000000e+00,0.000000e+00,2.865476e-18,1.070006e-28,1.738928e-18,5.288085e-32,5.657329e-23,1.257395e-18,3.679764e-20,2.631162e-42,-2.588646e-18,-1.294387e-18,-1.738782e-18,-1.485333e-33,-5.657623e-23,-1.257390e-18,-3.679928e-20,-1.478789e-33,0.000000e+00,0.000000e+00,0.000000e+00,0.000000e+00,0.000000e+00,0.000000e+00,0.000000e+00,0.000000e+00,2.768304e-19,2.562455e-19,1.456699e-22,5.139552e-32,-2.940512e-27,4.781164e-24,-1.640695e-24,-1.478789e-33
