t_Myr,dt_kyr,T,P_CO2,rel_change,slowest,Da,A_reactive,supply_efficiency,Y_Alkalinity,Y_C,Y_Si,Y_Al,Y_Fe,Y_Ca,Y_Mg,Y_Na,F_out_Alkalinity,F_out_C,F_out_Si,F_out_Al,F_out_Fe,F_out_Ca,F_out_Mg,F_out_Na,F_diss_Alkalinity,F_diss_C,F_diss_Si,F_diss_Al,F_diss_Fe,F_diss_Ca,F_diss_Mg,F_diss_Na,F_prec_Alkalinity,F_prec_C,F_prec_Si,F_prec_Al,F_prec_Fe,F_prec_Ca,F_prec_Mg,F_prec_Na,F_cont_Alkalinity,F_cont_C,F_cont_Si,F_cont_Al,F_cont_Fe,F_cont_Ca,F_cont_Mg,F_cont_Na,F_net_Alkalinity,F_net_C,F_net_Si,F_net_Al,F_net_Fe,F_net_Ca,F_net_Mg,F_net_Na
2.0200,20.00,275.0000,1.636553e+00,9.999970e-01,Mg,2.810834e-03,1.035826e+00,0.2807%,8.805596e-04,8.182311e-04,4.443245e-05,3.023971e-18,4.765464e-11,2.165975e-04,2.583903e-06,0.000000e+00,0.000000e+00,1.550633e-17,0.000000e+00,0.000000e+00,0.000000e+00,0.000000e+00,0.000000e+00,0.000000e+00,2.262878e-17,7.521207e-27,9.122487e-18,7.424734e-32,6.482679e-23,6.790114e-18,4.974220e-20,5.137030e-40,-1.412145e-17,-7.060705e-18,-9.136371e-18,-1.451795e-32,-6.449603e-23,-7.060688e-18,-7.411257e-26,-1.451792e-32,0.000000e+00,0.000000e+00,0.000000e+00,0.000000e+00,0.000000e+00,0.000000e+00,0.000000e+00,0.000000e+00,8.507323e-18,8.445624e-18,-1.388386e-20,5.972939e-32,3.307594e-25,-2.705732e-19,4.974212e-20,-1.451792e-32
4.4200,24.00,275.0000,2.880508e+00,7.601070e-01,P_CO2,2.709778e-03,1.035826e+00,0.2706%,1.467915e-03,1.375904e-03,4.587987e-05,8.456712e-18,6.529031e-11,1.409729e-04,4.635951e-06,0.000000e+00,0.000000e+00,1.550633e-17,0.000000e+00,0.000000e+00,0.000000e+00,0.000000e+00,0.000000e+00,0.000000e+00,2.460355e-17,4.645758e-27,9.870281e-18,9.112686e-32,7.794483e-23,7.313058e-18,5.330671e-20,5.295735e-40,-1.691195e-17,-8.455953e-18,-9.855732e-18,-1.410329e-32,-7.792825e-23,-8.365641e-18,-9.027709e-20,-1.410708e-32,0.000000e+00,0.000000e+00,0.000000e+00,0.000000e+00,0.000000e+00,0.000000e+00,0.000000e+00,0.000000e+00,7.691599e-18,7.050376e-18,1.454966e-20,7.702357e-32,1.658308e-26,-1.052584e-18,-3.697038e-20,-1.410708e-32
7.3000,28.80,275.0000,3.180649e+00,3.263475e-01,C,2.709159e-03,1.035826e+00,0.2705%,2.216992e-03,2.048430e-03,4.854092e-05,1.546658e-17,7.469172e-11,8.087263e-05,2.498080e-06,0.000000e+00,0.000000e+00,1.550633e-17,0.000000e+00,0.000000e+00,0.000000e+00,0.000000e+00,0.000000e+00,0.000000e+00,2.431272e-17,1.625656e-26,9.978486e-18,8.889282e-32,7.716352e-23,7.425255e-18,6.197116e-20,2.697150e-39,-1.575137e-17,-7.875672e-18,-9.964858e-18,-1.427231e-32,-7.715931e-23,-7.800454e-18,-7.516141e-20,-1.427318e-32,0.000000e+00,0.000000e+00,0.000000e+00,0.000000e+00,0.000000e+00,0.000000e+00,0.000000e+00,0.000000e+00,8.561350e-18,7.630657e-18,1.362792e-20,7.462051e-32,4.208521e-27,-3.751996e-19,-1.319025e-20,-1.427318e-32
10.7560,34.56,275.0000,3.764752e+00,3.331323e-01,C,2.694862e-03,1.035826e+00,0.2691%,3.164256e-03,2.893447e-03,5.129583e-05,2.365353e-17,8.928934e-11,5.804259e-05,1.662770e-06,0.000000e+00,0.000000e+00,1.550633e-17,0.000000e+00,0.000000e+00,0.000000e+00,0.000000e+00,0.000000e+00,0.000000e+00,2.417518e-17,1.668465e-27,1.016645e-17,8.900806e-32,7.891813e-23,7.554415e-18,6.780082e-20,3.215864e-40,-1.551334e-17,-7.756671e-18,-1.015874e-17,-1.507719e-32,-7.888814e-23,-7.684219e-18,-7.236718e-20,-1.507684e-32,0.000000e+00,0.000000e+00,0.000000e+00,0.000000e+00,0.000000e+00,0.000000e+00,0.000000e+00,0.000000e+00,8.661841e-18,7.749658e-18,7.704989e-21,7.393086e-32,2.998808e-26,-1.298041e-19,-4.566358e-21,-1.507684e-32
14.2120,34.56,275.0000,4.538709e+00,3.292133e-01,C,2.673451e-03,1.035826e+00,0.2670%,4.104076e-03,3.736560e-03,5.194506e-05,3.230629e-17,9.329912e-11,4.820157e-05,1.316653e-06,0.000000e+00,0.000000e+00,1.550633e-17,0.000000e+00,0.000000e+00,0.000000e+00,0.000000e+00,0.000000e+00,0.000000e+00,2.418850e-17,-5.022557e-32,1.038062e-17,9.131244e-32,8.247092e-23,7.687287e-18,7.299572e-20,1.670579e-42,-1.565050e-17,-7.825260e-18,-1.037611e-17,-1.558996e-32,-8.242998e-23,-7.749945e-18,-7.519984e-20,-1.559221e-32,0.000000e+00,0.000000e+00,0.000000e+00,0.000000e+00,0.000000e+00,0.000000e+00,0.000000e+00,0.000000e+00,8.538005e-18,7.681069e-18,4.514729e-21,7.572248e-32,4.094694e-26,-6.265848e-20,-2.204119e-21,-1.559221e-32
18.3592,41.47,275.0000,5.602831e+00,3.225945e-01,C,2.647515e-03,1.035826e+00,0.2644%,5.213192e-03,4.737392e-03,5.453368e-05,4.295888e-17,1.167222e-10,4.389990e-05,1.125759e-06,0.000000e+00,0.000000e+00,1.550633e-17,0.000000e+00,0.000000e+00,0.000000e+00,0.000000e+00,0.000000e+00,0.000000e+00,2.422777e-17,1.021445e-28,1.061682e-17,9.501662e-32,8.743180e-23,7.829469e-18,7.876159e-20,2.046459e-41,-1.588399e-17,-7.942020e-18,-1.061400e-17,-1.589568e-32,-8.737466e-23,-7.861974e-18,-7.989670e-20,-1.589496e-32,0.000000e+00,0.000000e+00,0.000000e+00,0.000000e+00,0.000000e+00,0.000000e+00,0.000000e+00,0.000000e+00,8.343779e-18,7.564309e-18,2.816286e-21,7.912094e-32,5.714089e-26,-3.250563e-20,-1.135117e-21,-1.589496e-32
23.3358,49.77,275.0000,7.043809e+00,3.147414e-01,C,2.618335e-03,1.035826e+00,0.2615%,6.510477e-03,5.918002e-03,5.757130e-05,5.581204e-17,1.491569e-10,4.216293e-05,1.017124e-06,0.000000e+00,0.000000e+00,1.550633e-17,0.000000e+00,0.000000e+00,0.000000e+00,0.000000e+00,0.000000e+00,0.000000e+00,2.427678e-17,1.937272e-31,1.086765e-17,1.002189e-31,9.400200e-23,7.978545e-18,8.542593e-20,3.758802e-42,-1.616409e-17,-8.082081e-18,-1.086575e-17,-1.596322e-32,-9.392436e-23,-7.995876e-18,-8.601714e-20,-1.596233e-32,0.000000e+00,0.000000e+00,0.000000e+00,0.000000e+00,0.000000e+00,0.000000e+00,0.000000e+00,0.000000e+00,8.112697e-18,7.424249e-18,1.903644e-21,8.425565e-32,7.763969e-26,-1.733103e-20,-5.912168e-22,-1.596233e-32
29.3078,59.72,275.0000,8.995998e+00,3.062709e-01,C,2.586584e-03,1.035826e+00,0.2583%,8.021413e-03,7.307037e-03,6.122239e-05,7.301362e-17,1.943014e-10,4.225757e-05,9.646883e-07,0.000000e+00,0.000000e+00,1.550633e-17,0.000000e+00,0.000000e+00,0.000000e+00,0.000000e+00,0.000000e+00,0.000000e+00,2.432895e-17,3.874544e-31,1.112673e-17,1.072103e-31,1.025396e-22,8.132020e-18,9.325760e-20,2.505868e-42,-1.646997e-17,-8.235039e-18,-1.112551e-17,-1.579377e-32,-1.024498e-22,-8.141255e-18,-9.355475e-20,-1.579262e-32,0.000000e+00,0.000000e+00,0.000000e+00,0.000000e+00,0.000000e+00,0.000000e+00,0.000000e+00,0.000000e+00,7.858975e-18,7.271290e-18,1.219327e-21,9.141655e-32,8.983187e-26,-9.234943e-21,-2.971541e-22,-1.579262e-32
36.4742,71.66,275.0000,1.166083e+01,2.974719e-01,C,2.552635e-03,1.035826e+00,0.2549%,9.775876e-03,8.938366e-03,6.566799e-05,9.514142e-17,2.578597e-10,4.385697e-05,9.573550e-07,0.000000e+00,0.000000e+00,1.550633e-17,0.000000e+00,0.000000e+00,0.000000e+00,0.000000e+00,0.000000e+00,0.000000e+00,2.438648e-17,7.318583e-31,1.138960e-17,1.165273e-31,1.136393e-22,8.288416e-18,1.025878e-19,-8.352894e-42,-1.679195e-17,-8.396045e-18,-1.138873e-17,-1.539633e-32,-1.135251e-22,-8.293060e-18,-1.027122e-19,-1.539487e-32,0.000000e+00,0.000000e+00,0.000000e+00,0.000000e+00,0.000000e+00,0.000000e+00,0.000000e+00,0.000000e+00,7.594524e-18,7.110284e-18,8.621367e-22,1.011309e-31,1.142005e-25,-4.643650e-21,-1.243732e-22,-1.539487e-32
45.0738,86.00,275.0000,1.533090e+01,3.147350e-01,P_CO2,2.516963e-03,1.035826e+00,0.2514%,1.180903e-02,1.085159e-02,7.111615e-05,1.244031e-16,3.485029e-10,4.684172e-05,9.922978e-07,0.000000e+00,0.000000e+00,1.550633e-17,0.000000e+00,0.000000e+00,0.000000e+00,0.000000e+00,0.000000e+00,0.000000e+00,2.445250e-17,7.749088e-31,1.165182e-17,1.288997e-31,1.281063e-22,8.446252e-18,1.137870e-19,4.176447e-43,-1.712380e-17,-8.561982e-18,-1.165067e-17,-1.479434e-32,-1.279284e-22,-8.447888e-18,-1.137753e-19,-1.479251e-32,0.000000e+00,0.000000e+00,0.000000e+00,0.000000e+00,0.000000e+00,0.000000e+00,0.000000e+00,0.000000e+00,7.328699e-18,6.944347e-18,1.149600e-21,1.141053e-31,1.779388e-25,-1.635885e-21,1.171648e-23,-1.479251e-32
53.6734,86.00,275.0000,1.952178e+01,2.807505e-01,C,2.486019e-03,1.035826e+00,0.2483%,1.376900e-02,1.271817e-02,7.133323e-05,1.580871e-16,3.915681e-10,4.654959e-05,1.000069e-06,0.000000e+00,0.000000e+00,1.550633e-17,0.000000e+00,0.000000e+00,0.000000e+00,0.000000e+00,0.000000e+00,0.000000e+00,2.452136e-17,7.318583e-31,1.187409e-17,1.424522e-31,1.439501e-22,8.582093e-18,1.252083e-19,5.847026e-42,-1.741604e-17,-8.708112e-18,-1.187341e-17,-1.416256e-32,-1.437751e-22,-8.582599e-18,-1.251548e-19,-1.416033e-32,0.000000e+00,0.000000e+00,0.000000e+00,0.000000e+00,0.000000e+00,0.000000e+00,0.000000e+00,0.000000e+00,7.105321e-18,6.798217e-18,6.858065e-22,1.282896e-31,1.750022e-25,-5.053199e-22,5.350711e-23,-1.416033e-32
63.9930,103.20,275.0000,2.523738e+01,2.927807e-01,P_CO2,2.453902e-03,1.035826e+00,0.2451%,1.605678e-02,1.491552e-02,7.805744e-05,2.029064e-16,5.354796e-10,5.128121e-05,1.099033e-06,0.000000e+00,0.000000e+00,1.550633e-17,0.000000e+00,0.000000e+00,0.000000e+00,0.000000e+00,0.000000e+00,0.000000e+00,2.459447e-17,2.296026e-31,1.209091e-17,1.600406e-31,1.641041e-22,8.717797e-18,1.387058e-19,-2.505868e-42,-1.771244e-17,-8.856324e-18,-1.209021e-17,-1.342633e-32,-1.639082e-22,-8.717324e-18,-1.386021e-19,-1.342361e-32,0.000000e+00,0.000000e+00,0.000000e+00,0.000000e+00,0.000000e+00,0.000000e+00,0.000000e+00,0.000000e+00,6.882025e-18,6.650005e-18,6.957880e-22,1.466143e-31,1.959499e-25,4.733156e-22,1.036640e-22,-1.342361e-32
74.3126,103.20,275.0000,3.172109e+01,2.660824e-01,C,2.426242e-03,1.035826e+00,0.2423%,1.826990e-02,1.706182e-02,7.828837e-05,2.540320e-16,6.074460e-10,5.152961e-05,1.139378e-06,0.000000e+00,0.000000e+00,1.550633e-17,0.000000e+00,0.000000e+00,0.000000e+00,0.000000e+00,0.000000e+00,0.000000e+00,2.467460e-17,2.296026e-31,1.227669e-17,1.791670e-31,1.861730e-22,8.836663e-18,1.525633e-19,2.505868e-42,-1.797707e-17,-8.988646e-18,-1.227613e-17,-1.275813e-32,-1.859600e-22,-8.835775e-18,-1.524374e-19,-1.275490e-32,0.000000e+00,0.000000e+00,0.000000e+00,0.000000e+00,0.000000e+00,0.000000e+00,0.000000e+00,0.000000e+00,6.697522e-18,6.517683e-18,5.600951e-22,1.664088e-31,2.130503e-25,8.879797e-22,1.258269e-22,-1.275490e-32
86.6960,123.83,275.0000,4.048292e+01,2.762145e-01,P_CO2,2.397886e-03,1.035826e+00,0.2395%,2.086375e-02,1.959176e-02,8.660757e-05,3.240174e-16,8.378076e-10,5.781520e-05,1.304579e-06,0.000000e+00,0.000000e+00,1.550633e-17,0.000000e+00,0.000000e+00,0.000000e+00,0.000000e+00,0.000000e+00,0.000000e+00,2.476039e-17,2.870033e-31,1.245756e-17,2.037103e-31,2.140144e-22,8.956268e-18,1.688380e-19,6.264671e-42,-1.824772e-17,-9.123974e-18,-1.245677e-17,-1.206480e-32,-2.137240e-22,-8.954843e-18,-1.686609e-19,-1.206090e-32,0.000000e+00,0.000000e+00,0.000000e+00,0.000000e+00,0.000000e+00,0.000000e+00,0.000000e+00,0.000000e+00,6.512668e-18,6.382355e-18,7.893627e-22,1.916455e-31,2.903694e-25,1.425536e-21,1.771413e-22,-1.206090e-32
99.0795,123.83,275.0000,5.033233e+01,2.528916e-01,C,2.373825e-03,1.035826e+00,0.2371%,2.338076e-02,2.206458e-02,8.689109e-05,4.042733e-16,9.563113e-10,5.839422e-05,1.375663e-06,0.000000e+00,0.000000e+00,1.550633e-17,0.000000e+00,0.000000e+00,0.000000e+00,0.000000e+00,0.000000e+00,0.000000e+00,2.485003e-17,1.607218e-30,1.261400e-17,2.299965e-31,2.442920e-22,9.062249e-18,1.854994e-19,3.341158e-42,-1.849284e-17,-9.246538e-18,-1.261332e-17,-1.149645e-32,-2.439766e-22,-9.060720e-18,-1.853127e-19,-1.149182e-32,0.000000e+00,0.000000e+00,0.000000e+00,0.000000e+00,0.000000e+00,0.000000e+00,0.000000e+00,0.000000e+00,6.357185e-18,6.259791e-18,6.764241e-22,2.185000e-31,3.154558e-25,1.528653e-21,1.866481e-22,-1.149182e-32
113.9397,148.60,275.0000,6.349994e+01,2.616132e-01,P_CO2,2.349477e-03,1.035826e+00,0.2347%,2.634045e-02,2.498189e-02,9.714207e-05,5.147114e-16,1.325073e-09,6.632149e-05,1.623556e-06,0.000000e+00,0.000000e+00,1.550633e-17,0.000000e+00,0.000000e+00,0.000000e+00,0.000000e+00,0.000000e+00,0.000000e+00,2.494504e-17,2.106604e-29,1.276635e-17,2.633404e-31,2.820869e-22,9.169568e-18,2.048619e-19,5.011737e-42,-1.874557e-17,-9.372904e-18,-1.276547e-17,-1.097162e-32,-2.816657e-22,-9.167735e-18,-2.046248e-19,-1.096601e-32,0.000000e+00,0.000000e+00,0.000000e+00,0.000000e+00,0.000000e+00,0.000000e+00,0.000000e+00,0.000000e+00,6.199463e-18,6.133425e-18,8.820173e-22,2.523688e-31,4.211718e-25,1.832861e-21,2.371628e-22,-1.096601e-32
128.7998,148.60,275.0000,7.815207e+01,2.407295e-01,C,2.329080e-03,1.035826e+00,0.2326%,2.921877e-02,2.783395e-02,9.749640e-05,6.416264e-16,1.517278e-09,6.714575e-05,1.729691e-06,0.000000e+00,0.000000e+00,1.550633e-17,0.000000e+00,0.000000e+00,0.000000e+00,0.000000e+00,0.000000e+00,0.000000e+00,2.504193e-17,2.744899e-28,1.290006e-17,2.986515e-31,3.229963e-22,9.265848e-18,2.246414e-19,2.213517e-41,-1.897813e-17,-9.489174e-18,-1.289943e-17,-1.059783e-32,-3.226095e-22,-9.264177e-18,-2.244303e-19,-1.059086e-32,0.000000e+00,0.000000e+00,0.000000e+00,0.000000e+00,0.000000e+00,0.000000e+00,0.000000e+00,0.000000e+00,6.063802e-18,6.017155e-18,6.257547e-22,2.880537e-31,3.867292e-25,1.670586e-21,2.111053e-22,-1.059086e-32
146.6320,178.32,275.0000,9.752701e+01,2.479133e-01,P_CO2,2.308731e-03,1.035826e+00,0.2306%,3.261072e-02,3.120017e-02,1.100698e-04,8.162882e-16,2.104715e-09,7.693739e-05,2.087488e-06,0.000000e+00,0.000000e+00,1.550633e-17,0.000000e+00,0.000000e+00,0.000000e+00,0.000000e+00,0.000000e+00,0.000000e+00,2.514243e-17,3.675192e-27,1.303051e-17,3.428685e-31,3.733605e-22,9.363794e-18,2.473018e-19,3.178276e-40,-1.921896e-17,-9.609599e-18,-1.302970e-17,-1.033683e-32,-3.728318e-22,-9.361919e-18,-2.470381e-19,-1.032841e-32,0.000000e+00,0.000000e+00,0.000000e+00,0.000000e+00,0.000000e+00,0.000000e+00,0.000000e+00,0.000000e+00,5.923471e-18,5.896730e-18,8.108933e-22,3.325317e-31,5.286561e-25,1.874530e-21,2.637639e-22,-1.032841e-32
164.4642,178.32,275.0000,1.188675e+02,2.292852e-01,C,2.291874e-03,1.035826e+00,0.2289%,3.591322e-02,3.449044e-02,1.105058e-04,1.016859e-15,2.411318e-09,7.797050e-05,2.236780e-06,0.000000e+00,0.000000e+00,1.550633e-17,0.000000e+00,0.000000e+00,0.000000e+00,0.000000e+00,0.000000e+00,0.000000e+00,2.524420e-17,2.993932e-26,1.314715e-17,3.892890e-31,4.277199e-22,9.452772e-18,2.704352e-19,2.282428e-39,-1.944350e-17,-9.721875e-18,-1.314644e-17,-1.023629e-32,-4.271805e-22,-9.450996e-18,-2.701762e-19,-1.022590e-32,0.000000e+00,0.000000e+00,0.000000e+00,0.000000e+00,0.000000e+00,0.000000e+00,0.000000e+00,0.000000e+00,5.800694e-18,5.784454e-18,7.085818e-22,3.790527e-31,5.393778e-25,1.776127e-21,2.589656e-22,-1.022590e-32
184.4642,200.00,275.0000,1.448799e+02,2.238945e-01,C,2.276268e-03,1.035826e+00,0.2274%,3.955131e-02,3.811802e-02,1.199941e-04,1.273241e-15,3.098620e-09,8.563308e-05,2.601516e-06,0.000000e+00,0.000000e+00,1.550633e-17,0.000000e+00,0.000000e+00,0.000000e+00,0.000000e+00,0.000000e+00,0.000000e+00,2.534417e-17,2.024394e-25,1.325634e-17,4.430595e-31,4.900074e-22,9.539075e-18,2.952176e-19,1.381652e-38,-1.966572e-17,-9.832994e-18,-1.325560e-17,-1.029247e-32,-4.893753e-22,-9.537277e-18,-2.949358e-19,-1.027940e-32,0.000000e+00,0.000000e+00,0.000000e+00,0.000000e+00,0.000000e+00,0.000000e+00,0.000000e+00,0.000000e+00,5.678448e-18,5.673336e-18,7.387292e-22,4.327670e-31,6.320603e-25,1.798643e-21,2.817293e-22,-1.027939e-32
204.4642,200.00,275.0000,1.730968e+02,2.189015e-01,C,2.263346e-03,1.035826e+00,0.2261%,4.310456e-02,4.166993e-02,1.204484e-04,1.564408e-15,3.517723e-09,8.674821e-05,2.781331e-06,0.000000e+00,0.000000e+00,1.550633e-17,0.000000e+00,0.000000e+00,0.000000e+00,0.000000e+00,0.000000e+00,0.000000e+00,2.544237e-17,9.792632e-25,1.335481e-17,4.988277e-31,5.561946e-22,9.617845e-18,3.201874e-19,6.081951e-38,-1.987330e-17,-9.936793e-18,-1.335404e-17,-1.049067e-32,-5.554338e-22,-9.616045e-18,-3.198780e-19,-1.047431e-32,0.000000e+00,0.000000e+00,0.000000e+00,0.000000e+00,0.000000e+00,0.000000e+00,0.000000e+00,0.000000e+00,5.569067e-18,5.569537e-18,7.710495e-22,4.883370e-31,7.607901e-25,1.800143e-21,3.094314e-22,-1.047425e-32
224.4642,200.00,275.0000,2.032828e+02,2.143469e-01,C,2.252592e-03,1.035826e+00,0.2250%,4.659126e-02,4.515899e-02,1.208572e-04,1.891070e-15,3.950103e-09,8.780565e-05,2.957229e-06,0.000000e+00,0.000000e+00,1.550633e-17,0.000000e+00,0.000000e+00,0.000000e+00,0.000000e+00,0.000000e+00,0.000000e+00,2.553200e-17,-1.148013e-31,1.344169e-17,5.558960e-31,6.244423e-22,9.688641e-18,3.445763e-19,-3.758802e-42,-2.006412e-17,-1.003222e-17,-1.344103e-17,-1.080775e-32,-6.236971e-22,-9.686963e-18,-3.442848e-19,-1.078737e-32,0.000000e+00,0.000000e+00,0.000000e+00,0.000000e+00,0.000000e+00,0.000000e+00,0.000000e+00,0.000000e+00,5.467885e-18,5.474110e-18,6.632672e-22,5.450883e-31,7.451314e-25,1.677988e-21,2.915205e-22,-1.078737e-32
244.4642,200.00,275.0000,2.353589e+02,2.101541e-01,C,2.243547e-03,1.035826e+00,0.2241%,5.001671e-02,4.859004e-02,1.212299e-04,2.253977e-15,4.394986e-09,8.881497e-05,3.129442e-06,0.000000e+00,0.000000e+00,1.550633e-17,0.000000e+00,0.000000e+00,0.000000e+00,0.000000e+00,0.000000e+00,0.000000e+00,2.561548e-17,2.296026e-31,1.351949e-17,6.141757e-31,6.946086e-22,9.753014e-18,3.684223e-19,-2.088224e-42,-2.024105e-17,-1.012070e-17,-1.351893e-17,-1.122377e-32,-6.939107e-22,-9.751462e-18,-3.681567e-19,-1.119857e-32,0.000000e+00,0.000000e+00,0.000000e+00,0.000000e+00,0.000000e+00,0.000000e+00,0.000000e+00,0.000000e+00,5.374430e-18,5.385625e-18,5.535083e-22,6.029519e-31,6.979016e-25,1.551802e-21,2.655996e-22,-1.119857e-32
264.4642,200.00,275.0000,2.692194e+02,2.062684e-01,C,2.235871e-03,1.035826e+00,0.2233%,5.338555e-02,5.196710e-02,1.215736e-04,2.653807e-15,4.851673e-09,8.978116e-05,3.298126e-06,0.000000e+00,0.000000e+00,1.550633e-17,0.000000e+00,0.000000e+00,0.000000e+00,0.000000e+00,0.000000e+00,0.000000e+00,2.569444e-17,1.377616e-30,1.359001e-17,6.736068e-31,7.665858e-22,9.812112e-18,3.917631e-19,3.758802e-42,-2.040609e-17,-1.020325e-17,-1.358943e-17,-1.172201e-32,-7.657808e-22,-9.810563e-18,-3.914784e-19,-1.169105e-32,0.000000e+00,0.000000e+00,0.000000e+00,0.000000e+00,0.000000e+00,0.000000e+00,0.000000e+00,0.000000e+00,5.288349e-18,5.303076e-18,5.763191e-22,6.618848e-31,8.049652e-25,1.549096e-21,2.847214e-22,-1.169105e-32
284.4642,200.00,275.0000,3.047715e+02,2.026408e-01,C,2.229324e-03,1.035826e+00,0.2227%,5.670157e-02,5.529361e-02,1.218927e-04,3.091140e-15,5.318636e-09,9.070818e-05,3.463185e-06,0.000000e+00,0.000000e+00,1.550633e-17,0.000000e+00,0.000000e+00,0.000000e+00,0.000000e+00,0.000000e+00,0.000000e+00,2.576911e-17,5.453062e-30,1.365448e-17,7.340030e-31,8.401175e-22,9.866708e-18,4.145885e-19,-2.088224e-42,-2.056113e-17,-1.028080e-17,-1.365389e-17,-1.228890e-32,-8.392106e-22,-9.865166e-18,-4.142865e-19,-1.225118e-32,0.000000e+00,0.000000e+00,0.000000e+00,0.000000e+00,0.000000e+00,0.000000e+00,0.000000e+00,0.000000e+00,5.207978e-18,5.225526e-18,5.969509e-22,7.217141e-31,9.069225e-25,1.542417e-21,3.020198e-22,-1.225118e-32
304.4642,200.00,275.0000,3.419134e+02,1.992364e-01,C,2.223725e-03,1.035826e+00,0.2221%,5.996811e-02,5.857252e-02,1.221900e-04,3.566496e-15,5.793544e-09,9.159805e-05,3.624293e-06,0.000000e+00,0.000000e+00,1.550633e-17,0.000000e+00,0.000000e+00,0.000000e+00,0.000000e+00,0.000000e+00,0.000000e+00,2.583881e-17,2.709311e-29,1.371376e-17,7.950688e-31,9.148151e-22,9.917323e-18,4.368544e-19,4.594092e-42,-2.070747e-17,-1.035401e-17,-1.371328e-17,-1.291247e-32,-9.140205e-22,-9.915916e-18,-4.365920e-19,-1.286693e-32,0.000000e+00,0.000000e+00,0.000000e+00,0.000000e+00,0.000000e+00,0.000000e+00,0.000000e+00,0.000000e+00,5.131348e-18,5.152320e-18,4.806961e-22,7.821563e-31,7.945588e-25,1.407195e-21,2.624368e-22,-1.286693e-32
324.4642,200.00,275.0000,3.805670e+02,1.960262e-01,C,2.218901e-03,1.035826e+00,0.2216%,6.318796e-02,6.180645e-02,1.224694e-04,4.080318e-15,6.276805e-09,9.245510e-05,3.781898e-06,0.000000e+00,0.000000e+00,1.550633e-17,0.000000e+00,0.000000e+00,0.000000e+00,0.000000e+00,0.000000e+00,0.000000e+00,2.590533e-17,1.003363e-28,1.376876e-17,8.568958e-31,9.907362e-22,9.964608e-18,4.586306e-19,1.252934e-42,-2.084620e-17,-1.042342e-17,-1.376840e-17,-1.358314e-32,-9.900883e-22,-9.963343e-18,-4.584137e-19,-1.352868e-32,0.000000e+00,0.000000e+00,0.000000e+00,0.000000e+00,0.000000e+00,0.000000e+00,0.000000e+00,0.000000e+00,5.059128e-18,5.082909e-18,3.620708e-22,8.433126e-31,6.479555e-25,1.265668e-21,2.168867e-22,-1.352868e-32
344.4642,200.00,275.0000,4.206529e+02,1.929971e-01,C,2.214731e-03,1.035826e+00,0.2212%,6.636361e-02,6.499769e-02,1.227332e-04,4.633001e-15,6.767629e-09,9.328192e-05,3.936080e-06,0.000000e+00,0.000000e+00,1.550633e-17,0.000000e+00,0.000000e+00,0.000000e+00,0.000000e+00,0.000000e+00,0.000000e+00,2.596896e-17,3.305130e-28,1.382007e-17,9.193984e-31,1.067746e-21,1.000898e-17,4.799298e-19,9.605828e-42,-2.097778e-17,-1.048926e-17,-1.381970e-17,-1.429230e-32,-1.067017e-21,-1.000772e-17,-4.797013e-19,-1.422780e-32,0.000000e+00,0.000000e+00,0.000000e+00,0.000000e+00,0.000000e+00,0.000000e+00,0.000000e+00,0.000000e+00,4.991181e-18,5.017073e-18,3.771169e-22,9.051061e-31,7.294390e-25,1.257160e-21,2.284973e-22,-1.422780e-32
364.4642,200.00,275.0000,4.621009e+02,1.901250e-01,C,2.211122e-03,1.035826e+00,0.2209%,6.949725e-02,6.814831e-02,1.229829e-04,5.224891e-15,7.264623e-09,9.408068e-05,4.086782e-06,0.000000e+00,0.000000e+00,1.550633e-17,0.000000e+00,0.000000e+00,0.000000e+00,0.000000e+00,0.000000e+00,0.000000e+00,2.602953e-17,9.686934e-28,1.386813e-17,9.824226e-31,1.145617e-21,1.005072e-17,5.007414e-19,2.380575e-41,-2.110314e-17,-1.055199e-17,-1.386774e-17,-1.503313e-32,-1.144812e-21,-1.004947e-17,-5.005028e-19,-1.495747e-32,0.000000e+00,0.000000e+00,0.000000e+00,0.000000e+00,0.000000e+00,0.000000e+00,0.000000e+00,0.000000e+00,4.926382e-18,4.954339e-18,3.907401e-22,9.673894e-31,8.058798e-25,1.249950e-21,2.385588e-22,-1.495747e-32
384.4642,200.00,275.0000,5.048226e+02,1.873931e-01,C,2.207989e-03,1.035826e+00,0.2206%,7.259090e-02,7.126013e-02,1.232201e-04,5.856316e-15,7.767349e-09,9.485270e-05,4.234116e-06,0.000000e+00,0.000000e+00,1.550633e-17,0.000000e+00,0.000000e+00,0.000000e+00,0.000000e+00,0.000000e+00,0.000000e+00,2.608744e-17,2.582226e-27,1.391336e-17,1.045933e-30,1.224263e-21,1.009014e-17,5.210866e-19,4.051154e-41,-2.122294e-17,-1.061195e-17,-1.391295e-17,-1.579893e-32,-1.223380e-21,-1.008890e-17,-5.208370e-19,-1.571095e-32,0.000000e+00,0.000000e+00,0.000000e+00,0.000000e+00,0.000000e+00,0.000000e+00,0.000000e+00,0.000000e+00,4.864499e-18,4.894384e-18,4.035900e-22,1.030134e-30,8.831602e-25,1.243122e-21,2.495264e-22,-1.571095e-32
404.4642,200.00,275.0000,5.487730e+02,1.847825e-01,C,2.205261e-03,1.035826e+00,0.2203%,7.564627e-02,7.433483e-02,1.234467e-04,6.527539e-15,8.276341e-09,9.560120e-05,4.378448e-06,0.000000e+00,0.000000e+00,1.550633e-17,0.000000e+00,0.000000e+00,0.000000e+00,0.000000e+00,0.000000e+00,0.000000e+00,2.614364e-17,6.334851e-27,1.395614e-17,1.110017e-30,1.303752e-21,1.012755e-17,5.410163e-19,9.856415e-41,-2.133792e-17,-1.066950e-17,-1.395573e-17,-1.658559e-32,-1.302789e-21,-1.012632e-17,-5.407576e-19,-1.648406e-32,0.000000e+00,0.000000e+00,0.000000e+00,0.000000e+00,0.000000e+00,0.000000e+00,0.000000e+00,0.000000e+00,4.805723e-18,4.836834e-18,4.157439e-22,1.093432e-30,9.624210e-25,1.230010e-21,2.587048e-22,-1.648406e-32
424.4642,200.00,275.0000,5.938898e+02,1.822807e-01,C,2.202893e-03,1.035826e+00,0.2200%,7.866496e-02,7.737395e-02,1.236626e-04,7.238810e-15,8.788916e-09,9.632682e-05,4.519407e-06,0.000000e+00,0.000000e+00,1.550633e-17,0.000000e+00,0.000000e+00,0.000000e+00,0.000000e+00,0.000000e+00,0.000000e+00,2.619694e-17,1.445957e-26,1.399662e-17,1.174352e-30,1.383649e-21,1.016302e-17,5.604706e-19,2.150870e-40,-2.144853e-17,-1.072489e-17,-1.399634e-17,-1.740754e-32,-1.382961e-21,-1.016194e-17,-5.602750e-19,-1.728211e-32,0.000000e+00,0.000000e+00,0.000000e+00,0.000000e+00,0.000000e+00,0.000000e+00,0.000000e+00,0.000000e+00,4.748414e-18,4.781444e-18,2.865847e-22,1.156944e-30,6.880910e-25,1.080910e-21,1.956450e-22,-1.728211e-32
444.4642,200.00,275.0000,6.401100e+02,1.799010e-01,C,2.200836e-03,1.035826e+00,0.2198%,8.164845e-02,8.037886e-02,1.238691e-04,7.990363e-15,9.304969e-09,9.703091e-05,4.657160e-06,0.000000e+00,0.000000e+00,1.550633e-17,0.000000e+00,0.000000e+00,0.000000e+00,0.000000e+00,0.000000e+00,0.000000e+00,2.624772e-17,3.099142e-26,1.403504e-17,1.238925e-30,1.463920e-21,1.019674e-17,5.794754e-19,4.523092e-40,-2.155423e-17,-1.077779e-17,-1.403474e-17,-1.820481e-32,-1.463158e-21,-1.019566e-17,-5.792717e-19,-1.807168e-32,0.000000e+00,0.000000e+00,0.000000e+00,0.000000e+00,0.000000e+00,0.000000e+00,0.000000e+00,0.000000e+00,4.693483e-18,4.728540e-18,2.959891e-22,1.220721e-30,7.618513e-25,1.078388e-21,2.037446e-22,-1.807168e-32
464.4642,200.00,275.0000,6.873765e+02,1.776058e-01,C,2.199038e-03,1.035826e+00,0.2197%,8.459811e-02,8.335084e-02,1.240681e-04,8.782408e-15,9.827126e-09,9.771590e-05,4.792435e-06,0.000000e+00,0.000000e+00,1.550633e-17,0.000000e+00,0.000000e+00,0.000000e+00,0.000000e+00,0.000000e+00,0.000000e+00,2.629796e-17,6.285130e-26,1.407180e-17,1.304117e-30,1.544984e-21,1.022906e-17,5.981447e-19,8.849891e-40,-2.165654e-17,-1.082902e-17,-1.407149e-17,-1.903135e-32,-1.544170e-21,-1.022799e-17,-5.979348e-19,-1.887944e-32,0.000000e+00,0.000000e+00,0.000000e+00,0.000000e+00,0.000000e+00,0.000000e+00,0.000000e+00,0.000000e+00,4.641423e-18,4.677311e-18,3.051715e-22,1.285086e-30,8.138309e-25,1.063821e-21,2.098907e-22,-1.887943e-32
484.4642,200.00,275.0000,7.356582e+02,1.754006e-01,C,2.197480e-03,1.035826e+00,0.2195%,8.751511e-02,8.629107e-02,1.242591e-04,9.615109e-15,1.035216e-08,9.838250e-05,4.924736e-06,0.000000e+00,0.000000e+00,1.550633e-17,0.000000e+00,0.000000e+00,0.000000e+00,0.000000e+00,0.000000e+00,0.000000e+00,2.634603e-17,1.213367e-25,1.410687e-17,1.369505e-30,1.626295e-21,1.025992e-17,6.163939e-19,1.647191e-39,-2.175514e-17,-1.087843e-17,-1.410655e-17,-1.988915e-32,-1.625418e-21,-1.025886e-17,-6.161780e-19,-1.970362e-32,0.000000e+00,0.000000e+00,0.000000e+00,0.000000e+00,0.000000e+00,0.000000e+00,0.000000e+00,0.000000e+00,4.590898e-18,4.627903e-18,3.136822e-22,1.349616e-30,8.776964e-25,1.053516e-21,2.159490e-22,-1.970361e-32
504.4642,200.00,275.0000,7.849027e+02,1.732850e-01,C,2.196132e-03,1.035826e+00,0.2194%,9.040058e-02,8.920064e-02,1.244426e-04,1.048863e-14,1.087894e-08,9.903139e-05,5.054030e-06,0.000000e+00,0.000000e+00,1.550633e-17,0.000000e+00,0.000000e+00,0.000000e+00,0.000000e+00,0.000000e+00,0.000000e+00,2.639177e-17,2.241857e-25,1.414036e-17,1.434977e-30,1.707684e-21,1.028940e-17,6.342173e-19,2.956507e-39,-2.185010e-17,-1.092600e-17,-1.414004e-17,-2.073889e-32,-1.706744e-21,-1.028835e-17,-6.339953e-19,-2.052355e-32,0.000000e+00,0.000000e+00,0.000000e+00,0.000000e+00,0.000000e+00,0.000000e+00,0.000000e+00,0.000000e+00,4.541665e-18,4.580327e-18,3.221019e-22,1.414238e-30,9.398883e-25,1.051047e-21,2.219852e-22,-2.052355e-32
524.4642,200.00,275.0000,8.350590e+02,1.712427e-01,C,2.194965e-03,1.035826e+00,0.2193%,9.325564e-02,9.208057e-02,1.246198e-04,1.140316e-14,1.140959e-08,9.966411e-05,5.180841e-06,0.000000e+00,0.000000e+00,1.550633e-17,0.000000e+00,0.000000e+00,0.000000e+00,0.000000e+00,0.000000e+00,0.000000e+00,2.643646e-17,3.983068e-25,1.417254e-17,1.500807e-30,1.789457e-21,1.031774e-17,6.516971e-19,5.083154e-39,-2.194210e-17,-1.097209e-17,-1.417221e-17,-2.158611e-32,-1.788447e-21,-1.031670e-17,-6.514679e-19,-2.134172e-32,0.000000e+00,0.000000e+00,0.000000e+00,0.000000e+00,0.000000e+00,0.000000e+00,0.000000e+00,0.000000e+00,4.494369e-18,4.534236e-18,3.292417e-22,1.479220e-30,1.010163e-24,1.042894e-21,2.291632e-22,-2.134171e-32
544.4642,200.00,275.1509,8.913077e+02,1.690253e-01,C,2.193833e-03,1.035826e+00,0.2191%,9.608241e-02,9.493158e-02,1.248150e-04,1.235927e-14,1.201586e-08,1.002904e-04,5.317582e-06,0.000000e+00,0.000000e+00,1.550633e-17,0.000000e+00,0.000000e+00,0.000000e+00,0.000000e+00,0.000000e+00,0.000000e+00,2.651342e-17,6.862214e-25,1.420720e-17,1.576009e-30,1.882887e-21,1.034844e-17,6.708673e-19,8.484870e-39,-2.204236e-17,-1.102232e-17,-1.420670e-17,-2.242971e-32,-1.881371e-21,-1.034755e-17,-6.705631e-19,-2.215445e-32,0.000000e+00,0.000000e+00,0.000000e+00,0.000000e+00,0.000000e+00,0.000000e+00,0.000000e+00,0.000000e+00,4.471054e-18,4.484012e-18,4.930612e-22,1.553579e-30,1.515523e-24,8.821351e-22,3.041721e-22,-2.215444e-32
564.4642,200.00,275.9744,9.580026e+02,1.664370e-01,C,2.192701e-03,1.035826e+00,0.2190%,9.891700e-02,9.774508e-02,1.250590e-04,1.337285e-14,1.274848e-08,1.004515e-04,5.456831e-06,0.000000e+00,0.000000e+00,1.550633e-17,0.000000e+00,0.000000e+00,0.000000e+00,0.000000e+00,0.000000e+00,0.000000e+00,2.664130e-17,1.160375e-24,1.424684e-17,1.668782e-30,1.996948e-21,1.038380e-17,6.932160e-19,1.384158e-38,-2.216003e-17,-1.108118e-17,-1.424646e-17,-2.271043e-32,-1.995825e-21,-1.038380e-17,-6.930121e-19,-2.240900e-32,0.000000e+00,0.000000e+00,0.000000e+00,0.000000e+00,0.000000e+00,0.000000e+00,0.000000e+00,0.000000e+00,4.481268e-18,4.425147e-18,3.759390e-22,1.646071e-30,1.123001e-24,-8.075881e-25,2.039084e-22,-2.240899e-32
584.4642,200.00,276.5327,1.009879e+03,1.646756e-01,C,2.192052e-03,1.035826e+00,0.2190%,1.017362e-01,1.005276e-01,1.252316e-04,1.443627e-14,1.325757e-08,1.003782e-04,5.549457e-06,0.000000e+00,0.000000e+00,1.550633e-17,0.000000e+00,0.000000e+00,0.000000e+00,0.000000e+00,0.000000e+00,0.000000e+00,2.666685e-17,1.884550e-24,1.427426e-17,1.734640e-30,2.076338e-21,1.040793e-17,7.091087e-19,2.195308e-38,-2.224041e-17,-1.112139e-17,-1.427404e-17,-2.274629e-32,-2.075657e-21,-1.040791e-17,-7.089783e-19,-2.242053e-32,0.000000e+00,0.000000e+00,0.000000e+00,0.000000e+00,0.000000e+00,0.000000e+00,0.000000e+00,0.000000e+00,4.426442e-18,4.384938e-18,2.263472e-22,1.711894e-30,6.805694e-25,2.075054e-23,1.304273e-22,-2.242051e-32
604.4642,200.00,276.7235,1.057256e+03,1.632040e-01,C,2.191573e-03,1.035826e+00,0.2189%,1.045090e-01,1.032886e-01,1.253704e-04,1.553521e-14,1.370168e-08,1.005370e-04,5.637613e-06,0.000000e+00,0.000000e+00,1.550633e-17,0.000000e+00,0.000000e+00,0.000000e+00,0.000000e+00,0.000000e+00,0.000000e+00,2.666499e-17,2.959472e-24,1.429758e-17,1.791480e-30,2.144916e-21,1.042830e-17,7.228544e-19,3.384092e-38,-2.230767e-17,-1.115508e-17,-1.429721e-17,-2.306872e-32,-2.143661e-21,-1.042778e-17,-7.226204e-19,-2.271338e-32,0.000000e+00,0.000000e+00,0.000000e+00,0.000000e+00,0.000000e+00,0.000000e+00,0.000000e+00,0.000000e+00,4.357313e-18,4.351249e-18,3.693729e-22,1.768411e-30,1.255219e-24,5.274645e-22,2.340096e-22,-2.271335e-32
624.4642,200.00,276.9401,1.111039e+03,1.615149e-01,C,2.191098e-03,1.035826e+00,0.2189%,1.072472e-01,1.060263e-01,1.255235e-04,1.667359e-14,1.422551e-08,1.008187e-04,5.740502e-06,0.000000e+00,0.000000e+00,1.550633e-17,0.000000e+00,0.000000e+00,0.000000e+00,0.000000e+00,0.000000e+00,0.000000e+00,2.669577e-17,4.548840e-24,1.432364e-17,1.857720e-30,2.225585e-21,1.045122e-17,7.383304e-19,5.092050e-38,-2.238508e-17,-1.119385e-17,-1.432342e-17,-2.352914e-32,-2.224808e-21,-1.045078e-17,-7.381781e-19,-2.314036e-32,0.000000e+00,0.000000e+00,0.000000e+00,0.000000e+00,0.000000e+00,0.000000e+00,0.000000e+00,0.000000e+00,4.310683e-18,4.312479e-18,2.209713e-22,1.834191e-30,7.771992e-25,4.456285e-22,1.523041e-22,-2.314031e-32
644.4642,200.00,277.1649,1.166878e+03,1.598267e-01,C,2.190696e-03,1.035826e+00,0.2188%,1.099589e-01,1.087393e-01,1.256769e-04,1.785458e-14,1.477034e-08,1.011133e-04,5.845143e-06,0.000000e+00,0.000000e+00,1.550633e-17,0.000000e+00,0.000000e+00,0.000000e+00,0.000000e+00,0.000000e+00,0.000000e+00,2.673372e-17,6.843804e-24,1.434973e-17,1.926534e-30,2.309388e-21,1.047419e-17,7.540133e-19,7.501066e-38,-2.246268e-17,-1.123272e-17,-1.434950e-17,-2.400455e-32,-2.308579e-21,-1.047374e-17,-7.538575e-19,-2.358007e-32,0.000000e+00,0.000000e+00,0.000000e+00,0.000000e+00,0.000000e+00,0.000000e+00,0.000000e+00,0.000000e+00,4.271040e-18,4.273615e-18,2.250686e-22,1.902530e-30,8.083225e-25,4.457418e-22,1.557688e-22,-2.357999e-32
664.4642,200.00,277.3940,1.223768e+03,1.581728e-01,C,2.190374e-03,1.035826e+00,0.2188%,1.126462e-01,1.114280e-01,1.258274e-04,1.907906e-14,1.532128e-08,1.013971e-04,5.948476e-06,0.000000e+00,0.000000e+00,1.550633e-17,0.000000e+00,0.000000e+00,0.000000e+00,0.000000e+00,0.000000e+00,0.000000e+00,2.677269e-17,1.009164e-23,1.437523e-17,1.996198e-30,2.394028e-21,1.049663e-17,7.695309e-19,1.083880e-37,-2.253892e-17,-1.127091e-17,-1.437500e-17,-2.444274e-32,-2.393176e-21,-1.049620e-17,-7.693723e-19,-2.400665e-32,0.000000e+00,0.000000e+00,0.000000e+00,0.000000e+00,0.000000e+00,0.000000e+00,0.000000e+00,0.000000e+00,4.233763e-18,4.235431e-18,2.294999e-22,1.971755e-30,8.527394e-25,4.304648e-22,1.585959e-22,-2.400654e-32
684.4642,200.00,277.6264,1.281472e+03,1.565643e-01,C,2.190128e-03,1.035826e+00,0.2188%,1.153102e-01,1.140929e-01,1.259738e-04,2.034730e-14,1.587294e-08,1.016655e-04,6.049620e-06,0.000000e+00,0.000000e+00,1.550633e-17,0.000000e+00,0.000000e+00,0.000000e+00,0.000000e+00,0.000000e+00,0.000000e+00,2.681070e-17,-1.377616e-30,1.439996e-17,2.066077e-30,2.478693e-21,1.051838e-17,7.847645e-19,-2.505868e-42,-2.261324e-17,-1.130814e-17,-1.439973e-17,-2.490989e-32,-2.477802e-21,-1.051796e-17,-7.846031e-19,-2.441831e-32,0.000000e+00,0.000000e+00,0.000000e+00,0.000000e+00,0.000000e+00,0.000000e+00,0.000000e+00,0.000000e+00,4.197462e-18,4.198189e-18,2.343472e-22,2.041167e-30,8.911424e-25,4.167696e-22,1.613302e-22,-2.441831e-32
704.4642,200.00,277.8615,1.339869e+03,1.549951e-01,C,2.189951e-03,1.035826e+00,0.2188%,1.179516e-01,1.167345e-01,1.261160e-04,2.165954e-14,1.642348e-08,1.019174e-04,6.148335e-06,0.000000e+00,0.000000e+00,1.550633e-17,0.000000e+00,0.000000e+00,0.000000e+00,0.000000e+00,0.000000e+00,0.000000e+00,2.684720e-17,1.377616e-30,1.442391e-17,2.136015e-30,2.563079e-21,1.053942e-17,7.996817e-19,-3.758802e-42,-2.268597e-17,-1.134457e-17,-1.442383e-17,-2.534510e-32,-2.562771e-21,-1.053917e-17,-7.996124e-19,-2.480611e-32,0.000000e+00,0.000000e+00,0.000000e+00,0.000000e+00,0.000000e+00,0.000000e+00,0.000000e+00,0.000000e+00,4.161236e-18,4.161757e-18,8.203151e-23,2.110670e-30,3.074339e-25,2.541826e-22,6.931730e-23,-2.480611e-32
724.4642,200.00,278.0995,1.398964e+03,1.534765e-01,C,2.189836e-03,1.035826e+00,0.2187%,1.205711e-01,1.193535e-01,1.262558e-04,2.301597e-14,1.697920e-08,1.021550e-04,6.245677e-06,0.000000e+00,0.000000e+00,1.550633e-17,0.000000e+00,0.000000e+00,0.000000e+00,0.000000e+00,0.000000e+00,0.000000e+00,2.688449e-17,1.377616e-30,1.444737e-17,2.206765e-30,2.648210e-21,1.056002e-17,8.144461e-19,6.682315e-42,-2.275654e-17,-1.137992e-17,-1.444713e-17,-2.575729e-32,-2.647238e-21,-1.055964e-17,-8.142796e-19,-2.517302e-32,0.000000e+00,0.000000e+00,0.000000e+00,0.000000e+00,0.000000e+00,0.000000e+00,0.000000e+00,0.000000e+00,4.127948e-18,4.126408e-18,2.424926e-22,2.181008e-30,9.722620e-25,3.868556e-22,1.665004e-22,-2.517302e-32
744.4642,200.00,278.3401,1.458708e+03,1.519888e-01,C,2.189778e-03,1.035826e+00,0.2187%,1.231691e-01,1.219502e-01,1.263920e-04,2.441677e-14,1.753455e-08,1.023778e-04,6.340886e-06,0.000000e+00,0.000000e+00,1.550633e-17,0.000000e+00,0.000000e+00,0.000000e+00,0.000000e+00,0.000000e+00,0.000000e+00,2.692071e-17,9.184104e-31,1.447017e-17,2.277693e-30,2.733202e-21,1.058002e-17,8.289360e-19,3.758802e-42,-2.282585e-17,-1.141464e-17,-1.446992e-17,-2.615074e-32,-2.732187e-21,-1.057966e-17,-8.287672e-19,-2.552090e-32,0.000000e+00,0.000000e+00,0.000000e+00,0.000000e+00,0.000000e+00,0.000000e+00,0.000000e+00,0.000000e+00,4.094862e-18,4.091687e-18,2.458911e-22,2.251542e-30,1.014521e-24,3.679073e-22,1.688512e-22,-2.552090e-32
764.4642,200.00,278.5832,1.519076e+03,1.505444e-01,C,2.189771e-03,1.035826e+00,0.2187%,1.257463e-01,1.245254e-01,1.265246e-04,2.586211e-14,1.808802e-08,1.025858e-04,6.433831e-06,0.000000e+00,0.000000e+00,1.550633e-17,0.000000e+00,0.000000e+00,0.000000e+00,0.000000e+00,0.000000e+00,0.000000e+00,2.695547e-17,2.984834e-30,1.449228e-17,2.348623e-30,2.817819e-21,1.059941e-17,8.431285e-19,-2.505868e-42,-2.289332e-17,-1.144844e-17,-1.449203e-17,-2.652614e-32,-2.816759e-21,-1.059905e-17,-8.429572e-19,-2.584957e-32,0.000000e+00,0.000000e+00,0.000000e+00,0.000000e+00,0.000000e+00,0.000000e+00,0.000000e+00,0.000000e+00,4.062145e-18,4.057889e-18,2.495906e-22,2.322097e-30,1.059880e-24,3.556543e-22,1.713010e-22,-2.584957e-32
784.4642,200.00,278.8287,1.580056e+03,1.491339e-01,C,2.189811e-03,1.035826e+00,0.2187%,1.283030e-01,1.270794e-01,1.266543e-04,2.735215e-14,1.864227e-08,1.027807e-04,6.525002e-06,0.000000e+00,0.000000e+00,1.550633e-17,0.000000e+00,0.000000e+00,0.000000e+00,0.000000e+00,0.000000e+00,0.000000e+00,2.698976e-17,4.132847e-30,1.451385e-17,2.419911e-30,2.902502e-21,1.061830e-17,8.570976e-19,-3.758802e-42,-2.295937e-17,-1.148153e-17,-1.451360e-17,-2.688493e-32,-2.901406e-21,-1.061796e-17,-8.569240e-19,-2.616009e-32,0.000000e+00,0.000000e+00,0.000000e+00,0.000000e+00,0.000000e+00,0.000000e+00,0.000000e+00,0.000000e+00,4.030387e-18,4.024804e-18,2.532242e-22,2.393026e-30,1.096378e-24,3.420487e-22,1.736193e-22,-2.616009e-32
804.4642,200.00,279.0767,1.641629e+03,1.477587e-01,C,2.189894e-03,1.035826e+00,0.2187%,1.308399e-01,1.296127e-01,1.267810e-04,2.888709e-14,1.919600e-08,1.029624e-04,6.614282e-06,0.000000e+00,0.000000e+00,1.550633e-17,0.000000e+00,0.000000e+00,0.000000e+00,0.000000e+00,0.000000e+00,0.000000e+00,2.702322e-17,5.280860e-30,1.453487e-17,2.491414e-30,2.987049e-21,1.063669e-17,8.708237e-19,8.352894e-43,-2.302392e-17,-1.151386e-17,-1.453462e-17,-2.722717e-32,-2.985915e-21,-1.063636e-17,-8.706479e-19,-2.645245e-32,0.000000e+00,0.000000e+00,0.000000e+00,0.000000e+00,0.000000e+00,0.000000e+00,0.000000e+00,0.000000e+00,3.999307e-18,3.992468e-18,2.572948e-22,2.464186e-30,1.134276e-24,3.307573e-22,1.758677e-22,-2.645245e-32
824.4642,200.00,279.3269,1.703766e+03,1.464200e-01,C,2.190014e-03,1.035826e+00,0.2188%,1.333574e-01,1.321259e-01,1.269046e-04,3.046709e-14,1.974788e-08,1.031315e-04,6.701569e-06,0.000000e+00,0.000000e+00,1.550633e-17,0.000000e+00,0.000000e+00,0.000000e+00,0.000000e+00,0.000000e+00,0.000000e+00,2.705554e-17,8.036091e-30,1.455533e-17,2.562988e-30,3.071252e-21,1.065457e-17,8.842877e-19,7.935250e-42,-2.308690e-17,-1.154541e-17,-1.455506e-17,-2.755325e-32,-3.070067e-21,-1.065425e-17,-8.841079e-19,-2.672701e-32,0.000000e+00,0.000000e+00,0.000000e+00,0.000000e+00,0.000000e+00,0.000000e+00,0.000000e+00,0.000000e+00,3.968641e-18,3.960916e-18,2.601368e-22,2.535434e-30,1.185226e-24,3.214406e-22,1.798191e-22,-2.672701e-32
844.4642,200.00,279.5793,1.766456e+03,1.451081e-01,C,2.190171e-03,1.035826e+00,0.2188%,1.358559e-01,1.346192e-01,1.270260e-04,3.209234e-14,2.030129e-08,1.032892e-04,6.787400e-06,0.000000e+00,0.000000e+00,1.550633e-17,0.000000e+00,0.000000e+00,0.000000e+00,0.000000e+00,0.000000e+00,0.000000e+00,2.708782e-17,1.377616e-29,1.457536e-17,2.635065e-30,3.155654e-21,1.067207e-17,8.975723e-19,2.505868e-42,-2.314877e-17,-1.157641e-17,-1.457509e-17,-2.786416e-32,-3.154426e-21,-1.067176e-17,-8.973904e-19,-2.698473e-32,0.000000e+00,0.000000e+00,0.000000e+00,0.000000e+00,0.000000e+00,0.000000e+00,0.000000e+00,0.000000e+00,3.939047e-18,3.929923e-18,2.634486e-22,2.607201e-30,1.228240e-24,3.093665e-22,1.819603e-22,-2.698473e-32
864.4642,200.00,279.8339,1.829671e+03,1.438240e-01,C,2.190360e-03,1.035826e+00,0.2188%,1.383358e-01,1.370931e-01,1.271451e-04,3.376301e-14,2.085524e-08,1.034356e-04,6.871687e-06,0.000000e+00,0.000000e+00,1.550633e-17,0.000000e+00,0.000000e+00,0.000000e+00,0.000000e+00,0.000000e+00,0.000000e+00,2.711977e-17,2.410827e-29,1.459495e-17,2.707539e-30,3.240099e-21,1.068917e-17,9.106628e-19,-6.264671e-42,-2.320946e-17,-1.160681e-17,-1.459469e-17,-2.815987e-32,-3.238827e-21,-1.068887e-17,-9.104789e-19,-2.722562e-32,0.000000e+00,0.000000e+00,0.000000e+00,0.000000e+00,0.000000e+00,0.000000e+00,0.000000e+00,0.000000e+00,3.910305e-18,3.899520e-18,2.672900e-22,2.679380e-30,1.271990e-24,2.968077e-22,1.839718e-22,-2.722562e-32
884.4642,200.00,280.0906,1.893420e+03,1.425685e-01,C,2.190576e-03,1.035826e+00,0.2188%,1.407977e-01,1.395481e-01,1.272608e-04,3.547928e-14,2.140343e-08,1.035703e-04,6.953701e-06,0.000000e+00,0.000000e+00,1.550633e-17,0.000000e+00,0.000000e+00,0.000000e+00,0.000000e+00,0.000000e+00,0.000000e+00,2.714970e-17,3.880284e-29,1.461395e-17,2.779691e-30,3.323607e-21,1.070572e-17,9.234395e-19,2.088224e-42,-2.326893e-17,-1.163660e-17,-1.461384e-17,-2.844129e-32,-3.323122e-21,-1.070559e-17,-9.233603e-19,-2.745058e-32,0.000000e+00,0.000000e+00,0.000000e+00,0.000000e+00,0.000000e+00,0.000000e+00,0.000000e+00,0.000000e+00,3.880766e-18,3.869728e-18,1.052904e-22,2.751250e-30,4.852404e-25,1.352680e-22,7.913055e-23,-2.745058e-32
904.4642,200.00,280.3493,1.957668e+03,1.413429e-01,C,2.190821e-03,1.035826e+00,0.2188%,1.432417e-01,1.419844e-01,1.273750e-04,3.724133e-14,2.195507e-08,1.036955e-04,7.034678e-06,0.000000e+00,0.000000e+00,1.550633e-17,0.000000e+00,0.000000e+00,0.000000e+00,0.000000e+00,0.000000e+00,0.000000e+00,2.718022e-17,6.038549e-29,1.463265e-17,2.852609e-30,3.407627e-21,1.072201e-17,9.360975e-19,-1.252934e-42,-2.332712e-17,-1.166575e-17,-1.463254e-17,-2.870837e-32,-3.407119e-21,-1.072188e-17,-9.360175e-19,-2.765961e-32,0.000000e+00,0.000000e+00,0.000000e+00,0.000000e+00,0.000000e+00,0.000000e+00,0.000000e+00,0.000000e+00,3.853099e-18,3.840580e-18,1.074693e-22,2.823900e-30,5.082631e-25,1.239246e-22,8.007439e-23,-2.765961e-32
924.4642,200.00,280.6099,2.022385e+03,1.401478e-01,C,2.191090e-03,1.035826e+00,0.2189%,1.456684e-01,1.444026e-01,1.274866e-04,3.904937e-14,2.250383e-08,1.038101e-04,7.113881e-06,0.000000e+00,0.000000e+00,1.550633e-17,0.000000e+00,0.000000e+00,0.000000e+00,0.000000e+00,0.000000e+00,0.000000e+00,2.720967e-17,9.551469e-29,1.465088e-17,2.925584e-30,3.491195e-21,1.073787e-17,9.485192e-19,-2.505868e-42,-2.338398e-17,-1.169423e-17,-1.465077e-17,-2.896121e-32,-3.490662e-21,-1.073776e-17,-9.484364e-19,-2.785284e-32,0.000000e+00,0.000000e+00,0.000000e+00,0.000000e+00,0.000000e+00,0.000000e+00,0.000000e+00,0.000000e+00,3.825692e-18,3.812100e-18,1.096049e-22,2.896623e-30,5.326209e-25,1.163627e-22,8.273829e-23,-2.785284e-32
944.4642,200.00,280.8725,2.087587e+03,1.389731e-01,C,2.191382e-03,1.035826e+00,0.2189%,1.480782e-01,1.468028e-01,1.275965e-04,4.090358e-14,2.305417e-08,1.039158e-04,7.191920e-06,0.000000e+00,0.000000e+00,1.550633e-17,0.000000e+00,0.000000e+00,0.000000e+00,0.000000e+00,0.000000e+00,0.000000e+00,2.723927e-17,1.435016e-28,1.466880e-17,2.999157e-30,3.574992e-21,1.075345e-17,9.607976e-19,5.429381e-42,-2.343999e-17,-1.172228e-17,-1.466869e-17,-2.920121e-32,-3.574435e-21,-1.075335e-17,-9.607140e-19,-2.803167e-32,0.000000e+00,0.000000e+00,0.000000e+00,0.000000e+00,0.000000e+00,0.000000e+00,0.000000e+00,0.000000e+00,3.799279e-18,3.784044e-18,1.122467e-22,2.969956e-30,5.569336e-25,1.058382e-22,8.359858e-23,-2.803167e-32
964.4642,200.00,281.1369,2.153257e+03,1.378303e-01,C,2.191696e-03,1.035826e+00,0.2189%,1.504712e-01,1.491856e-01,1.277047e-04,4.280415e-14,2.360533e-08,1.040128e-04,7.268752e-06,0.000000e+00,0.000000e+00,1.550633e-17,0.000000e+00,0.000000e+00,0.000000e+00,0.000000e+00,0.000000e+00,0.000000e+00,2.726881e-17,2.149080e-28,1.468641e-17,3.073248e-30,3.658926e-21,1.076875e-17,9.729243e-19,-6.264671e-42,-2.349458e-17,-1.174963e-17,-1.468613e-17,-2.942801e-32,-3.657456e-21,-1.076850e-17,-9.727305e-19,-2.819580e-32,0.000000e+00,0.000000e+00,0.000000e+00,0.000000e+00,0.000000e+00,0.000000e+00,0.000000e+00,0.000000e+00,3.774232e-18,3.756698e-18,2.813935e-22,3.043820e-30,1.470355e-24,2.494483e-22,1.937754e-22,-2.819580e-32
984.4642,200.00,281.4030,2.219340e+03,1.366981e-01,C,2.192026e-03,1.035826e+00,0.2190%,1.528480e-01,1.515511e-01,1.278101e-04,4.475129e-14,2.415063e-08,1.040999e-04,7.343597e-06,0.000000e+00,0.000000e+00,1.550633e-17,0.000000e+00,0.000000e+00,0.000000e+00,0.000000e+00,0.000000e+00,0.000000e+00,2.729667e-17,3.170812e-28,1.470352e-17,3.147097e-30,3.741916e-21,1.078359e-17,9.847761e-19,1.002347e-41,-2.354878e-17,-1.177678e-17,-1.470340e-17,-2.964276e-32,-3.741331e-21,-1.078350e-17,-9.846924e-19,-2.834637e-32,0.000000e+00,0.000000e+00,0.000000e+00,0.000000e+00,0.000000e+00,0.000000e+00,0.000000e+00,0.000000e+00,3.747884e-18,3.729550e-18,1.154986e-22,3.117454e-30,5.849554e-25,8.490613e-23,8.371658e-23,-2.834637e-32
1004.4642,200.00,281.6708,2.285848e+03,1.355995e-01,C,2.192373e-03,1.035826e+00,0.2190%,1.552088e-01,1.538997e-01,1.279137e-04,4.674520e-14,2.469490e-08,1.041787e-04,7.417115e-06,0.000000e+00,0.000000e+00,1.550633e-17,0.000000e+00,0.000000e+00,0.000000e+00,0.000000e+00,0.000000e+00,0.000000e+00,2.732410e-17,4.598940e-28,1.472029e-17,3.221281e-30,3.824765e-21,1.079812e-17,9.964548e-19,-1.252934e-42,-2.360148e-17,-1.180317e-17,-1.472017e-17,-2.984474e-32,-3.824148e-21,-1.079805e-17,-9.963686e-19,-2.848274e-32,0.000000e+00,0.000000e+00,0.000000e+00,0.000000e+00,0.000000e+00,0.000000e+00,0.000000e+00,0.000000e+00,3.722616e-18,3.703155e-18,1.174001e-22,3.191436e-30,6.174172e-25,7.878149e-23,8.628091e-23,-2.848274e-32
1024.4642,200.00,281.9404,2.352788e+03,1.345238e-01,C,2.192740e-03,1.035826e+00,0.2190%,1.575539e-01,1.562318e-01,1.280164e-04,4.878610e-14,2.524322e-08,1.042503e-04,7.489956e-06,0.000000e+00,0.000000e+00,1.550633e-17,0.000000e+00,0.000000e+00,0.000000e+00,0.000000e+00,0.000000e+00,0.000000e+00,2.735239e-17,6.651588e-28,1.473689e-17,3.296435e-30,3.908283e-21,1.081250e-17,1.008061e-18,7.517605e-42,-2.365318e-17,-1.182907e-17,-1.473660e-17,-3.003512e-32,-3.906693e-21,-1.081228e-17,-1.007862e-18,-2.860605e-32,0.000000e+00,0.000000e+00,0.000000e+00,0.000000e+00,0.000000e+00,0.000000e+00,0.000000e+00,0.000000e+00,3.699211e-18,3.677260e-18,2.893685e-22,3.266399e-30,1.590050e-24,2.247059e-22,1.990609e-22,-2.860605e-32
1044.4642,200.00,282.2115,2.420118e+03,1.334603e-01,C,2.193116e-03,1.035826e+00,0.2191%,1.598836e-01,1.585476e-01,1.281161e-04,5.087418e-14,2.578285e-08,1.043131e-04,7.560653e-06,0.000000e+00,0.000000e+00,1.550633e-17,0.000000e+00,0.000000e+00,0.000000e+00,0.000000e+00,0.000000e+00,0.000000e+00,2.737848e-17,9.406819e-28,1.475297e-17,3.371051e-30,3.990427e-21,1.082641e-17,1.019362e-18,3.758802e-42,-2.370439e-17,-1.185472e-17,-1.475285e-17,-3.021467e-32,-3.989780e-21,-1.082634e-17,-1.019274e-18,-2.871714e-32,0.000000e+00,0.000000e+00,0.000000e+00,0.000000e+00,0.000000e+00,0.000000e+00,0.000000e+00,0.000000e+00,3.674083e-18,3.651613e-18,1.209811e-22,3.340836e-30,6.470200e-25,6.222742e-23,8.795147e-23,-2.871714e-32
1064.4642,200.00,282.4844,2.487875e+03,1.324208e-01,C,2.193508e-03,1.035826e+00,0.2191%,1.621983e-01,1.608474e-01,1.282147e-04,5.300966e-14,2.632520e-08,1.043692e-04,7.630591e-06,0.000000e+00,0.000000e+00,1.550633e-17,0.000000e+00,0.000000e+00,0.000000e+00,0.000000e+00,0.000000e+00,0.000000e+00,2.740512e-17,1.326644e-27,1.476885e-17,3.446500e-30,4.073026e-21,1.084014e-17,1.030575e-18,-2.088224e-42,-2.375454e-17,-1.187983e-17,-1.476873e-17,-3.038325e-32,-4.072358e-21,-1.084008e-17,-1.030486e-18,-2.881590e-32,0.000000e+00,0.000000e+00,0.000000e+00,0.000000e+00,0.000000e+00,0.000000e+00,0.000000e+00,0.000000e+00,3.650577e-18,3.626498e-18,1.227170e-22,3.416117e-30,6.677976e-25,5.384710e-23,8.873939e-23,-2.881590e-32
1084.4642,200.00,282.7587,2.555992e+03,1.314059e-01,C,2.193910e-03,1.035826e+00,0.2192%,1.644981e-01,1.631314e-01,1.283113e-04,5.519279e-14,2.686329e-08,1.044178e-04,7.699011e-06,0.000000e+00,0.000000e+00,1.550633e-17,0.000000e+00,0.000000e+00,0.000000e+00,0.000000e+00,0.000000e+00,0.000000e+00,2.743072e-17,1.848071e-27,1.478437e-17,3.521979e-30,4.154996e-21,1.085354e-17,1.041578e-18,1.252934e-42,-2.380360e-17,-1.190440e-17,-1.478425e-17,-3.054091e-32,-4.154308e-21,-1.085349e-17,-1.041489e-18,-2.890240e-32,0.000000e+00,0.000000e+00,0.000000e+00,0.000000e+00,0.000000e+00,0.000000e+00,0.000000e+00,0.000000e+00,3.627117e-18,3.601930e-18,1.243244e-22,3.491438e-30,6.885475e-25,4.924526e-23,8.963457e-23,-2.890240e-32
1104.4642,200.00,283.0344,2.624464e+03,1.304046e-01,C,2.194326e-03,1.035826e+00,0.2192%,1.667835e-01,1.654001e-01,1.284069e-04,5.742378e-14,2.740278e-08,1.044600e-04,7.766585e-06,0.000000e+00,0.000000e+00,1.550633e-17,0.000000e+00,0.000000e+00,0.000000e+00,0.000000e+00,0.000000e+00,0.000000e+00,2.745660e-17,2.544227e-27,1.479969e-17,3.598176e-30,4.237215e-21,1.086675e-17,1.052478e-18,-5.847026e-42,-2.385208e-17,-1.192868e-17,-1.479956e-17,-3.068863e-32,-4.236510e-21,-1.086671e-17,-1.052388e-18,-2.897763e-32,0.000000e+00,0.000000e+00,0.000000e+00,0.000000e+00,0.000000e+00,0.000000e+00,0.000000e+00,0.000000e+00,3.604519e-18,3.577652e-18,1.259810e-22,3.567487e-30,7.051122e-25,4.114191e-23,9.037486e-23,-2.897763e-32
1124.4642,200.00,283.3116,2.693299e+03,1.294175e-01,C,2.194753e-03,1.035826e+00,0.2192%,1.690546e-01,1.676535e-01,1.285013e-04,5.970288e-14,2.794321e-08,1.044960e-04,7.833286e-06,0.000000e+00,0.000000e+00,1.550633e-17,0.000000e+00,0.000000e+00,0.000000e+00,0.000000e+00,0.000000e+00,0.000000e+00,2.748266e-17,3.475724e-27,1.481480e-17,3.675048e-30,4.319607e-21,1.087978e-17,1.063268e-18,3.341158e-42,-2.389998e-17,-1.195266e-17,-1.481467e-17,-3.082660e-32,-4.318881e-21,-1.087975e-17,-1.063179e-18,-2.904191e-32,0.000000e+00,0.000000e+00,0.000000e+00,0.000000e+00,0.000000e+00,0.000000e+00,0.000000e+00,0.000000e+00,3.582680e-18,3.553672e-18,1.275757e-22,3.644221e-30,7.260919e-25,3.036552e-23,8.937854e-23,-2.904191e-32
1144.4642,200.00,283.5902,2.762480e+03,1.284564e-01,C,2.195186e-03,1.035826e+00,0.2193%,1.713116e-01,1.698920e-01,1.285935e-04,6.203033e-14,2.847723e-08,1.045250e-04,7.898358e-06,0.000000e+00,0.000000e+00,1.550633e-17,0.000000e+00,0.000000e+00,0.000000e+00,0.000000e+00,0.000000e+00,0.000000e+00,2.750727e-17,4.704328e-27,1.482952e-17,3.751742e-30,4.401051e-21,1.089245e-17,1.073828e-18,-2.923513e-42,-2.394668e-17,-1.197604e-17,-1.482939e-17,-3.094972e-32,-4.400305e-21,-1.089243e-17,-1.073736e-18,-2.909173e-32,0.000000e+00,0.000000e+00,0.000000e+00,0.000000e+00,0.000000e+00,0.000000e+00,0.000000e+00,0.000000e+00,3.560592e-18,3.530286e-18,1.297480e-22,3.720792e-30,7.460103e-25,2.649218e-23,9.179434e-23,-2.909173e-32
1164.4642,200.00,283.8701,2.831999e+03,1.275103e-01,C,2.195629e-03,1.035826e+00,0.2193%,1.735550e-01,1.721158e-01,1.286844e-04,6.440637e-14,2.901091e-08,1.045484e-04,7.962495e-06,0.000000e+00,0.000000e+00,1.550633e-17,0.000000e+00,0.000000e+00,0.000000e+00,0.000000e+00,0.000000e+00,0.000000e+00,2.753183e-17,6.314531e-27,1.484403e-17,3.828992e-30,4.482478e-21,1.090493e-17,1.084265e-18,6.264671e-42,-2.399275e-17,-1.199910e-17,-1.484390e-17,-3.105933e-32,-4.481709e-21,-1.090491e-17,-1.084172e-18,-2.912814e-32,0.000000e+00,0.000000e+00,0.000000e+00,0.000000e+00,0.000000e+00,0.000000e+00,0.000000e+00,0.000000e+00,3.539079e-18,3.507225e-18,1.307036e-22,3.797932e-30,7.695952e-25,1.939630e-23,9.253849e-23,-2.912814e-32
1184.4642,200.00,284.1514,2.901854e+03,1.265796e-01,C,2.196080e-03,1.035826e+00,0.2194%,1.757848e-01,1.743252e-01,1.287742e-04,6.683126e-14,2.954363e-08,1.045661e-04,8.025665e-06,0.000000e+00,0.000000e+00,1.550633e-17,0.000000e+00,0.000000e+00,0.000000e+00,0.000000e+00,0.000000e+00,0.000000e+00,2.755620e-17,8.404833e-27,1.485831e-17,3.906745e-30,4.563809e-21,1.091721e-17,1.094574e-18,5.429381e-42,-2.403814e-17,-1.202183e-17,-1.485818e-17,-3.115516e-32,-4.563018e-21,-1.091720e-17,-1.094480e-18,-2.915095e-32,0.000000e+00,0.000000e+00,0.000000e+00,0.000000e+00,0.000000e+00,0.000000e+00,0.000000e+00,0.000000e+00,3.518061e-18,3.484502e-18,1.322126e-22,3.875590e-30,7.914397e-25,1.256575e-23,9.325129e-23,-2.915095e-32
1204.4642,200.00,284.4340,2.972026e+03,1.256752e-01,C,2.196532e-03,1.035826e+00,0.2194%,1.780013e-01,1.765203e-01,1.288615e-04,6.930525e-14,3.006774e-08,1.045774e-04,8.087102e-06,0.000000e+00,0.000000e+00,1.550633e-17,0.000000e+00,0.000000e+00,0.000000e+00,0.000000e+00,0.000000e+00,0.000000e+00,2.757881e-17,1.110243e-26,1.487218e-17,3.984106e-30,4.643863e-21,1.092912e-17,1.104632e-18,-1.670579e-42,-2.408231e-17,-1.204394e-17,-1.487205e-17,-3.128572e-32,-4.643058e-21,-1.092911e-17,-1.104538e-18,-2.919323e-32,0.000000e+00,0.000000e+00,0.000000e+00,0.000000e+00,0.000000e+00,0.000000e+00,0.000000e+00,0.000000e+00,3.496497e-18,3.462385e-18,1.335055e-22,3.952820e-30,8.057258e-25,1.305982e-23,9.415147e-23,-2.919323e-32
1224.4642,200.00,284.7176,3.042461e+03,1.247757e-01,C,2.196996e-03,1.035826e+00,0.2195%,1.802048e-01,1.787014e-01,1.289486e-04,7.182864e-14,3.059688e-08,1.045842e-04,8.148251e-06,0.000000e+00,0.000000e+00,1.550633e-17,0.000000e+00,0.000000e+00,0.000000e+00,0.000000e+00,0.000000e+00,0.000000e+00,2.760253e-17,1.455451e-26,1.488600e-17,4.062718e-30,4.724743e-21,1.094098e-17,1.114669e-18,5.429381e-42,-2.412632e-17,-1.206597e-17,-1.488586e-17,-3.137944e-32,-4.723919e-21,-1.094097e-17,-1.114574e-18,-2.920709e-32,0.000000e+00,0.000000e+00,0.000000e+00,0.000000e+00,0.000000e+00,0.000000e+00,0.000000e+00,0.000000e+00,3.476209e-18,3.440355e-18,1.349504e-22,4.031338e-30,8.238889e-25,6.531509e-24,9.480496e-23,-2.920709e-32
1244.4642,200.00,285.0036,3.113487e+03,1.238575e-01,C,2.198123e-03,1.035826e+00,0.2196%,1.823953e-01,1.808688e-01,1.290697e-04,7.440150e-14,3.111434e-08,1.046058e-04,8.208600e-06,0.000000e+00,0.000000e+00,1.550633e-17,0.000000e+00,0.000000e+00,0.000000e+00,0.000000e+00,0.000000e+00,0.000000e+00,2.763222e-17,1.894635e-26,1.490387e-17,4.140707e-30,4.803912e-21,1.095572e-17,1.124610e-18,1.294699e-41,-2.417133e-17,-1.208850e-17,-1.489939e-17,-3.146885e-32,-4.804213e-21,-1.095345e-17,-1.124491e-18,-2.921526e-32,0.000000e+00,0.000000e+00,0.000000e+00,0.000000e+00,0.000000e+00,0.000000e+00,0.000000e+00,0.000000e+00,3.460891e-18,3.417826e-18,4.486188e-21,4.109239e-30,-3.013402e-25,2.272526e-21,1.184749e-22,-2.921526e-32
1264.4642,200.00,285.1324,3.145469e+03,1.189158e-01,C,2.221853e-03,1.035826e+00,0.2219%,1.845620e-01,1.829823e-01,1.303621e-04,7.699794e-14,3.090309e-08,1.050521e-04,8.229036e-06,0.000000e+00,0.000000e+00,1.550633e-17,0.000000e+00,0.000000e+00,0.000000e+00,0.000000e+00,0.000000e+00,0.000000e+00,2.780578e-17,2.404513e-26,1.506197e-17,4.138234e-30,4.775551e-21,1.107043e-17,1.129752e-18,1.252934e-41,-2.441494e-17,-1.221038e-17,-1.506049e-17,-3.151403e-32,-4.775080e-21,-1.107004e-17,-1.129659e-18,-2.918155e-32,0.000000e+00,0.000000e+00,0.000000e+00,0.000000e+00,0.000000e+00,0.000000e+00,0.000000e+00,0.000000e+00,3.390837e-18,3.295954e-18,1.486017e-21,4.106720e-30,4.710797e-25,3.846262e-22,9.301380e-23,-2.918155e-32
1284.4642,200.00,285.2193,3.167042e+03,1.157101e-01,C,2.237938e-03,1.035826e+00,0.2235%,1.866789e-01,1.850398e-01,1.312338e-04,7.959192e-14,3.068504e-08,1.052403e-04,8.234196e-06,0.000000e+00,0.000000e+00,1.550633e-17,0.000000e+00,0.000000e+00,0.000000e+00,0.000000e+00,0.000000e+00,0.000000e+00,2.788363e-17,3.020032e-26,1.516801e-17,4.133517e-30,4.745483e-21,1.114706e-17,1.132458e-18,2.129988e-41,-2.457414e-17,-1.229001e-17,-1.516673e-17,-3.139567e-32,-4.746121e-21,-1.114681e-17,-1.132482e-18,-2.899686e-32,0.000000e+00,0.000000e+00,0.000000e+00,0.000000e+00,0.000000e+00,0.000000e+00,0.000000e+00,0.000000e+00,3.309496e-18,3.216317e-18,1.282407e-21,4.102122e-30,-6.372782e-25,2.553621e-22,-2.340392e-23,-2.899686e-32
1304.4642,200.00,285.3038,3.188031e+03,1.125949e-01,C,2.253692e-03,1.035826e+00,0.2251%,1.887455e-01,1.870476e-01,1.320876e-04,8.218346e-14,3.048048e-08,1.054325e-04,8.239805e-06,0.000000e+00,0.000000e+00,1.550633e-17,0.000000e+00,0.000000e+00,0.000000e+00,0.000000e+00,0.000000e+00,0.000000e+00,2.796045e-17,3.756620e-26,1.527193e-17,4.129885e-30,4.717265e-21,1.122217e-17,1.135148e-18,3.341158e-41,-2.472973e-17,-1.236784e-17,-1.527061e-17,-3.125365e-32,-4.717938e-21,-1.122190e-17,-1.135177e-18,-2.879864e-32,0.000000e+00,0.000000e+00,0.000000e+00,0.000000e+00,0.000000e+00,0.000000e+00,0.000000e+00,0.000000e+00,3.230728e-18,3.138489e-18,1.318401e-21,4.098631e-30,-6.734455e-25,2.696438e-22,-2.911949e-23,-2.879864e-32
1324.4642,200.00,285.3864,3.208549e+03,1.095532e-01,C,2.269191e-03,1.035826e+00,0.2267%,1.907626e-01,1.890067e-01,1.329264e-04,8.477268e-14,3.028138e-08,1.056298e-04,8.245185e-06,0.000000e+00,0.000000e+00,1.550633e-17,0.000000e+00,0.000000e+00,0.000000e+00,0.000000e+00,0.000000e+00,0.000000e+00,2.803564e-17,4.629431e-26,1.537409e-17,4.126385e-30,4.689635e-21,1.129599e-17,1.137719e-18,3.466451e-41,-2.488247e-17,-1.244425e-17,-1.537279e-17,-3.116170e-32,-4.690252e-21,-1.129569e-17,-1.137743e-18,-2.863712e-32,0.000000e+00,0.000000e+00,0.000000e+00,0.000000e+00,0.000000e+00,0.000000e+00,0.000000e+00,0.000000e+00,3.153171e-18,3.062077e-18,1.292061e-21,4.095223e-30,-6.171460e-25,2.984616e-22,-2.413982e-23,-2.863712e-32
1344.4642,200.00,285.4673,3.228633e+03,1.065792e-01,C,2.284458e-03,1.035826e+00,0.2282%,1.927309e-01,1.909180e-01,1.337518e-04,8.735974e-14,3.008634e-08,1.058321e-04,8.250250e-06,0.000000e+00,0.000000e+00,1.550633e-17,0.000000e+00,0.000000e+00,0.000000e+00,0.000000e+00,0.000000e+00,0.000000e+00,2.810928e-17,5.655066e-26,1.547463e-17,4.122895e-30,4.662420e-21,1.136863e-17,1.140163e-18,4.176447e-41,-2.503263e-17,-1.251937e-17,-1.547334e-17,-3.107596e-32,-4.663026e-21,-1.136831e-17,-1.140187e-18,-2.848251e-32,0.000000e+00,0.000000e+00,0.000000e+00,0.000000e+00,0.000000e+00,0.000000e+00,0.000000e+00,0.000000e+00,3.076647e-18,2.986957e-18,1.286505e-21,4.091819e-30,-6.054122e-25,3.124936e-22,-2.408165e-23,-2.848251e-32
1364.4642,200.00,285.5463,3.248251e+03,1.036801e-01,C,2.299457e-03,1.035826e+00,0.2297%,1.946514e-01,1.927822e-01,1.345618e-04,8.994479e-14,2.989559e-08,1.060374e-04,8.254972e-06,0.000000e+00,0.000000e+00,1.550633e-17,0.000000e+00,0.000000e+00,0.000000e+00,0.000000e+00,0.000000e+00,0.000000e+00,2.818100e-17,6.850125e-26,1.557331e-17,4.119457e-30,4.635668e-21,1.143991e-17,1.142480e-18,5.429381e-41,-2.517979e-17,-1.259299e-17,-1.557202e-17,-3.099297e-32,-4.636265e-21,-1.143957e-17,-1.142502e-18,-2.833195e-32,0.000000e+00,0.000000e+00,0.000000e+00,0.000000e+00,0.000000e+00,0.000000e+00,0.000000e+00,0.000000e+00,3.001207e-18,2.913341e-18,1.298440e-21,4.088464e-30,-5.978154e-25,3.401533e-22,-2.148329e-23,-2.833195e-32
1384.4642,200.00,285.6235,3.267429e+03,1.008376e-01,C,2.314205e-03,1.035826e+00,0.2312%,1.965248e-01,1.946002e-01,1.353581e-04,9.252798e-14,2.971613e-08,1.062466e-04,8.260147e-06,0.000000e+00,0.000000e+00,1.550633e-17,0.000000e+00,0.000000e+00,0.000000e+00,0.000000e+00,0.000000e+00,0.000000e+00,2.825255e-17,8.234055e-26,1.567041e-17,4.116958e-30,4.610464e-21,1.151005e-17,1.144799e-18,6.765844e-41,-2.532484e-17,-1.266555e-17,-1.566924e-17,-3.091345e-32,-4.611012e-21,-1.150976e-17,-1.144822e-18,-2.818622e-32,0.000000e+00,0.000000e+00,0.000000e+00,0.000000e+00,0.000000e+00,0.000000e+00,0.000000e+00,0.000000e+00,2.927710e-18,2.840784e-18,1.171071e-21,4.086044e-30,-5.480160e-25,2.910576e-22,-2.236197e-23,-2.818622e-32
1404.4642,200.00,285.6989,3.286163e+03,9.806227e-02,C,2.328705e-03,1.035826e+00,0.2326%,1.983519e-01,1.963728e-01,1.361403e-04,9.510944e-14,2.953992e-08,1.064581e-04,8.264938e-06,0.000000e+00,0.000000e+00,1.550633e-17,0.000000e+00,0.000000e+00,0.000000e+00,0.000000e+00,0.000000e+00,0.000000e+00,2.832232e-17,9.822629e-26,1.576578e-17,4.114436e-30,4.585595e-21,1.157893e-17,1.146993e-18,7.099960e-41,-2.546718e-17,-1.273675e-17,-1.576474e-17,-3.083883e-32,-4.586135e-21,-1.157872e-17,-1.147020e-18,-2.804598e-32,0.000000e+00,0.000000e+00,0.000000e+00,0.000000e+00,0.000000e+00,0.000000e+00,0.000000e+00,0.000000e+00,2.855147e-18,2.769580e-18,1.040700e-21,4.083597e-30,-5.399130e-25,2.108523e-22,-2.740824e-23,-2.804598e-32
1424.4642,200.00,285.7728,3.304503e+03,9.535558e-02,C,2.342973e-03,1.035826e+00,0.2340%,2.001335e-01,1.981009e-01,1.369089e-04,9.768934e-14,2.936678e-08,1.066720e-04,8.269361e-06,0.000000e+00,0.000000e+00,1.550633e-17,0.000000e+00,0.000000e+00,0.000000e+00,0.000000e+00,0.000000e+00,0.000000e+00,2.839051e-17,1.163403e-25,1.585954e-17,4.111876e-30,4.561038e-21,1.164662e-17,1.149067e-18,9.313477e-41,-2.560669e-17,-1.280654e-17,-1.585848e-17,-3.077049e-32,-4.561565e-21,-1.164639e-17,-1.149094e-18,-2.791202e-32,0.000000e+00,0.000000e+00,0.000000e+00,0.000000e+00,0.000000e+00,0.000000e+00,0.000000e+00,0.000000e+00,2.783814e-18,2.699790e-18,1.051763e-21,4.081106e-30,-5.279074e-25,2.334853e-22,-2.663097e-23,-2.791202e-32
1444.4642,200.00,285.8449,3.322402e+03,9.272070e-02,C,2.356984e-03,1.035826e+00,0.2354%,2.018706e-01,1.997854e-01,1.376629e-04,1.002679e-13,2.919649e-08,1.068870e-04,8.273357e-06,0.000000e+00,0.000000e+00,1.550633e-17,0.000000e+00,0.000000e+00,0.000000e+00,0.000000e+00,0.000000e+00,0.000000e+00,2.845677e-17,1.368535e-25,1.595151e-17,4.109267e-30,4.536769e-21,1.171302e-17,1.151016e-18,1.077523e-40,-2.574317e-17,-1.287481e-17,-1.595029e-17,-3.070765e-32,-4.537312e-21,-1.171267e-17,-1.151039e-18,-2.778364e-32,0.000000e+00,0.000000e+00,0.000000e+00,0.000000e+00,0.000000e+00,0.000000e+00,0.000000e+00,0.000000e+00,2.713605e-18,2.631519e-18,1.225218e-21,4.078559e-30,-5.426653e-25,3.448352e-22,-2.345505e-23,-2.778364e-32
1464.4642,200.00,285.9153,3.339883e+03,9.013922e-02,C,2.370739e-03,1.035826e+00,0.2368%,2.035639e-01,2.014270e-01,1.384029e-04,1.028451e-13,2.903607e-08,1.071033e-04,8.277744e-06,0.000000e+00,0.000000e+00,1.550633e-17,0.000000e+00,0.000000e+00,0.000000e+00,0.000000e+00,0.000000e+00,0.000000e+00,2.852276e-17,1.599646e-25,1.604186e-17,4.107533e-30,4.513903e-21,1.177825e-17,1.152970e-18,1.244581e-40,-2.587752e-17,-1.294202e-17,-1.604062e-17,-3.065136e-32,-4.514437e-21,-1.177788e-17,-1.152993e-18,-2.766163e-32,0.000000e+00,0.000000e+00,0.000000e+00,0.000000e+00,0.000000e+00,0.000000e+00,0.000000e+00,0.000000e+00,2.645236e-18,2.564312e-18,1.233496e-21,4.076882e-30,-5.339238e-25,3.618698e-22,-2.293725e-23,-2.766163e-32
1484.4642,200.00,285.9839,3.356937e+03,8.762321e-02,C,2.384224e-03,1.035826e+00,0.2381%,2.052143e-01,2.030265e-01,1.391275e-04,1.054213e-13,2.887826e-08,1.073194e-04,8.281702e-06,0.000000e+00,0.000000e+00,1.550633e-17,0.000000e+00,0.000000e+00,0.000000e+00,0.000000e+00,0.000000e+00,0.000000e+00,2.858671e-17,1.858215e-25,1.613034e-17,4.105757e-30,4.491314e-21,1.184211e-17,1.154805e-18,1.449227e-40,-2.600908e-17,-1.300783e-17,-1.612926e-17,-3.060040e-32,-4.491803e-21,-1.184182e-17,-1.154827e-18,-2.754498e-32,0.000000e+00,0.000000e+00,0.000000e+00,0.000000e+00,0.000000e+00,0.000000e+00,0.000000e+00,0.000000e+00,2.577630e-18,2.498502e-18,1.076696e-21,4.075157e-30,-4.891287e-25,2.916473e-22,-2.281481e-23,-2.754497e-32
1504.4642,200.00,286.0510,3.373599e+03,8.515716e-02,C,2.397482e-03,1.035826e+00,0.2395%,2.068225e-01,2.045849e-01,1.398400e-04,1.079965e-13,2.872925e-08,1.075369e-04,8.286008e-06,0.000000e+00,0.000000e+00,1.550633e-17,0.000000e+00,0.000000e+00,0.000000e+00,0.000000e+00,0.000000e+00,0.000000e+00,2.865058e-17,2.146185e-25,1.621738e-17,4.104759e-30,4.469968e-21,1.190495e-17,1.156645e-18,1.708167e-40,-2.613862e-17,-1.307263e-17,-1.621646e-17,-3.055541e-32,-4.470428e-21,-1.190473e-17,-1.156669e-18,-2.743411e-32,0.000000e+00,0.000000e+00,0.000000e+00,0.000000e+00,0.000000e+00,0.000000e+00,0.000000e+00,0.000000e+00,2.511962e-18,2.433703e-18,9.163760e-22,4.074204e-30,-4.591909e-25,2.141738e-22,-2.472300e-23,-2.743411e-32
1524.4642,200.00,286.1166,3.389884e+03,8.277239e-02,C,2.410498e-03,1.035826e+00,0.2408%,2.083894e-01,2.061028e-01,1.405386e-04,1.105709e-13,2.858207e-08,1.077541e-04,8.289872e-06,0.000000e+00,0.000000e+00,1.550633e-17,0.000000e+00,0.000000e+00,0.000000e+00,0.000000e+00,0.000000e+00,0.000000e+00,2.871262e-17,2.464747e-25,1.630274e-17,4.103645e-30,4.448812e-21,1.196656e-17,1.158368e-18,2.046459e-40,-2.626445e-17,-1.313557e-17,-1.630144e-17,-3.051428e-32,-4.448166e-21,-1.196605e-17,-1.158257e-18,-2.732708e-32,0.000000e+00,0.000000e+00,0.000000e+00,0.000000e+00,0.000000e+00,0.000000e+00,0.000000e+00,0.000000e+00,2.448175e-18,2.370758e-18,1.297605e-21,4.073131e-30,6.465237e-25,5.033984e-22,1.103535e-22,-2.732708e-32
1544.4642,200.00,286.1805,3.405746e+03,8.042975e-02,C,2.423230e-03,1.035826e+00,0.2420%,2.099158e-01,2.075812e-01,1.412210e-04,1.131446e-13,2.843679e-08,1.079692e-04,8.293235e-06,0.000000e+00,0.000000e+00,1.550633e-17,0.000000e+00,0.000000e+00,0.000000e+00,0.000000e+00,0.000000e+00,0.000000e+00,2.877241e-17,2.815330e-25,1.638613e-17,4.102461e-30,4.427810e-21,1.202672e-17,1.159966e-18,2.326281e-40,-2.638860e-17,-1.319767e-17,-1.638503e-17,-3.047885e-32,-4.428273e-21,-1.202639e-17,-1.159988e-18,-2.722560e-32,0.000000e+00,0.000000e+00,0.000000e+00,0.000000e+00,0.000000e+00,0.000000e+00,0.000000e+00,0.000000e+00,2.383810e-18,2.308656e-18,1.100367e-21,4.071982e-30,-4.625100e-25,3.386704e-22,-2.124652e-23,-2.722560e-32
1564.4642,200.00,286.2430,3.421263e+03,7.815474e-02,C,2.435756e-03,1.035826e+00,0.2433%,2.114025e-01,2.090209e-01,1.418924e-04,1.157179e-13,2.829958e-08,1.081853e-04,8.296970e-06,0.000000e+00,0.000000e+00,1.550633e-17,0.000000e+00,0.000000e+00,0.000000e+00,0.000000e+00,0.000000e+00,0.000000e+00,2.883229e-17,3.199737e-25,1.646824e-17,4.101999e-30,4.408006e-21,1.208597e-17,1.161581e-18,2.697985e-40,-2.650968e-17,-1.325824e-17,-1.646692e-17,-3.044767e-32,-4.407347e-21,-1.208544e-17,-1.161469e-18,-2.712827e-32,0.000000e+00,0.000000e+00,0.000000e+00,0.000000e+00,0.000000e+00,0.000000e+00,0.000000e+00,0.000000e+00,2.322615e-18,2.248088e-18,1.317374e-21,4.071551e-30,6.583580e-25,5.371579e-22,1.126400e-22,-2.712827e-32
1584.4642,200.00,286.3038,3.436368e+03,7.591903e-02,C,2.448006e-03,1.035826e+00,0.2445%,2.128502e-01,2.104225e-01,1.425482e-04,1.182908e-13,2.816345e-08,1.083990e-04,8.300151e-06,0.000000e+00,0.000000e+00,1.550633e-17,0.000000e+00,0.000000e+00,0.000000e+00,0.000000e+00,0.000000e+00,0.000000e+00,2.888989e-17,3.618627e-25,1.654843e-17,4.101393e-30,4.388247e-21,1.214382e-17,1.163068e-18,3.094747e-40,-2.662917e-17,-1.331801e-17,-1.654748e-17,-3.042189e-32,-4.388671e-21,-1.214355e-17,-1.163091e-18,-2.703610e-32,0.000000e+00,0.000000e+00,0.000000e+00,0.000000e+00,0.000000e+00,0.000000e+00,0.000000e+00,0.000000e+00,2.260722e-18,2.188316e-18,9.466170e-22,4.070971e-30,-4.239105e-25,2.755287e-22,-2.251960e-23,-2.703610e-32
1604.4642,200.00,286.3632,3.451117e+03,7.376206e-02,C,2.460013e-03,1.035826e+00,0.2457%,2.142599e-01,2.117870e-01,1.431902e-04,1.208634e-13,2.802831e-08,1.086110e-04,8.302832e-06,0.000000e+00,0.000000e+00,1.550633e-17,0.000000e+00,0.000000e+00,0.000000e+00,0.000000e+00,0.000000e+00,0.000000e+00,2.894551e-17,4.072990e-25,1.662692e-17,4.100604e-30,4.368569e-21,1.220043e-17,1.164437e-18,3.453922e-40,-2.674492e-17,-1.337592e-17,-1.662580e-17,-3.039895e-32,-4.369012e-21,-1.220005e-17,-1.164457e-18,-2.694676e-32,0.000000e+00,0.000000e+00,0.000000e+00,0.000000e+00,0.000000e+00,0.000000e+00,0.000000e+00,0.000000e+00,2.200589e-18,2.130414e-18,1.125078e-21,4.070205e-30,-4.428996e-25,3.861589e-22,-1.969221e-23,-2.694676e-32
1624.4642,200.00,286.4211,3.465498e+03,7.164969e-02,C,2.471782e-03,1.035826e+00,0.2469%,2.156322e-01,2.131151e-01,1.438193e-04,1.234361e-13,2.790097e-08,1.088219e-04,8.305857e-06,0.000000e+00,0.000000e+00,1.550633e-17,0.000000e+00,0.000000e+00,0.000000e+00,0.000000e+00,0.000000e+00,0.000000e+00,2.900091e-17,4.564500e-25,1.670391e-17,4.100572e-30,4.350037e-21,1.225597e-17,1.165824e-18,3.888272e-40,-2.685873e-17,-1.343285e-17,-1.670282e-17,-3.038078e-32,-4.350434e-21,-1.225557e-17,-1.165838e-18,-2.686160e-32,0.000000e+00,0.000000e+00,0.000000e+00,0.000000e+00,0.000000e+00,0.000000e+00,0.000000e+00,0.000000e+00,2.142178e-18,2.073483e-18,1.092170e-21,4.070191e-30,-3.968965e-25,4.010772e-22,-1.463942e-23,-2.686160e-32
1644.4642,200.00,286.4776,3.479525e+03,6.958164e-02,C,2.483308e-03,1.035826e+00,0.2480%,2.169681e-01,2.144076e-01,1.444356e-04,1.260088e-13,2.778092e-08,1.090315e-04,8.309165e-06,0.000000e+00,0.000000e+00,1.550633e-17,0.000000e+00,0.000000e+00,0.000000e+00,0.000000e+00,0.000000e+00,0.000000e+00,2.905594e-17,5.094039e-25,1.677937e-17,4.101236e-30,4.332558e-21,1.231040e-17,1.167220e-18,4.360211e-40,-2.697058e-17,-1.348880e-17,-1.677844e-17,-3.036693e-32,-4.332912e-21,-1.231009e-17,-1.167234e-18,-2.678124e-32,0.000000e+00,0.000000e+00,0.000000e+00,0.000000e+00,0.000000e+00,0.000000e+00,0.000000e+00,0.000000e+00,2.085359e-18,2.017529e-18,9.275980e-22,4.070869e-30,-3.546087e-25,3.178715e-22,-1.437969e-23,-2.678124e-32
1664.4642,200.00,286.5326,3.493182e+03,6.757729e-02,C,2.494579e-03,1.035826e+00,0.2491%,2.182681e-01,2.156653e-01,1.450374e-04,1.285817e-13,2.766125e-08,1.092381e-04,8.311927e-06,0.000000e+00,0.000000e+00,1.550633e-17,0.000000e+00,0.000000e+00,0.000000e+00,0.000000e+00,0.000000e+00,0.000000e+00,2.910880e-17,5.661302e-25,1.685304e-17,4.101693e-30,4.315073e-21,1.236354e-17,1.168496e-18,4.890620e-40,-2.707941e-17,-1.354324e-17,-1.685207e-17,-3.035613e-32,-4.315459e-21,-1.236321e-17,-1.168515e-18,-2.670342e-32,0.000000e+00,0.000000e+00,0.000000e+00,0.000000e+00,0.000000e+00,0.000000e+00,0.000000e+00,0.000000e+00,2.029386e-18,1.963091e-18,9.716725e-22,4.071337e-30,-3.859974e-25,3.270651e-22,-1.875193e-23,-2.670342e-32
1684.4642,200.00,286.5863,3.506522e+03,6.562688e-02,C,2.505637e-03,1.035826e+00,0.2503%,2.195332e-01,2.168889e-01,1.456280e-04,1.311551e-13,2.754840e-08,1.094438e-04,8.315003e-06,0.000000e+00,0.000000e+00,1.550633e-17,0.000000e+00,0.000000e+00,0.000000e+00,0.000000e+00,0.000000e+00,0.000000e+00,2.916156e-17,6.267743e-25,1.692538e-17,4.102806e-30,4.298599e-21,1.241572e-17,1.169790e-18,5.416852e-40,-2.718570e-17,-1.359641e-17,-1.692418e-17,-3.034891e-32,-4.297877e-21,-1.241519e-17,-1.169671e-18,-2.662900e-32,0.000000e+00,0.000000e+00,0.000000e+00,0.000000e+00,0.000000e+00,0.000000e+00,0.000000e+00,0.000000e+00,1.975862e-18,1.909922e-18,1.198629e-21,4.072457e-30,7.214574e-25,5.295908e-22,1.187342e-22,-2.662900e-32
1704.4642,200.00,286.6385,3.519496e+03,6.372197e-02,C,2.516429e-03,1.035826e+00,0.2513%,2.207641e-01,2.180792e-01,1.462035e-04,1.337289e-13,2.743562e-08,1.096456e-04,8.317498e-06,0.000000e+00,0.000000e+00,1.550633e-17,0.000000e+00,0.000000e+00,0.000000e+00,0.000000e+00,0.000000e+00,0.000000e+00,2.921197e-17,4.516453e-25,1.699586e-17,4.103694e-30,4.282060e-21,1.246654e-17,1.170961e-18,3.721214e-40,-2.728989e-17,-1.364852e-17,-1.699484e-17,-3.034523e-32,-4.281302e-21,-1.246610e-17,-1.170841e-18,-2.655795e-32,0.000000e+00,0.000000e+00,0.000000e+00,0.000000e+00,0.000000e+00,0.000000e+00,0.000000e+00,0.000000e+00,1.922085e-18,1.857805e-18,1.022177e-21,4.073349e-30,7.586290e-25,4.402797e-22,1.193748e-22,-2.655795e-32
1724.4642,200.00,286.6895,3.532152e+03,6.186268e-02,C,2.526993e-03,1.035826e+00,0.2524%,2.219615e-01,2.192369e-01,1.467661e-04,1.363034e-13,2.732233e-08,1.098447e-04,8.319404e-06,0.000000e+00,0.000000e+00,1.550633e-17,0.000000e+00,0.000000e+00,0.000000e+00,0.000000e+00,0.000000e+00,0.000000e+00,2.926034e-17,3.081269e-25,1.706475e-17,4.104294e-30,4.265377e-21,1.251620e-17,1.172010e-18,2.368046e-40,-2.739194e-17,-1.369957e-17,-1.706394e-17,-3.034522e-32,-4.265709e-21,-1.251594e-17,-1.172027e-18,-2.649020e-32,0.000000e+00,0.000000e+00,0.000000e+00,0.000000e+00,0.000000e+00,0.000000e+00,0.000000e+00,0.000000e+00,1.868402e-18,1.806755e-18,8.084126e-22,4.073949e-30,-3.316378e-25,2.614508e-22,-1.765492e-23,-2.649020e-32
1744.4642,200.00,286.7392,3.544490e+03,6.005729e-02,C,2.537335e-03,1.035826e+00,0.2534%,2.231262e-01,2.203628e-01,1.473169e-04,1.388787e-13,2.721545e-08,1.100418e-04,8.321598e-06,0.000000e+00,0.000000e+00,1.550633e-17,0.000000e+00,0.000000e+00,0.000000e+00,0.000000e+00,0.000000e+00,0.000000e+00,2.930845e-17,2.119744e-25,1.713223e-17,4.105527e-30,4.249652e-21,1.256485e-17,1.173076e-18,1.587050e-40,-2.749138e-17,-1.374931e-17,-1.713142e-17,-3.034794e-32,-4.249981e-21,-1.256458e-17,-1.173093e-18,-2.642509e-32,0.000000e+00,0.000000e+00,0.000000e+00,0.000000e+00,0.000000e+00,0.000000e+00,0.000000e+00,0.000000e+00,1.817070e-18,1.757015e-18,8.103297e-22,4.075179e-30,-3.287181e-25,2.697531e-22,-1.734405e-23,-2.642508e-32
1764.4642,200.00,286.7875,3.556489e+03,5.829476e-02,C,2.547430e-03,1.035826e+00,0.2544%,2.242590e-01,2.214577e-01,1.478545e-04,1.414550e-13,2.711516e-08,1.102360e-04,8.324093e-06,0.000000e+00,0.000000e+00,1.550633e-17,0.000000e+00,0.000000e+00,0.000000e+00,0.000000e+00,0.000000e+00,0.000000e+00,2.935610e-17,1.470439e-25,1.719815e-17,4.107447e-30,4.234906e-21,1.261238e-17,1.174163e-18,1.039935e-40,-2.758878e-17,-1.379804e-17,-1.719749e-17,-3.035403e-32,-4.235187e-21,-1.261219e-17,-1.174179e-18,-2.636300e-32,0.000000e+00,0.000000e+00,0.000000e+00,0.000000e+00,0.000000e+00,0.000000e+00,0.000000e+00,0.000000e+00,1.767325e-18,1.708291e-18,6.571457e-22,4.077093e-30,-2.811658e-25,1.942730e-22,-1.632527e-23,-2.636300e-32
1784.4642,200.00,286.8346,3.568192e+03,5.658691e-02,C,2.557321e-03,1.035826e+00,0.2554%,2.253605e-01,2.225222e-01,1.483805e-04,1.440323e-13,2.701372e-08,1.104276e-04,8.325977e-06,0.000000e+00,0.000000e+00,1.550633e-17,0.000000e+00,0.000000e+00,0.000000e+00,0.000000e+00,0.000000e+00,0.000000e+00,2.940181e-17,1.028344e-25,1.726262e-17,4.109001e-30,4.219930e-21,1.265885e-17,1.175127e-18,6.682315e-41,-2.768347e-17,-1.384541e-17,-1.726180e-17,-3.036251e-32,-4.220243e-21,-1.265856e-17,-1.175144e-18,-2.630317e-32,0.000000e+00,0.000000e+00,0.000000e+00,0.000000e+00,0.000000e+00,0.000000e+00,0.000000e+00,0.000000e+00,1.718341e-18,1.660924e-18,8.254257e-22,4.078638e-30,-3.124872e-25,2.918283e-22,-1.639744e-23,-2.630317e-32
1804.4642,200.00,286.8804,3.579565e+03,5.491858e-02,C,2.566959e-03,1.035826e+00,0.2564%,2.264314e-01,2.235570e-01,1.488932e-04,1.466108e-13,2.691839e-08,1.106157e-04,8.328122e-06,0.000000e+00,0.000000e+00,1.550633e-17,0.000000e+00,0.000000e+00,0.000000e+00,0.000000e+00,0.000000e+00,0.000000e+00,2.944693e-17,7.251011e-26,1.732550e-17,4.111200e-30,4.205869e-21,1.270418e-17,1.176109e-18,4.677621e-41,-2.777627e-17,-1.389182e-17,-1.732483e-17,-3.037408e-32,-4.206145e-21,-1.270397e-17,-1.176124e-18,-2.624610e-32,0.000000e+00,0.000000e+00,0.000000e+00,0.000000e+00,0.000000e+00,0.000000e+00,0.000000e+00,0.000000e+00,1.670661e-18,1.614505e-18,6.618161e-22,4.080826e-30,-2.752741e-25,2.094457e-22,-1.562872e-23,-2.624610e-32
1824.4642,200.00,286.9252,3.590681e+03,5.330157e-02,C,2.576422e-03,1.035826e+00,0.2573%,2.274726e-01,2.245628e-01,1.493967e-04,1.491907e-13,2.682831e-08,1.108026e-04,8.330531e-06,0.000000e+00,0.000000e+00,1.550633e-17,0.000000e+00,0.000000e+00,0.000000e+00,0.000000e+00,0.000000e+00,0.000000e+00,2.949209e-17,5.154372e-26,1.738727e-17,4.113932e-30,4.192597e-21,1.274872e-17,1.177109e-18,3.633509e-41,-2.786649e-17,-1.393696e-17,-1.738620e-17,-3.038800e-32,-4.191828e-21,-1.274821e-17,-1.176984e-18,-2.619118e-32,0.000000e+00,0.000000e+00,0.000000e+00,0.000000e+00,0.000000e+00,0.000000e+00,0.000000e+00,0.000000e+00,1.625602e-18,1.569373e-18,1.072452e-21,4.083544e-30,7.695927e-25,5.111179e-22,1.249957e-22,-2.619118e-32
1844.4642,200.00,286.9687,3.601476e+03,5.171024e-02,C,2.585631e-03,1.035826e+00,0.2582%,2.284847e-01,2.255404e-01,1.498858e-04,1.517720e-13,2.673725e-08,1.109848e-04,8.332313e-06,0.000000e+00,0.000000e+00,1.550633e-17,0.000000e+00,0.000000e+00,0.000000e+00,0.000000e+00,0.000000e+00,0.000000e+00,2.953483e-17,3.693801e-26,1.744728e-17,4.116359e-30,4.179104e-21,1.279197e-17,1.177987e-18,2.004695e-41,-2.795555e-17,-1.398151e-17,-1.744656e-17,-3.040560e-32,-4.179378e-21,-1.279172e-17,-1.178002e-18,-2.613962e-32,0.000000e+00,0.000000e+00,0.000000e+00,0.000000e+00,0.000000e+00,0.000000e+00,0.000000e+00,0.000000e+00,1.579283e-18,1.524823e-18,7.160674e-22,4.085954e-30,-2.747933e-25,2.555338e-22,-1.553290e-23,-2.613962e-32
1864.4642,200.00,287.0109,3.611963e+03,5.018678e-02,C,2.594608e-03,1.035826e+00,0.2591%,2.294683e-01,2.264905e-01,1.503618e-04,1.543549e-13,2.664496e-08,1.111627e-04,8.333469e-06,0.000000e+00,0.000000e+00,1.550633e-17,0.000000e+00,0.000000e+00,0.000000e+00,0.000000e+00,0.000000e+00,0.000000e+00,2.957525e-17,2.667523e-26,1.750565e-17,4.118418e-30,4.165392e-21,1.283402e-17,1.178744e-18,1.085876e-41,-2.804107e-17,-1.402428e-17,-1.750482e-17,-3.042397e-32,-4.165685e-21,-1.283371e-17,-1.178760e-18,-2.608870e-32,0.000000e+00,0.000000e+00,0.000000e+00,0.000000e+00,0.000000e+00,0.000000e+00,0.000000e+00,0.000000e+00,1.534183e-18,1.482046e-18,8.236035e-22,4.087994e-30,-2.933956e-25,3.107821e-22,-1.569288e-23,-2.608870e-32
1884.4642,200.00,287.0521,3.622203e+03,4.869198e-02,C,2.603410e-03,1.035826e+00,0.2600%,2.304242e-01,2.274136e-01,1.508297e-04,1.569396e-13,2.656424e-08,1.113400e-04,8.335753e-06,0.000000e+00,0.000000e+00,1.550633e-17,0.000000e+00,0.000000e+00,0.000000e+00,0.000000e+00,0.000000e+00,0.000000e+00,2.961745e-17,1.941841e-26,1.756308e-17,4.121936e-30,4.153477e-21,1.287544e-17,1.179659e-18,7.517605e-42,-2.812521e-17,-1.406638e-17,-1.756218e-17,-3.044572e-32,-4.152659e-21,-1.287500e-17,-1.179531e-18,-2.604075e-32,0.000000e+00,0.000000e+00,0.000000e+00,0.000000e+00,0.000000e+00,0.000000e+00,0.000000e+00,0.000000e+00,1.492236e-18,1.439953e-18,9.004960e-22,4.091490e-30,8.175214e-25,4.323249e-22,1.271411e-22,-2.604075e-32
1904.4642,200.00,287.0921,3.632140e+03,4.724084e-02,C,2.611958e-03,1.035826e+00,0.2609%,2.313531e-01,2.283104e-01,1.512822e-04,1.595261e-13,2.647542e-08,1.115111e-04,8.336497e-06,0.000000e+00,0.000000e+00,1.550633e-17,0.000000e+00,0.000000e+00,0.000000e+00,0.000000e+00,0.000000e+00,0.000000e+00,2.965528e-17,1.424501e-26,1.761858e-17,4.124153e-30,4.140227e-21,1.291540e-17,1.180310e-18,1.336463e-41,-2.820713e-17,-1.410735e-17,-1.761791e-17,-3.046942e-32,-4.140478e-21,-1.291516e-17,-1.180324e-18,-2.599451e-32,0.000000e+00,0.000000e+00,0.000000e+00,0.000000e+00,0.000000e+00,0.000000e+00,0.000000e+00,0.000000e+00,1.448144e-18,1.398975e-18,6.605370e-22,4.093684e-30,-2.502070e-25,2.342736e-22,-1.446318e-23,-2.599451e-32
1924.4642,200.00,287.1311,3.641818e+03,4.582207e-02,C,2.620328e-03,1.035826e+00,0.2617%,2.322555e-01,2.291817e-01,1.517262e-04,1.621147e-13,2.639820e-08,1.116812e-04,8.338394e-06,0.000000e+00,0.000000e+00,1.550633e-17,0.000000e+00,0.000000e+00,0.000000e+00,0.000000e+00,0.000000e+00,0.000000e+00,2.969491e-17,1.053187e-26,1.767313e-17,4.127853e-30,4.128777e-21,1.295472e-17,1.181124e-18,5.011737e-42,-2.828745e-17,-1.414753e-17,-1.767253e-17,-3.049578e-32,-4.128997e-21,-1.295450e-17,-1.181135e-18,-2.595058e-32,0.000000e+00,0.000000e+00,0.000000e+00,0.000000e+00,0.000000e+00,0.000000e+00,0.000000e+00,0.000000e+00,1.407463e-18,1.358801e-18,5.970618e-22,4.097357e-30,-2.196138e-25,2.210855e-22,-1.022161e-23,-2.595058e-32
1944.4642,200.00,287.1691,3.651252e+03,4.444969e-02,C,2.628498e-03,1.035826e+00,0.2625%,2.331322e-01,2.300280e-01,1.521591e-04,1.647053e-13,2.631870e-08,1.118474e-04,8.339594e-06,0.000000e+00,0.000000e+00,1.550633e-17,0.000000e+00,0.000000e+00,0.000000e+00,0.000000e+00,0.000000e+00,0.000000e+00,2.973229e-17,7.845062e-27,1.772625e-17,4.131075e-30,4.116936e-21,1.299299e-17,1.181810e-18,4.176447e-43,-2.836534e-17,-1.418649e-17,-1.772559e-17,-3.052388e-32,-4.117176e-21,-1.299275e-17,-1.181825e-18,-2.590815e-32,0.000000e+00,0.000000e+00,0.000000e+00,0.000000e+00,0.000000e+00,0.000000e+00,0.000000e+00,0.000000e+00,1.366947e-18,1.319837e-18,6.555851e-22,4.100551e-30,-2.401439e-25,2.375940e-22,-1.428420e-23,-2.590815e-32
1964.4642,200.00,287.2059,3.660394e+03,4.311499e-02,C,2.636447e-03,1.035826e+00,0.2633%,2.339838e-01,2.308499e-01,1.525801e-04,1.672981e-13,2.624428e-08,1.120101e-04,8.341063e-06,0.000000e+00,0.000000e+00,1.550633e-17,0.000000e+00,0.000000e+00,0.000000e+00,0.000000e+00,0.000000e+00,0.000000e+00,2.976925e-17,5.890455e-27,1.777798e-17,4.134875e-30,4.105867e-21,1.303026e-17,1.182521e-18,0.000000e+00,-2.844129e-17,-1.422449e-17,-1.777735e-17,-3.055396e-32,-4.106070e-21,-1.303002e-17,-1.182530e-18,-2.586743e-32,0.000000e+00,0.000000e+00,0.000000e+00,0.000000e+00,0.000000e+00,0.000000e+00,0.000000e+00,0.000000e+00,1.327953e-18,1.281844e-18,6.240330e-22,4.104321e-30,-2.024026e-25,2.490345e-22,-8.884709e-24,-2.586743e-32
1984.4642,200.00,287.2418,3.669309e+03,4.180738e-02,C,2.644220e-03,1.035826e+00,0.2641%,2.348109e-01,2.316481e-01,1.529921e-04,1.698933e-13,2.617401e-08,1.121705e-04,8.342739e-06,0.000000e+00,0.000000e+00,1.550633e-17,0.000000e+00,0.000000e+00,0.000000e+00,0.000000e+00,0.000000e+00,0.000000e+00,2.980602e-17,4.451076e-27,1.782860e-17,4.139142e-30,4.095423e-21,1.306675e-17,1.183247e-18,1.252934e-42,-2.851589e-17,-1.426180e-17,-1.782808e-17,-3.058670e-32,-4.095641e-21,-1.306658e-17,-1.183262e-18,-2.582895e-32,0.000000e+00,0.000000e+00,0.000000e+00,0.000000e+00,0.000000e+00,0.000000e+00,0.000000e+00,0.000000e+00,1.290125e-18,1.244527e-18,5.176964e-22,4.108555e-30,-2.183741e-25,1.738007e-22,-1.444544e-23,-2.582895e-32
2004.4642,200.00,287.2766,3.677951e+03,4.055095e-02,C,2.651774e-03,1.035826e+00,0.2648%,2.356142e-01,2.324232e-01,1.533918e-04,1.724910e-13,2.610147e-08,1.123261e-04,8.343711e-06,0.000000e+00,0.000000e+00,1.550633e-17,0.000000e+00,0.000000e+00,0.000000e+00,0.000000e+00,0.000000e+00,0.000000e+00,2.984032e-17,3.391690e-27,1.787767e-17,4.142941e-30,4.084592e-21,1.310210e-17,1.183847e-18,-2.505868e-42,-2.858775e-17,-1.429775e-17,-1.787708e-17,-3.062028e-32,-4.084827e-21,-1.310190e-17,-1.183863e-18,-2.579118e-32,0.000000e+00,0.000000e+00,0.000000e+00,0.000000e+00,0.000000e+00,0.000000e+00,0.000000e+00,0.000000e+00,1.252575e-18,1.208584e-18,5.872286e-22,4.112320e-30,-2.354278e-25,1.980346e-22,-1.601787e-23,-2.579118e-32
2024.4642,200.00,287.3106,3.686389e+03,3.932473e-02,C,2.659162e-03,1.035826e+00,0.2656%,2.363942e-01,2.331758e-01,1.537826e-04,1.750913e-13,2.603317e-08,1.124795e-04,8.344932e-06,0.000000e+00,0.000000e+00,1.550633e-17,0.000000e+00,0.000000e+00,0.000000e+00,0.000000e+00,0.000000e+00,0.000000e+00,2.987457e-17,2.601398e-27,1.792569e-17,4.147221e-30,4.074399e-21,1.313670e-17,1.184469e-18,4.176447e-43,-2.865804e-17,-1.433291e-17,-1.792500e-17,-3.065616e-32,-4.074632e-21,-1.313642e-17,-1.184482e-18,-2.575532e-32,0.000000e+00,0.000000e+00,0.000000e+00,0.000000e+00,0.000000e+00,0.000000e+00,0.000000e+00,0.000000e+00,1.216525e-18,1.173420e-18,6.935794e-22,4.116565e-30,-2.324414e-25,2.774429e-22,-1.236902e-23,-2.575532e-32
2044.4642,200.00,287.3435,3.694568e+03,3.814092e-02,C,2.666340e-03,1.035826e+00,0.2663%,2.371515e-01,2.339065e-01,1.541615e-04,1.776942e-13,2.596242e-08,1.126283e-04,8.345455e-06,0.000000e+00,0.000000e+00,1.550633e-17,0.000000e+00,0.000000e+00,0.000000e+00,0.000000e+00,0.000000e+00,0.000000e+00,2.990640e-17,2.007875e-27,1.797223e-17,4.151020e-30,4.063804e-21,1.317020e-17,1.184966e-18,1.670579e-42,-2.872607e-17,-1.436694e-17,-1.797155e-17,-3.069330e-32,-4.064034e-21,-1.316993e-17,-1.184979e-18,-2.572050e-32,0.000000e+00,0.000000e+00,0.000000e+00,0.000000e+00,0.000000e+00,0.000000e+00,0.000000e+00,0.000000e+00,1.180330e-18,1.139394e-18,6.785584e-22,4.120327e-30,-2.293454e-25,2.733165e-22,-1.263729e-23,-2.572050e-32
2064.4642,200.00,287.3756,3.702528e+03,3.697526e-02,C,2.673356e-03,1.035826e+00,0.2670%,2.378868e-01,2.346158e-01,1.545331e-04,1.803000e-13,2.590211e-08,1.127757e-04,8.347079e-06,0.000000e+00,0.000000e+00,1.550633e-17,0.000000e+00,0.000000e+00,0.000000e+00,0.000000e+00,0.000000e+00,0.000000e+00,2.993998e-17,1.561987e-27,1.801792e-17,4.156231e-30,4.054822e-21,1.320314e-17,1.185623e-18,2.505868e-42,-2.879320e-17,-1.440052e-17,-1.801720e-17,-3.073303e-32,-4.055045e-21,-1.320283e-17,-1.185634e-18,-2.568781e-32,0.000000e+00,0.000000e+00,0.000000e+00,0.000000e+00,0.000000e+00,0.000000e+00,0.000000e+00,0.000000e+00,1.146781e-18,1.105813e-18,7.229294e-22,4.125498e-30,-2.226968e-25,3.048705e-22,-1.113979e-23,-2.568781e-32
2084.4642,200.00,287.4067,3.710257e+03,3.584883e-02,C,2.680170e-03,1.035826e+00,0.2677%,2.386006e-01,2.353042e-01,1.548930e-04,1.829087e-13,2.583927e-08,1.129185e-04,8.348013e-06,0.000000e+00,0.000000e+00,1.550633e-17,0.000000e+00,0.000000e+00,0.000000e+00,0.000000e+00,0.000000e+00,0.000000e+00,2.997117e-17,1.225619e-27,1.806216e-17,4.160949e-30,4.045419e-21,1.323500e-17,1.186156e-18,-4.176447e-43,-2.885821e-17,-1.443304e-17,-1.806163e-17,-3.077409e-32,-4.045605e-21,-1.323480e-17,-1.186167e-18,-2.565619e-32,0.000000e+00,0.000000e+00,0.000000e+00,0.000000e+00,0.000000e+00,0.000000e+00,0.000000e+00,0.000000e+00,1.112961e-18,1.073291e-18,5.335654e-22,4.130175e-30,-1.858043e-25,2.031673e-22,-1.069188e-23,-2.565619e-32
2104.4642,200.00,287.4370,3.717780e+03,3.475098e-02,C,2.686823e-03,1.035826e+00,0.2683%,2.392935e-01,2.359724e-01,1.552447e-04,1.855205e-13,2.577989e-08,1.130589e-04,8.349131e-06,0.000000e+00,0.000000e+00,1.550633e-17,0.000000e+00,0.000000e+00,0.000000e+00,0.000000e+00,0.000000e+00,0.000000e+00,3.000218e-17,9.647902e-28,1.810540e-17,4.166082e-30,4.036547e-21,1.326616e-17,1.186706e-18,0.000000e+00,-2.892172e-17,-1.446480e-17,-1.810493e-17,-3.081699e-32,-4.036749e-21,-1.326599e-17,-1.186721e-18,-2.562604e-32,0.000000e+00,0.000000e+00,0.000000e+00,0.000000e+00,0.000000e+00,0.000000e+00,0.000000e+00,0.000000e+00,1.080464e-18,1.041526e-18,4.763884e-22,4.135265e-30,-2.017725e-25,1.638843e-22,-1.466074e-23,-2.562604e-32
2124.4642,200.00,287.4663,3.725061e+03,3.369798e-02,C,2.693287e-03,1.035826e+00,0.2690%,2.399659e-01,2.366209e-01,1.555855e-04,1.881354e-13,2.571771e-08,1.131948e-04,8.349533e-06,0.000000e+00,0.000000e+00,1.550633e-17,0.000000e+00,0.000000e+00,0.000000e+00,0.000000e+00,0.000000e+00,0.000000e+00,3.003082e-17,7.645767e-28,1.814727e-17,4.170680e-30,4.027207e-21,1.329630e-17,1.187129e-18,-4.176447e-43,-2.898275e-17,-1.449533e-17,-1.814673e-17,-3.086044e-32,-4.027385e-21,-1.329608e-17,-1.187139e-18,-2.559629e-32,0.000000e+00,0.000000e+00,0.000000e+00,0.000000e+00,0.000000e+00,0.000000e+00,0.000000e+00,0.000000e+00,1.048067e-18,1.010995e-18,5.353177e-22,4.139820e-30,-1.776306e-25,2.119002e-22,-1.022205e-23,-2.559629e-32
2144.4642,200.00,287.4950,3.732181e+03,3.266685e-02,C,2.699608e-03,1.035826e+00,0.2696%,2.406185e-01,2.372502e-01,1.559188e-04,1.907535e-13,2.565886e-08,1.133287e-04,8.350140e-06,0.000000e+00,0.000000e+00,1.550633e-17,0.000000e+00,0.000000e+00,0.000000e+00,0.000000e+00,0.000000e+00,0.000000e+00,3.005941e-17,6.105133e-28,1.818824e-17,4.175684e-30,4.018382e-21,1.332580e-17,1.187572e-18,3.341158e-42,-2.904264e-17,-1.452529e-17,-1.818770e-17,-3.090610e-32,-4.018560e-21,-1.332558e-17,-1.187582e-18,-2.556829e-32,0.000000e+00,0.000000e+00,0.000000e+00,0.000000e+00,0.000000e+00,0.000000e+00,0.000000e+00,0.000000e+00,1.016769e-18,9.810384e-19,5.423908e-22,4.144778e-30,-1.784301e-25,2.207880e-22,-9.796439e-24,-2.556829e-32
2164.4642,200.00,287.5227,3.739062e+03,3.166802e-02,C,2.705727e-03,1.035826e+00,0.2702%,2.412519e-01,2.378608e-01,1.562415e-04,1.933750e-13,2.560380e-08,1.134586e-04,8.350933e-06,0.000000e+00,0.000000e+00,1.550633e-17,0.000000e+00,0.000000e+00,0.000000e+00,0.000000e+00,0.000000e+00,0.000000e+00,3.008740e-17,4.895128e-28,1.822794e-17,4.181146e-30,4.010127e-21,1.335439e-17,1.188032e-18,3.758802e-42,-2.910076e-17,-1.455437e-17,-1.822741e-17,-3.095293e-32,-4.010300e-21,-1.335418e-17,-1.188042e-18,-2.554119e-32,0.000000e+00,0.000000e+00,0.000000e+00,0.000000e+00,0.000000e+00,0.000000e+00,0.000000e+00,0.000000e+00,9.866375e-19,9.519628e-19,5.310800e-22,4.150193e-30,-1.728351e-25,2.154748e-22,-9.973354e-24,-2.554119e-32
2184.4642,200.00,287.5496,3.745741e+03,3.069218e-02,C,2.711698e-03,1.035826e+00,0.2708%,2.418664e-01,2.384533e-01,1.565568e-04,1.960000e-13,2.555178e-08,1.135861e-04,8.351889e-06,0.000000e+00,0.000000e+00,1.550633e-17,0.000000e+00,0.000000e+00,0.000000e+00,0.000000e+00,0.000000e+00,0.000000e+00,3.011521e-17,3.944573e-28,1.826672e-17,4.186979e-30,4.002336e-21,1.338233e-17,1.188507e-18,-2.505868e-42,-2.915766e-17,-1.458283e-17,-1.826624e-17,-3.100149e-32,-4.002508e-21,-1.338214e-17,-1.188519e-18,-2.551542e-32,0.000000e+00,0.000000e+00,0.000000e+00,0.000000e+00,0.000000e+00,0.000000e+00,0.000000e+00,0.000000e+00,9.575515e-19,9.235019e-19,4.888269e-22,4.155978e-30,-1.725832e-25,1.864711e-22,-1.117565e-23,-2.551542e-32
2204.4642,200.00,287.5758,3.752248e+03,2.974140e-02,C,2.717520e-03,1.035826e+00,0.2714%,2.424627e-01,2.390281e-01,1.568642e-04,1.986285e-13,2.550297e-08,1.137112e-04,8.353039e-06,0.000000e+00,0.000000e+00,1.550633e-17,0.000000e+00,0.000000e+00,0.000000e+00,0.000000e+00,0.000000e+00,0.000000e+00,3.014285e-17,3.232805e-28,1.830457e-17,4.193211e-30,3.995034e-21,1.340960e-17,1.189002e-18,-5.011737e-42,-2.921320e-17,-1.461061e-17,-1.830413e-17,-3.105172e-32,-3.995171e-21,-1.340942e-17,-1.189008e-18,-2.549094e-32,0.000000e+00,0.000000e+00,0.000000e+00,0.000000e+00,0.000000e+00,0.000000e+00,0.000000e+00,0.000000e+00,9.296546e-19,8.957199e-19,4.408692e-22,4.162160e-30,-1.363688e-25,1.830235e-22,-6.195497e-24,-2.549094e-32
2224.4642,200.00,287.6011,3.758539e+03,2.883140e-02,C,2.723151e-03,1.035826e+00,0.2719%,2.430411e-01,2.395857e-01,1.571608e-04,2.012607e-13,2.545087e-08,1.138314e-04,8.353422e-06,0.000000e+00,0.000000e+00,1.550633e-17,0.000000e+00,0.000000e+00,0.000000e+00,0.000000e+00,0.000000e+00,0.000000e+00,3.016793e-17,2.649614e-28,1.834103e-17,4.198857e-30,3.987194e-21,1.343585e-17,1.189364e-18,4.176447e-42,-2.926645e-17,-1.463725e-17,-1.834056e-17,-3.110233e-32,-3.987361e-21,-1.343567e-17,-1.189376e-18,-2.546667e-32,0.000000e+00,0.000000e+00,0.000000e+00,0.000000e+00,0.000000e+00,0.000000e+00,0.000000e+00,0.000000e+00,9.014731e-19,8.690816e-19,4.688901e-22,4.167755e-30,-1.674013e-25,1.762181e-22,-1.153745e-23,-2.546667e-32
2244.4642,200.00,287.6258,3.764668e+03,2.794242e-02,C,2.728657e-03,1.035826e+00,0.2725%,2.436023e-01,2.401265e-01,1.574509e-04,2.038967e-13,2.540166e-08,1.139497e-04,8.353992e-06,0.000000e+00,0.000000e+00,1.550633e-17,0.000000e+00,0.000000e+00,0.000000e+00,0.000000e+00,0.000000e+00,0.000000e+00,3.019299e-17,2.158265e-28,1.837671e-17,4.204863e-30,3.979796e-21,1.346154e-17,1.189746e-18,4.594092e-42,-2.931857e-17,-1.466332e-17,-1.837622e-17,-3.115458e-32,-3.979958e-21,-1.346134e-17,-1.189756e-18,-2.544363e-32,0.000000e+00,0.000000e+00,0.000000e+00,0.000000e+00,0.000000e+00,0.000000e+00,0.000000e+00,0.000000e+00,8.744241e-19,8.430128e-19,4.975917e-22,4.173708e-30,-1.614507e-25,1.994455e-22,-1.039919e-23,-2.544363e-32
2264.4642,200.00,287.6498,3.770624e+03,2.707597e-02,C,2.734009e-03,1.035826e+00,0.2730%,2.441466e-01,2.406511e-01,1.577329e-04,2.065365e-13,2.535548e-08,1.140652e-04,8.354742e-06,0.000000e+00,0.000000e+00,1.550633e-17,0.000000e+00,0.000000e+00,0.000000e+00,0.000000e+00,0.000000e+00,0.000000e+00,3.021779e-17,1.781716e-28,1.841144e-17,4.211258e-30,3.972865e-21,1.348655e-17,1.190146e-18,-1.670579e-42,-2.936945e-17,-1.468877e-17,-1.841098e-17,-3.120836e-32,-3.973032e-21,-1.348638e-17,-1.190157e-18,-2.542172e-32,0.000000e+00,0.000000e+00,0.000000e+00,0.000000e+00,0.000000e+00,0.000000e+00,0.000000e+00,0.000000e+00,8.483391e-19,8.175616e-19,4.629808e-22,4.180049e-30,-1.670305e-25,1.758936e-22,-1.141262e-23,-2.542172e-32
2284.4642,200.00,287.6731,3.776414e+03,2.623009e-02,C,2.739228e-03,1.035826e+00,0.2735%,2.446746e-01,2.411599e-01,1.580082e-04,2.091803e-13,2.531193e-08,1.141784e-04,8.355632e-06,0.000000e+00,0.000000e+00,1.550633e-17,0.000000e+00,0.000000e+00,0.000000e+00,0.000000e+00,0.000000e+00,0.000000e+00,3.024237e-17,1.510785e-28,1.844533e-17,4.217982e-30,3.966328e-21,1.351097e-17,1.190558e-18,3.758802e-42,-2.941920e-17,-1.471366e-17,-1.844498e-17,-3.126372e-32,-3.966473e-21,-1.351084e-17,-1.190569e-18,-2.540098e-32,0.000000e+00,0.000000e+00,0.000000e+00,0.000000e+00,0.000000e+00,0.000000e+00,0.000000e+00,0.000000e+00,8.231713e-19,7.926728e-19,3.515787e-22,4.186718e-30,-1.451860e-25,1.273039e-22,-1.068898e-23,-2.540098e-32
2304.4642,200.00,287.6955,3.781986e+03,2.542891e-02,C,2.744250e-03,1.035826e+00,0.2740%,2.451866e-01,2.416534e-01,1.582722e-04,2.118282e-13,2.526503e-08,1.142864e-04,8.355768e-06,0.000000e+00,0.000000e+00,1.550633e-17,0.000000e+00,0.000000e+00,0.000000e+00,0.000000e+00,0.000000e+00,0.000000e+00,3.026430e-17,1.258222e-28,1.847779e-17,4.224128e-30,3.959262e-21,1.353433e-17,1.190842e-18,0.000000e+00,-2.946640e-17,-1.473727e-17,-1.847733e-17,-3.131878e-32,-3.959426e-21,-1.353415e-17,-1.190853e-18,-2.537986e-32,0.000000e+00,0.000000e+00,0.000000e+00,0.000000e+00,0.000000e+00,0.000000e+00,0.000000e+00,0.000000e+00,7.978939e-19,7.690618e-19,4.561351e-22,4.192809e-30,-1.640248e-25,1.757929e-22,-1.132729e-23,-2.537986e-32
2324.4642,200.00,287.7175,3.787445e+03,2.464013e-02,C,2.749183e-03,1.035826e+00,0.2745%,2.456832e-01,2.421319e-01,1.585315e-04,2.144802e-13,2.522052e-08,1.143933e-04,8.356065e-06,0.000000e+00,0.000000e+00,1.550633e-17,0.000000e+00,0.000000e+00,0.000000e+00,0.000000e+00,0.000000e+00,0.000000e+00,3.028641e-17,1.037804e-28,1.850970e-17,4.230565e-30,3.952547e-21,1.355730e-17,1.191143e-18,-2.505868e-42,-2.951295e-17,-1.476055e-17,-1.850924e-17,-3.137587e-32,-3.952707e-21,-1.355712e-17,-1.191154e-18,-2.536026e-32,0.000000e+00,0.000000e+00,0.000000e+00,0.000000e+00,0.000000e+00,0.000000e+00,0.000000e+00,0.000000e+00,7.734612e-19,7.457797e-19,4.625505e-22,4.199189e-30,-1.605259e-25,1.834004e-22,-1.097174e-23,-2.536026e-32
2344.4642,200.00,287.7388,3.792733e+03,2.387399e-02,C,2.753972e-03,1.035826e+00,0.2750%,2.461648e-01,2.425959e-01,1.587834e-04,2.171364e-13,2.517863e-08,1.144974e-04,8.356513e-06,0.000000e+00,0.000000e+00,1.550633e-17,0.000000e+00,0.000000e+00,0.000000e+00,0.000000e+00,0.000000e+00,0.000000e+00,3.030820e-17,9.092263e-29,1.854071e-17,4.237353e-30,3.946240e-21,1.357963e-17,1.191459e-18,-5.847026e-42,-2.955822e-17,-1.478320e-17,-1.854029e-17,-3.143410e-32,-3.946363e-21,-1.357944e-17,-1.191464e-18,-2.534144e-32,0.000000e+00,0.000000e+00,0.000000e+00,0.000000e+00,0.000000e+00,0.000000e+00,0.000000e+00,0.000000e+00,7.499758e-19,7.231317e-19,4.209773e-22,4.205919e-30,-1.226069e-25,1.868275e-22,-5.633937e-24,-2.534144e-32
2364.4642,200.00,287.7594,3.797851e+03,2.312994e-02,C,2.758613e-03,1.035826e+00,0.2755%,2.466318e-01,2.430457e-01,1.590276e-04,2.197970e-13,2.513935e-08,1.145986e-04,8.357106e-06,0.000000e+00,0.000000e+00,1.550633e-17,0.000000e+00,0.000000e+00,0.000000e+00,0.000000e+00,0.000000e+00,0.000000e+00,3.032962e-17,7.622807e-29,1.857080e-17,4.244487e-30,3.940333e-21,1.360129e-17,1.191789e-18,0.000000e+00,-2.960226e-17,-1.480522e-17,-1.857040e-17,-3.149340e-32,-3.940455e-21,-1.360112e-17,-1.191795e-18,-2.532334e-32,0.000000e+00,0.000000e+00,0.000000e+00,0.000000e+00,0.000000e+00,0.000000e+00,0.000000e+00,0.000000e+00,7.273590e-19,7.011045e-19,3.929795e-22,4.212994e-30,-1.225402e-25,1.678816e-22,-6.439243e-24,-2.532334e-32
2384.4642,200.00,287.7795,3.802827e+03,2.240429e-02,C,2.763132e-03,1.035826e+00,0.2759%,2.470846e-01,2.434819e-01,1.592658e-04,2.224620e-13,2.510223e-08,1.146975e-04,8.357811e-06,0.000000e+00,0.000000e+00,1.550633e-17,0.000000e+00,0.000000e+00,0.000000e+00,0.000000e+00,0.000000e+00,0.000000e+00,3.035082e-17,6.474794e-29,1.860012e-17,4.251909e-30,3.934756e-21,1.362241e-17,1.192130e-18,8.352894e-43,-2.964527e-17,-1.482674e-17,-1.859978e-17,-3.155392e-32,-3.934876e-21,-1.362228e-17,-1.192137e-18,-2.530606e-32,0.000000e+00,0.000000e+00,0.000000e+00,0.000000e+00,0.000000e+00,0.000000e+00,0.000000e+00,0.000000e+00,7.055472e-19,6.795907e-19,3.445733e-22,4.220355e-30,-1.200870e-25,1.333791e-22,-7.790937e-24,-2.530606e-32
2404.4642,200.00,287.7989,3.807657e+03,2.171082e-02,C,2.767526e-03,1.035826e+00,0.2764%,2.475236e-01,2.439048e-01,1.594961e-04,2.251315e-13,2.506129e-08,1.147931e-04,8.357777e-06,0.000000e+00,0.000000e+00,1.550633e-17,0.000000e+00,0.000000e+00,0.000000e+00,0.000000e+00,0.000000e+00,0.000000e+00,3.036989e-17,5.785986e-29,1.862848e-17,4.258671e-30,3.928562e-21,1.364281e-17,1.192345e-18,-1.252934e-42,-2.968643e-17,-1.484733e-17,-1.862808e-17,-3.161498e-32,-3.928679e-21,-1.364264e-17,-1.192351e-18,-2.528906e-32,0.000000e+00,0.000000e+00,0.000000e+00,0.000000e+00,0.000000e+00,0.000000e+00,0.000000e+00,0.000000e+00,6.834619e-19,6.590028e-19,3.921126e-22,4.227056e-30,-1.167132e-25,1.715746e-22,-6.169605e-24,-2.528906e-32
2424.4642,200.00,287.8178,3.812336e+03,2.102559e-02,C,2.771788e-03,1.035826e+00,0.2768%,2.479492e-01,2.443147e-01,1.597209e-04,2.278056e-13,2.502905e-08,1.148871e-04,8.358780e-06,0.000000e+00,0.000000e+00,1.550633e-17,0.000000e+00,0.000000e+00,0.000000e+00,0.000000e+00,0.000000e+00,0.000000e+00,3.039060e-17,4.729814e-29,1.865619e-17,4.266750e-30,3.923725e-21,1.366279e-17,1.192717e-18,-2.088224e-42,-2.972715e-17,-1.486770e-17,-1.865581e-17,-3.167763e-32,-3.923833e-21,-1.366263e-17,-1.192724e-18,-2.527317e-32,0.000000e+00,0.000000e+00,0.000000e+00,0.000000e+00,0.000000e+00,0.000000e+00,0.000000e+00,0.000000e+00,6.634531e-19,6.386318e-19,3.759764e-22,4.235073e-30,-1.088164e-25,1.584007e-22,-6.599997e-24,-2.527317e-32
2444.4642,200.00,287.8359,3.816850e+03,2.037334e-02,C,2.775899e-03,1.035826e+00,0.2772%,2.483618e-01,2.447121e-01,1.599368e-04,2.304844e-13,2.499283e-08,1.149770e-04,8.359010e-06,0.000000e+00,0.000000e+00,1.550633e-17,0.000000e+00,0.000000e+00,0.000000e+00,0.000000e+00,0.000000e+00,0.000000e+00,3.040890e-17,4.132847e-29,1.868277e-17,4.274163e-30,3.918261e-21,1.368192e-17,1.192960e-18,-4.176447e-42,-2.976596e-17,-1.488711e-17,-1.868249e-17,-3.174058e-32,-3.918337e-21,-1.368179e-17,-1.192962e-18,-2.525736e-32,0.000000e+00,0.000000e+00,0.000000e+00,0.000000e+00,0.000000e+00,0.000000e+00,0.000000e+00,0.000000e+00,6.429333e-19,6.192160e-19,2.866600e-22,4.242423e-30,-7.644453e-26,1.282143e-22,-2.739154e-24,-2.525736e-32
2464.4642,200.00,287.8536,3.821245e+03,1.973305e-02,C,2.779915e-03,1.035826e+00,0.2776%,2.487617e-01,2.450973e-01,1.601479e-04,2.331680e-13,2.495848e-08,1.150651e-04,8.359341e-06,0.000000e+00,0.000000e+00,1.550633e-17,0.000000e+00,0.000000e+00,0.000000e+00,0.000000e+00,0.000000e+00,0.000000e+00,3.042710e-17,3.444039e-29,1.870876e-17,4.281826e-30,3.913073e-21,1.370063e-17,1.193211e-18,4.176447e-43,-2.980412e-17,-1.490620e-17,-1.870862e-17,-3.180491e-32,-3.913144e-21,-1.370061e-17,-1.193219e-18,-2.524247e-32,0.000000e+00,0.000000e+00,0.000000e+00,0.000000e+00,0.000000e+00,0.000000e+00,0.000000e+00,0.000000e+00,6.229821e-19,6.001320e-19,1.338595e-22,4.250021e-30,-7.073539e-26,2.016379e-23,-7.204970e-24,-2.524247e-32
2484.4642,200.00,287.8709,3.825535e+03,1.910992e-02,C,2.783853e-03,1.035826e+00,0.2780%,2.491494e-01,2.454707e-01,1.603549e-04,2.358564e-13,2.492585e-08,1.151521e-04,8.359797e-06,0.000000e+00,0.000000e+00,1.550633e-17,0.000000e+00,0.000000e+00,0.000000e+00,0.000000e+00,0.000000e+00,0.000000e+00,3.044539e-17,2.938913e-29,1.873427e-17,4.289734e-30,3.908158e-21,1.371900e-17,1.193477e-18,-3.341158e-42,-2.984129e-17,-1.492479e-17,-1.873402e-17,-3.187037e-32,-3.908270e-21,-1.371892e-17,-1.193487e-18,-2.522830e-32,0.000000e+00,0.000000e+00,0.000000e+00,0.000000e+00,0.000000e+00,0.000000e+00,0.000000e+00,0.000000e+00,6.041013e-19,5.815362e-19,2.487747e-22,4.257863e-30,-1.123811e-25,7.191316e-23,-1.009735e-23,-2.522830e-32
2504.4642,200.00,287.8878,3.829725e+03,1.851693e-02,C,2.787679e-03,1.035826e+00,0.2784%,2.495251e-01,2.458326e-01,1.605561e-04,2.385498e-13,2.489554e-08,1.152371e-04,8.360416e-06,0.000000e+00,0.000000e+00,1.550633e-17,0.000000e+00,0.000000e+00,0.000000e+00,0.000000e+00,0.000000e+00,0.000000e+00,3.046353e-17,2.709311e-29,1.875908e-17,4.297947e-30,3.903600e-21,1.373687e-17,1.193761e-18,-5.011737e-42,-2.987671e-17,-1.494251e-17,-1.875847e-17,-3.193615e-32,-3.902679e-21,-1.373650e-17,-1.193618e-18,-2.521421e-32,0.000000e+00,0.000000e+00,0.000000e+00,0.000000e+00,0.000000e+00,0.000000e+00,0.000000e+00,0.000000e+00,5.868165e-19,5.638191e-19,6.123920e-22,4.266011e-30,9.213979e-25,3.678578e-22,1.428409e-22,-2.521421e-32
2524.4642,200.00,287.9038,3.833704e+03,1.793383e-02,C,2.791321e-03,1.035826e+00,0.2787%,2.498893e-01,2.461833e-01,1.607469e-04,2.412482e-13,2.486090e-08,1.153166e-04,8.360172e-06,0.000000e+00,0.000000e+00,1.550633e-17,0.000000e+00,0.000000e+00,0.000000e+00,0.000000e+00,0.000000e+00,0.000000e+00,3.047878e-17,2.296026e-29,1.878253e-17,4.305477e-30,3.898346e-21,1.375374e-17,1.193902e-18,-1.670579e-42,-2.991158e-17,-1.495995e-17,-1.878225e-17,-3.200305e-32,-3.898458e-21,-1.375364e-17,-1.193911e-18,-2.520082e-32,0.000000e+00,0.000000e+00,0.000000e+00,0.000000e+00,0.000000e+00,0.000000e+00,0.000000e+00,0.000000e+00,5.672017e-19,5.463771e-19,2.809700e-22,4.273474e-30,-1.117180e-25,9.920605e-23,-8.780341e-24,-2.520082e-32
2544.4642,200.00,287.9197,3.837644e+03,1.736926e-02,C,2.794935e-03,1.035826e+00,0.2791%,2.502423e-01,2.465231e-01,1.609362e-04,2.439516e-13,2.482774e-08,1.153963e-04,8.360058e-06,0.000000e+00,0.000000e+00,1.550633e-17,0.000000e+00,0.000000e+00,0.000000e+00,0.000000e+00,0.000000e+00,0.000000e+00,3.049448e-17,2.250106e-29,1.880583e-17,4.313185e-30,3.893315e-21,1.377049e-17,1.194058e-18,0.000000e+00,-2.994538e-17,-1.497686e-17,-1.880553e-17,-3.207103e-32,-3.893413e-21,-1.377038e-17,-1.194066e-18,-2.518808e-32,0.000000e+00,0.000000e+00,0.000000e+00,0.000000e+00,0.000000e+00,0.000000e+00,0.000000e+00,0.000000e+00,5.491030e-19,5.294703e-19,2.994485e-22,4.281114e-30,-9.825979e-26,1.154918e-22,-8.104401e-24,-2.518808e-32
2564.4642,200.00,287.9347,3.841381e+03,1.681818e-02,C,2.798376e-03,1.035826e+00,0.2794%,2.505843e-01,2.468525e-01,1.611175e-04,2.466602e-13,2.480357e-08,1.154730e-04,8.361028e-06,0.000000e+00,0.000000e+00,1.550633e-17,0.000000e+00,0.000000e+00,0.000000e+00,0.000000e+00,0.000000e+00,0.000000e+00,3.051150e-17,1.928662e-29,1.882823e-17,4.322305e-30,3.889695e-21,1.378664e-17,1.194379e-18,3.341158e-42,-2.997840e-17,-1.499338e-17,-1.882803e-17,-3.213990e-32,-3.889767e-21,-1.378657e-17,-1.194384e-18,-2.517586e-32,0.000000e+00,0.000000e+00,0.000000e+00,0.000000e+00,0.000000e+00,0.000000e+00,0.000000e+00,0.000000e+00,5.330957e-19,5.129494e-19,1.943557e-22,4.290165e-30,-7.260445e-26,6.938110e-23,-4.801698e-24,-2.517586e-32
2584.4642,200.00,287.9495,3.845047e+03,1.629256e-02,C,2.801750e-03,1.035826e+00,0.2798%,2.509158e-01,2.471716e-01,1.612945e-04,2.493741e-13,2.477427e-08,1.155476e-04,8.361137e-06,0.000000e+00,0.000000e+00,1.550633e-17,0.000000e+00,0.000000e+00,0.000000e+00,0.000000e+00,0.000000e+00,0.000000e+00,3.052652e-17,1.699059e-29,1.885001e-17,4.330581e-30,3.885260e-21,1.380232e-17,1.194560e-18,-4.176447e-42,-3.000994e-17,-1.500915e-17,-1.884959e-17,-3.220903e-32,-3.885398e-21,-1.380215e-17,-1.194571e-18,-2.516364e-32,0.000000e+00,0.000000e+00,0.000000e+00,0.000000e+00,0.000000e+00,0.000000e+00,0.000000e+00,0.000000e+00,5.165763e-19,4.971752e-19,4.206268e-22,4.298372e-30,-1.385877e-25,1.709742e-22,-1.091642e-23,-2.516364e-32
2604.4642,200.00,287.9637,3.848583e+03,1.577604e-02,C,2.805014e-03,1.035826e+00,0.2801%,2.512370e-01,2.474809e-01,1.614657e-04,2.520933e-13,2.474697e-08,1.156200e-04,8.361390e-06,0.000000e+00,0.000000e+00,1.550633e-17,0.000000e+00,0.000000e+00,0.000000e+00,0.000000e+00,0.000000e+00,0.000000e+00,3.054132e-17,1.699059e-29,1.887113e-17,4.339153e-30,3.881137e-21,1.381751e-17,1.194756e-18,-1.670579e-42,-3.004096e-17,-1.502467e-17,-1.887096e-17,-3.227953e-32,-3.881201e-21,-1.381746e-17,-1.194762e-18,-2.515229e-32,0.000000e+00,0.000000e+00,0.000000e+00,0.000000e+00,0.000000e+00,0.000000e+00,0.000000e+00,0.000000e+00,5.003649e-19,4.816582e-19,1.639119e-22,4.306874e-30,-6.399743e-26,5.075560e-23,-5.423163e-24,-2.515229e-32
2624.4642,200.00,287.9776,3.852037e+03,1.527700e-02,C,2.808190e-03,1.035826e+00,0.2804%,2.515483e-01,2.477805e-01,1.616326e-04,2.548179e-13,2.472105e-08,1.156907e-04,8.361708e-06,0.000000e+00,0.000000e+00,1.550633e-17,0.000000e+00,0.000000e+00,0.000000e+00,0.000000e+00,0.000000e+00,0.000000e+00,3.055593e-17,1.239854e-29,1.889168e-17,4.347931e-30,3.877223e-21,1.383231e-17,1.194959e-18,-3.758802e-42,-3.007096e-17,-1.503968e-17,-1.889151e-17,-3.235078e-32,-3.877292e-21,-1.383226e-17,-1.194964e-18,-2.514132e-32,0.000000e+00,0.000000e+00,0.000000e+00,0.000000e+00,0.000000e+00,0.000000e+00,0.000000e+00,0.000000e+00,4.849698e-19,4.666514e-19,1.674130e-22,4.315581e-30,-6.952202e-26,5.393318e-23,-5.227329e-24,-2.514132e-32
2644.4642,200.00,287.9912,3.855410e+03,1.478629e-02,C,2.811309e-03,1.035826e+00,0.2807%,2.518498e-01,2.480708e-01,1.617962e-04,2.575480e-13,2.469671e-08,1.157606e-04,8.362160e-06,0.000000e+00,0.000000e+00,1.550633e-17,0.000000e+00,0.000000e+00,0.000000e+00,0.000000e+00,0.000000e+00,0.000000e+00,3.057072e-17,1.285775e-29,1.891188e-17,4.356943e-30,3.873546e-21,1.384686e-17,1.195177e-18,-3.758802e-42,-3.010049e-17,-1.505445e-17,-1.891170e-17,-3.242334e-32,-3.873627e-21,-1.384680e-17,-1.195184e-18,-2.513115e-32,0.000000e+00,0.000000e+00,0.000000e+00,0.000000e+00,0.000000e+00,0.000000e+00,0.000000e+00,0.000000e+00,4.702339e-19,4.518804e-19,1.830407e-22,4.324520e-30,-8.082501e-26,6.471854e-23,-7.136111e-24,-2.513115e-32
2664.4642,200.00,288.0041,3.858615e+03,1.433133e-02,C,2.814258e-03,1.035826e+00,0.2810%,2.521420e-01,2.483521e-01,1.619503e-04,2.602836e-13,2.466794e-08,1.158253e-04,8.361750e-06,0.000000e+00,0.000000e+00,1.550633e-17,0.000000e+00,0.000000e+00,0.000000e+00,0.000000e+00,0.000000e+00,0.000000e+00,3.058261e-17,1.193934e-29,1.893082e-17,4.365215e-30,3.869170e-21,1.386048e-17,1.195254e-18,-6.264671e-42,-3.012789e-17,-1.506816e-17,-1.893066e-17,-3.249504e-32,-3.869233e-21,-1.386042e-17,-1.195259e-18,-2.512011e-32,0.000000e+00,0.000000e+00,0.000000e+00,0.000000e+00,0.000000e+00,0.000000e+00,0.000000e+00,0.000000e+00,4.547144e-19,4.381730e-19,1.602727e-22,4.332720e-30,-6.304470e-26,5.300784e-23,-5.155150e-24,-2.512011e-32
2684.4642,200.00,288.0168,3.861764e+03,1.386956e-02,C,2.817183e-03,1.035826e+00,0.2813%,2.524250e-01,2.486245e-01,1.621041e-04,2.630249e-13,2.464677e-08,1.158912e-04,8.362403e-06,0.000000e+00,0.000000e+00,1.550633e-17,0.000000e+00,0.000000e+00,0.000000e+00,0.000000e+00,0.000000e+00,0.000000e+00,3.059695e-17,1.102093e-29,1.894982e-17,4.374723e-30,3.865989e-21,1.387416e-17,1.195495e-18,-2.923513e-42,-3.015573e-17,-1.508208e-17,-1.894964e-17,-3.256906e-32,-3.866057e-21,-1.387410e-17,-1.195499e-18,-2.511065e-32,0.000000e+00,0.000000e+00,0.000000e+00,0.000000e+00,0.000000e+00,0.000000e+00,0.000000e+00,0.000000e+00,4.412153e-19,4.242479e-19,1.782316e-22,4.342154e-30,-6.763483e-26,6.437550e-23,-4.633867e-24,-2.511065e-32
2704.4642,200.00,288.0290,3.864794e+03,1.344119e-02,C,2.819984e-03,1.035826e+00,0.2816%,2.526993e-01,2.488885e-01,1.622506e-04,2.657718e-13,2.462077e-08,1.159531e-04,8.362179e-06,0.000000e+00,0.000000e+00,1.550633e-17,0.000000e+00,0.000000e+00,0.000000e+00,0.000000e+00,0.000000e+00,0.000000e+00,3.060870e-17,1.010251e-29,1.896784e-17,4.383421e-30,3.862039e-21,1.388712e-17,1.195592e-18,4.594092e-42,-3.018158e-17,-1.509501e-17,-1.896743e-17,-3.264245e-32,-3.862137e-21,-1.388692e-17,-1.195596e-18,-2.510049e-32,0.000000e+00,0.000000e+00,0.000000e+00,0.000000e+00,0.000000e+00,0.000000e+00,0.000000e+00,0.000000e+00,4.271254e-19,4.113184e-19,4.035461e-22,4.350779e-30,-9.779638e-26,1.979357e-22,-4.349949e-24,-2.510049e-32
2724.4642,200.00,288.0410,3.867775e+03,1.300969e-02,C,2.822742e-03,1.035826e+00,0.2819%,2.529649e-01,2.491442e-01,1.623947e-04,2.685245e-13,2.459600e-08,1.160146e-04,8.362070e-06,0.000000e+00,0.000000e+00,1.550633e-17,0.000000e+00,0.000000e+00,0.000000e+00,0.000000e+00,0.000000e+00,0.000000e+00,3.062068e-17,9.184104e-30,1.898560e-17,4.392316e-30,3.858284e-21,1.389990e-17,1.195703e-18,-5.011737e-42,-3.020764e-17,-1.510805e-17,-1.898544e-17,-3.271793e-32,-3.858351e-21,-1.389984e-17,-1.195708e-18,-2.509171e-32,0.000000e+00,0.000000e+00,0.000000e+00,0.000000e+00,0.000000e+00,0.000000e+00,0.000000e+00,0.000000e+00,4.130478e-19,3.982835e-19,1.631419e-22,4.359598e-30,-6.682886e-26,5.895695e-23,-4.758186e-24,-2.509171e-32
2744.4642,200.00,288.0524,3.870607e+03,1.259069e-02,C,2.825381e-03,1.035826e+00,0.2821%,2.532223e-01,2.493919e-01,1.625340e-04,2.712831e-13,2.457927e-08,1.160744e-04,8.362968e-06,0.000000e+00,0.000000e+00,1.550633e-17,0.000000e+00,0.000000e+00,0.000000e+00,0.000000e+00,0.000000e+00,0.000000e+00,3.063419e-17,9.184104e-30,1.900281e-17,4.402516e-30,3.855772e-21,1.391231e-17,1.195969e-18,-1.252934e-42,-3.023296e-17,-1.512071e-17,-1.900262e-17,-3.279389e-32,-3.855831e-21,-1.391223e-17,-1.195973e-18,-2.508307e-32,0.000000e+00,0.000000e+00,0.000000e+00,0.000000e+00,0.000000e+00,0.000000e+00,0.000000e+00,0.000000e+00,4.012329e-19,3.856156e-19,1.865447e-22,4.369722e-30,-5.852090e-26,7.304900e-23,-4.128938e-24,-2.508307e-32
2764.4642,200.00,288.0635,3.873368e+03,1.219338e-02,C,2.827940e-03,1.035826e+00,0.2824%,2.534716e-01,2.496318e-01,1.626680e-04,2.740475e-13,2.455755e-08,1.161315e-04,8.363039e-06,0.000000e+00,0.000000e+00,1.550633e-17,0.000000e+00,0.000000e+00,0.000000e+00,0.000000e+00,0.000000e+00,0.000000e+00,3.064556e-17,6.888078e-30,1.901932e-17,4.411896e-30,3.852484e-21,1.392419e-17,1.196100e-18,4.176447e-42,-3.025699e-17,-1.513274e-17,-1.901914e-17,-3.287009e-32,-3.852547e-21,-1.392412e-17,-1.196104e-18,-2.507439e-32,0.000000e+00,0.000000e+00,0.000000e+00,0.000000e+00,0.000000e+00,0.000000e+00,0.000000e+00,0.000000e+00,3.885608e-19,3.735937e-19,1.853143e-22,4.379026e-30,-6.303243e-26,7.362156e-23,-4.058606e-24,-2.507439e-32
2784.4642,200.00,288.0742,3.876031e+03,1.180923e-02,C,2.830410e-03,1.035826e+00,0.2826%,2.537131e-01,2.498642e-01,1.627974e-04,2.768179e-13,2.453727e-08,1.161867e-04,8.363195e-06,0.000000e+00,0.000000e+00,1.550633e-17,0.000000e+00,0.000000e+00,0.000000e+00,0.000000e+00,0.000000e+00,0.000000e+00,3.065667e-17,6.888078e-30,1.903528e-17,4.421502e-30,3.849410e-21,1.393568e-17,1.196241e-18,-5.847026e-42,-3.028025e-17,-1.514437e-17,-1.903510e-17,-3.294691e-32,-3.849470e-21,-1.393560e-17,-1.196245e-18,-2.506595e-32,0.000000e+00,0.000000e+00,0.000000e+00,0.000000e+00,0.000000e+00,0.000000e+00,0.000000e+00,0.000000e+00,3.764203e-19,3.619610e-19,1.852980e-22,4.388555e-30,-5.990948e-26,7.463869e-23,-3.982040e-24,-2.506595e-32
2804.4642,200.00,288.0848,3.878656e+03,1.142782e-02,C,2.832841e-03,1.035826e+00,0.2829%,2.539470e-01,2.500894e-01,1.629249e-04,2.795944e-13,2.451771e-08,1.162413e-04,8.363395e-06,0.000000e+00,0.000000e+00,1.550633e-17,0.000000e+00,0.000000e+00,0.000000e+00,0.000000e+00,0.000000e+00,0.000000e+00,3.066785e-17,5.510463e-30,1.905100e-17,4.431240e-30,3.846455e-21,1.394699e-17,1.196384e-18,6.682315e-42,-3.030336e-17,-1.515593e-17,-1.905099e-17,-3.302514e-32,-3.846484e-21,-1.394701e-17,-1.196387e-18,-2.505835e-32,0.000000e+00,0.000000e+00,0.000000e+00,0.000000e+00,0.000000e+00,0.000000e+00,0.000000e+00,0.000000e+00,3.644957e-19,3.504026e-19,7.991074e-24,4.398215e-30,-2.887168e-26,-2.068243e-23,-2.546782e-24,-2.505835e-32
2824.4642,200.00,288.0951,3.881214e+03,1.107108e-02,C,2.835230e-03,1.035826e+00,0.2831%,2.541735e-01,2.503074e-01,1.630502e-04,2.823769e-13,2.449943e-08,1.162955e-04,8.363717e-06,0.000000e+00,0.000000e+00,1.550633e-17,0.000000e+00,0.000000e+00,0.000000e+00,0.000000e+00,0.000000e+00,0.000000e+00,3.067922e-17,4.592052e-30,1.906647e-17,4.441172e-30,3.843701e-21,1.395813e-17,1.196544e-18,-8.352894e-42,-3.032498e-17,-1.516675e-17,-1.906599e-17,-3.310330e-32,-3.842746e-21,-1.395781e-17,-1.196396e-18,-2.505046e-32,0.000000e+00,0.000000e+00,0.000000e+00,0.000000e+00,0.000000e+00,0.000000e+00,0.000000e+00,0.000000e+00,3.542330e-19,3.395839e-19,4.728054e-22,4.408068e-30,9.544498e-25,3.161976e-22,1.483176e-22,-2.505046e-32
2844.4642,200.00,288.1049,3.883633e+03,1.072194e-02,C,2.837476e-03,1.035826e+00,0.2833%,2.543930e-01,2.505186e-01,1.631672e-04,2.851657e-13,2.447615e-08,1.163449e-04,8.363124e-06,0.000000e+00,0.000000e+00,1.550633e-17,0.000000e+00,0.000000e+00,0.000000e+00,0.000000e+00,0.000000e+00,0.000000e+00,3.068774e-17,2.755231e-30,1.908082e-17,4.450300e-30,3.840139e-21,1.396844e-17,1.196555e-18,-1.252934e-42,-3.034617e-17,-1.517734e-17,-1.908037e-17,-3.318199e-32,-3.840264e-21,-1.396823e-17,-1.196564e-18,-2.504274e-32,0.000000e+00,0.000000e+00,0.000000e+00,0.000000e+00,0.000000e+00,0.000000e+00,0.000000e+00,0.000000e+00,3.415771e-19,3.289884e-19,4.523660e-22,4.417118e-30,-1.247754e-25,2.078177e-22,-8.896086e-24,-2.504274e-32
2864.4642,200.00,288.1143,3.885969e+03,1.037618e-02,C,2.839660e-03,1.035826e+00,0.2836%,2.546055e-01,2.507231e-01,1.632819e-04,2.879607e-13,2.446061e-08,1.163942e-04,8.363589e-06,0.000000e+00,0.000000e+00,1.550633e-17,0.000000e+00,0.000000e+00,0.000000e+00,0.000000e+00,0.000000e+00,0.000000e+00,3.069830e-17,3.214437e-30,1.909500e-17,4.460709e-30,3.837800e-21,1.397865e-17,1.196730e-18,-2.088224e-42,-3.036716e-17,-1.518784e-17,-1.909474e-17,-3.326198e-32,-3.837892e-21,-1.397855e-17,-1.196738e-18,-2.503575e-32,0.000000e+00,0.000000e+00,0.000000e+00,0.000000e+00,0.000000e+00,0.000000e+00,0.000000e+00,0.000000e+00,3.311421e-19,3.184883e-19,2.619792e-22,4.427447e-30,-9.201108e-26,1.018866e-22,-7.884713e-24,-2.503575e-32
2884.4642,200.00,288.1237,3.888307e+03,1.004637e-02,C,2.841825e-03,1.035826e+00,0.2838%,2.548113e-01,2.509211e-01,1.633945e-04,2.907619e-13,2.443953e-08,1.164425e-04,8.363190e-06,0.000000e+00,0.000000e+00,1.550633e-17,0.000000e+00,0.000000e+00,0.000000e+00,0.000000e+00,0.000000e+00,0.000000e+00,3.070707e-17,3.673642e-30,1.910887e-17,4.470182e-30,3.834578e-21,1.398862e-17,1.196765e-18,-5.429381e-42,-3.038719e-17,-1.519786e-17,-1.910868e-17,-3.334264e-32,-3.834628e-21,-1.398854e-17,-1.196768e-18,-2.502902e-32,0.000000e+00,0.000000e+00,0.000000e+00,0.000000e+00,0.000000e+00,0.000000e+00,0.000000e+00,0.000000e+00,3.198771e-19,3.084657e-19,1.845155e-22,4.436839e-30,-5.017812e-26,8.089516e-23,-3.529176e-24,-2.502902e-32
2904.4642,200.00,288.1323,3.890456e+03,9.728195e-03,C,2.843840e-03,1.035826e+00,0.2840%,2.550107e-01,2.511129e-01,1.635008e-04,2.935696e-13,2.442634e-08,1.164880e-04,8.363788e-06,0.000000e+00,0.000000e+00,1.550633e-17,0.000000e+00,0.000000e+00,0.000000e+00,0.000000e+00,0.000000e+00,0.000000e+00,3.071704e-17,4.132847e-30,1.912199e-17,4.481003e-30,3.832603e-21,1.399808e-17,1.196954e-18,1.252934e-42,-3.040654e-17,-1.520754e-17,-1.912183e-17,-3.342337e-32,-3.832659e-21,-1.399802e-17,-1.196958e-18,-2.502210e-32,0.000000e+00,0.000000e+00,0.000000e+00,0.000000e+00,0.000000e+00,0.000000e+00,0.000000e+00,0.000000e+00,3.105073e-19,2.987905e-19,1.565933e-22,4.447579e-30,-5.559535e-26,5.961467e-23,-4.319663e-24,-2.502210e-32
2924.4642,200.00,288.1412,3.892653e+03,9.417435e-03,C,2.845884e-03,1.035826e+00,0.2842%,2.552037e-01,2.512987e-01,1.636073e-04,2.963836e-13,2.440716e-08,1.165339e-04,8.363507e-06,0.000000e+00,0.000000e+00,1.550633e-17,0.000000e+00,0.000000e+00,0.000000e+00,0.000000e+00,0.000000e+00,0.000000e+00,3.072558e-17,2.296026e-30,1.913510e-17,4.490821e-30,3.829680e-21,1.400750e-17,1.197001e-18,-1.670579e-42,-3.042544e-17,-1.521699e-17,-1.913492e-17,-3.350528e-32,-3.829734e-21,-1.400742e-17,-1.197005e-18,-2.501581e-32,0.000000e+00,0.000000e+00,0.000000e+00,0.000000e+00,0.000000e+00,0.000000e+00,0.000000e+00,0.000000e+00,3.001444e-19,2.893349e-19,1.879224e-22,4.457316e-30,-5.387265e-26,8.439846e-23,-3.291984e-24,-2.501581e-32
2944.4642,200.00,288.1495,3.894724e+03,9.107901e-03,C,2.847832e-03,1.035826e+00,0.2844%,2.553906e-01,2.514785e-01,1.637099e-04,2.992041e-13,2.439572e-08,1.165786e-04,8.364257e-06,0.000000e+00,0.000000e+00,1.550633e-17,0.000000e+00,0.000000e+00,0.000000e+00,0.000000e+00,0.000000e+00,0.000000e+00,3.073581e-17,2.296026e-30,1.914782e-17,4.501959e-30,3.827969e-21,1.401667e-17,1.197208e-18,-2.505868e-42,-3.044428e-17,-1.522642e-17,-1.914768e-17,-3.358831e-32,-3.828024e-21,-1.401663e-17,-1.197213e-18,-2.501010e-32,0.000000e+00,0.000000e+00,0.000000e+00,0.000000e+00,0.000000e+00,0.000000e+00,0.000000e+00,0.000000e+00,2.915322e-19,2.799108e-19,1.338632e-22,4.468371e-30,-5.508626e-26,4.294800e-23,-4.941740e-24,-2.501010e-32
2964.4642,200.00,288.1575,3.896708e+03,8.823159e-03,C,2.849693e-03,1.035826e+00,0.2846%,2.555717e-01,2.516527e-01,1.638071e-04,3.020312e-13,2.437904e-08,1.166200e-04,8.364115e-06,0.000000e+00,0.000000e+00,1.550633e-17,0.000000e+00,0.000000e+00,0.000000e+00,0.000000e+00,0.000000e+00,0.000000e+00,3.074361e-17,2.755231e-30,1.915978e-17,4.512215e-30,3.825428e-21,1.402528e-17,1.197272e-18,-3.341158e-42,-3.046162e-17,-1.523509e-17,-1.915965e-17,-3.367074e-32,-3.825478e-21,-1.402524e-17,-1.197277e-18,-2.500369e-32,0.000000e+00,0.000000e+00,0.000000e+00,0.000000e+00,0.000000e+00,0.000000e+00,0.000000e+00,0.000000e+00,2.819939e-19,2.712365e-19,1.288605e-22,4.478544e-30,-5.010599e-26,4.141824e-23,-4.953294e-24,-2.500369e-32
2984.4642,200.00,288.1654,3.898669e+03,8.544161e-03,C,2.851515e-03,1.035826e+00,0.2847%,2.557469e-01,2.518213e-01,1.639023e-04,3.048649e-13,2.436312e-08,1.166609e-04,8.364040e-06,0.000000e+00,0.000000e+00,1.550633e-17,0.000000e+00,0.000000e+00,0.000000e+00,0.000000e+00,0.000000e+00,0.000000e+00,3.075147e-17,4.592052e-30,1.917151e-17,4.522624e-30,3.823015e-21,1.403371e-17,1.197343e-18,-3.341158e-42,-3.047862e-17,-1.524360e-17,-1.917137e-17,-3.375422e-32,-3.823070e-21,-1.403366e-17,-1.197347e-18,-2.499781e-32,0.000000e+00,0.000000e+00,0.000000e+00,0.000000e+00,0.000000e+00,0.000000e+00,0.000000e+00,0.000000e+00,2.728482e-19,2.627323e-19,1.388149e-22,4.488870e-30,-5.565235e-26,5.006458e-23,-4.590213e-24,-2.499781e-32
3004.4642,200.00,288.1732,3.900595e+03,8.267999e-03,C,2.853315e-03,1.035826e+00,0.2849%,2.559167e-01,2.519847e-01,1.639963e-04,3.077053e-13,2.434787e-08,1.167016e-04,8.364015e-06,0.000000e+00,0.000000e+00,1.550633e-17,0.000000e+00,0.000000e+00,0.000000e+00,0.000000e+00,0.000000e+00,0.000000e+00,3.075947e-17,6.428873e-30,1.918311e-17,4.533154e-30,3.820694e-21,1.404205e-17,1.197419e-18,-4.594092e-42,-3.049546e-17,-1.525202e-17,-1.918297e-17,-3.383878e-32,-3.820745e-21,-1.404200e-17,-1.197424e-18,-2.499247e-32,0.000000e+00,0.000000e+00,0.000000e+00,0.000000e+00,0.000000e+00,0.000000e+00,0.000000e+00,0.000000e+00,2.640075e-19,2.543100e-19,1.374549e-22,4.499315e-30,-5.114747e-26,5.002415e-23,-4.483931e-24,-2.499247e-32
3024.4642,200.00,288.1805,3.902413e+03,8.007479e-03,C,2.855013e-03,1.035826e+00,0.2851%,2.560810e-01,2.521428e-01,1.640853e-04,3.105524e-13,2.433381e-08,1.167398e-04,8.364044e-06,0.000000e+00,0.000000e+00,1.550633e-17,0.000000e+00,0.000000e+00,0.000000e+00,0.000000e+00,0.000000e+00,0.000000e+00,3.076695e-17,4.132847e-30,1.919406e-17,4.543902e-30,3.818558e-21,1.404993e-17,1.197501e-18,-4.176447e-43,-3.051135e-17,-1.525997e-17,-1.919390e-17,-3.392338e-32,-3.818608e-21,-1.404987e-17,-1.197505e-18,-2.498689e-32,0.000000e+00,0.000000e+00,0.000000e+00,0.000000e+00,0.000000e+00,0.000000e+00,0.000000e+00,0.000000e+00,2.556013e-19,2.463605e-19,1.589519e-22,4.509979e-30,-5.040574e-26,6.644114e-23,-3.806435e-24,-2.498689e-32
3044.4642,200.00,288.1876,3.904183e+03,7.751772e-03,C,2.856670e-03,1.035826e+00,0.2853%,2.562402e-01,2.522959e-01,1.641718e-04,3.134063e-13,2.432069e-08,1.167773e-04,8.364166e-06,0.000000e+00,0.000000e+00,1.550633e-17,0.000000e+00,0.000000e+00,0.000000e+00,0.000000e+00,0.000000e+00,0.000000e+00,3.077450e-17,4.592052e-30,1.920476e-17,4.554834e-30,3.816572e-21,1.405764e-17,1.197595e-18,2.923513e-42,-3.052696e-17,-1.526778e-17,-1.920461e-17,-3.400889e-32,-3.816618e-21,-1.405757e-17,-1.197599e-18,-2.498172e-32,0.000000e+00,0.000000e+00,0.000000e+00,0.000000e+00,0.000000e+00,0.000000e+00,0.000000e+00,0.000000e+00,2.475473e-19,2.385538e-19,1.522245e-22,4.520825e-30,-4.575996e-26,6.199558e-23,-4.032693e-24,-2.498172e-32
3064.4642,200.00,288.1945,3.905890e+03,7.503000e-03,C,2.858278e-03,1.035826e+00,0.2854%,2.563943e-01,2.524441e-01,1.642562e-04,3.162671e-13,2.430816e-08,1.168136e-04,8.364301e-06,0.000000e+00,0.000000e+00,1.550633e-17,0.000000e+00,0.000000e+00,0.000000e+00,0.000000e+00,0.000000e+00,0.000000e+00,3.078189e-17,-9.184104e-31,1.921515e-17,4.565887e-30,3.814674e-21,1.406512e-17,1.197689e-18,-2.923513e-42,-3.054215e-17,-1.527537e-17,-1.921502e-17,-3.409493e-32,-3.814723e-21,-1.406507e-17,-1.197694e-18,-2.497668e-32,0.000000e+00,0.000000e+00,0.000000e+00,0.000000e+00,0.000000e+00,0.000000e+00,0.000000e+00,0.000000e+00,2.397382e-19,2.309551e-19,1.266358e-22,4.531792e-30,-4.943663e-26,4.391635e-23,-4.619834e-24,-2.497668e-32
3084.4642,200.00,288.2011,3.907538e+03,7.262610e-03,C,2.859826e-03,1.035826e+00,0.2856%,2.565435e-01,2.525876e-01,1.643372e-04,3.191348e-13,2.429679e-08,1.168488e-04,8.364539e-06,0.000000e+00,0.000000e+00,1.550633e-17,0.000000e+00,0.000000e+00,0.000000e+00,0.000000e+00,0.000000e+00,0.000000e+00,3.078919e-17,2.296026e-30,1.922517e-17,4.577158e-30,3.812955e-21,1.407234e-17,1.197797e-18,-1.252934e-42,-3.055683e-17,-1.528272e-17,-1.922512e-17,-3.418166e-32,-3.812973e-21,-1.407231e-17,-1.197797e-18,-2.497187e-32,0.000000e+00,0.000000e+00,0.000000e+00,0.000000e+00,0.000000e+00,0.000000e+00,0.000000e+00,0.000000e+00,2.323530e-19,2.236089e-19,5.439830e-23,4.542976e-30,-1.795543e-26,2.355536e-23,-1.909661e-25,-2.497187e-32
3104.4642,200.00,288.2077,3.909170e+03,7.024416e-03,C,2.861372e-03,1.035826e+00,0.2857%,2.566879e-01,2.527266e-01,1.644184e-04,3.220094e-13,2.428554e-08,1.168842e-04,8.364778e-06,0.000000e+00,0.000000e+00,1.550633e-17,0.000000e+00,0.000000e+00,0.000000e+00,0.000000e+00,0.000000e+00,0.000000e+00,3.079667e-17,9.184104e-31,1.923519e-17,4.588484e-30,3.811255e-21,1.407955e-17,1.197903e-18,2.088224e-42,-3.057139e-17,-1.529000e-17,-1.923503e-17,-3.426938e-32,-3.811304e-21,-1.407948e-17,-1.197906e-18,-2.496751e-32,0.000000e+00,0.000000e+00,0.000000e+00,0.000000e+00,0.000000e+00,0.000000e+00,0.000000e+00,0.000000e+00,2.252799e-19,2.163263e-19,1.648700e-22,4.554214e-30,-4.839260e-26,7.049336e-23,-3.551480e-24,-2.496751e-32
3124.4642,200.00,288.2143,3.910814e+03,6.798341e-03,C,2.862907e-03,1.035826e+00,0.2859%,2.568277e-01,2.528612e-01,1.644989e-04,3.248910e-13,2.427497e-08,1.169198e-04,8.365091e-06,0.000000e+00,0.000000e+00,1.550633e-17,0.000000e+00,0.000000e+00,0.000000e+00,0.000000e+00,0.000000e+00,0.000000e+00,3.080437e-17,3.673642e-30,1.924514e-17,4.599929e-30,3.809665e-21,1.408672e-17,1.198018e-18,-2.088224e-42,-3.058522e-17,-1.529692e-17,-1.924472e-17,-3.435773e-32,-3.808703e-21,-1.408643e-17,-1.197869e-18,-2.496335e-32,0.000000e+00,0.000000e+00,0.000000e+00,0.000000e+00,0.000000e+00,0.000000e+00,0.000000e+00,0.000000e+00,2.191506e-19,2.094110e-19,4.268777e-22,4.565571e-30,9.622616e-25,2.924343e-22,1.488068e-22,-2.496335e-32
3144.4642,200.00,288.2201,3.912253e+03,6.584325e-03,C,2.864260e-03,1.035826e+00,0.2860%,2.569632e-01,2.529914e-01,1.645689e-04,3.277798e-13,2.425982e-08,1.169492e-04,8.364521e-06,0.000000e+00,0.000000e+00,1.550633e-17,0.000000e+00,0.000000e+00,0.000000e+00,0.000000e+00,0.000000e+00,0.000000e+00,3.080887e-17,4.592052e-31,1.925374e-17,4.610619e-30,3.807334e-21,1.409289e-17,1.197991e-18,-5.847026e-42,-3.059831e-17,-1.530347e-17,-1.925367e-17,-3.444562e-32,-3.807347e-21,-1.409285e-17,-1.197991e-18,-2.495857e-32,0.000000e+00,0.000000e+00,0.000000e+00,0.000000e+00,0.000000e+00,0.000000e+00,0.000000e+00,0.000000e+00,2.105597e-19,2.028617e-19,6.976050e-23,4.576174e-30,-1.313308e-26,3.681303e-23,4.572097e-25,-2.495857e-32
3164.4642,200.00,288.2259,3.913694e+03,6.373588e-03,C,2.865613e-03,1.035826e+00,0.2862%,2.570943e-01,2.531175e-01,1.646401e-04,3.306757e-13,2.425133e-08,1.169801e-04,8.364939e-06,0.000000e+00,0.000000e+00,1.550633e-17,0.000000e+00,0.000000e+00,0.000000e+00,0.000000e+00,0.000000e+00,0.000000e+00,3.081567e-17,-4.592052e-31,1.926255e-17,4.622496e-30,3.806062e-21,1.409924e-17,1.198118e-18,2.088224e-42,-3.061121e-17,-1.530992e-17,-1.926244e-17,-3.453457e-32,-3.806076e-21,-1.409917e-17,-1.198117e-18,-2.495429e-32,0.000000e+00,0.000000e+00,0.000000e+00,0.000000e+00,0.000000e+00,0.000000e+00,0.000000e+00,0.000000e+00,2.044653e-19,1.964101e-19,1.083300e-22,4.587962e-30,-1.376597e-26,6.337262e-23,1.566167e-24,-2.495429e-32
3184.4642,200.00,288.2320,3.915199e+03,6.168010e-03,C,2.867022e-03,1.035826e+00,0.2863%,2.572211e-01,2.532396e-01,1.647131e-04,3.335787e-13,2.423630e-08,1.170120e-04,8.364419e-06,0.000000e+00,0.000000e+00,1.550633e-17,0.000000e+00,0.000000e+00,0.000000e+00,0.000000e+00,0.000000e+00,0.000000e+00,3.082106e-17,4.592052e-31,1.927152e-17,4.633256e-30,3.803757e-21,1.410567e-17,1.198096e-18,4.176447e-42,-3.062379e-17,-1.531622e-17,-1.927115e-17,-3.462460e-32,-3.803835e-21,-1.410548e-17,-1.198100e-18,-2.495051e-32,0.000000e+00,0.000000e+00,0.000000e+00,0.000000e+00,0.000000e+00,0.000000e+00,0.000000e+00,0.000000e+00,1.972632e-19,1.901138e-19,3.724059e-22,4.598631e-30,-7.784842e-26,1.921076e-22,-3.952042e-24,-2.495051e-32
3204.4642,200.00,288.2371,3.916475e+03,5.973137e-03,C,2.868233e-03,1.035826e+00,0.2864%,2.573440e-01,2.533578e-01,1.647771e-04,3.364891e-13,2.422960e-08,1.170393e-04,8.364934e-06,0.000000e+00,0.000000e+00,1.550633e-17,0.000000e+00,0.000000e+00,0.000000e+00,0.000000e+00,0.000000e+00,0.000000e+00,3.082724e-17,2.296026e-30,1.927944e-17,4.645501e-30,3.802761e-21,1.411138e-17,1.198235e-18,3.341158e-42,-3.063573e-17,-1.532219e-17,-1.927927e-17,-3.471427e-32,-3.802808e-21,-1.411131e-17,-1.198238e-18,-2.494618e-32,0.000000e+00,0.000000e+00,0.000000e+00,0.000000e+00,0.000000e+00,0.000000e+00,0.000000e+00,0.000000e+00,1.915067e-19,1.841429e-19,1.648533e-22,4.610786e-30,-4.709475e-26,7.370029e-23,-3.297182e-24,-2.494618e-32
3224.4642,200.00,288.2428,3.917891e+03,5.777799e-03,C,2.869540e-03,1.035826e+00,0.2865%,2.574629e-01,2.534722e-01,1.648448e-04,3.394067e-13,2.421616e-08,1.170689e-04,8.364526e-06,0.000000e+00,0.000000e+00,1.550633e-17,0.000000e+00,0.000000e+00,0.000000e+00,0.000000e+00,0.000000e+00,0.000000e+00,3.083233e-17,4.592052e-31,1.928776e-17,4.656585e-30,3.800701e-21,1.411736e-17,1.198225e-18,-5.847026e-42,-3.064770e-17,-1.532817e-17,-1.928767e-17,-3.480575e-32,-3.800715e-21,-1.411731e-17,-1.198224e-18,-2.494289e-32,0.000000e+00,0.000000e+00,0.000000e+00,0.000000e+00,0.000000e+00,0.000000e+00,0.000000e+00,0.000000e+00,1.846261e-19,1.781556e-19,9.220542e-23,4.621779e-30,-1.441144e-26,5.541480e-23,1.309288e-24,-2.494289e-32
3244.4642,200.00,288.2477,3.919100e+03,5.592890e-03,C,2.870691e-03,1.035826e+00,0.2867%,2.575781e-01,2.535829e-01,1.649057e-04,3.423317e-13,2.421061e-08,1.170952e-04,8.365131e-06,0.000000e+00,0.000000e+00,1.550633e-17,0.000000e+00,0.000000e+00,0.000000e+00,0.000000e+00,0.000000e+00,0.000000e+00,3.083852e-17,1.377616e-30,1.929531e-17,4.669099e-30,3.799881e-21,1.412281e-17,1.198375e-18,-7.935250e-42,-3.065904e-17,-1.533384e-17,-1.929531e-17,-3.489669e-32,-3.799894e-21,-1.412282e-17,-1.198376e-18,-2.493892e-32,0.000000e+00,0.000000e+00,0.000000e+00,0.000000e+00,0.000000e+00,0.000000e+00,0.000000e+00,0.000000e+00,1.794802e-19,1.724857e-19,1.497217e-24,4.634202e-30,-1.300709e-26,-1.146039e-23,-1.284425e-24,-2.493892e-32
3264.4642,200.00,288.2528,3.920372e+03,5.416457e-03,C,2.871881e-03,1.035826e+00,0.2868%,2.576896e-01,2.536902e-01,1.649674e-04,3.452641e-13,2.419868e-08,1.171220e-04,8.364810e-06,0.000000e+00,0.000000e+00,1.550633e-17,0.000000e+00,0.000000e+00,0.000000e+00,0.000000e+00,0.000000e+00,0.000000e+00,3.084313e-17,-1.377616e-30,1.930291e-17,4.680512e-30,3.798057e-21,1.412827e-17,1.198376e-18,-3.341158e-42,-3.066985e-17,-1.533926e-17,-1.930284e-17,-3.498858e-32,-3.798073e-21,-1.412823e-17,-1.198375e-18,-2.493535e-32,0.000000e+00,0.000000e+00,0.000000e+00,0.000000e+00,0.000000e+00,0.000000e+00,0.000000e+00,0.000000e+00,1.732809e-19,1.670738e-19,6.367106e-23,4.645523e-30,-1.642643e-26,3.522460e-23,5.516751e-25,-2.493535e-32
3284.4642,200.00,288.2579,3.921638e+03,5.221741e-03,C,2.873098e-03,1.035826e+00,0.2869%,2.577975e-01,2.537940e-01,1.650318e-04,3.482040e-13,2.419307e-08,1.171509e-04,8.365454e-06,0.000000e+00,0.000000e+00,1.550633e-17,0.000000e+00,0.000000e+00,0.000000e+00,0.000000e+00,0.000000e+00,0.000000e+00,3.085025e-17,2.755231e-30,1.931089e-17,4.693096e-30,3.797224e-21,1.413403e-17,1.198529e-18,-3.341158e-42,-3.068180e-17,-1.534523e-17,-1.931089e-17,-3.508282e-32,-3.797237e-21,-1.413405e-17,-1.198530e-18,-2.493316e-32,0.000000e+00,0.000000e+00,0.000000e+00,0.000000e+00,0.000000e+00,0.000000e+00,0.000000e+00,0.000000e+00,1.684513e-19,1.610988e-19,-3.021078e-24,4.658013e-30,-1.305103e-26,-1.605384e-23,-1.453236e-24,-2.493316e-32
3304.4642,200.00,288.2622,3.922709e+03,5.073305e-03,C,2.874101e-03,1.035826e+00,0.2870%,2.579020e-01,2.538944e-01,1.650840e-04,3.511514e-13,2.418325e-08,1.171726e-04,8.365234e-06,0.000000e+00,0.000000e+00,1.550633e-17,0.000000e+00,0.000000e+00,0.000000e+00,0.000000e+00,0.000000e+00,0.000000e+00,3.085383e-17,1.836821e-30,1.931730e-17,4.704937e-30,3.795723e-21,1.413864e-17,1.198542e-18,-3.758802e-42,-3.069091e-17,-1.534979e-17,-1.931717e-17,-3.517409e-32,-3.795766e-21,-1.413859e-17,-1.198546e-18,-2.492857e-32,0.000000e+00,0.000000e+00,0.000000e+00,0.000000e+00,0.000000e+00,0.000000e+00,0.000000e+00,0.000000e+00,1.629205e-19,1.565425e-19,1.331147e-22,4.669763e-30,-4.353856e-26,5.256336e-23,-3.985053e-24,-2.492857e-32
3324.4642,200.00,288.2668,3.923855e+03,4.908974e-03,C,2.875166e-03,1.035826e+00,0.2871%,2.580031e-01,2.539917e-01,1.651393e-04,3.541064e-13,2.417328e-08,1.171966e-04,8.365051e-06,0.000000e+00,0.000000e+00,1.550633e-17,0.000000e+00,0.000000e+00,0.000000e+00,0.000000e+00,0.000000e+00,0.000000e+00,3.085813e-17,4.592052e-31,1.932413e-17,4.716792e-30,3.794199e-21,1.414354e-17,1.198560e-18,2.505868e-42,-3.070099e-17,-1.535483e-17,-1.932426e-17,-3.526797e-32,-3.794174e-21,-1.414362e-17,-1.198558e-18,-2.492555e-32,0.000000e+00,0.000000e+00,0.000000e+00,0.000000e+00,0.000000e+00,0.000000e+00,0.000000e+00,0.000000e+00,1.571360e-19,1.514966e-19,-1.370232e-22,4.681524e-30,2.517370e-26,-7.638724e-23,1.557021e-24,-2.492555e-32
