  0.20199920      3.73996251E-11  # wavelength in microns and flux in per microns
  0.20399840      1.46697293E-10
  0.20599760      2.08824388E-10
  0.20799680      3.87572724E-10
  0.20999600      5.98757766E-10
  0.21199520      1.27789790E-09
  0.21399440      1.61897806E-09
  0.21599361      2.27945840E-09
  0.21799281      3.31099970E-09
  0.21999201      7.51089857E-09
  0.22199121      7.37059436E-09
  0.22399041      2.91955775E-08
  0.22598961      1.71386194E-08
  0.22798881      2.57797659E-08
  0.22998801      2.81115273E-08
  0.23198721      6.92010573E-08
  0.23398641      1.72685361E-07
  0.23598561      7.03949112E-08
  0.23798481      2.04998855E-07
  0.23998401      4.06612287E-07
  0.24198321      4.59059379E-07
  0.24398240      1.27316548E-06
  0.24598160      1.53619794E-06
  0.24798080      6.43247347E-07
  0.24998000      8.88980367E-07
  0.25197920      6.88825935E-07
  0.25397840      3.82724966E-06
  0.25597760      4.64634877E-06
  0.25797680      4.97956535E-06
  0.25997600      8.20882906E-06
  0.26197523      1.23101599E-05
  0.26397443      1.83324246E-05
  0.26597363      1.80507504E-05
  0.26797283      2.00230606E-05
  0.26997203      2.22582730E-05
  0.27197123      1.85763929E-05
  0.27397043      2.33250503E-05
  0.27596962      3.47057285E-05
  0.27796882      4.34887334E-05
  0.27996802      3.84355626E-05
  0.28196722      5.00572060E-05
  0.28396642      2.75905186E-05
  0.28596562      8.01208516E-05
  0.28796482      1.28332060E-03
  0.28996402      5.45140915E-03
  0.29196322      1.25966193E-02
  0.29396242      6.21596770E-03
  0.29596162      8.26037116E-03
  0.29796082      6.15983130E-03
  0.29996002      4.67394339E-03
  0.30195922      4.16475348E-03
  0.30395842      1.17395949E-02
  0.30595762      1.98377911E-02
  0.30795681      5.36645390E-02
  0.30995601      4.24809456E-02
  0.31195521      0.60442966    
  0.31395441      0.67447680    
  0.31595361       1.4983888    
  0.31795281       1.4759679    
  0.31995201       1.0101652    
  0.32195121       1.1956211    
  0.32395041      0.80796200    
  0.32594961       2.8272903    
  0.32794881       2.1135266    
  0.32994801       1.6721444    
  0.33194721       2.7935801    
  0.33394641       3.8188903    
  0.33594561       1.6450912    
  0.33794481      0.86078751    
  0.33994401       1.6886280    
  0.34194320      0.69293612    
  0.34394240      0.27932250    
  0.34594163      0.25300458    
  0.34794083      0.69853538    
  0.34994003      0.62474698    
  0.35193923      0.28255904    
  0.35393843       4.2552695    
  0.35593763       2.0509799    
  0.35793683      0.16062632    
  0.35993603      0.15211105    
  0.36193523       1.1459715    
  0.36393443       2.0340705    
  0.36593363       4.1949849    
  0.36793283       1.8873390    
  0.36993203       2.6384637    
  0.37193123      0.37789860    
  0.37393042      0.15078567    
  0.37592962       1.1434746    
  0.37792885       4.8727674    
  0.37992805       4.1271996    
  0.38192725       2.0872786    
  0.38392645       2.5785956    
  0.38592565      0.90119642    
  0.38792485       1.2990645    
  0.38992405       1.3805342    
  0.39192325       2.2589400    
  0.39392245      0.89232117    
  0.39592165      0.81222022    
  0.39792085       4.2896495    
  0.39992005       5.8587265    
  0.40191925       5.9313135    
  0.40391845       2.5285802    
  0.40591764       6.2680016    
  0.40791684       5.9020138    
  0.40991604       5.1881146    
  0.41191524       3.9290912    
  0.41391444       3.2166290    
  0.41591364       2.7557316    
  0.41791284       1.7482430    
  0.41991204       1.0096859    
  0.42191124      0.37961021    
  0.42391044      0.63089079    
  0.42590964       1.9028245    
  0.42790884       2.4240990    
  0.42990804       3.9519882    
  0.43190724       7.1328712    
  0.43390644       10.007366    
  0.43590564       10.580762    
  0.43790483       11.019303    
  0.43990403       11.586749    
  0.44190323       13.724336    
  0.44390243       10.234856    
  0.44590163       10.319988    
  0.44790083       11.755588    
  0.44990003       14.790287    
  0.45189923       11.914206    
  0.45389843       16.221003    
  0.45589763       15.353735    
  0.45789683       18.807116    
  0.45989603       6.8877273    
  0.46189523       17.584415    
  0.46389443       6.6647172    
  0.46589363       15.126005    
  0.46789283       8.3620958    
  0.46989202       20.224270    
  0.47189122       14.958576    
  0.47389042       23.568647    
  0.47588962       15.514463    
  0.47788882       5.7866817    
  0.47988802       7.5846109    
  0.48188722       3.5846808    
  0.48388642       10.808549    
  0.48588562       6.4325047    
  0.48788482       14.986503    
  0.48988408       22.909760    
  0.49188328       33.742779    
  0.49388248       50.618801    
  0.49588168       21.161066    
  0.49788088       10.981202    
  0.49988008       9.5397310    
  0.50187927       5.1048217    
  0.50387847       13.111864    
  0.50587767       9.4955130    
  0.50787687       13.671567    
  0.50987607       15.917385    
  0.51187527       14.956944    
  0.51387447       17.615990    
  0.51587367       17.937273    
  0.51787287       2.6447961    
  0.51987207       8.2269535    
  0.52187127       19.408894    
  0.52387047       22.868040    
  0.52586967       23.687248    
  0.52786887       22.399515    
  0.52986807       35.324059    
  0.53186727       25.059160    
  0.53386647       21.274582    
  0.53586566       24.842854    
  0.53786486       22.464951    
  0.53986406       22.412851    
  0.54186326       22.696896    
  0.54386246       23.131702    
  0.54586166       7.4694219    
  0.54786086       11.798773    
  0.54986006       11.250952    
  0.55185926       11.896057    
  0.55385846       14.975182    
  0.55585766       17.518095    
  0.55785686       13.183387    
  0.55985606       9.7293558    
  0.56185526       7.9119215    
  0.56385446       7.0012679    
  0.56585366       10.196490    
  0.56785285       8.3244200    
  0.56985205       11.488306    
  0.57185125       14.147773    
  0.57385045       13.098004    
  0.57584965       14.273263    
  0.57784885       13.666022    
  0.57984805       18.710590    
  0.58184725       18.041086    
  0.58384645       15.799026    
  0.58584565       7.4263811    
  0.58784485       4.8510399    
  0.58984405       2.1671720    
  0.59184325       4.5252552    
  0.59384245       5.9888382    
  0.59584165       6.0283689    
  0.59784085       7.5877810    
  0.59984004       10.515256    
  0.60183924       11.668936    
  0.60383844       15.239857    
  0.60583764       19.761425    
  0.60783684       25.432941    
  0.60983604       27.120455    
  0.61183524       33.796135    
  0.61383444       41.764030    
  0.61583364       15.917137    
  0.61783290       8.4738474    
  0.61983210       5.7514939    
  0.62183130       5.8677387    
  0.62383050       5.3589735    
  0.62582970       8.0749588    
  0.62782890       9.3676252    
  0.62982810       12.727629    
  0.63182729       18.429409    
  0.63382649       23.118559    
  0.63582569       20.913580    
  0.63782489       27.215124    
  0.63982409       36.721706    
  0.64182329       37.780304    
  0.64382249       45.402428    
  0.64582169       50.252510    
  0.64782089       47.840782    
  0.64982009       32.357944    
  0.65181929       34.008736    
  0.65381849       53.068413    
  0.65581769       42.288551    
  0.65781689       38.911541    
  0.65981609       40.556263    
  0.66181529       32.433804    
  0.66381449       27.766674    
  0.66581368       20.968533    
  0.66781288       22.311045    
  0.66981208       19.620440    
  0.67181128       17.354269    
  0.67381048       18.896210    
  0.67580968       19.441097    
  0.67780888       26.665737    
  0.67980808       25.231281    
  0.68180728       31.709402    
  0.68380648       44.502617    
  0.68580568       40.883373    
  0.68780488       56.670223    
  0.68980408       70.162529    
  0.69180328       86.360725    
  0.69380248       71.800087    
  0.69580168       95.559372    
  0.69780087       131.41890    
  0.69980007       139.54391    
  0.70179927       167.37186    
  0.70379847       186.62848    
  0.70579767       99.655312    
  0.70779687       66.461678    
  0.70979607       29.454308    
  0.71179527       48.936649    
  0.71379447       18.911604    
  0.71579367       31.675257    
  0.71779287       39.377613    
  0.71979207       47.349899    
  0.72179127       46.170860    
  0.72379047       69.065125    
  0.72578967       114.10092    
  0.72778887       117.74337    
  0.72978806       175.84537    
  0.73178726       236.17192    
  0.73378646       301.62769    
  0.73578566       318.42719    
  0.73778486       371.28827    
  0.73978406       417.92853    
  0.74178326       400.08401    
  0.74378246       427.24683    
  0.74578166       420.85254    
  0.74778086       459.14575    
  0.74978006       474.67346    
  0.75177926       502.23511    
  0.75377846       531.34247    
  0.75577766       579.87256    
  0.75777686       572.63397    
  0.75977606       301.69333    
  0.76177526       350.30560    
  0.76377445       194.88536    
  0.76577365       92.240395    
  0.76777285       57.578785    
  0.76977205       58.293137    
  0.77177125       115.44190    
  0.77377045       205.06755    
  0.77576965       149.18938    
  0.77776891       188.86398    
  0.77976811       190.55695    
  0.78176731       268.07294    
  0.78376651       206.80098    
  0.78576571       237.79431    
  0.78776491       250.22269    
  0.78976411       283.52225    
  0.79176331       211.07971    
  0.79376251       257.42294    
  0.79576170       259.40155    
  0.79776090       297.67365    
  0.79976010       279.08771    
  0.80175930       354.10419    
  0.80375850       414.94580    
  0.80575770       501.03900    
  0.80775690       556.37317    
  0.80975610       642.56641    
  0.81175530       741.02100    
  0.81375450       822.63892    
  0.81575370       859.01801    
  0.81775290       720.95514    
  0.81975210       557.89929    
  0.82175130       612.93243    
  0.82375050       724.70483    
  0.82574970       728.33044    
  0.82774889       689.74194    
  0.82974809       571.80566    
  0.83174729       626.84729    
  0.83374649       621.03735    
  0.83574569       583.11401    
  0.83774489       604.64612    
  0.83974409       572.36981    
  0.84174329       633.38812    
  0.84374249       404.57510    
  0.84574169       263.61926    
  0.84774089       280.87381    
  0.84974009       323.98569    
  0.85173929       299.36993    
  0.85373849       350.77786    
  0.85573769       418.07193    
  0.85773689       412.62997    
  0.85973608       442.24905    
  0.86173528       508.80789    
  0.86373448       554.02783    
  0.86573368       547.49390    
  0.86773288       582.92627    
  0.86973208       611.55042    
  0.87173128       693.54541    
  0.87373048       728.76086    
  0.87572968       764.91364    
  0.87772888       817.42059    
  0.87972808       884.72394    
  0.88172728       883.56396    
  0.88372648       948.69159    
  0.88572568       833.91644    
  0.88772488       524.16290    
  0.88972408       591.97888    
  0.89172328       695.51416    
  0.89372247       671.65723    
  0.89572167       624.32294    
  0.89772087       716.54626    
  0.89972007       803.92151    
  0.90171927       847.90149    
  0.90371847       862.50793    
  0.90571773       950.53284    
  0.90771693       1018.5094    
  0.90971613       1044.5264    
  0.91171533       1086.1793    
  0.91371453       1141.8909    
  0.91571373       1188.6824    
  0.91771293       1226.6838    
  0.91971213       1244.1272    
  0.92171133       999.59283    
  0.92371053       892.47583    
  0.92570972       913.10577    
  0.92770892       871.26239    
  0.92970812       807.26447    
  0.93170732       826.23596    
  0.93370652       873.70459    
  0.93570572       878.37115    
  0.93770492       873.29266    
  0.93970412       943.37256    
  0.94170332       945.09540    
  0.94370252       926.51276    
  0.94570172       975.58167    
  0.94770092       1022.0803    
  0.94970012       1039.4893    
  0.95169932       1012.8439    
  0.95369852       1038.5155    
  0.95569772       1040.4934    
  0.95769691       1040.7190    
  0.95969611       1012.7050    
  0.96169531       1046.3477    
  0.96369451       1004.4719    
  0.96569371       1052.1687    
  0.96769291       1032.4049    
  0.96969211       1102.2789    
  0.97169131       1036.8925    
  0.97369051       936.20789    
  0.97568971       1024.6687    
  0.97768891       1022.0816    
  0.97968811       1097.4445    
  0.98168731       1022.6875    
  0.98368651       1038.8877    
  0.98568571       1116.2614    
  0.98768491       1162.7971    
  0.98968410       1148.0475    
  0.99168330       1127.4248    
  0.99368250       1172.7974    
  0.99568170       1216.1338    
  0.99768090       1240.8253    
  0.99968010       1222.3586    
   1.0016793       1246.0320    
   1.0036786       1185.5955    
   1.0056777       1187.0289    
   1.0076770       1215.6168    
   1.0096761       1234.2992    
   1.0116754       1265.0870    
   1.0136745       1270.6239    
   1.0156738       1226.3864    
   1.0176729       1229.7118    
   1.0196722       1245.5146    
   1.0216713       1275.9156    
   1.0236706       1281.5758    
   1.0256697       1280.9907    
   1.0276690       1271.9122    
   1.0296681       1291.7583    
   1.0316674       1311.9197    
   1.0336666       1279.1582    
   1.0356658       1285.5243    
   1.0376650       1328.5621    
   1.0396641       1299.9982    
   1.0416634       1350.9432    
   1.0436625       1355.5620    
   1.0456618       1324.2064    
   1.0476609       1282.1389    
   1.0496602       1217.7772    
   1.0516593       1250.8423    
   1.0536586       1192.7249    
   1.0556577       1165.6803    
   1.0576570       1145.5530    
   1.0596561       1132.5868    
   1.0616554       1186.1918    
   1.0636545       1217.9299    
   1.0656538       1223.6038    
   1.0676529       1263.9148    
   1.0696522       1300.8429    
   1.0716513       1323.0354    
   1.0736506       1307.5996    
   1.0756497       1335.6591    
   1.0776490       1349.3542    
   1.0796481       1370.1884    
   1.0816474       1379.1111    
   1.0836465       1374.1169    
   1.0856458       1386.2937    
   1.0876449       1381.4672    
   1.0896442       1367.4784    
   1.0916433       1370.7913    
   1.0936426       1360.0979    
   1.0956417       1336.9390    
   1.0976410       1335.9802    
   1.0996401       1325.1244    
   1.1016394       1286.5900    
   1.1036385       1192.7327    
   1.1056378       1123.8475    
   1.1076369       1168.4886    
   1.1096362       1158.5066    
   1.1116353       1171.4666    
   1.1136346       1214.8356    
   1.1156337       1191.3198    
   1.1176330       1187.8002    
   1.1196321       1161.0144    
   1.1216314       1220.6691    
   1.1236305       1229.5043    
   1.1256298       1210.9512    
   1.1276289       1256.5238    
   1.1296282       1231.7177    
   1.1316273       1232.9182    
   1.1336266       1189.7933    
   1.1356257       1200.6594    
   1.1376250       1025.0221    
   1.1396241       1023.3390    
   1.1416234       1009.8353    
   1.1436225       1189.6688    
   1.1456218       1241.1664    
   1.1476209       1252.6913    
   1.1496202       1265.8726    
   1.1516193       1252.2665    
   1.1536186       1233.6470    
   1.1556177       1266.6260    
   1.1576170       1254.5803    
   1.1596161       1230.8588    
   1.1616154       1201.1057    
   1.1636146       1237.5645    
   1.1656138       1254.8380    
   1.1676130       1242.1010    
   1.1696122       1031.9819    
   1.1716114       1241.0222    
   1.1736106       1219.7660    
   1.1756098       1183.2764    
   1.1776090       902.96179    
   1.1796082       1162.0150    
   1.1816074       1185.7549    
   1.1836066       1160.7058    
   1.1856058       1174.5968    
   1.1876050       1157.9874    
   1.1896042       1122.2181    
   1.1916034       1177.7546    
   1.1936026       1192.8677    
   1.1956018       1174.1143    
   1.1976010       1135.2870    
   1.1996002       1207.2825    
   1.2015994       1222.2188    
   1.2035986       1222.7799    
   1.2055978       1245.5632    
   1.2075970       1227.4998    
   1.2095962       1247.9478    
   1.2115954       1247.5116    
   1.2135946       1251.6064    
   1.2155938       1268.3689    
   1.2175930       1263.7227    
   1.2195922       1282.2252    
   1.2215914       1269.5018    
   1.2235906       1278.1051    
   1.2255898       1281.8015    
   1.2275890       1280.7981    
   1.2295883       1285.4020    
   1.2315874       1273.5597    
   1.2335867       1284.0432    
   1.2355858       1289.1887    
   1.2375851       1287.6622    
   1.2395842       1291.7650    
   1.2415835       1227.7219    
   1.2435826       1131.7067    
   1.2455819       1237.6063    
   1.2475810       1242.6210    
   1.2495803       1248.6954    
   1.2515794       1172.2531    
   1.2535787       1193.9951    
   1.2555778       1231.4935    
   1.2575771       1216.9390    
   1.2595762       1220.3019    
   1.2615755       1236.7358    
   1.2635746       1231.9686    
   1.2655739       1242.2904    
   1.2675730       1196.5012    
   1.2695723       1231.6161    
   1.2715714       1236.6406    
   1.2735707       1233.3969    
   1.2755698       1241.2299    
   1.2775691       1253.9646    
   1.2795682       1248.3760    
   1.2815675       1225.6184    
   1.2835666       1212.0533    
   1.2855659       1226.9971    
   1.2875650       1246.2003    
   1.2895643       1220.2751    
   1.2915634       1238.4675    
   1.2935627       1263.1853    
   1.2955618       1259.7645    
   1.2975610       1245.5243    
   1.2995602       1253.2026    
   1.3015594       1252.9283    
   1.3035586       1249.9337    
   1.3055578       1257.1545    
   1.3075570       1229.6079    
   1.3095562       1220.4349    
   1.3115554       1208.5941    
   1.3135546       1142.4973    
   1.3155538       1147.1245    
   1.3175530       1207.9326    
   1.3195522       1203.8601    
   1.3215514       1202.2754    
   1.3235506       1196.2688    
   1.3255498       1158.1033    
   1.3275490       1136.9037    
   1.3295482       1116.5219    
   1.3315474       987.42578    
   1.3335466       983.17194    
   1.3355458       755.59045    
   1.3375450       793.05133    
   1.3395442       848.13214    
   1.3415434       809.47278    
   1.3435426       775.62091    
   1.3455418       793.94727    
   1.3475410       745.94391    
   1.3495402       813.59119    
   1.3515394       751.32660    
   1.3535386       755.00275    
   1.3555379       753.47821    
   1.3575370       741.46704    
   1.3595363       753.84509    
   1.3615354       694.30994    
   1.3635347       759.28302    
   1.3655338       743.56549    
   1.3675331       741.81519    
   1.3695322       732.44855    
   1.3715315       712.54968    
   1.3735306       723.18195    
   1.3755299       752.32928    
   1.3775290       759.79956    
   1.3795283       769.19092    
   1.3815274       764.93848    
   1.3835267       744.61847    
   1.3855258       756.73981    
   1.3875251       742.60071    
   1.3895242       752.77014    
   1.3915235       677.65576    
   1.3935226       687.53741    
   1.3955219       703.55188    
   1.3975210       666.32440    
   1.3995203       668.96887    
   1.4015194       672.93140    
   1.4035187       680.75507    
   1.4055178       707.60089    
   1.4075171       640.41254    
   1.4095162       644.73450    
   1.4115155       613.13171    
   1.4135146       656.82397    
   1.4155139       627.20349    
   1.4175130       571.25165    
   1.4195123       618.79333    
   1.4215114       610.97284    
   1.4235107       600.11224    
   1.4255098       581.83594    
   1.4275091       597.53973    
   1.4295082       589.16980    
   1.4315075       610.69318    
   1.4335066       577.45093    
   1.4355059       628.99493    
   1.4375050       607.38843    
   1.4395043       617.26453    
   1.4415034       587.89569    
   1.4435027       641.38165    
   1.4455018       618.21259    
   1.4475011       597.38458    
   1.4495002       637.12341    
   1.4514995       639.07922    
   1.4534986       614.77563    
   1.4554979       655.79791    
   1.4574970       626.55090    
   1.4594963       651.75378    
   1.4614954       622.33643    
   1.4634947       603.19690    
   1.4654938       641.77045    
   1.4674931       605.74304    
   1.4694922       581.11212    
   1.4714915       620.05334    
   1.4734906       614.66339    
   1.4754899       598.09979    
   1.4774890       605.75189    
   1.4794883       624.62421    
   1.4814874       596.26434    
   1.4834867       640.85413    
   1.4854859       614.03650    
   1.4874851       627.54156    
   1.4894843       614.72479    
   1.4914834       637.73370    
   1.4934827       605.71954    
   1.4954818       630.71686    
   1.4974811       647.40070    
   1.4994802       637.47095    
   1.5014795       603.01178    
   1.5034786       654.20514    
   1.5054779       645.57599    
   1.5074770       644.78082    
   1.5094763       653.35217    
   1.5114754       663.71478    
   1.5134747       631.10907    
   1.5154738       685.40399    
   1.5174731       606.68817    
   1.5194722       655.73608    
   1.5214715       695.86536    
   1.5234706       677.31738    
   1.5254699       634.64899    
   1.5274690       667.22864    
   1.5294683       692.01025    
   1.5314674       649.76978    
   1.5334667       678.38715    
   1.5354658       684.46112    
   1.5374651       672.08820    
   1.5394642       684.31830    
   1.5414635       671.86859    
   1.5434626       662.64709    
   1.5454619       716.48010    
   1.5474610       670.68512    
   1.5494603       706.10675    
   1.5514594       686.92926    
   1.5534587       714.21619    
   1.5554578       691.14001    
   1.5574571       679.80560    
   1.5594562       700.78632    
   1.5614555       709.36755    
   1.5634546       726.47565    
   1.5654539       677.90717    
   1.5674530       745.67505    
   1.5694523       714.88409    
   1.5714514       725.71997    
   1.5734507       730.19116    
   1.5754498       732.95953    
   1.5774491       731.60443    
   1.5794482       736.33832    
   1.5814475       743.48016    
   1.5834466       740.36108    
   1.5854459       754.22626    
   1.5874450       757.39435    
   1.5894443       739.24689    
   1.5914434       754.94495    
   1.5934427       759.70355    
   1.5954418       775.65326    
   1.5974411       764.68695    
   1.5994402       768.07312    
   1.6014395       766.42621    
   1.6034386       778.47772    
   1.6054379       767.44397    
   1.6074370       778.99731    
   1.6094363       782.67773    
   1.6114355       772.74750    
   1.6134347       781.92072    
   1.6154339       767.11194    
   1.6174331       809.15466    
   1.6194323       758.92712    
   1.6214315       778.47687    
   1.6234307       799.32385    
   1.6254299       783.87653    
   1.6274291       803.32166    
   1.6294283       804.52924    
   1.6314275       792.88165    
   1.6334267       809.16663    
   1.6354259       800.64886    
   1.6374251       809.83002    
   1.6394243       808.69464    
   1.6414235       805.24744    
   1.6434227       812.80713    
   1.6454219       816.98816    
   1.6474211       822.98883    
   1.6494203       819.11011    
   1.6514195       817.25342    
   1.6534187       813.53156    
   1.6554179       832.33563    
   1.6574171       835.21057    
   1.6594163       814.29895    
   1.6614155       814.63824    
   1.6634147       833.00525    
   1.6654139       835.58051    
   1.6674131       817.62640    
   1.6694123       834.84137    
   1.6714115       812.92163    
   1.6734107       831.01910    
   1.6754099       821.30884    
   1.6774091       825.71271    
   1.6794083       836.23962    
   1.6814075       836.67682    
   1.6834067       830.27850    
   1.6854059       830.64789    
   1.6874051       809.73486    
   1.6894042       807.16974    
   1.6914035       808.87262    
   1.6934026       814.07587    
   1.6954019       795.12903    
   1.6974010       784.90900    
   1.6994003       781.58618    
   1.7013994       796.20679    
   1.7033987       774.90436    
   1.7053978       766.90753    
   1.7073971       742.65198    
   1.7093962       756.26337    
   1.7113955       704.29651    
   1.7133946       729.73175    
   1.7153939       699.98431    
   1.7173930       691.54858    
   1.7193923       664.99902    
   1.7213914       711.84155    
   1.7233907       666.13641    
   1.7253898       703.56683    
   1.7273891       652.44470    
   1.7293882       664.39777    
   1.7313875       660.67188    
   1.7333866       663.02313    
   1.7353859       621.85333    
   1.7373850       643.88104    
   1.7393843       637.31403    
   1.7413836       631.29773    
   1.7433827       610.74670    
   1.7453820       619.78040    
   1.7473811       572.33929    
   1.7493804       628.53497    
   1.7513795       571.76282    
   1.7533787       598.82361    
   1.7553779       554.71802    
   1.7573771       550.87683    
   1.7593763       572.77075    
   1.7613755       550.71497    
   1.7633747       553.80072    
   1.7653739       565.90686    
   1.7673731       520.34839    
   1.7693723       528.20270    
   1.7713715       538.56079    
   1.7733707       504.53864    
   1.7753699       498.72513    
   1.7773691       489.97565    
   1.7793683       499.60526    
   1.7813675       479.52728    
   1.7833667       500.52304    
   1.7853659       464.46378    
   1.7873651       459.32147    
   1.7893643       503.02011    
   1.7913635       442.67719    
   1.7933627       463.21652    
   1.7953619       445.15567    
   1.7973611       482.36807    
   1.7993603       445.90970    
   1.8013595       413.70163    
   1.8033587       445.28323    
   1.8053579       429.68207    
   1.8073571       429.71640    
   1.8093563       451.15994    
   1.8113555       396.85294    
   1.8133547       429.89801    
   1.8153539       460.09320    
   1.8173531       430.98758    
   1.8193523       397.93039    
   1.8213515       390.52808    
   1.8233507       468.89746    
   1.8253499       422.30716    
   1.8273491       395.20728    
   1.8293483       438.46750    
   1.8313475       414.01648    
   1.8333467       393.67078    
   1.8353459       415.35703    
   1.8373451       409.76590    
   1.8393443       396.13901    
   1.8413435       410.09122    
   1.8433427       367.82394    
   1.8453419       378.97659    
   1.8473411       339.69260    
   1.8493403       353.22116    
   1.8513395       410.96176    
   1.8533387       359.84348    
   1.8553379       386.63156    
   1.8573371       307.64532    
   1.8593363       321.33206    
   1.8613355       326.61908    
   1.8633347       357.64743    
   1.8653339       346.04901    
   1.8673332       345.54227    
   1.8693323       381.59723    
   1.8713316       376.91904    
   1.8733307       322.96445    
   1.8753300       383.54807    
   1.8773291       345.64612    
   1.8793284       333.64981    
   1.8813275       367.34521    
   1.8833268       408.99161    
   1.8853259       366.93018    
   1.8873252       386.36911    
   1.8893243       374.43747    
   1.8913236       348.18845    
   1.8933227       347.55325    
   1.8953220       366.06824    
   1.8973211       373.29633    
   1.8993204       395.75998    
   1.9013195       380.29831    
   1.9033188       368.37827    
   1.9053179       375.43399    
   1.9073172       391.46487    
   1.9093163       379.41653    
   1.9113156       346.45529    
   1.9133147       405.11102    
   1.9153140       383.30173    
   1.9173131       354.30615    
   1.9193124       387.82556    
   1.9213115       364.55954    
   1.9233108       368.02704    
   1.9253099       381.20126    
   1.9273092       370.17395    
   1.9293083       371.29587    
   1.9313076       316.71429    
   1.9333067       363.53247    
   1.9353060       385.80814    
   1.9373051       386.28482    
   1.9393044       340.50070    
   1.9413035       355.50693    
   1.9433028       363.45297    
   1.9453019       314.29996    
   1.9473011       366.23624    
   1.9493003       360.74484    
   1.9512995       336.57266    
   1.9532987       351.97644    
   1.9552979       347.47208    
   1.9572971       356.97333    
   1.9592963       386.83340    
   1.9612955       337.63132    
   1.9632947       363.92834    
   1.9652939       350.57672    
   1.9672931       360.94650    
   1.9692923       375.31204    
   1.9712915       346.93060    
   1.9732907       344.99677    
   1.9752899       330.86328    
   1.9772891       314.73611    
   1.9792883       331.34082    
   1.9812875       325.89224    
   1.9832867       329.46848    
   1.9852859       330.68311    
   1.9872851       322.55637    
   1.9892843       328.27090    
   1.9912835       306.82114    
   1.9932827       359.00027    
   1.9952819       332.10760    
   1.9972812       317.09109    
   1.9992803       324.24918    
   2.0012796       333.74969    
   2.0032787       332.49005    
   2.0052779       337.53922    
   2.0072770       333.84576    
   2.0092764       316.92950    
   2.0112755       324.63330    
   2.0132747       322.14850    
   2.0152738       328.50238    
   2.0172732       323.98517    
   2.0192723       306.51535    
   2.0212715       340.97284    
   2.0232706       340.66159    
   2.0252700       321.27209    
   2.0272691       309.80960    
   2.0292683       327.80298    
   2.0312674       336.22717    
   2.0332668       329.31158    
   2.0352659       320.77411    
   2.0372651       347.83853    
   2.0392642       317.29575    
   2.0412636       318.95822    
   2.0432627       335.52081    
   2.0452619       309.13864    
   2.0472610       352.23184    
   2.0492604       303.75589    
   2.0512595       344.89896    
   2.0532587       337.63770    
   2.0552578       309.70874    
   2.0572572       343.28668    
   2.0592563       352.30188    
   2.0612555       322.94775    
   2.0632546       310.95816    
   2.0652540       319.48315    
   2.0672531       347.79562    
   2.0692523       331.06000    
   2.0712514       344.20514    
   2.0732508       320.35049    
   2.0752499       343.50607    
   2.0772491       334.60251    
   2.0792482       340.10251    
   2.0812476       331.35709    
   2.0832467       336.94998    
   2.0852458       340.69730    
   2.0872450       339.28250    
   2.0892444       325.93106    
   2.0912435       352.39719    
   2.0932426       349.41034    
   2.0952418       341.41055    
   2.0972412       345.39624    
   2.0992403       340.56302    
   2.1012394       347.53549    
   2.1032386       354.38434    
   2.1052380       343.56705    
   2.1072371       355.45767    
   2.1092362       337.70218    
   2.1112354       353.01547    
   2.1132348       353.44717    
   2.1152339       363.67883    
   2.1172330       340.41339    
   2.1192322       359.64252    
   2.1212316       355.33020    
   2.1232307       358.26535    
   2.1252298       363.53177    
   2.1272292       348.42532    
   2.1292284       349.40219    
   2.1312275       370.09265    
   2.1332266       358.54095    
   2.1352260       365.40253    
   2.1372252       363.05057    
   2.1392243       360.68814    
   2.1412234       356.32947    
   2.1432228       365.71423    
   2.1452219       375.94138    
   2.1472211       373.82736    
   2.1492202       357.51822    
   2.1512196       363.20813    
   2.1532187       363.81976    
   2.1552179       370.52368    
   2.1572170       372.71625    
   2.1592164       372.26587    
   2.1612155       373.49112    
   2.1632147       366.72348    
   2.1652138       371.91693    
   2.1672132       376.31744    
   2.1692123       387.36356    
   2.1712115       367.02649    
   2.1732106       369.89545    
   2.1752100       374.82263    
   2.1772091       365.53888    
   2.1792083       368.27615    
   2.1812074       379.32516    
   2.1832068       367.33127    
   2.1852059       373.58640    
   2.1872051       374.25427    
   2.1892042       375.79221    
   2.1912036       376.91110    
   2.1932027       368.54120    
   2.1952019       378.78214    
   2.1972010       377.39047    
   2.1992004       381.00134    
   2.2011995       374.21896    
   2.2031987       370.90329    
   2.2051980       359.13004    
   2.2071972       351.04828    
   2.2091963       352.85440    
   2.2111955       374.91428    
   2.2131948       379.31708    
   2.2151940       380.38037    
   2.2171931       373.79520    
   2.2191923       372.96219    
   2.2211916       366.17404    
   2.2231908       377.56198    
   2.2251899       394.89917    
   2.2271891       368.73184    
   2.2291884       368.51834    
   2.2311876       383.99066    
   2.2331867       373.77209    
   2.2351859       368.03693    
   2.2371852       377.56891    
   2.2391844       377.07846    
   2.2411835       377.69824    
   2.2431827       373.30573    
   2.2451820       381.50803    
   2.2471812       376.47977    
   2.2491803       376.90530    
   2.2511795       377.03375    
   2.2531788       377.72818    
   2.2551780       368.80753    
   2.2571771       371.47073    
   2.2591765       377.50436    
   2.2611756       369.46768    
   2.2631748       369.61694    
   2.2651739       368.15155    
   2.2671733       374.06113    
   2.2691724       376.68924    
   2.2711716       359.33640    
   2.2731707       370.83932    
   2.2751701       372.71613    
   2.2771692       376.70999    
   2.2791684       360.70557    
   2.2811675       364.89575    
   2.2831669       366.99304    
   2.2851660       363.50250    
   2.2871652       374.56302    
   2.2891643       373.93689    
   2.2911637       364.26495    
   2.2931628       309.99014    
   2.2951620       289.39664    
   2.2971611       304.86053    
   2.2991605       323.44406    
   2.3011596       317.08792    
   2.3031588       330.22095    
   2.3051579       328.47037    
   2.3071573       330.31506    
   2.3091564       328.04333    
   2.3111556       325.96161    
   2.3131547       326.04858    
   2.3151541       325.51904    
   2.3171532       315.57092    
   2.3191524       341.55438    
   2.3211515       312.41864    
   2.3231509       255.59531    
   2.3251500       283.05075    
   2.3271492       295.39734    
   2.3291483       301.56412    
   2.3311477       276.26538    
   2.3331468       314.10397    
   2.3351460       284.10208    
   2.3371451       293.17502    
   2.3391445       287.82861    
   2.3411436       284.31702    
   2.3431427       303.79083    
   2.3451419       291.62448    
   2.3471413       311.60190    
   2.3491404       301.39297    
   2.3511395       280.10602    
   2.3531387       238.91853    
   2.3551381       259.91318    
   2.3571372       275.61319    
   2.3591363       263.08163    
   2.3611355       273.08627    
   2.3631349       274.23166    
   2.3651340       284.52478    
   2.3671331       263.53406    
   2.3691323       285.62222    
   2.3711317       283.93130    
   2.3731308       286.42661    
   2.3751299       277.45197    
   2.3771291       275.65659    
   2.3791285       263.67661    
   2.3811276       272.58881    
   2.3831267       228.56589    
   2.3851261       251.99019    
   2.3871253       237.73167    
   2.3891244       253.08066    
   2.3911235       250.60965    
   2.3931229       248.97867    
   2.3951221       256.10617    
   2.3971212       245.17952    
   2.3991203       253.22420    
   2.4011197       239.12210    
   2.4031188       243.25809    
   2.4051180       235.42625    
   2.4071171       232.75694    
   2.4091165       222.49442    
   2.4111156       227.85492    
   2.4131148       221.28795    
   2.4151139       226.90576    
   2.4171133       203.32858    
   2.4191124       221.24614    
   2.4211116       231.86934    
   2.4231107       212.33821    
   2.4251101       219.85982    
   2.4271092       204.61661    
   2.4291084       222.00453    
   2.4311075       195.73576    
   2.4331069       212.51135    
   2.4351060       216.18805    
   2.4371052       176.50948    
   2.4391043       224.10683    
   2.4411037       200.02792    
   2.4431028       191.60875    
   2.4451020       203.49811    
   2.4471011       189.62854    
   2.4491005       189.71307    
   2.4510996       194.55524    
   2.4530988       175.12181    
   2.4550979       171.60826    
   2.4570973       203.84752    
   2.4590964       185.20442    
   2.4610956       158.61629    
   2.4630947       196.72528    
   2.4650941       195.54976    
   2.4670932       176.71877    
   2.4690924       183.74010    
   2.4710915       167.78166    
   2.4730909       166.21843    
   2.4750900       157.28052    
   2.4770892       189.26399    
   2.4790883       163.29462    
   2.4810877       159.69922    
   2.4830868       169.70296    
   2.4850860       188.24577    
   2.4870851       159.15230    
   2.4890845       158.64415    
   2.4910836       146.02211    
   2.4930828       169.92433    
   2.4950819       177.88591    
   2.4970813       167.53351    
   2.4990804       150.73564    
   2.5010796       163.76723    
   2.5030787       153.77251    
   2.5050781       142.42036    
   2.5070772       142.17505    
   2.5090764       172.22581    
   2.5110757       147.39709    
   2.5130749       143.37901    
   2.5150740       130.71301    
   2.5170732       171.41847    
   2.5190725       148.09503    
   2.5210717       155.63437    
   2.5230708       145.50496    
   2.5250700       137.57037    
   2.5270693       146.54770    
   2.5290685       143.34871    
   2.5310676       153.42046    
   2.5330667       152.30949    
   2.5350661       144.64926    
   2.5370653       127.12506    
   2.5390644       141.29744    
   2.5410635       137.40952    
   2.5430629       135.23335    
   2.5450621       144.22760    
   2.5470612       147.19757    
   2.5490603       131.39822    
   2.5510597       151.54881    
   2.5530589       132.88983    
   2.5550580       145.79980    
   2.5570571       131.14445    
   2.5590565       146.72806    
   2.5610557       127.75362    
   2.5630548       127.12524    
   2.5650539       139.86223    
   2.5670533       131.61626    
   2.5690525       123.99459    
   2.5710516       167.04262    
   2.5730507       134.57687    
   2.5750501       129.26941    
   2.5770493       117.05568    
   2.5790484       135.09972    
   2.5810475       144.78041    
   2.5830469       124.56174    
   2.5850461       145.68587    
   2.5870452       141.94612    
   2.5890443       126.59631    
   2.5910437       143.55247    
   2.5930429       133.38528    
   2.5950420       128.05977    
   2.5970411       132.42706    
   2.5990405       133.26141    
   2.6010396       136.09921    
   2.6030388       147.17438    
   2.6050379       137.41750    
   2.6070373       145.27385    
   2.6090364       121.57830    
   2.6110356       151.71835    
   2.6130347       142.69708    
   2.6150341       141.96878    
   2.6170332       132.09328    
   2.6190324       128.28995    
   2.6210315       143.38362    
   2.6230309       136.40610    
   2.6250300       137.04126    
   2.6270292       132.90875    
   2.6290283       144.96167    
   2.6310277       128.83618    
   2.6330268       135.35422    
   2.6350260       123.13477    
   2.6370254       144.19545    
   2.6390245       146.95456    
   2.6410236       114.44466    
   2.6430228       139.32434    
   2.6450222       126.72243    
   2.6470213       132.86276    
   2.6490204       135.84483    
   2.6510196       141.54036    
   2.6530190       138.24965    
   2.6550181       138.50645    
   2.6570172       146.00819    
   2.6590164       154.88400    
   2.6610157       134.28299    
   2.6630149       152.96663    
   2.6650140       130.45030    
   2.6670132       132.50218    
   2.6690125       136.44655    
   2.6710117       120.43749    
   2.6730108       145.49362    
   2.6750100       140.52324    
   2.6770093       108.97889    
   2.6790085       140.51385    
   2.6810076       130.79369    
   2.6830068       140.98502    
   2.6850061       125.88416    
   2.6870053       125.94432    
   2.6890044       136.28152    
   2.6910036       133.66420    
   2.6930029       116.30160    
   2.6950021       108.90546    
   2.6970012       117.49417    
   2.6990004       138.95425    
   2.7009997       132.19418    
   2.7029989       124.35281    
   2.7049980       119.54813    
   2.7069972       127.92552    
   2.7089965       121.01193    
   2.7109957       113.58238    
   2.7129948       120.85289    
   2.7149940       121.18272    
   2.7169933       115.81561    
   2.7189925       124.02397    
   2.7209916       122.08845    
   2.7229908       114.72648    
   2.7249901       100.89215    
   2.7269893       122.35609    
   2.7289884       105.34105    
   2.7309875       127.98008    
   2.7329869       126.10652    
   2.7349861       117.98282    
   2.7369852       102.46078    
   2.7389843       104.95673    
   2.7409837       106.94444    
   2.7429829       127.23006    
   2.7449820       112.86141    
   2.7469811       116.49938    
   2.7489805       118.07560    
   2.7509797       102.68307    
   2.7529788       117.81372    
   2.7549779       99.023346    
   2.7569773       122.30212    
   2.7589765       117.49163    
   2.7609756       113.98115    
   2.7629747       119.36327    
   2.7649741       100.96882    
   2.7669733       102.01135    
   2.7689724       106.17841    
   2.7709718       103.43246    
   2.7729709       111.82989    
   2.7749701       124.25574    
   2.7769692       107.89581    
   2.7789686       98.039757    
   2.7809677       109.19740    
   2.7829669       111.60297    
   2.7849660       101.76871    
   2.7869654       95.761055    
   2.7889645       101.89026    
   2.7909636       112.34660    
   2.7929628       107.21285    
   2.7949622       114.79892    
   2.7969613       108.84072    
   2.7989604       116.02112    
   2.8009596       104.15803    
   2.8029590       92.920166    
   2.8049581       85.347954    
   2.8069572       115.34553    
   2.8089564       98.918175    
   2.8109558       116.33356    
   2.8129549       103.32516    
   2.8149540       104.33105    
   2.8169532       100.39174    
   2.8189526       94.701714    
   2.8209517       87.597809    
   2.8229508       104.00465    
   2.8249500       95.531563    
   2.8269494       97.031357    
   2.8289485       122.31414    
   2.8309476       106.42983    
   2.8329468       108.43458    
   2.8349462       91.508438    
   2.8369453       91.916176    
   2.8389444       104.47718    
   2.8409436       101.85207    
   2.8429430       98.154846    
   2.8449421       98.598450    
   2.8469412       103.63863    
   2.8489404       102.80481    
   2.8509398       97.863907    
   2.8529389       92.553055    
   2.8549380       83.992744    
   2.8569372       93.175911    
   2.8589365       116.96678    
   2.8609357       99.969803    
   2.8629348       105.17729    
   2.8649340       101.88336    
   2.8669333       98.798294    
   2.8689325       95.673935    
   2.8709316       92.282257    
   2.8729308       83.654366    
   2.8749301       101.24691    
   2.8769293       105.29979    
   2.8789284       104.81275    
   2.8809276       99.013298    
   2.8829269       100.96688    
   2.8849261       96.901764    
   2.8869252       96.527725    
   2.8889244       88.537315    
   2.8909237       89.620804    
   2.8929229       97.030663    
   2.8949220       114.80038    
   2.8969214       105.06467    
   2.8989205       90.925140    
   2.9009197       91.263901    
   2.9029188       98.378891    
   2.9049182       89.932068    
   2.9069173       92.810143    
   2.9089165       74.362541    
   2.9109156       85.960480    
   2.9129150       104.12031    
   2.9149141       98.741882    
   2.9169133       98.366707    
   2.9189124       96.456810    
   2.9209118       83.357162    
   2.9229109       89.098190    
   2.9249101       93.841957    
   2.9269092       90.072960    
   2.9289086       78.681541    
   2.9309077       99.900871    
   2.9329069       97.789276    
   2.9349060       97.986992    
   2.9369054       98.733551    
   2.9389045       97.602051    
   2.9409037       81.255455    
   2.9429028       92.703835    
   2.9449022       86.871567    
   2.9469013       82.337463    
   2.9489005       81.256920    
   2.9508996       103.14260    
   2.9528990       88.619186    
   2.9548981       89.358727    
   2.9568973       93.952148    
   2.9588964       93.299889    
   2.9608958       91.092598    
   2.9628949       85.335686    
   2.9648941       101.42612    
   2.9668932       83.213074    
   2.9688926       78.640465    
   2.9708917       92.129860    
   2.9728909       89.479698    
   2.9748900       91.883347    
   2.9768894       99.932571    
   2.9788885       89.535118    
   2.9808877       95.335953    
   2.9828868       89.144218    
   2.9848862       96.508553    
   2.9868853       82.463593    
   2.9888844       74.941132    
   2.9908836       88.496025    
   2.9928830       92.634506    
   2.9948821       96.846695    
   2.9968812       93.183876    
   2.9988804       93.180092    
   3.0008798       93.983536    
   3.0028789       88.107124    
   3.0048780       85.689903    
   3.0068772       82.500038    
   3.0088766       75.499084    
   3.0108757       80.864792    
   3.0128748       88.403511    
   3.0148740       100.00053    
   3.0168734       94.899895    
   3.0188725       96.170891    
   3.0208716       88.327591    
   3.0228710       84.323410    
   3.0248702       86.459198    
   3.0268693       90.547615    
   3.0288684       82.790665    
   3.0308678       83.565453    
   3.0328670       92.185654    
   3.0348661       87.647575    
   3.0368652       89.759590    
   3.0388646       90.421989    
   3.0408638       96.372391    
   3.0428629       87.757019    
   3.0448620       80.848259    
   3.0468614       87.131958    
   3.0488605       79.004486    
   3.0508597       78.366005    
   3.0528588       80.975876    
   3.0548582       98.087082    
   3.0568573       99.790237    
   3.0588565       85.773148    
   3.0608556       90.154716    
   3.0628550       98.724892    
   3.0648541       79.195389    
   3.0668533       91.535614    
   3.0688524       85.639030    
   3.0708518       81.975967    
   3.0728509       76.983742    
   3.0748501       83.773491    
   3.0768492       89.586159    
   3.0788486       99.511131    
   3.0808477       94.617249    
   3.0828469       80.799179    
   3.0848460       91.527115    
   3.0868454       86.948357    
   3.0888445       84.318489    
   3.0908437       83.773491    
   3.0928428       84.180153    
   3.0948422       82.940712    
   3.0968413       81.980621    
   3.0988405       90.969879    
   3.1008396       96.102440    
   3.1028390       88.426384    
   3.1048381       91.413429    
   3.1068373       86.504761    
   3.1088364       87.695580    
   3.1108358       81.425293    
   3.1128349       81.564156    
   3.1148341       85.486221    
   3.1168332       89.463570    
   3.1188326       86.044533    
   3.1208317       83.584290    
   3.1228309       92.927429    
   3.1248300       90.076553    
   3.1268294       92.950272    
   3.1288285       83.410393    
   3.1308277       79.958336    
   3.1328268       78.867737    
   3.1348262       85.326584    
   3.1368253       94.578957    
   3.1388245       87.224442    
   3.1408236       87.873177    
   3.1428230       84.596901    
   3.1448221       85.604691    
   3.1468213       87.829185    
   3.1488206       84.844940    
   3.1508198       96.545258    
   3.1528189       82.746788    
   3.1548181       81.090080    
   3.1568174       82.553848    
   3.1588166       85.242966    
   3.1608157       90.832870    
   3.1628149       94.146347    
   3.1648142       86.342369    
   3.1668134       84.373009    
   3.1688125       86.446472    
   3.1708117       88.833099    
   3.1728110       83.944138    
   3.1748102       85.778786    
   3.1768093       81.784576    
   3.1788085       81.515114    
   3.1808078       83.372070    
   3.1828070       94.796738    
   3.1848061       88.064842    
   3.1868052       89.367661    
   3.1888046       82.940865    
   3.1908038       91.348671    
   3.1928029       85.945587    
   3.1948020       79.801003    
   3.1968014       89.902168    
   3.1988006       80.822571    
   3.2007997       81.760963    
   3.2027988       82.392517    
   3.2047982       84.043068    
   3.2067974       92.380074    
   3.2087965       91.164803    
   3.2107956       90.528221    
   3.2127950       86.053581    
   3.2147942       85.188377    
   3.2167933       92.384254    
   3.2187924       81.426994    
   3.2207918       85.762527    
   3.2227910       83.715103    
   3.2247901       86.978958    
   3.2267892       84.056480    
   3.2287886       81.378616    
   3.2307878       97.630974    
   3.2327869       85.736153    
   3.2347860       88.340271    
   3.2367854       87.875755    
   3.2387846       85.424263    
   3.2407837       81.594582    
   3.2427828       84.357597    
   3.2447822       82.638603    
   3.2467813       85.439560    
   3.2487805       84.216385    
   3.2507796       87.141815    
   3.2527790       89.221626    
   3.2547781       87.296562    
   3.2567773       92.148796    
   3.2587764       90.531174    
   3.2607758       92.479973    
   3.2627749       88.496231    
   3.2647741       84.876045    
   3.2667732       91.702705    
   3.2687726       83.369606    
   3.2707717       86.369141    
   3.2727709       90.617966    
   3.2747700       81.768890    
   3.2767694       85.183830    
   3.2787685       86.207771    
   3.2807677       80.904602    
   3.2827671       89.092659    
   3.2847662       90.493370    
   3.2867653       83.048172    
   3.2887645       87.736778    
   3.2907639       87.807426    
   3.2927630       83.524750    
   3.2947621       80.809692    
   3.2967613       86.588707    
   3.2987607       83.917999    
   3.3007598       85.272873    
   3.3027589       89.416885    
   3.3047581       86.709572    
   3.3067575       89.885803    
   3.3087566       83.595383    
   3.3107557       88.068878    
   3.3127549       86.469177    
   3.3147542       83.309143    
   3.3167534       83.468918    
   3.3187525       87.052361    
   3.3207517       81.701248    
   3.3227510       89.056534    
   3.3247502       89.648216    
   3.3267493       86.959938    
   3.3287485       92.076439    
   3.3307478       91.137039    
   3.3327470       88.887650    
   3.3347461       89.525291    
   3.3367453       85.840446    
   3.3387446       78.920097    
   3.3407438       85.628960    
   3.3427429       87.257103    
   3.3447421       83.953911    
   3.3467414       87.261032    
   3.3487406       85.754372    
   3.3507397       87.472473    
   3.3527389       90.332779    
   3.3547382       81.768456    
   3.3567374       83.433052    
   3.3587365       87.999458    
   3.3607357       83.674583    
   3.3627350       85.361343    
   3.3647342       88.131691    
   3.3667333       87.514824    
   3.3687325       85.834251    
   3.3707318       85.680557    
   3.3727310       84.963829    
   3.3747301       89.300621    
   3.3767292       84.048050    
   3.3787286       83.202599    
   3.3807278       85.331474    
   3.3827269       89.066589    
   3.3847260       82.822563    
   3.3867254       87.589691    
   3.3887246       86.181702    
   3.3907237       92.694450    
   3.3927228       84.515091    
   3.3947222       85.976166    
   3.3967214       84.170425    
   3.3987205       88.013451    
   3.4007196       80.793762    
   3.4027190       86.767609    
   3.4047182       83.791634    
   3.4067173       89.265472    
   3.4087167       81.057114    
   3.4107158       86.837395    
   3.4127150       85.233337    
   3.4147141       80.935440    
   3.4167135       84.359589    
   3.4187126       79.614075    
   3.4207118       86.748787    
   3.4227109       86.993324    
   3.4247103       86.949654    
   3.4267094       87.182816    
   3.4287086       81.856247    
   3.4307077       87.913139    
   3.4327071       88.539978    
   3.4347062       84.027252    
   3.4367054       85.224052    
   3.4387045       87.717850    
   3.4407039       82.530823    
   3.4427030       82.228691    
   3.4447021       82.718979    
   3.4467013       85.194267    
   3.4487007       86.594086    
   3.4506998       88.894409    
   3.4526989       81.964447    
   3.4546981       88.695984    
   3.4566975       78.985649    
   3.4586966       80.873131    
   3.4606957       85.516533    
   3.4626949       83.428604    
   3.4646943       84.823441    
   3.4666934       90.256821    
   3.4686925       85.095680    
   3.4706917       84.584267    
   3.4726911       90.951920    
   3.4746902       80.990196    
   3.4766893       87.226479    
   3.4786885       84.611458    
   3.4806879       85.266434    
   3.4826870       81.424538    
   3.4846861       82.910927    
   3.4866853       81.178688    
   3.4886847       84.891792    
   3.4906838       84.553818    
   3.4926829       77.478325    
   3.4946821       85.562317    
   3.4966815       87.717247    
   3.4986806       78.499428    
   3.5006797       83.013275    
   3.5026789       89.794998    
   3.5046782       84.854721    
   3.5066774       89.751060    
   3.5086765       83.296349    
   3.5106757       83.920639    
   3.5126750       86.437096    
   3.5146742       85.781601    
   3.5166733       81.163925    
   3.5186725       81.729919    
   3.5206718       79.323776    
   3.5226710       83.790642    
   3.5246701       82.758553    
   3.5266693       80.062424    
   3.5286686       78.815529    
   3.5306678       88.672592    
   3.5326669       84.834137    
   3.5346663       85.783585    
   3.5366654       81.482292    
   3.5386646       80.269760    
   3.5406637       86.379265    
   3.5426631       82.897141    
   3.5446622       77.648247    
   3.5466614       82.690567    
   3.5486605       87.062775    
   3.5506599       83.902779    
   3.5526590       79.692299    
   3.5546582       82.582497    
   3.5566573       81.363319    
   3.5586567       85.301620    
   3.5606558       80.002480    
   3.5626550       80.904655    
   3.5646541       84.105400    
   3.5666535       85.854912    
   3.5686526       79.698738    
   3.5706518       80.522141    
   3.5726509       83.056023    
   3.5746503       81.908768    
   3.5766494       78.889702    
   3.5786486       81.576790    
   3.5806477       83.905159    
   3.5826471       81.765060    
   3.5846462       82.761070    
   3.5866454       80.463318    
   3.5886445       82.529907    
   3.5906439       84.542809    
   3.5926430       80.252937    
   3.5946422       80.729408    
   3.5966413       80.955391    
   3.5986407       81.451714    
   3.6006398       78.047050    
   3.6026390       76.189110    
   3.6046381       85.079292    
   3.6066375       84.335625    
   3.6086366       82.502800    
   3.6106358       84.404335    
   3.6126349       81.194870    
   3.6146343       80.177856    
   3.6166334       76.176956    
   3.6186326       84.509796    
   3.6206317       80.952599    
   3.6226311       78.272247    
   3.6246302       80.926895    
   3.6266294       78.245468    
   3.6286285       85.822495    
   3.6306279       81.739830    
   3.6326270       82.158653    
   3.6346262       78.843025    
   3.6366253       75.349861    
   3.6386247       80.951408    
   3.6406238       77.709023    
   3.6426229       83.750687    
   3.6446221       83.894608    
   3.6466215       80.976212    
   3.6486206       80.943130    
   3.6506197       78.642998    
   3.6526189       77.395241    
   3.6546183       78.969017    
   3.6566174       80.015839    
   3.6586165       77.476807    
   3.6606157       76.926437    
   3.6626151       76.978996    
   3.6646142       77.652016    
   3.6666133       79.727234    
   3.6686127       83.819122    
   3.6706119       82.082436    
   3.6726110       77.882111    
   3.6746101       77.691536    
   3.6766095       77.792145    
   3.6786087       79.332741    
   3.6806078       77.763664    
   3.6826069       80.292984    
   3.6846063       78.481194    
   3.6866055       81.176414    
   3.6886046       80.372673    
   3.6906037       77.939514    
   3.6926031       79.191483    
   3.6946023       77.824844    
   3.6966014       79.602959    
   3.6986005       77.827568    
   3.7005999       77.955208    
   3.7025990       81.224495    
   3.7045982       79.151985    
   3.7065973       81.078209    
   3.7085967       72.731285    
   3.7105958       81.911636    
   3.7125950       81.824814    
   3.7145941       79.545471    
   3.7165935       77.037506    
   3.7185926       78.513786    
   3.7205918       78.539886    
   3.7225909       77.738472    
   3.7245903       81.077484    
   3.7265894       78.844208    
   3.7285886       81.366486    
   3.7305877       80.492920    
   3.7325871       75.512436    
   3.7345862       75.548820    
   3.7365854       75.026131    
   3.7385845       77.465805    
   3.7405839       80.598770    
   3.7425830       75.075462    
   3.7445822       76.177109    
   3.7465813       80.489357    
   3.7485807       79.336143    
   3.7505798       80.093727    
   3.7525790       80.695801    
   3.7545781       77.775574    
   3.7565775       75.371941    
   3.7585766       81.392448    
   3.7605758       79.592552    
   3.7625749       75.329971    
   3.7645743       75.443626    
   3.7665734       77.274330    
   3.7685726       79.313248    
   3.7705717       74.818878    
   3.7725711       76.984871    
   3.7745702       76.021301    
   3.7765694       81.160606    
   3.7785685       79.812096    
   3.7805679       77.796585    
   3.7825670       79.493042    
   3.7845662       77.374458    
   3.7865653       75.468369    
   3.7885647       79.992615    
   3.7905638       77.080704    
   3.7925630       77.627357    
   3.7945623       79.123856    
   3.7965615       76.025276    
   3.7985606       79.421242    
   3.8005598       75.868248    
   3.8025591       77.986015    
   3.8045583       78.156815    
   3.8065574       74.400757    
   3.8085566       75.624275    
   3.8105559       72.726303    
   3.8125551       76.365585    
   3.8145542       77.804375    
   3.8165534       76.759125    
   3.8185527       77.782303    
   3.8205519       76.818718    
   3.8225510       76.184364    
   3.8245502       77.312111    
   3.8265495       74.130829    
   3.8285487       75.594139    
   3.8305478       72.872314    
   3.8325469       75.734734    
   3.8345463       74.857254    
   3.8365455       73.707100    
   3.8385446       76.599876    
   3.8405437       75.215462    
   3.8425431       74.695473    
   3.8445423       78.569000    
   3.8465414       73.574196    
   3.8485405       73.331902    
   3.8505399       73.319977    
   3.8525391       71.819435    
   3.8545382       74.372337    
   3.8565373       76.758881    
   3.8585367       76.661179    
   3.8605359       78.711250    
   3.8625350       74.728165    
   3.8645341       74.613625    
   3.8665335       73.656265    
   3.8685327       72.702843    
   3.8705318       75.847893    
   3.8725309       71.986900    
   3.8745303       75.164795    
   3.8765295       73.753975    
   3.8785286       74.030197    
   3.8805277       73.925858    
   3.8825271       75.961906    
   3.8845263       76.211632    
   3.8865254       72.055183    
   3.8885245       72.216972    
   3.8905239       73.242393    
   3.8925231       68.526939    
   3.8945222       74.306389    
   3.8965213       72.949005    
   3.8985207       70.266769    
   3.9005198       74.009705    
   3.9025190       74.762512    
   3.9045181       71.234039    
   3.9065175       73.977882    
   3.9085166       72.410065    
   3.9105158       71.275398    
   3.9125149       70.170128    
   3.9145143       68.401360    
   3.9165134       72.987976    
   3.9185126       73.341911    
   3.9205120       70.105354    
   3.9225111       73.081047    
   3.9245102       72.270042    
   3.9265094       70.999283    
   3.9285088       72.925163    
   3.9305079       69.248329    
   3.9325070       69.604118    
   3.9345062       72.105453    
   3.9365056       71.768173    
   3.9385047       71.615150    
   3.9405038       67.542900    
   3.9425030       72.361130    
   3.9445024       71.821083    
   3.9465015       68.725494    
   3.9485006       71.294365    
   3.9504998       69.020500    
   3.9524992       67.589630    
   3.9544983       70.235733    
   3.9564974       67.092850    
   3.9584966       70.609680    
   3.9604959       71.642296    
   3.9624951       68.119148    
   3.9644942       66.194809    
   3.9664934       67.961647    
   3.9684927       67.898598    
   3.9704919       67.585709    
   3.9724910       68.850166    
   3.9744902       66.393959    
   3.9764895       68.763588    
   3.9784887       63.886108    
   3.9804878       64.758812    
   3.9824870       65.905136    
   3.9844863       69.153954    
   3.9864855       65.905495    
   3.9884846       66.575180    
   3.9904838       65.491592    
   3.9924831       66.422585    
   3.9944823       67.191635    
   3.9964814       64.372650    
   3.9984806       64.391426    
   4.0004797       64.256989    
   4.0024791       64.754051    
   4.0044780       66.644165    
   4.0064774       63.456749    
   4.0084767       64.977432    
   4.0104756       66.013718    
   4.0124750       67.235252    
   4.0144739       61.886215    
   4.0164733       62.482796    
   4.0184727       63.710140    
   4.0204716       63.257595    
   4.0224710       65.532921    
   4.0244703       62.689098    
   4.0264692       63.955898    
   4.0284686       63.009232    
   4.0304675       59.642876    
   4.0324669       63.366814    
   4.0344663       62.436653    
   4.0364652       61.899166    
   4.0384645       67.054489    
   4.0404639       57.777294    
   4.0424628       62.427830    
   4.0444622       60.328358    
   4.0464616       63.524769    
   4.0484605       60.334312    
   4.0504599       59.166336    
   4.0524588       61.634865    
   4.0544581       63.195053    
   4.0564575       64.011650    
   4.0584564       59.571072    
   4.0604558       58.242222    
   4.0624552       55.379505    
   4.0644541       60.992531    
   4.0664535       61.652279    
   4.0684524       60.788921    
   4.0704517       60.647362    
   4.0724511       61.290424    
   4.0744500       54.995323    
   4.0764494       57.907143    
   4.0784488       57.272881    
   4.0804477       55.467007    
   4.0824471       58.638554    
   4.0844460       56.342125    
   4.0864453       53.415474    
   4.0884447       56.086201    
   4.0904436       57.167103    
   4.0924430       55.249775    
   4.0944424       57.404633    
   4.0964413       55.113194    
   4.0984406       56.441162    
   4.1004395       57.977951    
   4.1024389       54.648663    
   4.1044383       58.698997    
   4.1064372       60.510571    
   4.1084366       54.054249    
   4.1104360       52.143593    
   4.1124349       60.908157    
   4.1144342       54.519917    
   4.1164331       55.051636    
   4.1184325       52.856655    
   4.1204319       56.025414    
   4.1224308       55.881393    
   4.1244302       53.448677    
   4.1264296       60.311245    
   4.1284285       54.004211    
   4.1304278       51.832699    
   4.1324267       51.009766    
   4.1344261       59.347023    
   4.1364255       56.264713    
   4.1384244       51.524147    
   4.1404238       53.574554    
   4.1424232       56.493080    
   4.1444221       53.347157    
   4.1464214       53.946949    
   4.1484203       56.490482    
   4.1504197       52.545128    
   4.1524191       57.265568    
   4.1544180       55.371357    
   4.1564174       47.976151    
   4.1584167       54.089771    
   4.1604156       51.511276    
   4.1624150       49.832958    
   4.1644139       51.836868    
   4.1664133       50.095497    
   4.1684127       53.569023    
   4.1704116       49.930557    
   4.1724110       51.364552    
   4.1744103       52.035538    
   4.1764092       53.150642    
   4.1784086       51.855740    
   4.1804080       53.891335    
   4.1824069       51.586330    
   4.1844063       48.494755    
   4.1864052       47.626354    
   4.1884046       52.157108    
   4.1904039       51.762436    
   4.1924028       51.242096    
   4.1944022       51.457912    
   4.1964016       51.771221    
   4.1984005       50.932068    
   4.2003999       50.733700    
   4.2023988       52.354183    
   4.2043982       46.080746    
   4.2063971       49.156170    
   4.2083964       53.259834    
   4.2103958       48.944550    
   4.2123947       48.791733    
   4.2143941       46.333241    
   4.2163935       48.959820    
   4.2183924       49.006065    
   4.2203918       47.313652    
   4.2223907       46.439220    
   4.2243900       50.527786    
   4.2263894       51.214130    
   4.2283883       46.738842    
   4.2303877       48.043514    
   4.2323871       50.509109    
   4.2343860       49.143848    
   4.2363853       50.144409    
   4.2383842       48.610271    
   4.2403836       47.739773    
   4.2423830       44.287109    
   4.2443819       46.261894    
   4.2463813       46.816212    
   4.2483807       45.659737    
   4.2503796       44.537746    
   4.2523789       44.659767    
   4.2543778       46.839016    
   4.2563772       46.456543    
   4.2583766       44.942432    
   4.2603755       44.346725    
   4.2623749       47.464687    
   4.2643743       45.535583    
   4.2663732       45.539207    
   4.2683725       45.177048    
   4.2703714       46.147057    
   4.2723708       44.742214    
   4.2743702       45.476028    
   4.2763691       43.163757    
   4.2783685       49.216949    
   4.2803679       44.668022    
   4.2823668       43.448730    
   4.2843661       44.942310    
   4.2863650       47.587234    
   4.2883644       45.275967    
   4.2903638       44.530819    
   4.2923627       43.870544    
   4.2943621       41.359627    
   4.2963614       39.941746    
   4.2983603       42.837757    
   4.3003597       44.162800    
   4.3023586       41.632225    
   4.3043580       41.479561    
   4.3063574       40.587181    
   4.3083563       41.115238    
   4.3103557       41.589619    
   4.3123550       43.559135    
   4.3143539       43.508308    
   4.3163533       39.287453    
   4.3183527       40.726200    
   4.3203516       41.267181    
   4.3223510       42.904129    
   4.3243499       38.658577    
   4.3263493       42.430962    
   4.3283486       40.433914    
   4.3303475       40.500111    
   4.3323469       41.301056    
   4.3343463       39.965343    
   4.3363452       38.452106    
   4.3383446       39.135490    
   4.3403435       42.195175    
   4.3423429       37.774788    
   4.3443422       38.507870    
   4.3463411       39.544056    
   4.3483405       39.421524    
   4.3503399       35.896584    
   4.3523388       39.435402    
   4.3543382       36.964828    
   4.3563371       37.818424    
   4.3583364       40.474400    
   4.3603358       37.431824    
   4.3623347       40.039852    
   4.3643341       34.506123    
   4.3663335       39.027428    
   4.3683324       36.128307    
   4.3703318       37.568851    
   4.3723307       38.852730    
   4.3743300       34.252869    
   4.3763294       37.360844    
   4.3783283       34.314587    
   4.3803277       38.942062    
   4.3823271       33.187065    
   4.3843260       39.423565    
   4.3863254       33.476845    
   4.3883243       38.602093    
   4.3903236       33.484982    
   4.3923230       40.374275    
   4.3943219       32.983963    
   4.3963213       36.088215    
   4.3983207       32.235130    
   4.4003196       38.242195    
   4.4023190       30.652910    
   4.4043179       35.985386    
   4.4063172       33.604885    
   4.4083166       35.779922    
   4.4103155       36.038322    
   4.4123149       32.966919    
   4.4143143       35.888561    
   4.4163132       33.299149    
   4.4183125       34.887924    
   4.4203115       31.832621    
   4.4223108       33.935349    
   4.4243102       33.613358    
   4.4263091       32.021545    
   4.4283085       34.731750    
   4.4303079       30.141228    
   4.4323068       34.735603    
   4.4343061       30.619118    
   4.4363055       31.340696    
   4.4383044       35.049358    
   4.4403038       28.489222    
   4.4423027       36.728367    
   4.4443021       29.522102    
   4.4463015       33.897255    
   4.4483004       34.933582    
   4.4502997       29.441292    
   4.4522991       32.670311    
   4.4542980       33.793941    
   4.4562974       30.671597    
   4.4582963       32.588421    
   4.4602957       29.987734    
   4.4622951       32.728916    
   4.4642940       35.098640    
   4.4662933       28.162291    
   4.4682927       32.783386    
   4.4702916       31.490595    
   4.4722910       29.646862    
   4.4742899       33.092106    
   4.4762893       31.203054    
   4.4782887       29.846376    
   4.4802876       31.178717    
   4.4822869       30.080618    
   4.4842863       30.546892    
   4.4862852       34.652180    
   4.4882846       29.978638    
   4.4902835       29.043274    
   4.4922829       32.054394    
   4.4942822       28.501337    
   4.4962811       29.838909    
   4.4982805       33.160648    
   4.5002799       26.479872    
   4.5022788       34.016144    
   4.5042782       31.405468    
   4.5062771       24.980562    
   4.5082765       32.528831    
   4.5102758       29.880093    
   4.5122747       29.526747    
   4.5142741       30.709858    
   4.5162735       30.865000    
   4.5182724       31.141039    
   4.5202718       27.563850    
   4.5222707       28.671982    
   4.5242701       32.020874    
   4.5262694       26.883715    
   4.5282683       28.511637    
   4.5302677       34.035419    
   4.5322671       24.113529    
   4.5342660       30.790924    
   4.5362654       31.616302    
   4.5382643       28.126705    
   4.5402637       31.868050    
   4.5422630       30.729612    
   4.5442619       28.002043    
   4.5462613       26.775076    
   4.5482607       30.455097    
   4.5502596       29.584356    
   4.5522590       25.531811    
   4.5542579       32.444923    
   4.5562572       29.635756    
   4.5582566       27.489626    
   4.5602555       30.630646    
   4.5622549       27.585773    
   4.5642543       31.134108    
   4.5662532       25.816145    
   4.5682526       27.988586    
   4.5702519       27.222233    
   4.5722508       27.498209    
   4.5742502       29.576223    
   4.5762491       27.469885    
   4.5782485       31.015907    
   4.5802479       25.681881    
   4.5822468       28.488384    
   4.5842462       27.913652    
   4.5862455       32.130646    
   4.5882444       24.179676    
   4.5902438       28.948360    
   4.5922427       33.683128    
   4.5942421       24.363379    
   4.5962415       25.662266    
   4.5982404       32.120018    
   4.6002398       30.167784    
   4.6022391       23.960104    
   4.6042380       29.557446    
   4.6062374       32.286667    
   4.6082363       26.068607    
   4.6102357       27.203856    
   4.6122351       31.697918    
   4.6142340       25.956226    
   4.6162333       26.952179    
   4.6182327       26.887856    
   4.6202316       28.543903    
   4.6222310       28.029922    
   4.6242299       28.546097    
   4.6262293       23.749292    
   4.6282287       34.328110    
   4.6302276       24.977837    
   4.6322269       29.438332    
   4.6342263       27.841125    
   4.6362252       27.478535    
   4.6382246       28.104155    
   4.6402235       26.406792    
   4.6422229       28.589914    
   4.6442223       25.395300    
   4.6462212       28.408705    
   4.6482205       27.451757    
   4.6502199       27.517433    
   4.6522188       26.041353    
   4.6542182       28.462677    
   4.6562171       30.200813    
   4.6582165       28.905506    
   4.6602159       24.418961    
   4.6622148       29.363926    
   4.6642141       30.015430    
   4.6662135       27.809696    
   4.6682124       26.217913    
   4.6702118       29.235470    
   4.6722107       27.705847    
   4.6742101       24.797337    
   4.6762094       29.435839    
   4.6782084       27.602695    
   4.6802077       25.801037    
   4.6822071       26.018507    
   4.6842060       28.704218    
   4.6862054       27.736879    
   4.6882048       29.500818    
   4.6902037       26.281694    
   4.6922030       26.609892    
   4.6942019       30.866999    
   4.6962013       26.924137    
   4.6982007       26.861118    
   4.7001996       25.228254    
   4.7021990       29.569174    
   4.7041984       28.698662    
   4.7061973       26.458532    
   4.7081966       23.018066    
   4.7101955       27.058279    
   4.7121949       28.166508    
   4.7141943       28.240610    
   4.7161932       27.224472    
   4.7181926       22.317385    
   4.7201920       27.743748    
   4.7221909       30.094950    
   4.7241902       28.182364    
   4.7261891       24.317986    
   4.7281885       25.868992    
   4.7301879       28.442102    
   4.7321868       27.812880    
   4.7341862       24.364578    
   4.7361856       24.247385    
   4.7381845       28.229038    
   4.7401838       26.940336    
   4.7421827       25.641527    
   4.7441821       27.084826    
   4.7461815       27.066359    
   4.7481804       27.650175    
   4.7501798       24.726915    
   4.7521791       28.320946    
   4.7541780       23.051630    
   4.7561774       27.876379    
   4.7581763       25.633013    
   4.7601757       28.844131    
   4.7621751       24.912308    
   4.7641740       23.866335    
   4.7661734       24.901394    
   4.7681727       25.608377    
   4.7701716       28.449329    
   4.7721710       24.587793    
   4.7741699       23.883829    
   4.7761693       23.505257    
   4.7781687       24.065071    
   4.7801676       24.816309    
   4.7821670       26.588011    
   4.7841663       22.269815    
   4.7861652       23.645006    
   4.7881646       28.901098    
   4.7901635       25.114933    
   4.7921629       25.307688    
   4.7941623       22.881767    
   4.7961612       24.974953    
   4.7981606       30.918158    
   4.8001599       25.853889    
   4.8021588       22.610758    
   4.8041582       22.135063    
   4.8061571       26.554691    
   4.8081565       26.729790    
   4.8101559       24.938713    
   4.8121548       23.100958    
   4.8141541       20.443565    
   4.8161535       26.600660    
   4.8181524       26.547853    
   4.8201518       25.624786    
   4.8221512       26.622971    
   4.8241501       21.650976    
   4.8261495       27.161699    
   4.8281484       25.358343    
   4.8301477       28.301748    
   4.8321471       24.677828    
   4.8341460       21.397354    
   4.8361454       23.809856    
   4.8381448       26.642263    
   4.8401437       24.112223    
   4.8421431       24.732567    
   4.8441420       21.118830    
   4.8461413       26.188704    
   4.8481407       25.293741    
   4.8501396       27.166464    
   4.8521390       25.105608    
   4.8541384       19.710951    
   4.8561373       24.462936    
   4.8581367       24.440783    
   4.8601356       26.758881    
   4.8621349       27.372253    
   4.8641343       20.494411    
   4.8661332       21.535397    
   4.8681326       26.114660    
   4.8701320       26.268333    
   4.8721309       23.610304    
   4.8741302       22.338402    
   4.8761292       19.032236    
   4.8781285       25.041265    
   4.8801279       27.039474    
   4.8821268       26.010061    
   4.8841262       22.191732    
   4.8861256       20.153818    
   4.8881245       25.682175    
   4.8901238       24.705616    
   4.8921227       25.805571    
   4.8941221       22.155172    
   4.8961215       23.040218    
   4.8981204       19.896658    
   4.9001198       25.784582    
   4.9021192       25.692081    
   4.9041181       25.504150    
   4.9061174       20.713930    
   4.9081163       21.903580    
   4.9101157       23.251343    
   4.9121151       24.762793    
   4.9141140       25.965797    
   4.9161134       20.349768    
   4.9181128       24.566164    
   4.9201117       21.092009    
   4.9221110       26.076286    
   4.9241099       24.109104    
   4.9261093       20.807272    
   4.9281087       21.012877    
   4.9301076       25.878246    
   4.9321070       20.311535    
   4.9341063       24.352764    
   4.9361053       19.802885    
   4.9381046       20.489109    
   4.9401035       27.216684    
   4.9421029       22.870506    
   4.9441023       22.060368    
   4.9461012       23.644360    
   4.9481006       19.551596    
   4.9500999       23.665977    
   4.9520988       23.552418    
   4.9540982       19.216093    
   4.9560976       23.449398    
   4.9580965       19.786058    
   4.9600959       20.612179    
   4.9620948       24.826952    
   4.9640942       24.299280    
   4.9660935       20.812382    
   4.9680924       18.505117    
   4.9700918       21.806814    
   4.9720912       20.802002    
   4.9740901       26.084265    
   4.9760895       24.802732    
   4.9780884       19.907684    
   4.9800878       21.470806    
   4.9820871       23.007847    
   4.9840860       22.975962    
   4.9860854       24.663849    
   4.9880848       25.330212    
   4.9900837       18.432831    
   4.9920831       22.070698    
   4.9940820       21.770866    
   4.9960814       20.939560    
   4.9980807       23.331560    
   5.0000796       20.087692    
   5.0020790       19.163328    
   5.0040784       21.815975    
   5.0060773       22.091501    
   5.0080767       23.339457    
   5.0100756       23.135489    
   5.0120749       19.394749    
   5.0140743       21.418961    
   5.0160732       20.208574    
   5.0180726       18.973711    
   5.0200720       19.804356    
   5.0220709       20.938662    
   5.0240703       19.292652    
   5.0260692       22.133648    
   5.0280685       18.090998    
   5.0300679       20.759087    
   5.0320668       21.194965    
   5.0340662       22.919249    
   5.0360656       21.370579    
   5.0380645       22.453577    
   5.0400639       19.465946    
   5.0420628       20.285423    
   5.0440621       20.262005    
   5.0460615       21.403927    
   5.0480604       19.404041    
   5.0500598       23.831003    
   5.0520592       23.950497    
   5.0540581       17.982924    
   5.0560575       21.420246    
   5.0580564       20.427765    
   5.0600557       21.156321    
   5.0620551       21.640984    
   5.0640540       21.452579    
   5.0660534       19.000835    
   5.0680528       20.591627    
   5.0700517       20.824533    
   5.0720510       22.168848    
   5.0740504       23.283575    
   5.0760493       20.633495    
   5.0780487       19.316015    
   5.0800476       17.622667    
   5.0820470       20.181341    
   5.0840464       20.851692    
   5.0860453       20.457064    
   5.0880446       21.253836    
   5.0900440       21.757824    
   5.0920429       17.438469    
   5.0940423       20.092161    
   5.0960412       20.803776    
   5.0980406       21.931244    
   5.1000400       21.757484    
   5.1020389       23.112961    
   5.1040382       20.192890    
   5.1060376       17.676823    
   5.1080365       20.141870    
   5.1100359       17.527046    
   5.1120348       20.442173    
   5.1140342       20.398161    
   5.1160336       22.173182    
   5.1180325       19.303444    
   5.1200318       17.735788    
   5.1220312       21.079014    
   5.1240301       20.613605    
   5.1260295       22.261156    
   5.1280284       17.772179    
   5.1300278       19.945560    
   5.1320271       15.999463    
   5.1340261       21.223986    
   5.1360254       21.171940    
   5.1380248       20.396507    
   5.1400237       20.104809    
   5.1420231       19.838964    
   5.1440220       17.310396    
   5.1460214       15.814383    
   5.1480207       20.590446    
   5.1500196       19.222912    
   5.1520190       22.287659    
   5.1540184       22.142015    
   5.1560173       20.329834    
   5.1580167       18.975018    
   5.1600156       17.617748    
   5.1620150       17.862669    
   5.1640143       20.054808    
   5.1660132       19.504868    
   5.1680126       18.228920    
   5.1700120       18.999937    
   5.1720109       18.700071    
   5.1740103       17.901550    
   5.1760092       19.458693    
   5.1780086       20.541647    
   5.1800079       19.636580    
   5.1820068       19.530418    
   5.1840062       20.574223    
   5.1860056       17.404329    
   5.1880045       18.203718    
   5.1900039       21.399969    
   5.1920028       20.082035    
   5.1940022       19.909689    
   5.1960015       17.801088    
   5.1980004       18.386522    
   5.1999998       17.458897    
   5.2019992       17.531984    
   5.2039981       18.594177    
   5.2059975       20.524982    
   5.2079968       21.471691    
   5.2099957       18.600277    
   5.2119951       18.266308    
   5.2139940       17.752922    
   5.2159934       20.999432    
   5.2179928       18.290291    
   5.2199917       18.361811    
   5.2219911       18.047195    
   5.2239904       19.831644    
   5.2259893       17.353529    
   5.2279887       18.415981    
   5.2299876       19.962393    
   5.2319870       18.257076    
   5.2339864       19.490927    
   5.2359853       19.076101    
   5.2379847       19.306681    
   5.2399840       15.536418    
   5.2419829       17.198967    
   5.2439823       18.898481    
   5.2459812       18.155819    
   5.2479806       18.169054    
   5.2499800       20.997448    
   5.2519789       18.028542    
   5.2539783       16.677572    
   5.2559776       18.384344    
   5.2579765       18.247684    
   5.2599759       20.684839    
   5.2619748       17.662498    
   5.2639742       21.023954    
   5.2659736       19.612457    
   5.2679725       17.802412    
   5.2699718       16.653763    
   5.2719712       18.572206    
   5.2739701       18.414923    
   5.2759695       15.788647    
   5.2779684       16.425776    
   5.2799678       16.669222    
   5.2819672       17.874084    
   5.2839661       17.692450    
   5.2859654       16.491417    
   5.2879648       20.267338    
   5.2899637       18.415941    
   5.2919631       17.323101    
   5.2939620       16.229496    
   5.2959614       17.551411    
   5.2979608       17.593084    
   5.2999597       19.118929    
   5.3019590       19.602600    
   5.3039584       19.313993    
   5.3059573       17.155462    
   5.3079567       17.351599    
   5.3099556       16.938385    
   5.3119550       16.903519    
   5.3139544       18.893301    
   5.3159533       18.452362    
   5.3179526       18.121727    
   5.3199520       16.174158    
   5.3219509       16.094381    
   5.3239503       17.523376    
   5.3259492       17.966837    
   5.3279486       19.267462    
   5.3299479       17.510290    
   5.3319468       18.134054    
   5.3339462       18.903635    
   5.3359456       17.995682    
   5.3379445       18.120369    
   5.3399439       15.792345    
   5.3419433       17.219425    
   5.3439422       16.696297    
   5.3459415       16.691454    
   5.3479404       16.454025    
   5.3499398       15.544224    
   5.3519392       17.149605    
   5.3539381       17.352757    
   5.3559375       17.423725    
   5.3579369       17.530151    
   5.3599358       18.726828    
   5.3619351       17.387896    
   5.3639340       16.399633    
   5.3659334       16.530302    
   5.3679328       16.538528    
   5.3699317       18.514853    
   5.3719311       15.320194    
   5.3739305       19.719177    
   5.3759294       17.620935    
   5.3779287       16.209707    
   5.3799276       16.779392    
   5.3819270       18.433636    
   5.3839264       17.963371    
   5.3859253       17.261669    
   5.3879247       15.906521    
   5.3899240       15.907359    
   5.3919230       15.767847    
   5.3939223       16.677181    
   5.3959212       18.717342    
   5.3979206       18.876587    
   5.3999200       18.547020    
   5.4019189       16.282257    
   5.4039183       16.019930    
   5.4059176       15.673279    
   5.4079165       15.697971    
   5.4099159       16.478540    
   5.4119148       14.823677    
   5.4139142       18.828575    
   5.4159136       15.663794    
   5.4179125       14.623801    
   5.4199119       16.455629    
   5.4219112       15.800506    
   5.4239101       15.495274    
   5.4259095       16.503559    
   5.4279084       15.832381    
   5.4299078       15.108726    
   5.4319072       16.524939    
   5.4339061       16.989178    
   5.4359055       14.820940    
   5.4379048       16.521353    
   5.4399037       17.142260    
   5.4419031       16.722925    
   5.4439020       16.135302    
   5.4459014       17.950327    
   5.4479008       16.516846    
   5.4498997       16.122673    
   5.4518991       16.310942    
   5.4538984       15.235649    
   5.4558973       16.025978    
   5.4578967       17.013363    
   5.4598961       15.300292    
   5.4618950       17.082716    
   5.4638944       14.753391    
   5.4658933       17.087440    
   5.4678926       15.243872    
   5.4698920       15.367637    
   5.4718909       17.461456    
   5.4738903       16.706154    
   5.4758897       16.473501    
   5.4778886       14.007292    
   5.4798880       16.268654    
   5.4818869       16.219885    
   5.4838862       17.108379    
   5.4858856       14.766953    
   5.4878845       15.746181    
   5.4898839       15.946759    
   5.4918833       16.204430    
   5.4938822       15.428547    
   5.4958816       17.353302    
   5.4978805       16.812164    
   5.4998798       16.322222    
   5.5018792       13.474380    
   5.5038781       17.815105    
   5.5058775       18.330099    
   5.5078769       16.017843    
   5.5098758       14.850204    
   5.5118752       14.929299    
   5.5138741       16.810020    
   5.5158734       14.441821    
   5.5178728       15.290214    
   5.5198717       15.629528    
   5.5218711       15.252423    
   5.5238705       13.767350    
   5.5258694       13.750814    
   5.5278687       15.368215    
   5.5298676       15.764750    
   5.5318670       14.547288    
   5.5338664       15.376762    
   5.5358653       15.686827    
   5.5378647       16.903618    
   5.5398641       15.090652    
   5.5418630       15.415362    
   5.5438623       16.152439    
   5.5458612       15.536503    
   5.5478606       13.733541    
   5.5498600       14.103966    
   5.5518589       14.907417    
   5.5538583       16.257986    
   5.5558577       15.471735    
   5.5578566       14.527461    
   5.5598559       14.742969    
   5.5618548       15.706442    
   5.5638542       14.758931    
   5.5658536       13.801449    
   5.5678525       14.693664    
   5.5698519       14.507559    
   5.5718513       15.945940    
   5.5738502       15.448747    
   5.5758495       16.218845    
   5.5778484       14.090734    
   5.5798478       13.698223    
   5.5818472       15.465219    
   5.5838461       15.262629    
   5.5858455       13.631081    
   5.5878448       14.991135    
   5.5898438       14.998758    
   5.5918431       13.341178    
   5.5938425       16.906435    
   5.5958414       17.592854    
   5.5978408       16.009596    
   5.5998397       14.559155    
   5.6018391       13.162850    
   5.6038384       15.952335    
   5.6058373       15.414593    
   5.6078367       15.101807    
   5.6098361       16.307592    
   5.6118350       13.861027    
   5.6138344       15.428474    
   5.6158333       12.665434    
   5.6178327       14.134147    
   5.6198320       15.156008    
   5.6218309       13.783330    
   5.6238303       15.017722    
   5.6258297       14.217874    
   5.6278286       15.788468    
   5.6298280       15.241151    
   5.6318269       13.884951    
   5.6338263       14.085599    
   5.6358256       16.472342    
   5.6378245       14.722753    
   5.6398239       15.244706    
   5.6418233       16.041559    
   5.6438222       14.370827    
   5.6458216       12.838004    
   5.6478205       15.022052    
   5.6498199       13.726743    
   5.6518192       14.516322    
   5.6538181       14.708700    
   5.6558175       12.439858    
   5.6578169       15.727489    
   5.6598158       15.312304    
   5.6618152       13.679228    
   5.6638141       14.187831    
   5.6658134       15.080726    
   5.6678128       11.700307    
   5.6698117       15.899354    
   5.6718111       15.921642    
   5.6738105       14.100978    
   5.6758094       13.364826    
   5.6778088       13.302871    
   5.6798077       14.974432    
   5.6818070       13.795670    
   5.6838064       13.864066    
   5.6858053       13.717300    
   5.6878047       13.283933    
   5.6898041       15.274393    
   5.6918030       13.415152    
   5.6938024       13.751354    
   5.6958013       13.987841    
   5.6978006       14.308681    
   5.6998000       13.250070    
   5.7017989       15.625072    
   5.7037983       15.310219    
   5.7057977       16.568411    
   5.7077966       13.121886    
   5.7097960       12.175366    
   5.7117949       13.371855    
   5.7137942       14.143551    
   5.7157936       13.047590    
   5.7177925       13.492636    
   5.7197919       12.962287    
   5.7217913       12.405546    
   5.7237902       14.771171    
   5.7257895       13.591957    
   5.7277889       13.151990    
   5.7297878       15.162989    
   5.7317872       12.844034    
   5.7337861       11.337758    
   5.7357855       13.238834    
   5.7377849       12.438084    
   5.7397838       14.362765    
   5.7417831       15.074777    
   5.7437825       13.878558    
   5.7457814       14.226232    
   5.7477808       15.407437    
   5.7497797       15.580344    
   5.7517791       13.397122    
   5.7537785       13.162705    
   5.7557774       14.448617    
   5.7577767       13.829392    
   5.7597761       15.675563    
   5.7617750       14.203751    
   5.7637744       11.795770    
   5.7657733       13.550709    
   5.7677727       12.344641    
   5.7697721       14.097098    
   5.7717710       14.256902    
   5.7737703       14.519532    
   5.7757697       13.409252    
   5.7777686       12.602059    
   5.7797680       12.989423    
   5.7817669       11.716840    
   5.7837663       13.372302    
   5.7857656       13.927506    
   5.7877645       13.641616    
   5.7897639       14.334793    
   5.7917633       14.372855    
   5.7937622       12.250146    
   5.7957616       12.424865    
   5.7977605       13.781253    
   5.7997599       13.007881    
   5.8017592       14.061218    
   5.8037581       13.635557    
   5.8057575       14.069706    
   5.8077569       14.025598    
   5.8097558       14.127167    
   5.8117552       14.637157    
   5.8137541       12.806870    
   5.8157535       14.037713    
   5.8177528       12.279576    
   5.8197517       13.251989    
   5.8217511       12.129273    
   5.8237505       14.163360    
   5.8257494       14.371696    
   5.8277488       12.486116    
   5.8297477       12.407212    
   5.8317471       11.342606    
   5.8337464       12.754540    
   5.8357453       13.225290    
   5.8377447       14.050901    
   5.8397441       11.577783    
   5.8417430       12.826332    
   5.8437424       12.876534    
   5.8457417       12.966180    
   5.8477407       12.404235    
   5.8497400       12.166873    
   5.8517389       13.487817    
   5.8537383       12.821675    
   5.8557377       13.849086    
   5.8577366       12.253554    
   5.8597360       13.849627    
   5.8617353       14.062443    
   5.8637342       13.853077    
   5.8657336       12.885580    
   5.8677325       13.679817    
   5.8697319       14.231399    
   5.8717313       12.255805    
   5.8737302       12.561029    
   5.8757296       13.290694    
   5.8777289       12.819454    
   5.8797278       11.227426    
   5.8817272       13.484545    
   5.8837261       13.055449    
   5.8857255       13.152756    
   5.8877249       12.756433    
   5.8897238       13.066273    
   5.8917232       14.432713    
   5.8937225       14.657073    
   5.8957214       12.176204    
   5.8977208       10.739194    
   5.8997197       13.195918    
   5.9017191       11.126083    
   5.9037185       12.699878    
   5.9057174       11.388042    
   5.9077168       14.074966    
   5.9097161       12.308482    
   5.9117150       12.875268    
   5.9137144       13.517503    
   5.9157133       13.173189    
   5.9177127       12.317115    
   5.9197121       13.359030    
   5.9217110       12.528227    
   5.9237103       13.236523    
   5.9257097       13.740607    
   5.9277086       14.340157    
   5.9297080       12.767626    
   5.9317069       13.066792    
   5.9337063       12.780844    
   5.9357057       12.560405    
   5.9377046       11.623676    
   5.9397039       12.029320    
   5.9417033       12.949934    
   5.9437022       12.246630    
   5.9457016       12.211650    
   5.9477005       13.180346    
   5.9496999       10.791899    
   5.9516993       11.987777    
   5.9536982       14.194548    
   5.9556975       12.090097    
   5.9576969       14.185522    
   5.9596958       12.642060    
   5.9616952       11.485099    
   5.9636941       13.729288    
   5.9656935       13.720852    
   5.9676929       10.529068    
   5.9696918       10.791399    
   5.9716911       13.025549    
   5.9736905       14.645415    
   5.9756894       11.588613    
   5.9776888       11.361895    
   5.9796882       13.600183    
   5.9816871       12.910931    
   5.9836864       11.539349    
   5.9856853       12.489487    
   5.9876847       13.332223    
   5.9896841       11.679560    
   5.9916830       12.700779    
   5.9936824       11.628680    
   5.9956818       12.376402    
   5.9976807       12.697864    
   5.9996800       13.917007    
   6.0016789       13.708066    
   6.0036783       12.968263    
   6.0056777       11.582490    
   6.0076766       13.908942    
   6.0096760       12.141684    
   6.0116754       13.399634    
   6.0136743       13.063692    
   6.0156736       12.175980    
   6.0176725       11.431924    
   6.0196719       13.154257    
   6.0216713       12.447827    
   6.0236702       10.844689    
   6.0256696       13.155499    
   6.0276690       13.153171    
   6.0296679       12.507897    
   6.0316672       11.401400    
   6.0336661       9.8453560    
   6.0356655       13.239960    
   6.0376649       12.667574    
   6.0396638       11.763990    
   6.0416632       11.262573    
   6.0436625       10.762906    
   6.0456614       12.635111    
   6.0476608       10.328823    
   6.0496597       11.772249    
   6.0516591       10.784625    
   6.0536585       11.834488    
   6.0556574       11.865511    
   6.0576568       12.306777    
   6.0596561       12.650542    
   6.0616550       11.870934    
   6.0636544       13.624931    
   6.0656533       11.892577    
   6.0676527       12.258060    
   6.0696521       12.302701    
   6.0716510       13.264597    
   6.0736504       12.891726    
   6.0756497       11.431202    
   6.0776486       12.567840    
   6.0796480       12.019017    
   6.0816469       13.171185    
   6.0836463       12.632559    
   6.0856457       13.292542    
   6.0876446       12.491230    
   6.0896440       11.907222    
   6.0916433       12.690819    
   6.0936422       13.859789    
   6.0956416       12.169183    
   6.0976410       10.763131    
   6.0996399       12.192922    
   6.1016393       10.898218    
   6.1036382       11.290876    
   6.1056376       13.022550    
   6.1076369       12.515265    
   6.1096358       11.496998    
   6.1116352       11.717649    
   6.1136346       10.252757    
   6.1156335       10.002758    
   6.1176329       11.419708    
   6.1196318       12.667877    
   6.1216311       11.293947    
   6.1236305       12.267452    
   6.1256294       12.541150    
   6.1276288       12.923006    
   6.1296282       13.430802    
   6.1316271       12.754000    
   6.1336265       12.611261    
   6.1356254       12.495827    
   6.1376247       13.482040    
   6.1396241       12.944517    
   6.1416230       11.963668    
   6.1436224       11.619847    
   6.1456218       11.319911    
   6.1476207       12.667824    
   6.1496201       11.760272    
   6.1516190       11.838666    
   6.1536183       10.935038    
   6.1556177       11.671396    
   6.1576166       12.911570    
   6.1596160       11.105896    
   6.1616154       10.967287    
   6.1636143       12.927949    
   6.1656137       12.010754    
   6.1676126       12.726440    
   6.1696119       11.348588    
   6.1716113       9.8186874    
   6.1736102       12.070863    
   6.1756096       10.846775    
   6.1776090       12.280909    
   6.1796079       12.365691    
   6.1816072       12.484451    
   6.1836061       10.883923    
   6.1856055       11.232182    
   6.1876049       11.875615    
   6.1896038       11.551731    
   6.1916032       11.788477    
   6.1936026       12.139359    
   6.1956015       12.143024    
   6.1976008       12.313469    
   6.1995997       10.738735    
   6.2015991       12.095490    
   6.2035985       12.019872    
   6.2055974       12.455194    
   6.2075968       10.892981    
   6.2095962       12.157722    
   6.2115951       11.948110    
   6.2135944       12.384429    
   6.2155933       12.536258    
   6.2175927       10.724594    
   6.2195921       11.094297    
   6.2215910       10.906495    
   6.2235904       11.882715    
   6.2255898       12.497777    
   6.2275887       12.139118    
   6.2295880       12.385962    
   6.2315874       12.968260    
   6.2335863       11.120309    
   6.2355857       11.490174    
   6.2375846       12.236019    
   6.2395840       10.019932    
   6.2415833       11.960999    
   6.2435822       11.338518    
   6.2455816       10.634677    
   6.2475810       11.066598    
   6.2495799       11.385756    
   6.2515793       11.979897    
   6.2535782       12.497955    
   6.2555776       10.801394    
   6.2575769       13.098133    
   6.2595758       10.642076    
   6.2615752       11.465246    
   6.2635746       10.232855    
   6.2655735       11.312233    
   6.2675729       12.344424    
   6.2695718       11.382858    
   6.2715712       10.524541    
   6.2735705       11.192349    
   6.2755694       11.989630    
   6.2775688       11.925189    
   6.2795682       10.371956    
   6.2815671       11.308941    
   6.2835665       12.124073    
   6.2855654       12.727890    
   6.2875648       10.862719    
   6.2895641       10.892839    
   6.2915630       11.513844    
   6.2935624       10.674891    
   6.2955618       12.033507    
   6.2975607       11.866443    
   6.2995601       11.150986    
   6.3015590       10.545756    
   6.3035583       11.796308    
   6.3055577       12.135448    
   6.3075566       11.124253    
   6.3095560       11.534858    
   6.3115554       11.487030    
   6.3135543       11.641294    
   6.3155537       9.7267904    
   6.3175526       11.531421    
   6.3195519       11.069079    
   6.3215513       11.470395    
   6.3235502       11.327897    
   6.3255496       10.472041    
   6.3275490       11.146091    
   6.3295479       11.192437    
   6.3315473       11.645617    
   6.3335462       10.643682    
   6.3355455       11.150279    
   6.3375449       11.497231    
   6.3395438       10.064568    
   6.3415432       11.225920    
   6.3435426       10.515532    
   6.3455415       11.198780    
   6.3475409       12.154115    
   6.3495398       11.030207    
   6.3515391       9.7910805    
   6.3535385       9.7441292    
   6.3555374       9.9954653    
   6.3575368       10.741386    
   6.3595362       11.436269    
   6.3615351       11.056051    
   6.3635345       11.402424    
   6.3655338       10.740174    
   6.3675327       11.809649    
   6.3695321       10.501475    
   6.3715310       11.190885    
   6.3735304       11.189637    
   6.3755298       10.215859    
   6.3775287       10.546446    
   6.3795280       9.8703461    
   6.3815274       9.8483667    
   6.3835263       11.532757    
   6.3855257       9.3680172    
   6.3875246       9.8049059    
   6.3895240       9.6461191    
   6.3915234       11.141168    
   6.3935223       10.647507    
   6.3955216       10.886983    
   6.3975210       11.354098    
   6.3995199       11.363173    
   6.4015193       10.178138    
   6.4035182       10.223012    
   6.4055176       10.729741    
   6.4075170       10.234759    
   6.4095159       8.5694904    
   6.4115152       8.8468447    
   6.4135146       10.254716    
   6.4155135       9.3998985    
   6.4175129       9.7149591    
   6.4195118       8.8304615    
   6.4215112       10.484483    
   6.4235106       11.598487    
   6.4255095       10.749749    
   6.4275088       10.296305    
   6.4295082       9.3713408    
   6.4315071       10.063357    
   6.4335065       8.8232937    
   6.4355054       10.253804    
   6.4375048       10.072460    
   6.4395041       9.9833870    
   6.4415030       10.001137    
   6.4435024       9.4318333    
   6.4455018       9.9412966    
   6.4475007       10.302786    
   6.4495001       8.5627804    
   6.4514990       8.8720570    
   6.4534984       9.6584425    
   6.4554977       9.5856361    
   6.4574966       9.9170990    
   6.4594960       9.4337816    
   6.4614954       9.1302719    
   6.4634943       10.495720    
   6.4654937       9.7006044    
   6.4674926       8.8414316    
   6.4694920       8.6390524    
   6.4714913       7.8347116    
   6.4734902       7.6260338    
   6.4754896       8.4727440    
   6.4774890       8.3472633    
   6.4794879       8.5952005    
   6.4814873       7.6239891    
   6.4834867       8.1131916    
   6.4854856       8.6590996    
   6.4874849       9.9950228    
   6.4894838       8.0520935    
   6.4914832       9.0574446    
   6.4934826       9.4658070    
   6.4954815       8.2633390    
   6.4974809       7.8604450    
   6.4994802       9.1085510    
   6.5014791       8.5382385    
   6.5034785       8.5717220    
   6.5054774       7.8093514    
   6.5074768       9.5269680    
   6.5094762       9.1023979    
   6.5114751       8.7004442    
   6.5134745       8.6446695    
   6.5154738       8.8074217    
   6.5174727       8.7049541    
   6.5194721       8.4879551    
   6.5214710       9.0173655    
   6.5234704       7.7935457    
   6.5254698       8.8584309    
   6.5274687       7.8522668    
   6.5294681       8.4798613    
   6.5314674       8.7609377    
   6.5334663       8.8989820    
   6.5354657       8.5318785    
   6.5374646       8.8478785    
   6.5394640       7.7068858    
   6.5414634       8.0735540    
   6.5434623       8.6717911    
   6.5454617       8.9307871    
   6.5474610       7.5994377    
   6.5494599       9.1531544    
   6.5514593       7.7157788    
   6.5534582       7.7012095    
   6.5554576       8.4858742    
   6.5574570       8.1213589    
   6.5594559       8.0446815    
   6.5614552       7.8379402    
   6.5634546       7.9893699    
   6.5654535       7.8697090    
   6.5674529       7.7675552    
   6.5694518       8.2606936    
   6.5714512       7.3061695    
   6.5734506       7.5559821    
   6.5754495       8.3569069    
   6.5774488       7.3613205    
   6.5794482       9.6194258    
   6.5814471       8.1313152    
   6.5834465       8.3044386    
   6.5854454       8.2526426    
   6.5874448       8.0965195    
   6.5894442       7.3484268    
   6.5914431       8.2932615    
   6.5934424       6.2940311    
   6.5954418       6.3346443    
   6.5974407       6.9911351    
   6.5994401       7.1793704    
   6.6014390       7.8522205    
   6.6034384       7.7684999    
   6.6054378       8.5781956    
   6.6074367       7.9972782    
   6.6094360       8.6709728    
   6.6114354       6.7160158    
   6.6134343       7.9691477    
   6.6154337       7.3971772    
   6.6174331       7.8970208    
   6.6194320       5.9662042    
   6.6214314       7.7449765    
   6.6234303       6.2879300    
   6.6254296       8.3892555    
   6.6274290       7.5223246    
   6.6294279       6.5663190    
   6.6314273       6.3060446    
   6.6334267       6.8124566    
   6.6354256       6.9288940    
   6.6374249       7.8887658    
   6.6394238       6.5018926    
   6.6414232       7.2102942    
   6.6434226       7.5527997    
   6.6454215       7.9362869    
   6.6474209       7.6469870    
   6.6494203       8.3395567    
   6.6514192       7.7633886    
   6.6534185       7.9628639    
   6.6554174       6.8595319    
   6.6574168       6.6806355    
   6.6594162       7.0075479    
   6.6614151       8.1685143    
   6.6634145       7.2525163    
   6.6654139       7.1919937    
   6.6674128       7.4468384    
   6.6694121       7.7617664    
   6.6714110       7.0402703    
   6.6734104       6.7271757    
   6.6754098       9.0958290    
   6.6774087       6.9768019    
   6.6794081       7.6865196    
   6.6814075       7.0596986    
   6.6834064       6.5825005    
   6.6854057       7.0431762    
   6.6874046       6.5649018    
   6.6894040       6.7896914    
   6.6914034       6.8250937    
   6.6934023       6.7225475    
   6.6954017       8.0374079    
   6.6974010       7.6172204    
   6.6993999       7.8747573    
   6.7013993       8.2700500    
   6.7033982       7.5298934    
   6.7053976       6.9881058    
   6.7073970       7.5566335    
   6.7093959       8.0550537    
   6.7113953       7.5419726    
   6.7133946       7.5084810    
   6.7153935       7.2890239    
   6.7173929       7.0797782    
   6.7193918       7.1349564    
   6.7213912       7.0093927    
   6.7233906       7.6152534    
   6.7253895       7.4835424    
   6.7273889       6.7574606    
   6.7293882       7.5503707    
   6.7313871       7.0709310    
   6.7333865       7.6010675    
   6.7353854       7.9043021    
   6.7373848       7.3203659    
   6.7393842       7.4715147    
   6.7413831       7.6877460    
   6.7433825       7.1392474    
   6.7453818       6.8588152    
   6.7473807       7.2628570    
   6.7493801       7.3258615    
   6.7513795       6.7334995    
   6.7533784       6.8172784    
   6.7553778       7.1349487    
   6.7573767       7.7730408    
   6.7593760       7.2334628    
   6.7613754       7.3703084    
   6.7633743       7.2274671    
   6.7653737       6.4968395    
   6.7673731       7.4896431    
   6.7693720       6.8493400    
   6.7713714       7.0949945    
   6.7733703       6.3227987    
   6.7753696       7.4741707    
   6.7773690       7.0110116    
   6.7793679       7.5115023    
   6.7813673       6.1472125    
   6.7833667       6.8748717    
   6.7853656       6.4561496    
   6.7873650       6.8894691    
   6.7893639       7.4246922    
   6.7913632       6.8632784    
   6.7933626       6.7137814    
   6.7953615       7.0342140    
   6.7973609       7.2568865    
   6.7993603       6.5204124    
   6.8013592       7.0802088    
   6.8033586       7.2105885    
   6.8053575       7.9323964    
   6.8073568       6.5248599    
   6.8093562       7.1836948    
   6.8113551       6.9358954    
   6.8133545       5.9762721    
   6.8153539       7.0161581    
   6.8173528       5.8087931    
   6.8193521       6.6782990    
   6.8213511       7.2717481    
   6.8233504       6.8915987    
   6.8253498       6.8050408    
   6.8273487       6.4894352    
   6.8293481       6.2536592    
   6.8313475       6.9433393    
   6.8333464       7.0278358    
   6.8353457       5.5963826    
   6.8373446       6.1904254    
   6.8393440       6.7507472    
   6.8413434       7.0285139    
   6.8433423       7.5034332    
   6.8453417       7.0884042    
   6.8473411       7.6308107    
   6.8493400       6.9283032    
   6.8513393       6.6975732    
   6.8533382       6.9378953    
   6.8553376       6.2566862    
   6.8573370       6.0596838    
   6.8593359       6.9954224    
   6.8613353       7.2350941    
   6.8633347       5.9652119    
   6.8653336       6.9377961    
   6.8673329       6.4653702    
   6.8693323       7.0349312    
   6.8713312       6.3473825    
   6.8733306       6.6468158    
   6.8753295       7.3349767    
   6.8773289       7.1246462    
   6.8793283       6.0965548    
   6.8813272       7.2474637    
   6.8833265       6.3673267    
   6.8853259       5.5417428    
   6.8873248       7.5161901    
   6.8893242       7.1365280    
   6.8913231       6.5610681    
   6.8933225       7.1313958    
   6.8953218       6.5709119    
   6.8973207       6.5087657    
   6.8993201       7.9693789    
   6.9013195       6.4918847    
   6.9033184       6.2049098    
   6.9053178       6.8706183    
   6.9073167       6.2328858    
   6.9093161       6.2791967    
   6.9113154       6.8597574    
   6.9133143       7.4844842    
   6.9153137       6.5537758    
   6.9173131       7.2712903    
   6.9193120       5.5381818    
   6.9213114       6.2076693    
   6.9233103       6.9852519    
   6.9253097       6.5162811    
   6.9273090       6.1378837    
   6.9293079       7.0044684    
   6.9313073       6.8720860    
   6.9333067       6.6694179    
   6.9353056       6.8183270    
   6.9373050       6.8021564    
   6.9393039       6.3210173    
   6.9413033       6.6895113    
   6.9433026       6.8918834    
   6.9453015       6.9807091    
   6.9473009       6.7172904    
   6.9493003       6.0127954    
   6.9512992       6.5987687    
   6.9532986       6.7368889    
   6.9552975       6.4162068    
   6.9572968       6.1991177    
   6.9592962       5.8268251    
   6.9612951       6.3531322    
   6.9632945       7.0654125    
   6.9652939       6.4298067    
   6.9672928       6.5071425    
   6.9692922       6.3359056    
   6.9712911       6.1898737    
   6.9732904       6.5584364    
   6.9752898       7.0714059    
   6.9772887       6.6656566    
   6.9792881       6.7399292    
   6.9812875       6.2704577    
   6.9832864       6.1834273    
   6.9852858       6.7384710    
   6.9872847       6.8818922    
   6.9892840       6.3268394    
   6.9912834       7.1751633    
   6.9932823       6.6773276    
   6.9952817       7.3211460    
   6.9972811       7.5205274    
   6.9992800       6.1436901    
   7.0012794       5.7171617    
   7.0032787       6.7199736    
   7.0052776       6.2135773    
   7.0072770       6.3713775    
   7.0092759       5.2387815    
   7.0112753       6.4425001    
   7.0132747       6.1147985    
   7.0152736       6.7785230    
   7.0172729       5.9502697    
   7.0192723       6.4323206    
   7.0212712       5.7875342    
   7.0232706       5.3789606    
   7.0252695       6.8364224    
   7.0272689       5.6971660    
   7.0292683       6.1467156    
   7.0312672       6.6451712    
   7.0332665       6.2480221    
   7.0352659       6.9387622    
   7.0372648       6.3176508    
   7.0392642       7.2332926    
   7.0412631       6.6061893    
   7.0432625       5.6796417    
   7.0452619       6.4418831    
   7.0472608       6.1083198    
   7.0492601       5.9892077    
   7.0512595       6.6581392    
   7.0532584       5.4161654    
   7.0552578       5.5214882    
   7.0572567       6.5981140    
   7.0592561       7.1515851    
   7.0612555       6.2340002    
   7.0632544       6.1566072    
   7.0652537       6.4923539    
   7.0672531       5.9944496    
   7.0692520       7.3120465    
   7.0712514       5.6789050    
   7.0732503       6.0115409    
   7.0752497       5.8887696    
   7.0772491       6.0143518    
   7.0792480       6.0992289    
   7.0812473       6.1021948    
   7.0832467       5.9137745    
   7.0852456       5.6547813    
   7.0872450       6.9009628    
   7.0892439       6.3328266    
   7.0912433       5.8323436    
   7.0932426       6.2533493    
   7.0952415       6.2040968    
   7.0972409       5.8614097    
   7.0992403       5.9657145    
   7.1012392       6.0435438    
   7.1032386       6.5140457    
   7.1052375       6.1059804    
   7.1072369       6.0824862    
   7.1092362       5.8502355    
   7.1112351       5.7964272    
   7.1132345       6.0193601    
   7.1152339       6.5042682    
   7.1172328       6.0305867    
   7.1192322       5.7617888    
   7.1212311       5.6009126    
   7.1232305       5.7189450    
   7.1252298       6.0296135    
   7.1272287       6.6796722    
   7.1292281       5.7440867    
   7.1312275       6.4036961    
   7.1332264       5.7622175    
   7.1352258       6.2330761    
   7.1372252       6.3215446    
   7.1392241       5.4996676    
   7.1412234       6.0112686    
   7.1432223       5.7323694    
   7.1452217       6.1761498    
   7.1472211       5.8699522    
   7.1492200       6.0499735    
   7.1512194       6.1281500    
   7.1532187       5.5099549    
   7.1552176       6.5395098    
   7.1572170       6.0839586    
   7.1592159       6.1304021    
   7.1612153       6.7731414    
   7.1632147       6.1893249    
   7.1652136       6.0357170    
   7.1672130       6.5169096    
   7.1692123       6.5561309    
   7.1712112       4.7891469    
   7.1732106       6.1473441    
   7.1752095       6.4594088    
   7.1772089       5.8260460    
   7.1792083       6.2997975    
   7.1812072       6.3046656    
   7.1832066       6.2642860    
   7.1852059       6.8658075    
   7.1872048       6.1082458    
   7.1892042       5.4651065    
   7.1912031       5.4833627    
   7.1932025       6.2038178    
   7.1952019       6.4240632    
   7.1972008       5.8073730    
   7.1992002       5.8313289    
   7.2011995       5.6488762    
   7.2031984       5.9855180    
   7.2051978       5.4309864    
   7.2071967       6.1961508    
   7.2091961       5.9266667    
   7.2111955       5.7664828    
   7.2131944       5.8607345    
   7.2151937       5.8618050    
   7.2171931       6.3750668    
   7.2191920       5.5489140    
   7.2211914       6.2741833    
   7.2231903       5.7647734    
   7.2251897       5.6413789    
   7.2271891       5.8862658    
   7.2291880       5.9618959    
   7.2311873       5.5320010    
   7.2331867       5.9301634    
   7.2351856       5.6039062    
   7.2371850       5.5603375    
   7.2391839       5.9888515    
   7.2411833       6.4900255    
   7.2431827       5.6970901    
   7.2451816       5.8839693    
   7.2471809       5.7068882    
   7.2491803       6.5775838    
   7.2511792       6.0925965    
   7.2531786       5.6318698    
   7.2551780       4.6716104    
   7.2571769       6.0606050    
   7.2591763       5.2825155    
   7.2611752       5.9392719    
   7.2631745       6.2055073    
   7.2651739       5.9210486    
   7.2671728       6.1381016    
   7.2691722       6.1405373    
   7.2711716       5.0666585    
   7.2731705       5.4827461    
   7.2751698       5.8502011    
   7.2771688       5.5944262    
   7.2791681       5.3086791    
   7.2811675       6.3841820    
   7.2831664       6.3602810    
   7.2851658       5.5669565    
   7.2871652       5.2841759    
   7.2891641       6.1500669    
   7.2911634       6.1493697    
   7.2931623       5.3763819    
   7.2951617       5.3929238    
   7.2971611       5.4423981    
   7.2991600       5.5368013    
   7.3011594       5.5421996    
   7.3031588       5.7934699    
   7.3051577       5.1536102    
   7.3071570       5.8282094    
   7.3091559       5.4572024    
   7.3111553       6.2301860    
   7.3131547       6.2326241    
   7.3151536       5.6243005    
   7.3171530       6.0495663    
   7.3191524       5.7571869    
   7.3211513       6.1161346    
   7.3231506       5.9904804    
   7.3251495       5.2640786    
   7.3271489       6.1130815    
   7.3291483       5.8769693    
   7.3311472       5.7294579    
   7.3331466       4.8653226    
   7.3351460       4.7701693    
   7.3371449       5.4549489    
   7.3391442       4.5781336    
   7.3411431       6.1867332    
   7.3431425       5.1906738    
   7.3451419       4.9727335    
   7.3471408       5.0185390    
   7.3491402       5.6876001    
   7.3511395       6.5559258    
   7.3531384       5.3404627    
   7.3551378       5.6414552    
   7.3571367       5.1390619    
   7.3591361       5.2749357    
   7.3611355       5.6888890    
   7.3631344       5.1911831    
   7.3651338       5.4716740    
   7.3671331       6.0427327    
   7.3691320       5.1398053    
   7.3711314       5.4455414    
   7.3731303       5.2738643    
   7.3751297       5.3941278    
   7.3771291       5.4363704    
   7.3791280       4.9181662    
   7.3811274       5.2096200    
   7.3831267       5.2933927    
   7.3851256       6.1416335    
   7.3871250       5.8953567    
   7.3891244       5.9826198    
   7.3911233       5.5265021    
   7.3931227       5.4460797    
   7.3951216       5.6863570    
   7.3971210       6.1648211    
   7.3991203       5.2326665    
   7.4011192       5.6527181    
   7.4031186       5.4026222    
   7.4051180       5.7061419    
   7.4071169       5.4486084    
   7.4091163       5.4502220    
   7.4111152       5.1503620    
   7.4131145       5.0394731    
   7.4151139       5.9338980    
   7.4171128       5.5363817    
   7.4191122       5.5246305    
   7.4211116       4.6926012    
   7.4231105       5.6021891    
   7.4251099       5.9070878    
   7.4271088       5.0514030    
   7.4291081       5.4368134    
   7.4311075       4.8157129    
   7.4331064       5.2434711    
   7.4351058       5.1770406    
   7.4371052       4.6764550    
   7.4391041       4.9657822    
   7.4411035       4.8394933    
   7.4431024       5.6941237    
   7.4451017       5.6884432    
   7.4471011       5.9455495    
   7.4491000       5.3298607    
   7.4510994       5.3557553    
   7.4530988       5.8428688    
   7.4550977       5.6587229    
   7.4570971       5.8848739    
   7.4590960       4.6649337    
   7.4610953       5.3245759    
   7.4630947       5.4473705    
   7.4650936       5.0364614    
   7.4670930       4.8665853    
   7.4690924       4.9282856    
   7.4710913       5.4503698    
   7.4730906       4.8798323    
   7.4750896       5.5765758    
   7.4770889       5.8749228    
   7.4790883       5.0521212    
   7.4810872       4.6527753    
   7.4830866       5.9220409    
   7.4850860       6.4500570    
   7.4870849       5.2344832    
   7.4890842       5.3645439    
   7.4910831       5.4314284    
   7.4930825       5.5014668    
   7.4950819       4.8408127    
   7.4970808       4.8151593    
   7.4990802       5.2698865    
   7.5010796       5.1081147    
   7.5030785       4.7933884    
   7.5050778       5.5210733    
   7.5070767       5.3120255    
   7.5090761       5.2222548    
   7.5110755       5.7282538    
   7.5130744       5.4192023    
   7.5150738       4.9534917    
   7.5170732       5.3045626    
   7.5190721       5.1449060    
   7.5210714       5.5902190    
   7.5230708       5.7356086    
   7.5250697       4.8069620    
   7.5270691       5.0645270    
   7.5290680       5.1690493    
   7.5310674       4.3635645    
   7.5330667       4.8433170    
   7.5350657       5.2024856    
   7.5370650       4.8517828    
   7.5390644       4.6584554    
   7.5410633       5.1479311    
   7.5430627       5.4114289    
   7.5450616       5.1681890    
   7.5470610       5.1911068    
   7.5490603       5.2737455    
   7.5510592       5.1074553    
   7.5530586       5.0109062    
   7.5550580       5.2913170    
   7.5570569       5.2177625    
   7.5590563       5.3561287    
   7.5610552       5.7575064    
   7.5630546       5.6409435    
   7.5650539       5.5271883    
   7.5670528       5.1259575    
   7.5690522       4.7870774    
   7.5710516       4.9799457    
   7.5730505       4.7510095    
   7.5750499       4.7435169    
   7.5770488       5.0996156    
   7.5790482       5.2179255    
   7.5810475       4.4813333    
   7.5830464       4.9744186    
   7.5850458       4.6127625    
   7.5870452       4.7842836    
   7.5890441       5.0324516    
   7.5910435       5.2725148    
   7.5930424       5.0898838    
   7.5950418       4.5813746    
   7.5970411       4.8556185    
   7.5990400       3.9312432    
   7.6010394       4.7104187    
   7.6030388       4.8784113    
   7.6050377       4.6455135    
   7.6070371       4.9042625    
   7.6090360       4.6143317    
   7.6110353       4.7616878    
   7.6130347       4.5516715    
   7.6150336       4.4533935    
   7.6170330       4.8546262    
   7.6190324       4.4224710    
   7.6210313       5.2334628    
   7.6230307       4.9692564    
   7.6250296       4.9602604    
   7.6270289       4.8047152    
   7.6290283       4.7432518    
   7.6310272       4.5485530    
   7.6330266       4.6484098    
   7.6350260       4.8056512    
   7.6370249       5.2694993    
   7.6390243       5.2904654    
   7.6410236       4.7597795    
   7.6430225       4.6503382    
   7.6450219       5.1152477    
   7.6470208       4.8811398    
   7.6490202       5.1029286    
   7.6510196       5.0168190    
   7.6530185       5.0485034    
   7.6550179       4.9578376    
   7.6570172       4.8202391    
   7.6590161       4.3091836    
   7.6610155       4.8683467    
   7.6630144       4.8530459    
   7.6650138       4.9297857    
   7.6670132       4.4440589    
   7.6690121       5.0276327    
   7.6710114       4.7606730    
   7.6730108       4.2016497    
   7.6750097       4.9431696    
   7.6770091       5.5779495    
   7.6790080       4.6214342    
   7.6810074       4.6677990    
   7.6830068       4.9289365    
   7.6850057       4.9132795    
   7.6870050       4.9887753    
   7.6890044       4.8931198    
   7.6910033       4.9967594    
   7.6930027       4.7574210    
   7.6950016       4.8335776    
   7.6970010       4.6680746    
   7.6990004       4.9387035    
   7.7009993       4.5714607    
   7.7029986       5.6786203    
   7.7049980       4.7517376    
   7.7069969       5.1529965    
   7.7089963       4.0162444    
   7.7109952       4.4939613    
   7.7129946       4.6261306    
   7.7149940       4.6146007    
   7.7169929       4.7509379    
   7.7189922       5.2422361    
   7.7209916       4.8871169    
   7.7229905       4.6696253    
   7.7249899       4.8630624    
   7.7269888       4.6783271    
   7.7289882       4.9979787    
   7.7309875       4.1538544    
   7.7329865       5.2488050    
   7.7349858       4.3370428    
   7.7369852       4.4022827    
   7.7389841       4.7201281    
   7.7409835       4.3171725    
   7.7429824       4.4920001    
   7.7449818       4.5340400    
   7.7469811       3.8539283    
   7.7489800       4.5075250    
   7.7509794       4.7786908    
   7.7529788       4.8444858    
   7.7549777       4.2959437    
   7.7569771       4.6398396    
   7.7589760       4.6975117    
   7.7609754       4.2383342    
   7.7629747       4.8465724    
   7.7649736       4.3441644    
   7.7669730       4.0394378    
   7.7689724       4.8084755    
   7.7709713       4.5953765    
   7.7729707       4.4024520    
   7.7749701       4.5068207    
   7.7769690       5.0042081    
   7.7789683       5.1314893    
   7.7809672       4.7101932    
   7.7829666       5.2586999    
   7.7849660       4.7947130    
   7.7869649       4.1989527    
   7.7889643       4.8160090    
   7.7909636       4.6211100    
   7.7929626       4.6573501    
   7.7949619       4.4132562    
   7.7969608       4.9041495    
   7.7989602       5.4639940    
   7.8009596       4.1407514    
   7.8029585       4.0588136    
   7.8049579       3.7241743    
   7.8069572       4.8425937    
   7.8089561       4.2925053    
   7.8109555       4.2986312    
   7.8129544       4.9249897    
   7.8149538       4.4141912    
   7.8169532       4.6980166    
   7.8189521       4.5379820    
   7.8209515       4.7099633    
   7.8229508       5.4686427    
   7.8249497       4.3520441    
   7.8269491       4.6980190    
   7.8289480       4.6434908    
   7.8309474       4.5990901    
   7.8329468       3.9905894    
   7.8349457       4.2577887    
   7.8369451       4.9037519    
   7.8389444       4.6471982    
   7.8409433       5.1038952    
   7.8429427       4.9709706    
   7.8449416       5.0612221    
   7.8469410       4.5773635    
   7.8489404       4.9379759    
   7.8509393       5.0264721    
   7.8529387       4.5664654    
   7.8549380       4.1971641    
   7.8569369       4.0887094    
   7.8589363       4.2834558    
   7.8609352       4.7577858    
   7.8629346       4.3686676    
   7.8649340       4.0069113    
   7.8669329       4.0304236    
   7.8689322       3.9408653    
   7.8709316       4.6715651    
   7.8729305       4.0233364    
   7.8749299       4.3972149    
   7.8769288       4.7440195    
   7.8789282       4.1813474    
   7.8809276       4.3982310    
   7.8829265       4.2403021    
   7.8849258       4.0220137    
   7.8869252       4.1378679    
   7.8889241       4.4246664    
   7.8909235       3.9870248    
   7.8929229       3.9067564    
   7.8949218       4.1307292    
   7.8969212       3.5876169    
   7.8989201       4.3510909    
   7.9009194       4.6115379    
   7.9029188       4.1732969    
   7.9049177       4.1469584    
   7.9069171       4.2841711    
   7.9089165       3.9094460    
   7.9109154       4.1909328    
   7.9129148       4.3230081    
   7.9149137       4.2581105    
   7.9169130       4.5005841    
   7.9189124       4.5227880    
   7.9209113       4.5395317    
   7.9229107       3.7107368    
   7.9249101       4.2872400    
   7.9269090       4.3953710    
   7.9289083       4.4867678    
   7.9309072       4.6227427    
   7.9329066       4.2175746    
   7.9349060       4.8483548    
   7.9369049       4.5804214    
   7.9389043       4.3487377    
   7.9409037       4.6185832    
   7.9429026       4.2812858    
   7.9449019       3.9304838    
   7.9469008       4.5875669    
   7.9489002       4.5990467    
   7.9508996       4.4668593    
   7.9528985       4.0082316    
   7.9548979       4.0979972    
   7.9568973       4.2848954    
   7.9588962       4.3101172    
   7.9608955       3.9764402    
   7.9628944       3.6194775    
   7.9648938       4.2980318    
   7.9668932       4.0360384    
   7.9688921       4.4215088    
   7.9708915       3.7506850    
   7.9728909       4.3091049    
   7.9748898       4.0576496    
   7.9768891       4.4269075    
   7.9788880       3.7151859    
   7.9808874       4.1654420    
   7.9828868       3.8300631    
   7.9848857       3.7750313    
   7.9868851       4.1254683    
   7.9888844       3.9029801    
   7.9908834       4.2455592    
   7.9928827       4.1734467    
   7.9948816       4.3920674    
   7.9968810       4.2342367    
   7.9988804       4.5141101    
   8.0008793       4.2022324    
   8.0028791       4.3285565    
   8.0048780       4.5088749    
   8.0068769       4.3726759    
   8.0088768       3.6629980    
   8.0108757       3.7613635    
   8.0128746       4.2023768    
   8.0148745       4.4010324    
   8.0168734       4.4083037    
   8.0188723       4.1968780    
   8.0208721       3.3798289    
   8.0228710       4.2424846    
   8.0248699       4.5111732    
   8.0268698       4.2508497    
   8.0288687       4.4686213    
   8.0308676       4.3129225    
   8.0328665       4.2841763    
   8.0348663       4.2642269    
   8.0368652       3.6557989    
   8.0388641       4.1336265    
   8.0408640       4.2908745    
   8.0428629       3.6979606    
   8.0448618       3.8214221    
   8.0468616       4.0818939    
   8.0488605       3.9440615    
   8.0508595       3.8323901    
   8.0528593       4.5618424    
   8.0548582       4.3752007    
   8.0568571       3.4510865    
   8.0588570       4.1877303    
   8.0608559       3.8428369    
   8.0628548       4.1787081    
   8.0648537       4.2459168    
   8.0668535       4.1783056    
   8.0688524       4.0277224    
   8.0708513       4.3101754    
   8.0728512       3.7247984    
   8.0748501       4.0396857    
   8.0768490       4.0098319    
   8.0788488       4.2573509    
   8.0808477       3.5236595    
   8.0828466       3.9520330    
   8.0848465       3.9553037    
   8.0868454       4.4025450    
   8.0888443       4.4400649    
   8.0908442       3.6927822    
   8.0928431       4.3263321    
   8.0948420       3.8076091    
   8.0968409       4.1335354    
   8.0988407       4.0716081    
   8.1008396       3.6094201    
   8.1028385       3.8129618    
   8.1048384       3.9743571    
   8.1068373       3.6239209    
   8.1088362       3.7527449    
   8.1108360       4.3622265    
   8.1128349       3.7706032    
   8.1148338       4.0379152    
   8.1168337       3.7437422    
   8.1188326       4.3028889    
   8.1208315       3.5776451    
   8.1228313       3.8610511    
   8.1248302       4.0568600    
   8.1268291       3.9105628    
   8.1288280       3.6824179    
   8.1308279       3.7684600    
   8.1328268       4.1450219    
   8.1348257       4.0092793    
   8.1368256       4.0609732    
   8.1388245       4.2532787    
   8.1408234       3.8583164    
   8.1428232       4.1888313    
   8.1448221       4.0791149    
   8.1468210       3.8066053    
   8.1488209       4.0400357    
   8.1508198       4.0208144    
   8.1528187       4.1128926    
   8.1548185       3.6123965    
   8.1568174       3.7701044    
   8.1588163       3.3123391    
   8.1608162       4.2359676    
   8.1628151       3.3913498    
   8.1648140       4.2545033    
   8.1668129       3.9803436    
   8.1688128       3.7790978    
   8.1708117       4.0296907    
   8.1728106       3.7068379    
   8.1748104       3.8459167    
   8.1768093       3.9292018    
   8.1788082       4.1562777    
   8.1808081       3.8179471    
   8.1828070       3.4264908    
   8.1848059       4.3752489    
   8.1868057       3.7620680    
   8.1888046       3.8806517    
   8.1908035       3.6909361    
   8.1928034       3.4284635    
   8.1948023       3.9280026    
   8.1968012       3.6366334    
   8.1988001       3.7796633    
   8.2007999       3.5237224    
   8.2027988       3.8280735    
   8.2047977       3.6739488    
   8.2067966       3.2599468    
   8.2087965       3.6279070    
   8.2107954       3.4858210    
   8.2127943       4.1482115    
   8.2147942       3.4769018    
   8.2167931       3.6016626    
   8.2187920       3.9918668    
   8.2207918       4.0656266    
   8.2227907       3.6291616    
   8.2247896       3.5873623    
   8.2267895       3.9023561    
   8.2287884       3.8650484    
   8.2307873       3.4968357    
   8.2327871       3.8248303    
   8.2347860       3.7102511    
   8.2367849       3.8306658    
   8.2387838       3.6301415    
   8.2407837       3.9546297    
   8.2427826       3.7572372    
   8.2447815       3.7940285    
   8.2467813       4.2049999    
   8.2487803       3.5602255    
   8.2507792       3.9831915    
   8.2527790       3.5804393    
   8.2547779       3.8772659    
   8.2567768       4.0766230    
   8.2587767       3.8973017    
   8.2607756       3.7738898    
   8.2627745       3.7886147    
   8.2647743       3.6804605    
   8.2667732       3.3638628    
   8.2687721       3.6955888    
   8.2707710       3.6437237    
   8.2727709       3.8223934    
   8.2747698       3.4921336    
   8.2767687       3.9926107    
   8.2787685       3.4518440    
   8.2807674       3.7729154    
   8.2827663       3.8585985    
   8.2847662       3.2203264    
   8.2867651       3.3703482    
   8.2887640       3.4524360    
   8.2907639       3.8825948    
   8.2927628       3.8913431    
   8.2947617       3.9276948    
   8.2967615       4.1349707    
   8.2987604       3.3580539    
   8.3007593       3.5351140    
   8.3027592       3.9660552    
   8.3047581       3.7254136    
   8.3067570       3.6186049    
   8.3087559       3.6230397    
   8.3107557       3.8705587    
   8.3127546       3.7841992    
   8.3147535       3.8314068    
   8.3167534       3.3708546    
   8.3187523       3.8642607    
   8.3207512       3.1746855    
   8.3227510       3.5104680    
   8.3247499       3.2130375    
   8.3267488       3.6525350    
   8.3287487       3.7133672    
   8.3307476       3.3301671    
   8.3327465       3.2099986    
   8.3347464       3.5212603    
   8.3367453       3.7380857    
   8.3387442       3.5006452    
   8.3407431       3.5885878    
   8.3427429       3.8282390    
   8.3447418       3.3124962    
   8.3467407       3.5406959    
   8.3487406       3.6733997    
   8.3507395       3.3953800    
   8.3527384       3.5695057    
   8.3547382       3.8426056    
   8.3567371       3.4637241    
   8.3587360       3.5663540    
   8.3607359       3.3831701    
   8.3627348       3.8912895    
   8.3647337       3.2235808    
   8.3667336       3.5357816    
   8.3687325       3.8738959    
   8.3707314       3.2569301    
   8.3727303       3.5242019    
   8.3747301       3.5789373    
   8.3767290       2.9392545    
   8.3787279       3.4295807    
   8.3807278       3.2341444    
   8.3827267       3.3086293    
   8.3847256       3.6080146    
   8.3867254       3.4815640    
   8.3887243       3.3604867    
   8.3907232       3.2286916    
   8.3927231       3.6489120    
   8.3947220       3.4096286    
   8.3967209       3.4840853    
   8.3987207       3.9503555    
   8.4007196       3.4713674    
   8.4027185       3.5462809    
   8.4047174       3.6010573    
   8.4067173       3.6505992    
   8.4087162       3.6059303    
   8.4107151       3.6247976    
   8.4127150       3.8341868    
   8.4147139       3.7652619    
   8.4167128       3.6177468    
   8.4187126       3.9295986    
   8.4207115       3.7177126    
   8.4227104       3.1426919    
   8.4247103       3.7560067    
   8.4267092       3.3031185    
   8.4287081       3.2378080    
   8.4307079       3.6552439    
   8.4327068       3.6898720    
   8.4347057       3.6418808    
   8.4367056       3.2040696    
   8.4387045       3.4195085    
   8.4407034       3.3746109    
   8.4427023       3.5133739    
   8.4447021       3.2871635    
   8.4467010       3.4275863    
   8.4487000       3.4095643    
   8.4506998       3.5841739    
   8.4526987       3.5352600    
   8.4546976       3.2583492    
   8.4566975       2.9840269    
   8.4586964       3.2501884    
   8.4606953       3.9536643    
   8.4626951       4.0725808    
   8.4646940       3.6084437    
   8.4666929       3.7112207    
   8.4686928       3.3412087    
   8.4706917       3.3433285    
   8.4726906       3.9059329    
   8.4746895       3.7415564    
   8.4766893       3.4543908    
   8.4786882       3.5043683    
   8.4806871       3.4215419    
   8.4826870       3.5506511    
   8.4846859       3.0490108    
   8.4866848       3.2043624    
   8.4886847       3.6723554    
   8.4906836       3.2432745    
   8.4926825       3.3379166    
   8.4946823       3.0918756    
   8.4966812       3.1876950    
   8.4986801       3.4842403    
   8.5006800       3.4316092    
   8.5026789       2.9663925    
   8.5046778       3.2210591    
   8.5066767       3.4986017    
   8.5086765       3.4991007    
   8.5106754       3.4406478    
   8.5126743       3.5962195    
   8.5146742       3.5119908    
   8.5166731       3.2234230    
   8.5186720       3.3740771    
   8.5206718       3.3448198    
   8.5226707       3.3880286    
   8.5246696       3.4054568    
   8.5266695       3.3791623    
   8.5286684       3.3128703    
   8.5306673       3.8201559    
   8.5326672       3.4796679    
   8.5346661       3.6468496    
   8.5366650       3.0385954    
   8.5386648       3.1967580    
   8.5406637       3.2467170    
   8.5426626       3.1898780    
   8.5446615       3.2818213    
   8.5466614       3.3838751    
   8.5486603       3.5595894    
   8.5506592       3.4123158    
   8.5526590       3.2132022    
   8.5546579       3.0641401    
   8.5566568       3.3716631    
   8.5586567       3.3173511    
   8.5606556       2.9582567    
   8.5626545       3.3018665    
   8.5646544       3.1211512    
   8.5666533       3.1603777    
   8.5686522       3.1051710    
   8.5706520       3.4247708    
   8.5726509       3.4756007    
   8.5746498       3.6195021    
   8.5766487       3.4561284    
   8.5786486       3.1246023    
   8.5806475       3.4959219    
   8.5826464       3.3404925    
   8.5846462       3.0738223    
   8.5866451       3.4645715    
   8.5886440       3.2981288    
   8.5906439       3.0983241    
   8.5926428       2.9981527    
   8.5946417       3.4198835    
   8.5966415       3.2715693    
   8.5986404       3.6534274    
   8.6006393       3.5532086    
   8.6026392       3.2004232    
   8.6046381       3.5428741    
   8.6066370       3.3033051    
   8.6086359       3.4498518    
   8.6106358       3.4144793    
   8.6126347       3.3521550    
   8.6146336       3.2147968    
   8.6166334       3.2173321    
   8.6186323       3.1158645    
   8.6206312       2.9832919    
   8.6226311       3.1663730    
   8.6246300       3.4248898    
   8.6266289       3.3926570    
   8.6286287       3.0895765    
   8.6306276       3.7796979    
   8.6326265       3.0714571    
   8.6346264       3.2387307    
   8.6366253       3.2611768    
   8.6386242       3.6029840    
   8.6406231       3.3939447    
   8.6426229       3.3014812    
   8.6446218       3.5041029    
   8.6466208       3.1783299    
   8.6486206       3.0581648    
   8.6506195       3.4291959    
   8.6526184       3.1509259    
   8.6546183       3.2783022    
   8.6566172       3.6025126    
   8.6586161       2.8458786    
   8.6606159       3.5457835    
   8.6626148       3.3747945    
   8.6646137       3.2135229    
   8.6666136       3.1853340    
   8.6686125       3.3226044    
   8.6706114       3.2536573    
   8.6726112       3.0469766    
   8.6746101       3.1432364    
   8.6766090       3.0706425    
   8.6786079       2.8925185    
   8.6806078       3.2161567    
   8.6826067       2.9762235    
   8.6846056       3.0044324    
   8.6866055       2.9670069    
   8.6886044       3.5208497    
   8.6906033       3.3250322    
   8.6926031       3.4330285    
   8.6946020       3.8537240    
   8.6966009       3.4518542    
   8.6986008       3.6063530    
   8.7005997       3.3238988    
   8.7025986       3.6011081    
   8.7045984       3.3566196    
   8.7065973       3.0190842    
   8.7085962       2.7653635    
   8.7105951       3.1591358    
   8.7125950       3.2633150    
   8.7145939       3.4003005    
   8.7165928       3.1990266    
   8.7185926       2.9548478    
   8.7205915       2.8465688    
   8.7225904       3.0824757    
   8.7245903       3.0671375    
   8.7265892       3.3756876    
   8.7285881       3.1919453    
   8.7305880       3.2230277    
   8.7325869       2.8820260    
   8.7345858       2.8268049    
   8.7365856       3.1070709    
   8.7385845       3.2842641    
   8.7405834       3.1489694    
   8.7425823       3.0363774    
   8.7445822       3.2281902    
   8.7465811       2.9543636    
   8.7485800       3.2817628    
   8.7505798       2.8380513    
   8.7525787       3.0793562    
   8.7545776       3.1225619    
   8.7565775       3.2315848    
   8.7585764       2.7107904    
   8.7605753       2.8953800    
   8.7625751       2.8830616    
   8.7645741       2.8977904    
   8.7665730       2.9635468    
   8.7685728       3.0162346    
   8.7705717       3.2388208    
   8.7725706       2.9871352    
   8.7745695       3.1427269    
   8.7765694       3.5357611    
   8.7785683       3.3429182    
   8.7805672       3.1194589    
   8.7825670       3.3421366    
   8.7845659       3.2259700    
   8.7865648       2.9531949    
   8.7885647       3.0104828    
   8.7905636       2.9643242    
   8.7925625       3.4395056    
   8.7945623       2.9296134    
   8.7965612       3.0596826    
   8.7985601       3.0158706    
   8.8005600       2.8559604    
   8.8025589       2.8988011    
   8.8045578       2.8932238    
   8.8065577       3.2204399    
   8.8085566       2.8351412    
   8.8105555       3.0041642    
   8.8125544       3.0227005    
   8.8145542       2.9757285    
   8.8165531       3.1866319    
   8.8185520       2.8517499    
   8.8205519       2.9541297    
   8.8225508       3.1103840    
   8.8245497       2.9879456    
   8.8265495       3.0372689    
   8.8285484       3.0998673    
   8.8305473       2.8962042    
   8.8325472       3.1799951    
   8.8345461       3.3239167    
   8.8365450       3.0487859    
   8.8385448       2.9360316    
   8.8405437       2.8951128    
   8.8425426       2.9653692    
   8.8445415       3.1231527    
   8.8465414       3.3642523    
   8.8485403       3.3083010    
   8.8505392       3.0001755    
   8.8525391       2.8921120    
   8.8545380       2.7621603    
   8.8565369       3.2842841    
   8.8585367       2.8501635    
   8.8605356       3.2707655    
   8.8625345       3.1818075    
   8.8645344       2.9555390    
   8.8665333       3.1269836    
   8.8685322       2.7846642    
   8.8705320       3.0228052    
   8.8725309       2.7932398    
   8.8745298       3.3610001    
   8.8765287       3.1451175    
   8.8785286       3.0335557    
   8.8805275       3.1341763    
   8.8825264       3.0275331    
   8.8845263       3.1623840    
   8.8865252       3.1767092    
   8.8885241       3.2428598    
   8.8905239       2.7815101    
   8.8925228       2.8685791    
   8.8945217       3.2248266    
   8.8965216       3.0425341    
   8.8985205       3.2088037    
   8.9005194       3.2584040    
   8.9025192       2.9409072    
   8.9045181       2.8188512    
   8.9065170       2.8880229    
   8.9085159       2.8008916    
   8.9105158       2.8811872    
   8.9125147       3.1559856    
   8.9145136       3.1418362    
   8.9165134       2.7564077    
   8.9185123       2.9282405    
   8.9205112       3.0057678    
   8.9225111       3.0647969    
   8.9245100       3.3767445    
   8.9265089       3.0997860    
   8.9285088       3.0824134    
   8.9305077       3.1088567    
   8.9325066       2.8316832    
   8.9345064       2.9914722    
   8.9365053       3.5384531    
   8.9385042       3.0736825    
   8.9405041       2.7796206    
   8.9425030       2.5500875    
   8.9445019       2.8973284    
   8.9465008       2.9043553    
   8.9485006       2.8285542    
   8.9504995       2.9227488    
   8.9524984       2.8443713    
   8.9544983       3.0662332    
   8.9564972       2.8374000    
   8.9584961       2.9145968    
   8.9604959       3.0248058    
   8.9624949       3.1238909    
   8.9644938       2.7447040    
   8.9664936       3.0005217    
   8.9684925       2.8152220    
   8.9704914       3.0433123    
   8.9724913       2.7003722    
   8.9744902       2.8875179    
   8.9764891       2.9131203    
   8.9784880       2.6306283    
   8.9804878       2.8483200    
   8.9824867       2.7463837    
   8.9844856       2.8285060    
   8.9864855       3.0326459    
   8.9884844       2.9677567    
   8.9904833       3.0222936    
   8.9924831       3.2977371    
   8.9944820       2.7766881    
   8.9964809       2.6121848    
   8.9984808       3.1716280    
   9.0004797       3.1322331    
   9.0024786       2.7920704    
   9.0044785       2.8356237    
   9.0064774       2.8936939    
   9.0084763       3.1839321    
   9.0104752       2.9869800    
   9.0124750       2.9302409    
   9.0144739       2.9269519    
   9.0164728       2.6737821    
   9.0184727       2.9167831    
   9.0204716       2.8808663    
   9.0224705       3.0762563    
   9.0244703       2.8340068    
   9.0264692       2.6499736    
   9.0284681       3.0573606    
   9.0304680       2.9083033    
   9.0324669       2.9452553    
   9.0344658       2.8674874    
   9.0364656       2.8456125    
   9.0384645       2.6408513    
   9.0404634       2.9784067    
   9.0424623       2.9972889    
   9.0444622       2.7778893    
   9.0464611       3.0901754    
   9.0484600       2.8255923    
   9.0504599       2.8587630    
   9.0524588       2.9685133    
   9.0544577       3.0606201    
   9.0564575       3.0356696    
   9.0584564       2.4617307    
   9.0604553       2.9749200    
   9.0624552       2.8106067    
   9.0644541       2.8396523    
   9.0664530       2.7175052    
   9.0684528       2.7204022    
   9.0704517       2.9075990    
   9.0724506       2.7861927    
   9.0744505       2.8908730    
   9.0764494       2.9409671    
   9.0784483       2.8822935    
   9.0804472       3.2766731    
   9.0824471       2.8149860    
   9.0844460       3.0441165    
   9.0864449       2.9440067    
   9.0884447       2.8070190    
   9.0904436       2.7944717    
   9.0924425       2.4757187    
   9.0944424       2.5871439    
   9.0964413       2.7078829    
   9.0984402       2.9884343    
   9.1004400       3.1407809    
   9.1024389       2.9438872    
   9.1044378       2.9267495    
   9.1064377       2.4797430    
   9.1084366       2.9976919    
   9.1104355       2.6627841    
   9.1124344       2.8122714    
   9.1144342       2.9242873    
   9.1164331       2.6518774    
   9.1184320       2.9314353    
   9.1204319       2.7974298    
   9.1224308       2.7450376    
   9.1244297       2.5564487    
   9.1264296       2.8475931    
   9.1284285       3.0112789    
   9.1304274       2.8846493    
   9.1324272       2.6984031    
   9.1344261       2.6501253    
   9.1364250       2.8240514    
   9.1384249       2.9744153    
   9.1404238       2.9535561    
   9.1424227       2.8717816    
   9.1444216       2.8520794    
   9.1464214       2.9936554    
   9.1484203       2.9296370    
   9.1504192       2.7490869    
   9.1524191       2.6177189    
   9.1544180       2.7809265    
   9.1564169       2.5269237    
   9.1584167       2.7493758    
   9.1604156       3.0861011    
   9.1624146       2.6366746    
   9.1644144       2.9436684    
   9.1664133       2.6016881    
   9.1684122       2.5686524    
   9.1704121       2.8239930    
   9.1724110       2.4698083    
   9.1744099       2.7868295    
   9.1764097       2.8207684    
   9.1784086       2.9014230    
   9.1804075       2.5709186    
   9.1824064       2.8986771    
   9.1844063       2.7569234    
   9.1864052       2.7334700    
   9.1884041       3.0088191    
   9.1904039       3.0125477    
   9.1924028       2.7931898    
   9.1944017       2.5226901    
   9.1964016       2.5497882    
   9.1984005       2.7986131    
   9.2003994       2.6160114    
   9.2023993       2.6637502    
   9.2043982       2.6869056    
   9.2063971       2.7997365    
   9.2083969       2.7374086    
   9.2103958       2.9014091    
   9.2123947       2.6559136    
   9.2143936       2.8107183    
   9.2163935       2.7183318    
   9.2183924       2.7360501    
   9.2203913       2.9294691    
   9.2223911       2.6877444    
   9.2243900       2.6358666    
   9.2263889       2.5670388    
   9.2283888       2.7418170    
   9.2303877       2.8926077    
   9.2323866       2.7908061    
   9.2343864       2.8744044    
   9.2363853       2.4730468    
   9.2383842       2.7756252    
   9.2403841       3.0230715    
   9.2423830       2.5696340    
   9.2443819       2.8179371    
   9.2463808       2.3862708    
   9.2483807       2.8761160    
   9.2503796       2.6998925    
   9.2523785       2.4843316    
   9.2543783       2.4609623    
   9.2563772       2.6337159    
   9.2583761       2.5953710    
   9.2603760       2.7313650    
   9.2623749       2.7321312    
   9.2643738       2.6111064    
   9.2663736       2.4975801    
   9.2683725       2.7701733    
   9.2703714       2.6747978    
   9.2723713       2.4340234    
   9.2743702       2.6207039    
   9.2763691       3.0106668    
   9.2783680       2.5557125    
   9.2803679       3.0302458    
   9.2823668       2.6077502    
   9.2843657       2.5589786    
   9.2863655       2.4392149    
   9.2883644       2.5206304    
   9.2903633       2.5574148    
   9.2923632       2.7691536    
   9.2943621       2.5361869    
   9.2963610       2.6862051    
   9.2983608       2.7438941    
   9.3003597       2.7413538    
   9.3023586       2.6394472    
   9.3043585       2.5090106    
   9.3063574       2.7735624    
   9.3083563       2.5718582    
   9.3103561       2.5820529    
   9.3123550       2.8636007    
   9.3143539       2.6902812    
   9.3163528       2.7086618    
   9.3183527       2.5107241    
   9.3203516       2.7378924    
   9.3223505       2.6009579    
   9.3243504       2.6166580    
   9.3263493       2.7266331    
   9.3283482       2.5445702    
   9.3303480       2.4968429    
   9.3323469       2.6128659    
   9.3343458       2.3605788    
   9.3363457       2.6167908    
   9.3383446       2.5613031    
   9.3403435       2.4722621    
   9.3423433       2.7710209    
   9.3443422       2.4747825    
   9.3463411       2.4033506    
   9.3483400       2.8716362    
   9.3503399       2.8223300    
   9.3523388       2.9296007    
   9.3543377       2.7905412    
   9.3563375       2.8756416    
   9.3583364       2.5637417    
   9.3603354       2.5689118    
   9.3623352       2.3974388    
   9.3643341       2.6566362    
   9.3663330       2.5626099    
   9.3683329       2.7123842    
   9.3703318       2.8108721    
   9.3723307       2.5590763    
   9.3743305       2.4597597    
   9.3763294       2.6555710    
   9.3783283       2.4429586    
   9.3803272       2.5845497    
   9.3823271       2.6086714    
   9.3843260       2.4848704    
   9.3863249       2.6712005    
   9.3883247       2.5778246    
   9.3903236       2.6281316    
   9.3923225       2.4532425    
   9.3943224       2.8418219    
   9.3963213       2.5801272    
   9.3983202       2.2828701    
   9.4003201       2.5537717    
   9.4023190       2.3961112    
   9.4043179       2.2746868    
   9.4063177       2.5037806    
   9.4083166       2.4346843    
   9.4103155       2.3589134    
   9.4123144       2.5137544    
   9.4143143       2.5368228    
   9.4163132       2.6636446    
   9.4183121       2.6312754    
   9.4203119       2.5505617    
   9.4223108       2.4776826    
   9.4243097       2.3154235    
   9.4263096       2.6875746    
   9.4283085       2.5007212    
   9.4303074       2.7049758    
   9.4323072       2.6457264    
   9.4343061       2.7290497    
   9.4363050       2.3497484    
   9.4383049       2.2723877    
   9.4403038       2.3925505    
   9.4423027       2.2942717    
   9.4443026       2.4358802    
   9.4463015       2.5212381    
   9.4483004       2.6781268    
   9.4502993       2.7433970    
   9.4522991       2.4382045    
   9.4542980       2.4385946    
   9.4562969       2.1773894    
   9.4582968       2.6948013    
   9.4602957       2.6196721    
   9.4622946       2.4513285    
   9.4642944       2.4412861    
   9.4662933       2.4733012    
   9.4682922       2.4198360    
   9.4702921       2.4061077    
   9.4722910       2.7195492    
   9.4742899       2.7235548    
   9.4762897       2.3131492    
   9.4782887       2.6520448    
   9.4802876       2.6686087    
   9.4822865       2.3176601    
   9.4842863       2.5551708    
   9.4862852       2.6005807    
   9.4882841       2.5599213    
   9.4902840       2.3183322    
   9.4922829       2.5374861    
   9.4942818       2.4005904    
   9.4962816       2.4910488    
   9.4982805       2.4602082    
   9.5002794       2.2660310    
   9.5022793       2.4427731    
   9.5042782       2.3769407    
   9.5062771       2.4335356    
   9.5082769       2.5601130    
   9.5102758       2.4940541    
   9.5122747       2.5553877    
   9.5142736       2.4777322    
   9.5162735       2.5068371    
   9.5182724       2.5645840    
   9.5202713       2.4032252    
   9.5222712       2.3123333    
   9.5242701       2.4203222    
   9.5262690       2.6868203    
   9.5282688       2.3564842    
   9.5302677       2.5545232    
   9.5322666       2.4657159    
   9.5342665       2.6297338    
   9.5362654       2.5959222    
   9.5382643       2.5306246    
   9.5402641       2.4276516    
   9.5422630       2.6372693    
   9.5442619       2.6698627    
   9.5462608       2.4935260    
   9.5482607       2.5238817    
   9.5502596       2.5334089    
   9.5522585       2.6723537    
   9.5542583       2.5019889    
   9.5562572       2.4920852    
   9.5582561       2.4653406    
   9.5602560       2.5261679    
   9.5622549       2.3834677    
   9.5642538       2.1226017    
   9.5662537       2.5578377    
   9.5682526       2.6360915    
   9.5702515       2.4630678    
   9.5722513       2.4887235    
   9.5742502       2.5128577    
   9.5762491       2.3024471    
   9.5782490       2.5507174    
   9.5802479       2.5553584    
   9.5822468       2.3647161    
   9.5842457       2.3383553    
   9.5862455       2.3267114    
   9.5882444       2.4027948    
   9.5902433       2.3525121    
   9.5922432       2.4115412    
   9.5942421       2.5690155    
   9.5962410       2.4224401    
   9.5982409       2.2282319    
   9.6002398       2.1208773    
   9.6022387       2.3699174    
   9.6042385       2.3175030    
   9.6062374       2.3859737    
   9.6082363       2.4351130    
   9.6102362       2.2467852    
   9.6122351       2.3137336    
   9.6142340       2.4904509    
   9.6162329       2.4194877    
   9.6182327       2.2169554    
   9.6202316       2.3649151    
   9.6222305       2.1436965    
   9.6242304       2.4495289    
   9.6262293       2.5779002    
   9.6282282       2.3173099    
   9.6302280       2.3228087    
   9.6322269       2.2366021    
   9.6342258       2.4443696    
   9.6362257       2.5098338    
   9.6382246       2.4109368    
   9.6402235       2.4321480    
   9.6422234       2.2712531    
   9.6442223       2.1659734    
   9.6462212       2.3213203    
   9.6482201       2.4332483    
   9.6502199       2.1719689    
   9.6522188       2.3579109    
   9.6542177       2.2813857    
   9.6562176       2.2472434    
   9.6582165       2.4243727    
   9.6602154       2.3561721    
   9.6622152       2.4637702    
   9.6642141       2.2862802    
   9.6662130       2.2699733    
   9.6682129       2.2753141    
   9.6702118       2.3819387    
   9.6722107       2.3898284    
   9.6742105       2.3590341    
   9.6762094       2.3891056    
   9.6782084       2.2634530    
   9.6802073       2.2238340    
   9.6822071       2.1769333    
   9.6842060       2.4330795    
   9.6862049       2.5608075    
   9.6882048       2.3622580    
   9.6902037       2.3314924    
   9.6922026       2.2774870    
   9.6942024       2.3370721    
   9.6962013       2.3278747    
   9.6982002       2.4030843    
   9.7002001       2.3143597    
   9.7021990       2.2192736    
   9.7041979       2.2529044    
   9.7061977       2.4337540    
   9.7081966       2.2959151    
   9.7101955       2.2163901    
   9.7121954       2.3865798    
   9.7141943       2.2984004    
   9.7161932       2.2635052    
   9.7181921       2.2650146    
   9.7201920       2.2656629    
   9.7221909       2.5790067    
   9.7241898       2.2721224    
   9.7261896       2.2028346    
   9.7281885       2.3792663    
   9.7301874       2.3892021    
   9.7321873       2.4083657    
   9.7341862       2.2807548    
   9.7361851       2.3706310    
   9.7381849       2.4456587    
   9.7401838       2.1994607    
   9.7421827       2.3949871    
   9.7441826       2.4284923    
   9.7461815       2.2898104    
   9.7481804       2.2198350    
   9.7501793       2.4514575    
   9.7521791       2.3268256    
   9.7541780       2.3362489    
   9.7561769       2.2383900    
   9.7581768       2.1268535    
   9.7601757       2.3316600    
   9.7621746       2.3916440    
   9.7641745       2.4396129    
   9.7661734       2.3979926    
   9.7681723       2.4067371    
   9.7701721       2.2812550    
   9.7721710       2.1921051    
   9.7741699       2.0460348    
   9.7761698       2.2208645    
   9.7781687       2.1587656    
   9.7801676       2.2955954    
   9.7821665       2.2448602    
   9.7841663       2.0952208    
   9.7861652       2.3287957    
   9.7881641       2.3420048    
   9.7901640       2.4749038    
   9.7921629       2.2887499    
   9.7941618       2.3072617    
   9.7961617       2.3007076    
   9.7981606       2.2583010    
   9.8001595       2.4645638    
   9.8021593       2.3900173    
   9.8041582       2.3533895    
   9.8061571       2.0871108    
   9.8081570       2.3590984    
   9.8101559       2.1717265    
   9.8121548       2.3990943    
   9.8141537       2.1751857    
   9.8161535       2.0520568    
   9.8181524       2.2792048    
   9.8201513       2.1558383    
   9.8221512       2.2180960    
   9.8241501       2.0318069    
   9.8261490       2.1633139    
   9.8281488       2.2006557    
   9.8301477       2.3180535    
   9.8321466       2.2220373    
   9.8341465       2.2830267    
   9.8361454       2.0973151    
   9.8381443       2.4048803    
   9.8401442       2.2802162    
   9.8421431       2.2255754    
   9.8441420       2.0343714    
   9.8461418       2.3093309    
   9.8481407       2.3988967    
   9.8501396       2.3245027    
   9.8521385       2.2504492    
   9.8541384       2.1109052    
   9.8561373       1.9835014    
   9.8581362       2.0951686    
   9.8601360       2.0460553    
   9.8621349       2.2413883    
   9.8641338       2.1991248    
   9.8661337       2.4071574    
   9.8681326       2.1583357    
   9.8701315       2.2583675    
   9.8721313       2.4146752    
   9.8741302       2.3280768    
   9.8761292       2.3854833    
   9.8781290       2.1988239    
   9.8801279       2.3367264    
   9.8821268       1.9371506    
   9.8841257       1.8802115    
   9.8861256       2.1014912    
   9.8881245       2.0143204    
   9.8901234       2.1391468    
   9.8921232       1.8504493    
   9.8941221       1.7976536    
   9.8961210       1.8726846    
   9.8981209       2.0360618    
   9.9001198       2.2081351    
   9.9021187       2.3328855    
   9.9041185       2.1999590    
   9.9061174       2.0166798    
   9.9081163       2.1173522    
   9.9101162       2.0442095    
   9.9121151       2.0860376    
   9.9141140       2.0365303    
   9.9161129       2.2221508    
   9.9181128       2.1595693    
   9.9201117       2.0098002    
   9.9221106       2.0956974    
   9.9241104       2.1593354    
   9.9261093       2.0307100    
   9.9281082       2.1395080    
   9.9301081       2.0112271    
   9.9321070       2.1535134    
   9.9341059       2.2178016    
   9.9361057       2.1146934    
   9.9381046       2.1934836    
   9.9401035       2.2723484    
   9.9421034       2.3170469    
   9.9441023       2.1421378    
   9.9461012       2.2949958    
   9.9481010       2.2036498    
   9.9500999       2.0600915    
   9.9520988       2.1510253    
   9.9540977       2.1815925    
   9.9560976       2.0809898    
   9.9580965       2.2354321    
   9.9600954       2.0643010    
   9.9620953       2.1389177    
   9.9640942       1.9911649    
   9.9660931       2.0365601    
   9.9680929       2.3890297    
   9.9700918       1.9946413    
   9.9720907       1.9181249    
   9.9740906       2.2037978    
   9.9760895       2.2539368    
   9.9780884       2.2040622    
   9.9800882       2.0554307    
   9.9820871       2.2057745    
   9.9840860       1.9954431    
   9.9860849       2.1058185    
   9.9880848       2.0207849    
   9.9900837       2.1164494    
   9.9920826       2.0905180    
   9.9940825       2.1524603    
   9.9960814       1.9986128    
   9.9980803       1.9635165    
   10.000080       2.1317134    
   10.002079       2.1579268    
   10.004078       2.2751379    
   10.006078       2.0405822    
   10.008077       2.1536219    
   10.010076       2.0126958    
   10.012075       2.1557703    
   10.014074       2.0757289    
   10.016073       1.8648678    
   10.018072       2.0891356    
   10.020072       2.1176202    
   10.022071       1.9132972    
   10.024070       2.1720486    
   10.026070       2.1502950    
   10.028069       2.1281586    
   10.030067       2.1932738    
   10.032067       2.1261740    
   10.034066       2.0642772    
   10.036065       2.1372910    
   10.038065       2.0872276    
   10.040064       2.0741746    
   10.042063       2.0501282    
   10.044063       2.2095320    
   10.046062       2.2060466    
   10.048060       2.0101020    
   10.050059       2.1088102    
   10.052059       2.0172374    
   10.054058       1.9640889    
   10.056057       1.9450998    
   10.058057       2.2549634    
   10.060056       2.1045084    
   10.062055       1.9437348    
   10.064054       1.8926411    
   10.066053       2.0088406    
   10.068052       2.0130942    
   10.070052       1.8452507    
   10.072051       2.0072610    
   10.074050       1.9685130    
   10.076050       1.9919492    
   10.078049       1.9584233    
   10.080048       2.0490305    
   10.082047       1.8925623    
   10.084046       1.9963433    
   10.086045       2.0904901    
   10.088044       1.8751223    
   10.090044       1.7802902    
   10.092043       2.0312216    
   10.094042       1.9489090    
   10.096042       1.7759155    
   10.098041       2.1311340    
   10.100039       2.0433364    
   10.102039       2.1320934    
   10.104038       1.9239444    
   10.106037       2.0406778    
   10.108037       2.0404706    
   10.110036       1.8524756    
   10.112035       1.8776361    
   10.114035       2.0403116    
   10.116034       1.9582220    
   10.118032       1.8859358    
   10.120031       2.0702007    
   10.122031       2.1029832    
   10.124030       2.0279205    
   10.126029       2.0597999    
   10.128029       1.9308921    
   10.130028       1.9667320    
   10.132027       1.9947752    
   10.134027       2.0540915    
   10.136025       1.8739045    
   10.138024       1.9799743    
   10.140024       2.0825663    
   10.142023       1.9857438    
   10.144022       2.0895059    
   10.146022       1.8965482    
   10.148021       1.9999115    
   10.150020       1.9756418    
   10.152019       2.0916803    
   10.154018       2.1826575    
   10.156017       2.0944803    
   10.158016       1.9016422    
   10.160016       1.9974962    
   10.162015       2.0231388    
   10.164014       1.9054798    
   10.166014       2.0244272    
   10.168013       2.1205170    
   10.170012       2.0547636    
   10.172011       1.7247046    
   10.174010       1.8734050    
   10.176009       1.9858289    
   10.178009       2.0579655    
   10.180008       1.9895203    
   10.182007       2.0361223    
   10.184006       2.1194704    
   10.186006       1.8256643    
   10.188004       1.9039363    
   10.190003       1.9974442    
   10.192003       1.9268630    
   10.194002       2.1001418    
   10.196001       2.1007352    
