t_Myr,dt_kyr,T,P_CO2,rel_change,slowest,Da,A_reactive,supply_efficiency,Y_Alkalinity,Y_C,Y_Si,Y_Al,Y_Fe,Y_Ca,Y_Mg,Y_Na,F_out_Alkalinity,F_out_C,F_out_Si,F_out_Al,F_out_Fe,F_out_Ca,F_out_Mg,F_out_Na,F_diss_Alkalinity,F_diss_C,F_diss_Si,F_diss_Al,F_diss_Fe,F_diss_Ca,F_diss_Mg,F_diss_Na,F_prec_Alkalinity,F_prec_C,F_prec_Si,F_prec_Al,F_prec_Fe,F_prec_Ca,F_prec_Mg,F_prec_Na,F_cont_Alkalinity,F_cont_C,F_cont_Si,F_cont_Al,F_cont_Fe,F_cont_Ca,F_cont_Mg,F_cont_Na,F_net_Alkalinity,F_net_C,F_net_Si,F_net_Al,F_net_Fe,F_net_Ca,F_net_Mg,F_net_Na
2.0200,20.00,279.7012,3.103182e-01,9.999999e-01,C,4.116662e-03,1.333333e-01,0.4108%,1.101035e-04,9.898000e-05,3.814517e-05,2.834369e-19,3.655768e-12,3.959066e-05,2.091068e-07,0.000000e+00,0.000000e+00,1.550633e-18,0.000000e+00,0.000000e+00,0.000000e+00,0.000000e+00,0.000000e+00,0.000000e+00,1.778283e-18,1.728967e-28,7.678759e-19,4.591919e-33,4.711341e-24,6.338533e-19,3.382794e-21,2.505868e-42,-4.769133e-24,-4.702246e-26,-7.228206e-19,-2.655353e-34,-4.711259e-24,-2.081249e-26,-1.099130e-28,-2.655299e-34,0.000000e+00,0.000000e+00,0.000000e+00,0.000000e+00,0.000000e+00,0.000000e+00,0.000000e+00,0.000000e+00,1.778278e-18,1.550633e-18,4.505533e-20,4.326384e-33,8.269145e-29,6.338533e-19,3.382794e-21,-2.655299e-34
4.4200,24.00,280.2266,3.732550e-01,9.999996e-01,Mg,4.059580e-03,1.333333e-01,0.4051%,2.471197e-04,2.165800e-04,4.080291e-05,5.988856e-19,4.209574e-12,8.810414e-05,4.696750e-07,0.000000e+00,0.000000e+00,1.550633e-18,0.000000e+00,0.000000e+00,0.000000e+00,0.000000e+00,0.000000e+00,0.000000e+00,1.836096e-18,3.390226e-32,7.918951e-19,4.679710e-33,4.755497e-24,6.457684e-19,3.492364e-21,-2.505868e-43,-5.078120e-24,-2.780367e-25,-7.646994e-19,-6.600438e-34,-4.754179e-24,-1.156580e-25,-6.165135e-28,-6.600398e-34,0.000000e+00,0.000000e+00,0.000000e+00,0.000000e+00,0.000000e+00,0.000000e+00,0.000000e+00,0.000000e+00,1.836091e-18,1.550633e-18,2.719574e-20,4.019667e-33,1.318554e-27,6.457683e-19,3.492364e-21,-6.600398e-34
6.8200,24.00,280.7749,4.389248e-01,9.999992e-01,Mg,4.010937e-03,1.333333e-01,0.4003%,3.883656e-04,3.341800e-04,4.255866e-05,8.950267e-19,4.280170e-12,1.374771e-04,7.383137e-07,0.000000e+00,0.000000e+00,1.550633e-18,0.000000e+00,0.000000e+00,0.000000e+00,0.000000e+00,0.000000e+00,0.000000e+00,1.886391e-18,4.024683e-30,8.134168e-19,4.773193e-33,4.820412e-24,6.556919e-19,3.586904e-21,-1.252934e-43,-5.571778e-24,-6.515319e-25,-7.934925e-19,-9.704718e-34,-4.820977e-24,-2.658692e-25,-1.427739e-27,-9.704670e-34,0.000000e+00,0.000000e+00,0.000000e+00,0.000000e+00,0.000000e+00,0.000000e+00,0.000000e+00,0.000000e+00,1.886385e-18,1.550632e-18,1.992425e-20,3.802722e-33,-5.651993e-28,6.556916e-19,3.586902e-21,-9.704670e-34
9.2200,24.00,281.8194,5.640398e-01,9.999979e-01,Mg,3.931663e-03,1.333333e-01,0.3924%,5.161435e-04,4.430669e-04,4.307414e-05,1.164763e-18,4.414853e-12,1.789238e-04,1.014590e-06,0.000000e+00,0.000000e+00,1.550633e-18,0.000000e+00,0.000000e+00,0.000000e+00,0.000000e+00,0.000000e+00,0.000000e+00,1.987534e-18,5.893074e-30,8.526604e-19,5.089235e-33,4.973476e-24,6.781193e-19,3.812688e-21,2.505868e-43,-1.050275e-18,-5.251359e-19,-8.806929e-19,-2.023548e-33,-4.987994e-24,-5.251346e-19,-4.064750e-27,-2.025875e-33,0.000000e+00,0.000000e+00,0.000000e+00,0.000000e+00,0.000000e+00,0.000000e+00,0.000000e+00,0.000000e+00,9.372590e-19,1.025497e-18,-2.803250e-20,3.065686e-33,-1.451838e-26,1.529848e-19,3.812684e-21,-2.025875e-33
11.6200,24.00,285.1167,9.589853e-01,9.999976e-01,Mg,3.796820e-03,1.333333e-01,0.3790%,5.821103e-04,5.128865e-04,4.196640e-05,1.435944e-18,4.897523e-12,1.850812e-04,1.331124e-06,0.000000e+00,0.000000e+00,1.550633e-18,0.000000e+00,0.000000e+00,0.000000e+00,0.000000e+00,0.000000e+00,0.000000e+00,2.258939e-18,3.587541e-33,9.497152e-19,6.201229e-33,5.553545e-24,7.428945e-19,4.487981e-21,-2.923513e-43,-1.451995e-18,-7.259955e-19,-8.260768e-19,-2.006378e-33,-5.587503e-24,-7.259941e-19,-5.321889e-27,-2.006377e-33,0.000000e+00,0.000000e+00,0.000000e+00,0.000000e+00,0.000000e+00,0.000000e+00,0.000000e+00,0.000000e+00,8.069441e-19,8.246374e-19,1.236384e-19,4.194851e-33,-3.395826e-26,1.690035e-20,4.487975e-21,-2.006377e-33
14.0200,24.00,286.2708,1.265198e+00,9.999980e-01,Mg,4.051785e-03,1.333333e-01,0.4044%,6.387685e-04,5.699855e-04,4.438332e-05,1.755914e-18,5.227864e-12,1.834597e-04,1.675340e-06,0.000000e+00,0.000000e+00,1.550633e-18,0.000000e+00,0.000000e+00,0.000000e+00,0.000000e+00,0.000000e+00,0.000000e+00,2.409777e-18,3.695167e-32,1.017338e-18,6.624456e-33,5.889400e-24,8.011493e-19,4.589735e-21,-4.176447e-43,-1.706182e-18,-8.530890e-19,-9.939878e-19,-2.268626e-33,-5.918314e-24,-8.530874e-19,-4.670637e-27,-2.264706e-33,0.000000e+00,0.000000e+00,0.000000e+00,0.000000e+00,0.000000e+00,0.000000e+00,0.000000e+00,0.000000e+00,7.035955e-19,6.975439e-19,2.335065e-20,4.355830e-33,-2.891394e-26,-5.193805e-20,4.589731e-21,-2.264706e-33
16.4200,24.00,287.0245,1.511424e+00,9.999958e-01,Mg,4.230697e-03,1.333333e-01,0.4222%,6.894604e-04,6.194658e-04,4.613461e-05,2.094697e-18,5.455557e-12,1.777339e-04,2.024559e-06,0.000000e+00,0.000000e+00,1.550633e-18,0.000000e+00,0.000000e+00,0.000000e+00,0.000000e+00,0.000000e+00,0.000000e+00,2.512818e-18,-7.175082e-34,1.064193e-18,6.912674e-33,6.119475e-24,8.420947e-19,4.604227e-21,-2.088224e-43,-1.874684e-18,-9.373404e-19,-1.041981e-18,-2.362924e-33,-6.125795e-24,-9.373386e-19,-9.656540e-27,-2.363968e-33,0.000000e+00,0.000000e+00,0.000000e+00,0.000000e+00,0.000000e+00,0.000000e+00,0.000000e+00,0.000000e+00,6.381330e-19,6.132925e-19,2.221166e-20,4.549750e-33,-6.320058e-27,-9.524397e-20,4.604217e-21,-2.363968e-33
18.8200,24.00,287.6052,1.701142e+00,9.999949e-01,Mg,4.381491e-03,1.333333e-01,0.4372%,7.361122e-04,6.636656e-04,4.766405e-05,2.444454e-18,5.621483e-12,1.694337e-04,2.371847e-06,0.000000e+00,0.000000e+00,1.550633e-18,0.000000e+00,0.000000e+00,0.000000e+00,0.000000e+00,0.000000e+00,0.000000e+00,2.583265e-18,1.653856e-31,1.097782e-18,7.087032e-33,6.264967e-24,8.727129e-19,4.545621e-21,5.011737e-43,-1.986842e-18,-9.934191e-19,-1.079700e-18,-2.428796e-33,-6.268842e-24,-9.934167e-19,-1.150469e-26,-2.428790e-33,0.000000e+00,0.000000e+00,0.000000e+00,0.000000e+00,0.000000e+00,0.000000e+00,0.000000e+00,0.000000e+00,5.964234e-19,5.572138e-19,1.808231e-20,4.658235e-33,-3.875395e-27,-1.207038e-19,4.545609e-21,-2.428790e-33
21.2200,24.00,288.0155,1.835190e+00,9.999940e-01,Mg,4.494819e-03,1.333333e-01,0.4485%,7.804150e-04,7.045234e-04,4.887919e-05,2.799847e-18,5.707532e-12,1.597534e-04,2.712935e-06,0.000000e+00,0.000000e+00,1.550633e-18,0.000000e+00,0.000000e+00,0.000000e+00,0.000000e+00,0.000000e+00,0.000000e+00,2.628581e-18,1.173962e-28,1.120450e-18,7.183848e-33,6.348236e-24,8.941914e-19,4.445288e-21,8.728774e-42,-2.053444e-18,-1.026720e-18,-1.106497e-18,-2.474766e-33,-6.353124e-24,-1.026717e-18,-1.341108e-26,-2.474769e-33,0.000000e+00,0.000000e+00,0.000000e+00,0.000000e+00,0.000000e+00,0.000000e+00,0.000000e+00,0.000000e+00,5.751378e-19,5.239128e-19,1.395286e-20,4.709081e-33,-4.888678e-27,-1.325260e-19,4.445275e-21,-2.474769e-33
23.6200,24.00,288.2826,1.922447e+00,9.999930e-01,Mg,4.572328e-03,1.333333e-01,0.4562%,8.237101e-04,7.435391e-04,4.979151e-05,3.157831e-18,5.757104e-12,1.495634e-04,3.045425e-06,0.000000e+00,0.000000e+00,1.550633e-18,0.000000e+00,0.000000e+00,0.000000e+00,0.000000e+00,0.000000e+00,0.000000e+00,2.655074e-18,3.581123e-28,1.134630e-18,7.227277e-33,6.387166e-24,9.082532e-19,4.321589e-21,2.810749e-41,-2.086297e-18,-1.043147e-18,-1.124438e-18,-2.499794e-33,-6.385590e-24,-1.043144e-18,-1.520949e-26,-2.499793e-33,0.000000e+00,0.000000e+00,0.000000e+00,0.000000e+00,0.000000e+00,0.000000e+00,0.000000e+00,0.000000e+00,5.687772e-19,5.074861e-19,1.019156e-20,4.727483e-33,1.576313e-27,-1.348907e-19,4.321574e-21,-2.499793e-33
26.0200,24.00,288.4426,1.974721e+00,9.999919e-01,Mg,4.620907e-03,1.333333e-01,0.4610%,8.669566e-04,7.817845e-04,5.046339e-05,3.516444e-18,5.776715e-12,1.394531e-04,3.368086e-06,0.000000e+00,0.000000e+00,1.550633e-18,0.000000e+00,0.000000e+00,0.000000e+00,0.000000e+00,0.000000e+00,0.000000e+00,2.668846e-18,2.524696e-29,1.142903e-18,7.237626e-33,6.397887e-24,9.169641e-19,4.187493e-21,1.252934e-42,-2.095887e-18,-1.047942e-18,-1.135327e-18,-2.509690e-33,-6.397493e-24,-1.047939e-18,-1.689539e-26,-2.509678e-33,0.000000e+00,0.000000e+00,0.000000e+00,0.000000e+00,0.000000e+00,0.000000e+00,0.000000e+00,0.000000e+00,5.729593e-19,5.026910e-19,7.575335e-21,4.727936e-33,3.931590e-28,-1.309746e-19,4.187476e-21,-2.509678e-33
28.4200,24.00,288.5300,2.003292e+00,9.999909e-01,Mg,4.649232e-03,1.333333e-01,0.4638%,9.107737e-04,8.199700e-04,5.096850e-05,3.874620e-18,5.810033e-12,1.297924e-04,3.680368e-06,0.000000e+00,0.000000e+00,1.550633e-18,0.000000e+00,0.000000e+00,0.000000e+00,0.000000e+00,0.000000e+00,0.000000e+00,2.674032e-18,0.000000e+00,1.147181e-18,7.225823e-33,6.390219e-24,9.219932e-19,4.048858e-21,-5.847026e-43,-2.090851e-18,-1.045424e-18,-1.141436e-18,-2.510891e-33,-6.350815e-24,-1.045421e-18,-1.846244e-26,-2.510934e-33,0.000000e+00,0.000000e+00,0.000000e+00,0.000000e+00,0.000000e+00,0.000000e+00,0.000000e+00,0.000000e+00,5.831809e-19,5.052087e-19,5.745675e-21,4.714931e-33,3.940337e-26,-1.234276e-19,4.048839e-21,-2.510934e-33
30.8200,24.00,288.5761,2.018334e+00,3.225933e-01,Mg,4.665664e-03,1.333333e-01,0.4655%,9.554323e-04,8.584835e-04,5.137829e-05,4.239278e-18,5.772975e-12,1.208307e-04,3.900342e-06,0.000000e+00,0.000000e+00,1.550633e-18,0.000000e+00,0.000000e+00,0.000000e+00,0.000000e+00,0.000000e+00,0.000000e+00,2.674566e-18,7.175082e-34,1.149276e-18,7.202664e-33,6.373332e-24,9.249294e-19,3.941448e-21,-1.252934e-43,-2.085331e-18,-1.042664e-18,-1.143445e-18,-2.514759e-33,-6.393330e-24,-1.034964e-18,-7.695424e-21,-2.522931e-33,0.000000e+00,0.000000e+00,0.000000e+00,0.000000e+00,0.000000e+00,0.000000e+00,0.000000e+00,0.000000e+00,5.892342e-19,5.079686e-19,5.831573e-21,4.687906e-33,-1.999813e-26,-1.100348e-19,-3.753977e-21,-2.522931e-33
33.7000,28.80,288.6145,2.030883e+00,2.935630e-01,Mg,4.680614e-03,1.333333e-01,0.4670%,1.010053e-03,9.052544e-04,5.197401e-05,4.679808e-18,6.616404e-12,1.114497e-04,3.578171e-06,0.000000e+00,0.000000e+00,1.550633e-18,0.000000e+00,0.000000e+00,0.000000e+00,0.000000e+00,0.000000e+00,0.000000e+00,2.673051e-18,8.291955e-29,1.150806e-18,7.169278e-33,6.348973e-24,9.273858e-19,4.050067e-21,2.547633e-42,-2.068062e-18,-1.034030e-18,-1.146003e-18,-2.510244e-33,-6.330694e-24,-1.026610e-18,-7.416113e-21,-2.510239e-33,0.000000e+00,0.000000e+00,0.000000e+00,0.000000e+00,0.000000e+00,0.000000e+00,0.000000e+00,0.000000e+00,6.049884e-19,5.166029e-19,4.802928e-21,4.659033e-33,1.827917e-26,-9.922417e-20,-3.366046e-21,-2.510239e-33
37.1560,34.56,288.6364,2.038043e+00,2.597112e-01,Mg,4.691587e-03,1.333333e-01,0.4681%,1.077514e-03,9.625227e-04,5.264583e-05,5.537664e-18,7.600718e-12,1.015131e-04,3.237260e-06,0.000000e+00,0.000000e+00,1.550633e-18,0.000000e+00,0.000000e+00,0.000000e+00,0.000000e+00,0.000000e+00,0.000000e+00,2.668171e-18,1.029140e-27,1.151275e-18,7.121139e-33,6.314651e-24,9.289653e-19,4.160457e-21,4.623327e-41,-2.044582e-18,-1.022290e-18,-1.146828e-18,-2.067345e-33,-6.325353e-24,-1.015206e-18,-7.079634e-21,-2.510201e-33,0.000000e+00,0.000000e+00,0.000000e+00,0.000000e+00,0.000000e+00,0.000000e+00,0.000000e+00,0.000000e+00,6.235893e-19,5.283431e-19,4.447708e-21,5.053793e-33,-1.070153e-26,-8.624055e-20,-2.919177e-21,-2.510201e-33
41.3032,41.47,288.6595,2.045592e+00,2.222889e-01,Mg,4.703839e-03,1.333333e-01,0.4693%,1.161023e-03,1.032913e-03,5.346058e-05,6.618479e-18,8.858607e-12,9.140133e-05,2.889439e-06,0.000000e+00,0.000000e+00,1.550633e-18,0.000000e+00,0.000000e+00,0.000000e+00,0.000000e+00,0.000000e+00,0.000000e+00,2.661539e-18,3.946295e-33,1.151576e-18,7.061007e-33,6.273877e-24,9.304691e-19,4.269406e-21,-3.758802e-43,-2.018328e-18,-1.009163e-18,-1.146765e-18,-2.515877e-33,-6.264821e-24,-1.002448e-18,-6.710008e-21,-2.515861e-33,0.000000e+00,0.000000e+00,0.000000e+00,0.000000e+00,0.000000e+00,0.000000e+00,0.000000e+00,0.000000e+00,6.432114e-19,5.414699e-19,4.810834e-21,4.545130e-33,9.056117e-27,-7.197920e-20,-2.440602e-21,-2.515861e-33
46.2798,49.77,288.7062,2.060859e+00,2.173362e-01,C,4.724174e-03,1.333333e-01,0.4713%,1.264225e-03,1.119404e-03,5.449727e-05,8.089867e-18,1.040049e-11,8.152759e-05,2.547728e-06,0.000000e+00,0.000000e+00,1.550633e-18,0.000000e+00,0.000000e+00,0.000000e+00,0.000000e+00,0.000000e+00,0.000000e+00,2.655054e-18,2.511279e-33,1.152769e-18,6.991829e-33,6.230462e-24,9.328721e-19,4.373090e-21,-3.758802e-43,-1.993903e-18,-9.969508e-19,-1.147643e-18,-2.532945e-33,-6.221946e-24,-9.906101e-19,-6.335434e-21,-2.532925e-33,0.000000e+00,0.000000e+00,0.000000e+00,0.000000e+00,0.000000e+00,0.000000e+00,0.000000e+00,0.000000e+00,6.611507e-19,5.536821e-19,5.125849e-21,4.458884e-33,8.516197e-27,-5.773806e-20,-1.962344e-21,-2.532925e-33
52.2518,59.72,288.8000,2.091491e+00,2.216748e-01,C,4.759801e-03,1.333333e-01,0.4748%,1.391086e-03,1.225217e-03,5.583909e-05,9.376984e-18,1.223755e-11,7.226601e-05,2.224048e-06,0.000000e+00,0.000000e+00,1.550633e-18,0.000000e+00,0.000000e+00,0.000000e+00,0.000000e+00,0.000000e+00,0.000000e+00,2.650781e-18,4.136793e-29,1.155991e-18,6.917246e-33,6.188486e-24,9.372176e-19,4.468359e-21,5.888790e-42,-1.975808e-18,-9.879035e-19,-1.150472e-18,-2.565257e-33,-6.193900e-24,-9.819048e-19,-5.992791e-21,-2.565231e-33,0.000000e+00,0.000000e+00,0.000000e+00,0.000000e+00,0.000000e+00,0.000000e+00,0.000000e+00,0.000000e+00,6.749728e-19,5.627295e-19,5.519424e-21,4.351988e-33,-5.413839e-27,-4.468715e-20,-1.524433e-21,-2.565231e-33
58.2238,59.72,288.9338,2.135209e+00,2.235295e-01,C,4.807637e-03,1.333333e-01,0.4796%,1.519264e-03,1.331844e-03,5.692441e-05,1.047373e-17,1.221814e-11,6.479822e-05,1.968661e-06,0.000000e+00,0.000000e+00,1.550633e-18,0.000000e+00,0.000000e+00,0.000000e+00,0.000000e+00,0.000000e+00,0.000000e+00,2.650456e-18,7.179196e-28,1.161176e-18,6.852614e-33,6.157231e-24,9.432315e-19,4.541349e-21,1.213676e-40,-1.968111e-18,-9.840553e-19,-1.155287e-18,-2.606356e-33,-6.144880e-24,-9.783055e-19,-5.743213e-21,-2.606333e-33,0.000000e+00,0.000000e+00,0.000000e+00,0.000000e+00,0.000000e+00,0.000000e+00,0.000000e+00,0.000000e+00,6.823450e-19,5.665776e-19,5.889291e-21,4.246258e-33,1.235142e-26,-3.507403e-20,-1.201864e-21,-2.606332e-33
64.1957,59.72,289.0942,2.187608e+00,2.236465e-01,C,4.863991e-03,1.333333e-01,0.4852%,1.648334e-03,1.438833e-03,5.806374e-05,1.171565e-17,1.216829e-11,5.888466e-05,1.765592e-06,0.000000e+00,0.000000e+00,1.550633e-18,0.000000e+00,0.000000e+00,0.000000e+00,0.000000e+00,0.000000e+00,0.000000e+00,2.652590e-18,1.390531e-30,1.167563e-18,6.794448e-33,6.132579e-24,9.502705e-19,4.596512e-21,4.176447e-43,-1.967625e-18,-9.838129e-19,-1.161274e-18,3.122821e-32,-6.132291e-24,-9.782451e-19,-5.560577e-21,-2.652751e-33,0.000000e+00,0.000000e+00,0.000000e+00,0.000000e+00,0.000000e+00,0.000000e+00,0.000000e+00,0.000000e+00,6.849642e-19,5.668200e-19,6.288955e-21,3.802266e-32,2.881425e-28,-2.797454e-20,-9.640653e-22,-2.652751e-33
70.1677,59.72,289.2759,2.246970e+00,2.224805e-01,C,4.927705e-03,1.333333e-01,0.4916%,1.777531e-03,1.545604e-03,5.924482e-05,1.285094e-17,1.218094e-11,5.412434e-05,1.601431e-06,0.000000e+00,0.000000e+00,1.550633e-18,0.000000e+00,0.000000e+00,0.000000e+00,0.000000e+00,0.000000e+00,0.000000e+00,2.656379e-18,3.557298e-28,1.174772e-18,6.740369e-33,6.112158e-24,9.580496e-19,4.637433e-21,6.744962e-41,-1.972460e-18,-9.862304e-19,-1.168508e-18,-2.702956e-33,-6.096992e-24,-9.807993e-19,-5.423022e-21,-2.702921e-33,0.000000e+00,0.000000e+00,0.000000e+00,0.000000e+00,0.000000e+00,0.000000e+00,0.000000e+00,0.000000e+00,6.839187e-19,5.644025e-19,6.263871e-21,4.037412e-33,1.516621e-26,-2.274977e-20,-7.855887e-22,-2.702921e-33
77.3341,71.66,289.5136,2.324613e+00,2.200321e-01,C,5.011518e-03,1.333333e-01,0.4999%,1.932722e-03,1.673299e-03,6.113520e-05,1.379095e-17,1.442335e-11,4.991617e-05,1.444843e-06,0.000000e+00,0.000000e+00,1.550633e-18,0.000000e+00,0.000000e+00,0.000000e+00,0.000000e+00,0.000000e+00,0.000000e+00,2.662208e-18,2.730119e-31,1.184020e-18,6.678954e-33,6.090677e-24,9.679511e-19,4.671320e-21,0.000000e+00,-1.982641e-18,-9.913214e-19,-1.177428e-18,-2.764503e-33,-6.090999e-24,-9.860130e-19,-5.299390e-21,-2.764462e-33,0.000000e+00,0.000000e+00,0.000000e+00,0.000000e+00,0.000000e+00,0.000000e+00,0.000000e+00,0.000000e+00,6.795668e-19,5.593115e-19,6.591582e-21,3.914451e-33,-3.225557e-28,-1.806190e-20,-6.280703e-22,-2.764462e-33
85.9337,86.00,289.8248,2.426305e+00,2.159251e-01,C,5.122512e-03,1.333333e-01,0.5109%,2.117249e-03,1.824663e-03,6.347280e-05,1.497386e-17,1.715778e-11,4.605366e-05,1.296717e-06,0.000000e+00,0.000000e+00,1.550633e-18,0.000000e+00,0.000000e+00,0.000000e+00,0.000000e+00,0.000000e+00,0.000000e+00,2.671204e-18,-3.587541e-34,1.196021e-18,6.611038e-33,6.069805e-24,9.807136e-19,4.697076e-21,-4.176447e-44,-1.999812e-18,-9.999072e-19,-1.189255e-18,-2.839804e-33,-6.069774e-24,-9.947089e-19,-5.188189e-21,-2.839763e-33,0.000000e+00,0.000000e+00,0.000000e+00,0.000000e+00,0.000000e+00,0.000000e+00,0.000000e+00,0.000000e+00,6.713918e-19,5.507257e-19,6.766252e-21,3.771235e-33,3.077576e-29,-1.399537e-20,-4.911129e-22,-2.839763e-33
96.2533,103.20,290.2234,2.556508e+00,2.099789e-01,C,5.267617e-03,1.333333e-01,0.5254%,2.335238e-03,2.002845e-03,6.635309e-05,1.642234e-17,2.044422e-11,4.262293e-05,1.159312e-06,0.000000e+00,0.000000e+00,1.550633e-18,0.000000e+00,0.000000e+00,0.000000e+00,0.000000e+00,0.000000e+00,0.000000e+00,2.683382e-18,4.363598e-29,1.210989e-18,6.533773e-33,6.048258e-24,9.966814e-19,4.711098e-21,9.397006e-42,-2.024879e-18,-1.012441e-18,-1.204032e-18,-2.929658e-33,-6.045641e-24,-1.007341e-18,-5.089357e-21,-2.929610e-33,0.000000e+00,0.000000e+00,0.000000e+00,0.000000e+00,0.000000e+00,0.000000e+00,0.000000e+00,0.000000e+00,6.585030e-19,5.381916e-19,6.957116e-21,3.604115e-33,2.617355e-27,-1.065914e-20,-3.782594e-22,-2.929610e-33
108.6367,123.83,290.7267,2.720954e+00,2.021178e-01,C,5.456342e-03,1.333333e-01,0.5441%,2.590774e-03,2.210920e-03,6.990316e-05,1.811452e-17,2.435467e-11,3.969893e-05,1.034225e-06,0.000000e+00,0.000000e+00,1.550633e-18,0.000000e+00,0.000000e+00,0.000000e+00,0.000000e+00,0.000000e+00,0.000000e+00,2.698914e-18,4.520301e-32,1.229193e-18,6.444682e-33,6.025121e-24,1.016299e-18,4.709766e-21,7.517605e-43,-2.058399e-18,-1.029202e-18,-1.222051e-18,-3.035024e-33,-6.033769e-24,-1.024194e-18,-4.995360e-21,-3.034968e-33,0.000000e+00,0.000000e+00,0.000000e+00,0.000000e+00,0.000000e+00,0.000000e+00,0.000000e+00,0.000000e+00,6.405151e-19,5.214307e-19,7.141856e-21,3.409658e-33,-8.647575e-27,-7.894528e-21,-2.855940e-22,-3.034968e-33
123.4969,148.60,291.3587,2.927443e+00,1.921609e-01,C,5.702633e-03,1.333333e-01,0.5686%,2.887523e-03,2.451611e-03,7.429892e-05,1.998192e-17,2.903617e-11,3.734623e-05,9.223251e-07,0.000000e+00,0.000000e+00,1.550633e-18,0.000000e+00,0.000000e+00,0.000000e+00,0.000000e+00,0.000000e+00,0.000000e+00,2.717899e-18,6.252565e-27,1.250865e-18,6.340697e-33,5.999436e-24,1.040074e-18,4.688505e-21,1.384910e-39,-2.101492e-18,-1.050749e-18,-1.243403e-18,-3.156355e-33,-5.999603e-24,-1.045832e-18,-4.902250e-21,-3.156293e-33,0.000000e+00,0.000000e+00,0.000000e+00,0.000000e+00,0.000000e+00,0.000000e+00,0.000000e+00,0.000000e+00,6.164071e-19,4.998838e-19,7.461178e-21,3.184342e-33,-1.667608e-28,-5.757224e-21,-2.137445e-22,-3.156292e-33
141.3291,178.32,292.1535,3.187098e+00,1.800447e-01,C,6.027912e-03,1.333333e-01,0.6010%,3.228126e-03,2.726839e-03,7.979311e-05,2.248063e-17,3.462531e-11,3.562365e-05,8.237842e-07,0.000000e+00,0.000000e+00,1.550633e-18,0.000000e+00,0.000000e+00,0.000000e+00,0.000000e+00,0.000000e+00,0.000000e+00,2.740404e-18,4.662224e-29,1.276189e-18,6.216382e-33,5.970604e-24,1.068612e-18,4.641601e-21,1.181935e-41,-2.154909e-18,-1.077459e-18,-1.268293e-18,-3.293974e-33,-5.970461e-24,-1.072642e-18,-4.798988e-21,-3.293899e-33,0.000000e+00,0.000000e+00,0.000000e+00,0.000000e+00,0.000000e+00,0.000000e+00,0.000000e+00,0.000000e+00,5.854949e-19,4.731739e-19,7.896309e-21,2.922407e-33,1.432993e-28,-4.029790e-21,-1.573868e-22,-3.293899e-33
161.3291,200.00,293.0935,3.494191e+00,1.664758e-01,C,6.436103e-03,1.333333e-01,0.6415%,3.588044e-03,3.016957e-03,8.581770e-05,2.463150e-17,3.868739e-11,3.422570e-05,7.411901e-07,0.000000e+00,0.000000e+00,1.550633e-18,0.000000e+00,0.000000e+00,0.000000e+00,0.000000e+00,0.000000e+00,0.000000e+00,2.764985e-18,2.425178e-31,1.303498e-18,6.077614e-33,5.942112e-24,1.100494e-18,4.568399e-21,3.341158e-43,-2.216049e-18,-1.108030e-18,-1.295037e-18,-3.420441e-33,-5.942091e-24,-1.103323e-18,-4.685992e-21,-3.438072e-33,0.000000e+00,0.000000e+00,0.000000e+00,0.000000e+00,0.000000e+00,0.000000e+00,0.000000e+00,0.000000e+00,5.489363e-19,4.426030e-19,8.460670e-21,2.657173e-33,2.114015e-29,-2.829322e-21,-1.175932e-22,-3.438072e-33
181.3291,200.00,294.0946,3.821266e+00,1.530638e-01,C,6.900186e-03,1.333333e-01,0.6876%,3.922962e-03,3.286811e-03,9.137273e-05,2.695657e-17,3.873978e-11,3.270118e-05,6.757945e-07,0.000000e+00,0.000000e+00,1.550633e-18,0.000000e+00,0.000000e+00,0.000000e+00,0.000000e+00,0.000000e+00,0.000000e+00,2.788987e-18,-7.175082e-34,1.329654e-18,5.939055e-33,5.920240e-24,1.132323e-18,4.478431e-21,-4.594092e-43,-2.277896e-18,-1.138955e-18,-1.320456e-18,-3.572239e-33,-5.918494e-24,-1.134362e-18,-4.569723e-21,-3.572142e-33,0.000000e+00,0.000000e+00,0.000000e+00,0.000000e+00,0.000000e+00,0.000000e+00,0.000000e+00,0.000000e+00,5.110914e-19,4.116784e-19,9.198806e-21,2.366816e-33,1.745383e-27,-2.038436e-21,-9.129205e-23,-3.572142e-33
201.3291,200.00,295.1893,4.178903e+00,1.398075e-01,C,7.444167e-03,1.333333e-01,0.7417%,4.233448e-03,3.537048e-03,9.753911e-05,2.889167e-17,3.885998e-11,3.159373e-05,6.240312e-07,0.000000e+00,0.000000e+00,1.550633e-18,0.000000e+00,0.000000e+00,0.000000e+00,0.000000e+00,0.000000e+00,0.000000e+00,2.811838e-18,9.109216e-27,1.354427e-18,5.796116e-33,5.905456e-24,1.164206e-18,4.369966e-21,2.331627e-39,-2.340455e-18,-1.170235e-18,-1.344031e-18,-3.695641e-33,-5.905554e-24,-1.165765e-18,-4.444391e-21,-3.695533e-33,0.000000e+00,0.000000e+00,0.000000e+00,0.000000e+00,0.000000e+00,0.000000e+00,0.000000e+00,0.000000e+00,4.713824e-19,3.803978e-19,1.039590e-20,2.100475e-33,-9.769564e-29,-1.558449e-21,-7.442467e-23,-3.695530e-33
221.3291,200.00,296.4430,4.588493e+00,1.264946e-01,C,8.116425e-03,1.333333e-01,0.8084%,4.518181e-03,3.767277e-03,1.047365e-04,3.060535e-17,3.914984e-11,3.079209e-05,5.814278e-07,0.000000e+00,0.000000e+00,1.550633e-18,0.000000e+00,0.000000e+00,0.000000e+00,0.000000e+00,0.000000e+00,0.000000e+00,2.834208e-18,1.139399e-27,1.378225e-18,5.644942e-33,5.903257e-24,1.197049e-18,4.240050e-21,3.050895e-40,-2.404764e-18,-1.202390e-18,-1.365559e-18,-3.808120e-33,-5.900628e-24,-1.198060e-18,-4.301806e-21,-3.808004e-33,0.000000e+00,0.000000e+00,0.000000e+00,0.000000e+00,0.000000e+00,0.000000e+00,0.000000e+00,0.000000e+00,4.294448e-19,3.482426e-19,1.266660e-20,1.836822e-33,2.628921e-27,-1.011441e-21,-6.175589e-23,-3.808003e-33
241.3291,200.00,298.0174,5.102872e+00,1.124511e-01,C,9.041186e-03,1.333333e-01,0.9000%,4.774569e-03,3.976478e-03,1.140011e-04,3.203893e-17,3.968965e-11,3.023329e-05,5.443792e-07,0.000000e+00,0.000000e+00,1.550633e-18,0.000000e+00,0.000000e+00,0.000000e+00,0.000000e+00,0.000000e+00,0.000000e+00,2.855240e-18,1.762788e-28,1.400991e-18,5.470560e-33,5.922119e-24,1.232262e-18,4.072416e-21,4.932384e-41,-2.474269e-18,-1.237144e-18,-1.383500e-18,-3.899507e-33,-5.921000e-24,-1.232984e-18,-4.128937e-21,-3.906292e-33,0.000000e+00,0.000000e+00,0.000000e+00,0.000000e+00,0.000000e+00,0.000000e+00,0.000000e+00,0.000000e+00,3.809705e-19,3.134887e-19,1.749120e-20,1.571053e-33,1.119729e-27,-7.223582e-22,-5.652100e-23,-3.906292e-33
261.3291,200.00,300.6259,5.955073e+00,1.670041e-01,P_CO2,1.079289e-02,1.333333e-01,1.0735%,4.995394e-03,4.161743e-03,1.300511e-04,3.330631e-17,4.111522e-11,2.990913e-05,5.064814e-07,0.000000e+00,0.000000e+00,1.550633e-18,0.000000e+00,0.000000e+00,0.000000e+00,0.000000e+00,0.000000e+00,0.000000e+00,2.871143e-18,3.512059e-29,1.422308e-18,5.213912e-33,6.004614e-24,1.275648e-18,3.795302e-21,1.102582e-41,-2.559639e-18,-1.279830e-18,-1.381142e-18,-3.772765e-33,-6.000225e-24,-1.275930e-18,-3.867121e-21,-3.952380e-33,0.000000e+00,0.000000e+00,0.000000e+00,0.000000e+00,0.000000e+00,0.000000e+00,0.000000e+00,0.000000e+00,3.115038e-19,2.708032e-19,4.116604e-20,1.441147e-33,4.388782e-27,-2.816728e-22,-7.181886e-23,-3.952380e-33
281.3291,200.00,313.4972,1.217688e+01,1.044791e+00,P_CO2,2.513217e-02,1.333333e-01,2.4819%,5.110971e-03,4.326124e-03,2.274459e-04,3.446461e-17,5.884697e-11,3.002656e-05,4.247391e-07,0.000000e+00,0.000000e+00,1.550633e-18,0.000000e+00,0.000000e+00,0.000000e+00,0.000000e+00,0.000000e+00,0.000000e+00,2.736974e-18,9.995247e-30,1.374662e-18,4.345641e-33,7.103939e-24,1.314129e-18,2.725949e-21,3.174100e-42,-2.628483e-18,-1.314252e-18,-1.380172e-18,-3.955187e-33,-7.102858e-24,-1.311532e-18,-2.685821e-21,-3.955052e-33,0.000000e+00,0.000000e+00,0.000000e+00,0.000000e+00,0.000000e+00,0.000000e+00,0.000000e+00,0.000000e+00,1.084905e-19,2.363809e-19,-5.510147e-21,3.904536e-34,1.081337e-27,2.596762e-21,4.012832e-23,-3.955052e-33
291.3291,100.00,313.7816,1.343953e+01,1.036931e-01,P_CO2,2.550320e-02,1.333333e-01,2.5181%,5.137583e-03,4.388602e-03,2.218148e-04,3.474384e-17,3.661251e-11,2.643168e-05,4.261619e-07,0.000000e+00,0.000000e+00,1.550633e-18,0.000000e+00,0.000000e+00,0.000000e+00,0.000000e+00,0.000000e+00,0.000000e+00,2.832809e-18,8.030351e-30,1.421759e-18,4.533546e-33,7.175750e-24,1.358559e-18,2.826544e-21,3.048806e-42,-2.719840e-18,-1.359931e-18,-1.424262e-18,-3.958371e-33,-7.177860e-24,-1.357095e-18,-2.801448e-21,-3.958947e-33,0.000000e+00,0.000000e+00,0.000000e+00,0.000000e+00,0.000000e+00,0.000000e+00,0.000000e+00,0.000000e+00,1.129693e-19,1.907023e-19,-2.503811e-21,5.751758e-34,-2.110006e-27,1.464628e-21,2.509592e-23,-3.958947e-33
303.3291,120.00,314.0292,1.453890e+01,8.180117e-02,P_CO2,2.584554e-02,1.333333e-01,2.5514%,5.182878e-03,4.454730e-03,2.221880e-04,3.521802e-17,4.141849e-11,2.771877e-05,4.349882e-07,0.000000e+00,0.000000e+00,1.550633e-18,0.000000e+00,0.000000e+00,0.000000e+00,0.000000e+00,0.000000e+00,0.000000e+00,2.905534e-18,5.668314e-30,1.457628e-18,4.676725e-33,7.234513e-24,1.392457e-18,2.900870e-21,3.007042e-42,-2.788995e-18,-1.394509e-18,-1.458119e-18,-3.960803e-33,-7.233786e-24,-1.391586e-18,-2.887899e-21,-3.960662e-33,0.000000e+00,0.000000e+00,0.000000e+00,0.000000e+00,0.000000e+00,0.000000e+00,0.000000e+00,0.000000e+00,1.165383e-19,1.561241e-19,-4.912688e-22,7.159223e-34,7.267620e-28,8.716147e-22,1.297134e-23,-3.960662e-33
317.7291,144.00,314.2242,1.540474e+01,5.955299e-02,P_CO2,2.612770e-02,1.333333e-01,2.5789%,5.238519e-03,4.520605e-03,2.233025e-04,3.612146e-17,4.719204e-11,2.904819e-05,4.407579e-07,0.000000e+00,0.000000e+00,1.550633e-18,0.000000e+00,0.000000e+00,0.000000e+00,0.000000e+00,0.000000e+00,0.000000e+00,2.957588e-18,3.821448e-30,1.483533e-18,4.775461e-33,7.279620e-24,1.417000e-18,2.952376e-21,5.847026e-43,-2.839189e-18,-1.419606e-18,-1.483012e-18,-3.965210e-33,-7.279047e-24,-1.416622e-18,-2.948854e-21,-3.965067e-33,0.000000e+00,0.000000e+00,0.000000e+00,0.000000e+00,0.000000e+00,0.000000e+00,0.000000e+00,0.000000e+00,1.183991e-19,1.310269e-19,5.209127e-22,8.102510e-34,5.731463e-28,3.781681e-22,3.522118e-24,-3.965067e-33
335.0091,172.80,314.3628,1.602017e+01,3.995041e-02,P_CO2,2.633631e-02,1.333333e-01,2.5993%,5.305949e-03,4.588572e-03,2.250064e-04,3.686311e-17,5.405790e-11,3.044948e-05,4.435901e-07,0.000000e+00,0.000000e+00,1.550633e-18,0.000000e+00,0.000000e+00,0.000000e+00,0.000000e+00,0.000000e+00,0.000000e+00,2.990801e-18,2.444550e-30,1.500375e-18,4.831664e-33,7.306139e-24,1.433000e-18,2.983520e-21,3.341158e-43,-2.871722e-18,-1.435873e-18,-1.499384e-18,-3.769305e-33,-7.306626e-24,-1.432851e-18,-2.985727e-21,-3.971595e-33,0.000000e+00,0.000000e+00,0.000000e+00,0.000000e+00,0.000000e+00,0.000000e+00,0.000000e+00,0.000000e+00,1.190791e-19,1.147600e-19,9.916542e-22,1.062359e-33,-4.877002e-28,1.492673e-22,-2.206838e-24,-3.971595e-33
355.0091,200.00,314.4530,1.642077e+01,3.517415e-02,C,2.647841e-02,1.333333e-01,2.6131%,5.383389e-03,4.659120e-03,2.268466e-04,3.774162e-17,6.049651e-11,3.165270e-05,4.435467e-07,0.000000e+00,0.000000e+00,1.550633e-18,0.000000e+00,0.000000e+00,0.000000e+00,0.000000e+00,0.000000e+00,0.000000e+00,3.008827e-18,1.523987e-30,1.509925e-18,4.851944e-33,7.315553e-24,1.442116e-18,2.998369e-21,3.341158e-43,-2.890486e-18,-1.445255e-18,-1.508943e-18,-3.979823e-33,-7.315305e-24,-1.442214e-18,-3.003800e-21,-3.979674e-33,0.000000e+00,0.000000e+00,0.000000e+00,0.000000e+00,0.000000e+00,0.000000e+00,0.000000e+00,0.000000e+00,1.183409e-19,1.053778e-19,9.816900e-22,8.721210e-34,2.480423e-28,-9.880642e-23,-5.431029e-24,-3.979674e-33
375.0091,200.00,314.5060,1.665580e+01,3.346651e-02,C,2.656632e-02,1.333333e-01,2.6217%,5.457803e-03,4.723983e-03,2.274397e-04,3.847774e-17,6.058882e-11,3.154253e-05,4.396320e-07,0.000000e+00,0.000000e+00,1.550633e-18,0.000000e+00,0.000000e+00,0.000000e+00,0.000000e+00,0.000000e+00,0.000000e+00,3.017406e-18,1.002359e-30,1.514878e-18,4.851237e-33,7.315923e-24,1.446880e-18,3.003618e-21,8.770539e-43,-2.900386e-18,-1.450205e-18,-1.513908e-18,-3.988456e-33,-7.315899e-24,-1.447157e-18,-3.010557e-21,-3.988304e-33,0.000000e+00,0.000000e+00,0.000000e+00,0.000000e+00,0.000000e+00,0.000000e+00,0.000000e+00,0.000000e+00,1.170196e-19,1.004276e-19,9.700745e-22,8.627812e-34,2.379232e-29,-2.778108e-22,-6.938805e-24,-3.988304e-33
395.0091,200.00,314.5422,1.681665e+01,3.248559e-02,C,2.662938e-02,1.333333e-01,2.6278%,5.531453e-03,4.786483e-03,2.280365e-04,3.916010e-17,6.064515e-11,3.140204e-05,4.352945e-07,0.000000e+00,0.000000e+00,1.550633e-18,0.000000e+00,0.000000e+00,0.000000e+00,0.000000e+00,0.000000e+00,0.000000e+00,3.021865e-18,6.816327e-31,1.517814e-18,4.842203e-33,7.311503e-24,1.449724e-18,3.004750e-21,8.352894e-44,-2.906088e-18,-1.453056e-18,-1.516956e-18,-3.997604e-33,-7.311517e-24,-1.450006e-18,-3.011850e-21,-3.997449e-33,0.000000e+00,0.000000e+00,0.000000e+00,0.000000e+00,0.000000e+00,0.000000e+00,0.000000e+00,0.000000e+00,1.157773e-19,9.757662e-20,8.574004e-22,8.445991e-34,-1.362405e-29,-2.824128e-22,-7.100211e-24,-3.997449e-33
415.0091,200.00,314.5711,1.694490e+01,3.182434e-02,C,2.668151e-02,1.333333e-01,2.6329%,5.604257e-03,4.847519e-03,2.286282e-04,3.992400e-17,6.068538e-11,3.125244e-05,4.308939e-07,0.000000e+00,0.000000e+00,1.550633e-18,0.000000e+00,0.000000e+00,0.000000e+00,0.000000e+00,0.000000e+00,0.000000e+00,3.024360e-18,4.778604e-31,1.519781e-18,4.829210e-33,7.305018e-24,1.451650e-18,3.003879e-21,3.758802e-43,-2.909937e-18,-1.454981e-18,-1.518857e-18,-4.006296e-33,-7.305019e-24,-1.451932e-18,-3.010956e-21,-4.006126e-33,0.000000e+00,0.000000e+00,0.000000e+00,0.000000e+00,0.000000e+00,0.000000e+00,0.000000e+00,0.000000e+00,1.144227e-19,9.565169e-20,9.241719e-22,8.229141e-34,-4.051404e-31,-2.816330e-22,-7.076253e-24,-4.006126e-33
435.0091,200.00,314.5965,1.705797e+01,3.129577e-02,C,2.672851e-02,1.333333e-01,2.6374%,5.676190e-03,4.907477e-03,2.292110e-04,4.057855e-17,6.071870e-11,3.110298e-05,4.265732e-07,0.000000e+00,0.000000e+00,1.550633e-18,0.000000e+00,0.000000e+00,0.000000e+00,0.000000e+00,0.000000e+00,0.000000e+00,3.026062e-18,3.422514e-31,1.521352e-18,4.814946e-33,7.297783e-24,1.453198e-18,3.002234e-21,2.505868e-43,-2.913017e-18,-1.456522e-18,-1.520404e-18,-4.015143e-33,-7.297776e-24,-1.453473e-18,-3.009147e-21,-4.014979e-33,0.000000e+00,0.000000e+00,0.000000e+00,0.000000e+00,0.000000e+00,0.000000e+00,0.000000e+00,0.000000e+00,1.130450e-19,9.411122e-20,9.484266e-22,7.998023e-34,6.330881e-30,-2.755525e-22,-6.913028e-24,-4.014979e-33
455.0091,200.00,314.6204,1.716380e+01,3.082739e-02,C,2.677300e-02,1.333333e-01,2.6418%,5.747248e-03,4.966534e-03,2.297841e-04,4.126661e-17,6.074909e-11,3.095726e-05,4.223867e-07,0.000000e+00,0.000000e+00,1.550633e-18,0.000000e+00,0.000000e+00,0.000000e+00,0.000000e+00,0.000000e+00,0.000000e+00,3.027419e-18,2.568679e-31,1.522743e-18,4.800361e-33,7.290332e-24,1.454574e-18,3.000265e-21,4.594092e-43,-2.915750e-18,-1.457888e-18,-1.521788e-18,-4.024060e-33,-7.290321e-24,-1.454841e-18,-3.006964e-21,-4.023894e-33,0.000000e+00,0.000000e+00,0.000000e+00,0.000000e+00,0.000000e+00,0.000000e+00,0.000000e+00,0.000000e+00,1.116689e-19,9.274485e-20,9.549355e-22,7.763009e-34,1.054218e-29,-2.675072e-22,-6.699018e-24,-4.023894e-33
475.0091,200.00,314.6433,1.726559e+01,3.043022e-02,C,2.681602e-02,1.333333e-01,2.6460%,5.817436e-03,5.024772e-03,2.303478e-04,4.203627e-17,6.077845e-11,3.081665e-05,4.183511e-07,0.000000e+00,0.000000e+00,1.550633e-18,0.000000e+00,0.000000e+00,0.000000e+00,0.000000e+00,0.000000e+00,0.000000e+00,3.028658e-18,1.922922e-31,1.524067e-18,4.785989e-33,7.282921e-24,1.455884e-18,2.998216e-21,4.594092e-43,-2.918069e-18,-1.459048e-18,-1.522977e-18,-4.032696e-33,-7.282699e-24,-1.456003e-18,-3.004255e-21,-4.032526e-33,0.000000e+00,0.000000e+00,0.000000e+00,0.000000e+00,0.000000e+00,0.000000e+00,0.000000e+00,0.000000e+00,1.105891e-19,9.158523e-20,1.089811e-21,7.532926e-34,2.227720e-28,-1.192180e-22,-6.039394e-24,-4.032526e-33
495.0091,200.00,314.6657,1.736497e+01,3.001421e-02,C,2.685823e-02,1.333333e-01,2.6501%,5.886762e-03,5.082236e-03,2.309012e-04,4.264732e-17,6.080690e-11,3.068123e-05,4.144681e-07,0.000000e+00,0.000000e+00,1.550633e-18,0.000000e+00,0.000000e+00,0.000000e+00,0.000000e+00,0.000000e+00,0.000000e+00,3.029750e-18,1.499592e-31,1.525309e-18,4.771613e-33,7.275563e-24,1.457116e-18,2.996030e-21,-8.352894e-44,-2.920499e-18,-1.460263e-18,-1.524370e-18,-4.041875e-33,-7.275371e-24,-1.457221e-18,-3.001724e-21,-4.042104e-33,0.000000e+00,0.000000e+00,0.000000e+00,0.000000e+00,0.000000e+00,0.000000e+00,0.000000e+00,0.000000e+00,1.092505e-19,9.036967e-20,9.389324e-22,7.297388e-34,1.922183e-28,-1.042896e-22,-5.694289e-24,-4.042104e-33
515.0091,200.00,314.6876,1.746222e+01,2.957674e-02,C,2.689975e-02,1.333333e-01,2.6541%,5.955237e-03,5.138945e-03,2.314456e-04,4.350680e-17,6.083474e-11,3.055068e-05,4.107303e-07,0.000000e+00,0.000000e+00,1.550633e-18,0.000000e+00,0.000000e+00,0.000000e+00,0.000000e+00,0.000000e+00,0.000000e+00,3.030671e-18,1.191064e-31,1.526457e-18,4.757136e-33,7.268264e-24,1.458261e-18,2.993672e-21,-5.011737e-43,-2.923057e-18,-1.461543e-18,-1.525518e-18,-4.050735e-33,-7.268243e-24,-1.458502e-18,-2.999675e-21,-4.050559e-33,0.000000e+00,0.000000e+00,0.000000e+00,0.000000e+00,0.000000e+00,0.000000e+00,0.000000e+00,0.000000e+00,1.076137e-19,8.909032e-20,9.387578e-22,7.064009e-34,2.017996e-29,-2.407380e-22,-6.003197e-24,-4.050559e-33
535.0091,200.00,314.7091,1.755786e+01,2.922010e-02,C,2.694053e-02,1.333333e-01,2.6581%,6.022873e-03,5.194919e-03,2.319800e-04,4.405726e-17,6.086290e-11,3.042577e-05,4.071362e-07,0.000000e+00,0.000000e+00,1.550633e-18,0.000000e+00,0.000000e+00,0.000000e+00,0.000000e+00,0.000000e+00,0.000000e+00,3.031740e-18,9.901613e-32,1.527667e-18,4.743539e-33,7.261217e-24,1.459461e-18,2.991539e-21,-1.252934e-43,-2.925144e-18,-1.462586e-18,-1.526745e-18,-3.842911e-33,-7.261024e-24,-1.459548e-18,-2.996791e-21,-4.059468e-33,0.000000e+00,0.000000e+00,0.000000e+00,0.000000e+00,0.000000e+00,0.000000e+00,0.000000e+00,0.000000e+00,1.065954e-19,8.804657e-20,9.219118e-22,9.006280e-34,1.932782e-28,-8.708872e-23,-5.251806e-24,-4.059468e-33
555.0091,200.00,314.7304,1.765216e+01,2.879978e-02,C,2.698090e-02,1.333333e-01,2.6620%,6.089680e-03,5.250175e-03,2.325059e-04,4.475035e-17,6.089059e-11,3.030524e-05,4.036749e-07,0.000000e+00,0.000000e+00,1.550633e-18,0.000000e+00,0.000000e+00,0.000000e+00,0.000000e+00,0.000000e+00,0.000000e+00,3.032612e-18,7.390334e-32,1.528772e-18,4.729691e-33,7.254228e-24,1.460562e-18,2.989195e-21,-7.935250e-43,-2.927606e-18,-1.463817e-18,-1.527997e-18,-4.068730e-33,-7.254235e-24,-1.460780e-18,-2.994660e-21,-4.068548e-33,0.000000e+00,0.000000e+00,0.000000e+00,0.000000e+00,0.000000e+00,0.000000e+00,0.000000e+00,0.000000e+00,1.050060e-19,8.681550e-20,7.745649e-22,6.609606e-34,-6.799396e-30,-2.185856e-22,-5.465308e-24,-4.068548e-33
575.0091,200.00,314.7513,1.774507e+01,2.845821e-02,C,2.702068e-02,1.333333e-01,2.6659%,6.155671e-03,5.304723e-03,2.330227e-04,4.530613e-17,6.091866e-11,3.018981e-05,4.003434e-07,0.000000e+00,0.000000e+00,1.550633e-18,0.000000e+00,0.000000e+00,0.000000e+00,0.000000e+00,0.000000e+00,0.000000e+00,3.033617e-18,6.744577e-32,1.529931e-18,4.716642e-33,7.247483e-24,1.461712e-18,2.987054e-21,-2.923513e-43,-2.929608e-18,-1.464819e-18,-1.529028e-18,-4.077223e-33,-7.247297e-24,-1.461784e-18,-2.991903e-21,-4.077038e-33,0.000000e+00,0.000000e+00,0.000000e+00,0.000000e+00,0.000000e+00,0.000000e+00,0.000000e+00,0.000000e+00,1.040093e-19,8.581436e-20,9.036767e-22,6.394191e-34,1.862216e-28,-7.129472e-23,-4.848914e-24,-4.077038e-33
595.0091,200.00,314.7719,1.783658e+01,2.805428e-02,C,2.706004e-02,1.333333e-01,2.6697%,6.220854e-03,5.358572e-03,2.335305e-04,4.587315e-17,6.094604e-11,3.007825e-05,3.971310e-07,0.000000e+00,0.000000e+00,1.550633e-18,0.000000e+00,0.000000e+00,0.000000e+00,0.000000e+00,0.000000e+00,0.000000e+00,3.034431e-18,5.596564e-32,1.530988e-18,4.703328e-33,7.240778e-24,1.462767e-18,2.984713e-21,1.127641e-42,-2.931977e-18,-1.466003e-18,-1.530232e-18,-4.086202e-33,-7.240780e-24,-1.462970e-18,-2.989790e-21,-4.086014e-33,0.000000e+00,0.000000e+00,0.000000e+00,0.000000e+00,0.000000e+00,0.000000e+00,0.000000e+00,0.000000e+00,1.024541e-19,8.462955e-20,7.556879e-22,6.171261e-34,-1.605836e-30,-2.031232e-22,-5.076436e-24,-4.086014e-33
615.0091,200.00,314.7923,1.792697e+01,2.768509e-02,C,2.709887e-02,1.333333e-01,2.6735%,6.285243e-03,5.411738e-03,2.340309e-04,4.654279e-17,6.097409e-11,2.997124e-05,3.940349e-07,0.000000e+00,0.000000e+00,1.550633e-18,0.000000e+00,0.000000e+00,0.000000e+00,0.000000e+00,0.000000e+00,0.000000e+00,3.035350e-18,4.807305e-32,1.532087e-18,4.690713e-33,7.234313e-24,1.463859e-18,2.982538e-21,7.099960e-43,-2.934144e-18,-1.467087e-18,-1.531339e-18,-4.094909e-33,-7.234313e-24,-1.464056e-18,-2.987442e-21,-4.094671e-33,0.000000e+00,0.000000e+00,0.000000e+00,0.000000e+00,0.000000e+00,0.000000e+00,0.000000e+00,0.000000e+00,1.012062e-19,8.354585e-20,7.479732e-22,5.958046e-34,1.557581e-31,-1.964786e-22,-4.903663e-24,-4.094671e-33
635.0091,200.00,314.8123,1.801600e+01,2.734966e-02,C,2.713732e-02,1.333333e-01,2.6772%,6.348846e-03,5.464228e-03,2.345226e-04,4.693602e-17,6.100140e-11,2.986766e-05,3.910463e-07,0.000000e+00,0.000000e+00,1.550633e-18,0.000000e+00,0.000000e+00,0.000000e+00,0.000000e+00,0.000000e+00,0.000000e+00,3.036075e-18,4.233298e-32,1.533082e-18,4.677786e-33,7.227880e-24,1.464854e-18,2.980160e-21,-3.341158e-43,-2.936114e-18,-1.468072e-18,-1.532350e-18,-4.103352e-33,-7.227878e-24,-1.465043e-18,-2.984872e-21,-4.103159e-33,0.000000e+00,0.000000e+00,0.000000e+00,0.000000e+00,0.000000e+00,0.000000e+00,0.000000e+00,0.000000e+00,9.996064e-20,8.256055e-20,7.317844e-22,5.744344e-34,1.783927e-30,-1.889155e-22,-4.711656e-24,-4.103159e-33
655.0091,200.00,314.8321,1.810385e+01,2.699821e-02,C,2.717495e-02,1.333333e-01,2.6809%,6.411679e-03,5.516052e-03,2.350075e-04,4.757654e-17,6.103034e-11,2.976907e-05,3.881648e-07,0.000000e+00,0.000000e+00,1.550633e-18,0.000000e+00,0.000000e+00,0.000000e+00,0.000000e+00,0.000000e+00,0.000000e+00,3.037217e-18,4.305049e-32,1.534271e-18,4.666592e-33,7.221857e-24,1.466027e-18,2.978338e-21,7.935250e-43,-2.938180e-18,-1.469105e-18,-1.533250e-18,-4.110146e-33,-7.221631e-24,-1.466078e-18,-2.982614e-21,-4.111358e-33,0.000000e+00,0.000000e+00,0.000000e+00,0.000000e+00,0.000000e+00,0.000000e+00,0.000000e+00,0.000000e+00,9.903668e-20,8.152752e-20,1.021102e-21,5.564460e-34,2.262776e-28,-5.047056e-23,-4.276021e-24,-4.111358e-33
675.0091,200.00,314.8516,1.819043e+01,2.663579e-02,C,2.721251e-02,1.333333e-01,2.6846%,6.473746e-03,5.567219e-03,2.354820e-04,4.838168e-17,6.105708e-11,2.967267e-05,3.853784e-07,0.000000e+00,0.000000e+00,1.550633e-18,0.000000e+00,0.000000e+00,0.000000e+00,0.000000e+00,0.000000e+00,0.000000e+00,3.037864e-18,3.802793e-32,1.535210e-18,4.654044e-33,7.215659e-24,1.466968e-18,2.975943e-21,-2.923513e-43,-2.940312e-18,-1.470171e-18,-1.534491e-18,-4.120481e-33,-7.215653e-24,-1.467145e-18,-2.980353e-21,-4.120596e-33,0.000000e+00,0.000000e+00,0.000000e+00,0.000000e+00,0.000000e+00,0.000000e+00,0.000000e+00,0.000000e+00,9.755198e-20,8.046152e-20,7.191781e-22,5.335629e-34,6.198048e-30,-1.772019e-22,-4.410165e-24,-4.120596e-33
695.0091,200.00,314.8708,1.827555e+01,2.630765e-02,C,2.724913e-02,1.333333e-01,2.6881%,6.535062e-03,5.617732e-03,2.359517e-04,4.883622e-17,6.108566e-11,2.958076e-05,3.826867e-07,0.000000e+00,0.000000e+00,1.550633e-18,0.000000e+00,0.000000e+00,0.000000e+00,0.000000e+00,0.000000e+00,0.000000e+00,3.038911e-18,3.731042e-32,1.536336e-18,4.643195e-33,7.209860e-24,1.468080e-18,2.974084e-21,4.594092e-43,-2.942243e-18,-1.471137e-18,-1.535479e-18,-4.127874e-33,-7.209667e-24,-1.468113e-18,-2.977956e-21,-4.128653e-33,0.000000e+00,0.000000e+00,0.000000e+00,0.000000e+00,0.000000e+00,0.000000e+00,0.000000e+00,0.000000e+00,9.666779e-20,7.949568e-20,8.567711e-22,5.153208e-34,1.931192e-28,-3.286282e-23,-3.871865e-24,-4.128653e-33
715.0091,200.00,314.8898,1.835991e+01,2.596788e-02,C,2.728559e-02,1.333333e-01,2.6917%,6.595635e-03,5.667620e-03,2.364129e-04,4.956012e-17,6.111348e-11,2.949161e-05,3.800849e-07,0.000000e+00,0.000000e+00,1.550633e-18,0.000000e+00,0.000000e+00,0.000000e+00,0.000000e+00,0.000000e+00,0.000000e+00,3.039745e-18,3.874544e-32,1.537350e-18,4.631900e-33,7.204079e-24,1.469088e-18,2.971996e-21,2.088224e-43,-2.944244e-18,-1.472138e-18,-1.536500e-18,-4.137301e-33,-7.203886e-24,-1.469116e-18,-2.975732e-21,-4.137094e-33,0.000000e+00,0.000000e+00,0.000000e+00,0.000000e+00,0.000000e+00,0.000000e+00,0.000000e+00,0.000000e+00,9.550152e-20,7.849496e-20,8.497539e-22,4.945986e-34,1.929582e-28,-2.770758e-23,-3.736330e-24,-4.137094e-33
735.0091,200.00,314.9085,1.844318e+01,2.561538e-02,C,2.732186e-02,1.333333e-01,2.6952%,6.655473e-03,5.716883e-03,2.368657e-04,4.994764e-17,6.114042e-11,2.940500e-05,3.775676e-07,0.000000e+00,0.000000e+00,1.550633e-18,0.000000e+00,0.000000e+00,0.000000e+00,0.000000e+00,0.000000e+00,0.000000e+00,3.040376e-18,3.587541e-32,1.538255e-18,4.620189e-33,7.198308e-24,1.469995e-18,2.969691e-21,-4.594092e-43,-2.946321e-18,-1.473177e-18,-1.537556e-18,-4.145764e-33,-7.198296e-24,-1.470156e-18,-2.973694e-21,-4.145557e-33,0.000000e+00,0.000000e+00,0.000000e+00,0.000000e+00,0.000000e+00,0.000000e+00,0.000000e+00,0.000000e+00,9.405466e-20,7.745603e-20,6.986181e-22,4.744257e-34,1.200808e-29,-1.613406e-22,-4.002483e-24,-4.145557e-33
755.0091,200.00,314.9270,1.852526e+01,2.529977e-02,C,2.735753e-02,1.333333e-01,2.6987%,6.714590e-03,5.765525e-03,2.373126e-04,5.039015e-17,6.116788e-11,2.932157e-05,3.751309e-07,0.000000e+00,0.000000e+00,1.550633e-18,0.000000e+00,0.000000e+00,0.000000e+00,0.000000e+00,0.000000e+00,0.000000e+00,3.041095e-18,3.085285e-32,1.539195e-18,4.609082e-33,7.192731e-24,1.470933e-18,2.967536e-21,-4.176447e-43,-2.948183e-18,-1.474108e-18,-1.538507e-18,-4.153924e-33,-7.192718e-24,-1.471089e-18,-2.971403e-21,-4.153716e-33,0.000000e+00,0.000000e+00,0.000000e+00,0.000000e+00,0.000000e+00,0.000000e+00,0.000000e+00,0.000000e+00,9.291225e-20,7.652524e-20,6.876977e-22,4.551580e-34,1.347725e-29,-1.560583e-22,-3.867381e-24,-4.153716e-33
775.0091,200.00,314.9452,1.860613e+01,2.497240e-02,C,2.739264e-02,1.333333e-01,2.7021%,6.772996e-03,5.813557e-03,2.377517e-04,5.087048e-17,6.119540e-11,2.924125e-05,3.727728e-07,0.000000e+00,0.000000e+00,1.550633e-18,0.000000e+00,0.000000e+00,0.000000e+00,0.000000e+00,0.000000e+00,0.000000e+00,3.041922e-18,3.228787e-32,1.540180e-18,4.598615e-33,7.187330e-24,1.471911e-18,2.965556e-21,3.341158e-43,-2.950114e-18,-1.475074e-18,-1.539648e-18,-4.162514e-33,-7.187348e-24,-1.472056e-18,-2.969204e-21,-4.162303e-33,0.000000e+00,0.000000e+00,0.000000e+00,0.000000e+00,0.000000e+00,0.000000e+00,0.000000e+00,0.000000e+00,9.180780e-20,7.555915e-20,5.317817e-22,4.361008e-34,-1.860351e-29,-1.456796e-22,-3.647964e-24,-4.162303e-33
795.0091,200.00,314.9632,1.868589e+01,2.463242e-02,C,2.742723e-02,1.333333e-01,2.7055%,6.830698e-03,5.860988e-03,2.381858e-04,5.152723e-17,6.122357e-11,2.916381e-05,3.704881e-07,0.000000e+00,0.000000e+00,1.550633e-18,0.000000e+00,0.000000e+00,0.000000e+00,0.000000e+00,0.000000e+00,0.000000e+00,3.042823e-18,3.372288e-32,1.541193e-18,4.588696e-33,7.182115e-24,1.472914e-18,2.963703e-21,4.594092e-43,-2.952122e-18,-1.476078e-18,-1.540511e-18,-3.585912e-33,-7.182097e-24,-1.473062e-18,-2.967358e-21,-4.170236e-33,0.000000e+00,0.000000e+00,0.000000e+00,0.000000e+00,0.000000e+00,0.000000e+00,0.000000e+00,0.000000e+00,9.070117e-20,7.455522e-20,6.823777e-22,1.002784e-33,1.770267e-29,-1.478334e-22,-3.655516e-24,-4.170236e-33
815.0091,200.00,314.9809,1.876454e+01,2.433061e-02,C,2.746155e-02,1.333333e-01,2.7088%,6.887706e-03,5.907827e-03,2.386113e-04,5.236978e-17,6.125170e-11,2.908838e-05,3.682733e-07,0.000000e+00,0.000000e+00,1.550633e-18,0.000000e+00,0.000000e+00,0.000000e+00,0.000000e+00,0.000000e+00,0.000000e+00,3.043523e-18,3.659292e-32,1.542100e-18,4.578338e-33,7.176888e-24,1.473818e-18,2.961643e-21,-4.176447e-43,-2.953905e-18,-1.476970e-18,-1.541579e-18,-4.178784e-33,-7.176729e-24,-1.473955e-18,-2.965077e-21,-4.178565e-33,0.000000e+00,0.000000e+00,0.000000e+00,0.000000e+00,0.000000e+00,0.000000e+00,0.000000e+00,0.000000e+00,8.961800e-20,7.366340e-20,5.212369e-22,3.995534e-34,1.588014e-28,-1.373435e-22,-3.434750e-24,-4.178565e-33
835.0091,200.00,314.9984,1.884219e+01,2.401657e-02,C,2.749538e-02,1.333333e-01,2.7121%,6.944030e-03,5.954084e-03,2.390319e-04,5.284716e-17,6.127822e-11,2.901559e-05,3.661259e-07,0.000000e+00,0.000000e+00,1.550633e-18,0.000000e+00,0.000000e+00,0.000000e+00,0.000000e+00,0.000000e+00,0.000000e+00,3.044294e-18,3.587541e-32,1.543034e-18,4.568491e-33,7.171839e-24,1.474746e-18,2.959704e-21,-6.682315e-43,-2.955762e-18,-1.477898e-18,-1.542366e-18,-4.186429e-33,-7.171818e-24,-1.474885e-18,-2.963142e-21,-4.186102e-33,0.000000e+00,0.000000e+00,0.000000e+00,0.000000e+00,0.000000e+00,0.000000e+00,0.000000e+00,0.000000e+00,8.853194e-20,7.273492e-20,6.677128e-22,3.820615e-34,2.073528e-29,-1.393295e-22,-3.437793e-24,-4.186102e-33
855.0091,200.00,315.0157,1.891882e+01,2.369317e-02,C,2.752870e-02,1.333333e-01,2.7153%,6.999679e-03,5.999767e-03,2.394458e-04,5.341964e-17,6.130597e-11,2.894541e-05,3.640442e-07,0.000000e+00,0.000000e+00,1.550633e-18,0.000000e+00,0.000000e+00,0.000000e+00,0.000000e+00,0.000000e+00,0.000000e+00,3.045155e-18,4.376800e-32,1.544005e-18,4.559202e-33,7.166948e-24,1.475707e-18,2.957916e-21,-3.341158e-43,-2.957675e-18,-1.478855e-18,-1.543338e-18,-3.436392e-33,-7.166926e-24,-1.475843e-18,-2.961270e-21,-4.194273e-33,0.000000e+00,0.000000e+00,0.000000e+00,0.000000e+00,0.000000e+00,0.000000e+00,0.000000e+00,0.000000e+00,8.747987e-20,7.177817e-20,6.670100e-22,1.122810e-33,2.255176e-29,-1.365291e-22,-3.353648e-24,-4.194273e-33
875.0091,200.00,315.0327,1.899434e+01,2.340826e-02,C,2.756179e-02,1.333333e-01,2.7185%,7.054661e-03,6.044882e-03,2.398524e-04,5.418146e-17,6.133277e-11,2.887685e-05,3.620227e-07,0.000000e+00,0.000000e+00,1.550633e-18,0.000000e+00,0.000000e+00,0.000000e+00,0.000000e+00,0.000000e+00,0.000000e+00,3.045799e-18,4.448551e-32,1.544861e-18,4.549408e-33,7.162043e-24,1.476562e-18,2.955900e-21,-6.264671e-43,-2.959361e-18,-1.479698e-18,-1.544357e-18,-3.978188e-33,-7.162053e-24,-1.476689e-18,-2.959051e-21,-4.202362e-33,0.000000e+00,0.000000e+00,0.000000e+00,0.000000e+00,0.000000e+00,0.000000e+00,0.000000e+00,0.000000e+00,8.643791e-20,7.093477e-20,5.047900e-22,5.712199e-34,-1.071017e-29,-1.265691e-22,-3.150983e-24,-4.202362e-33
895.0091,200.00,315.0494,1.906879e+01,2.311225e-02,C,2.759440e-02,1.333333e-01,2.7217%,7.108986e-03,6.089439e-03,2.402534e-04,5.449399e-17,6.135988e-11,2.881064e-05,3.600610e-07,0.000000e+00,0.000000e+00,1.550633e-18,0.000000e+00,0.000000e+00,0.000000e+00,0.000000e+00,0.000000e+00,0.000000e+00,3.046520e-18,4.735554e-32,1.545749e-18,4.540119e-33,7.157294e-24,1.477444e-18,2.954014e-21,0.000000e+00,-2.961114e-18,-1.480575e-18,-1.545250e-18,-3.389422e-33,-7.157304e-24,-1.477567e-18,-2.957069e-21,-4.210129e-33,0.000000e+00,0.000000e+00,0.000000e+00,0.000000e+00,0.000000e+00,0.000000e+00,0.000000e+00,0.000000e+00,8.540595e-20,7.005803e-20,4.989976e-22,1.150698e-33,-9.348199e-30,-1.226888e-22,-3.054654e-24,-4.210129e-33
915.0091,200.00,315.0660,1.914246e+01,2.280655e-02,C,2.762660e-02,1.333333e-01,2.7248%,7.162662e-03,6.133449e-03,2.406497e-04,5.483189e-17,6.138745e-11,2.874670e-05,3.581566e-07,0.000000e+00,0.000000e+00,1.550633e-18,0.000000e+00,0.000000e+00,0.000000e+00,0.000000e+00,0.000000e+00,0.000000e+00,3.047306e-18,4.592052e-32,1.546661e-18,4.531289e-33,7.152705e-24,1.478348e-18,2.952242e-21,-5.011737e-43,-2.962926e-18,-1.481481e-18,-1.546011e-18,-4.217774e-33,-7.152678e-24,-1.478474e-18,-2.955321e-21,-4.217544e-33,0.000000e+00,0.000000e+00,0.000000e+00,0.000000e+00,0.000000e+00,0.000000e+00,0.000000e+00,0.000000e+00,8.438029e-20,6.915205e-20,6.498533e-22,3.135147e-34,2.708570e-29,-1.258537e-22,-3.079583e-24,-4.217544e-33
935.0091,200.00,315.0824,1.921504e+01,2.254039e-02,C,2.765855e-02,1.333333e-01,2.7280%,7.215697e-03,6.176912e-03,2.410382e-04,5.544706e-17,6.141385e-11,2.868411e-05,3.563051e-07,0.000000e+00,0.000000e+00,1.550633e-18,0.000000e+00,0.000000e+00,0.000000e+00,0.000000e+00,0.000000e+00,0.000000e+00,3.047882e-18,4.592052e-32,1.547462e-18,4.521950e-33,7.148085e-24,1.479149e-18,2.950251e-21,8.770539e-43,-2.964504e-18,-1.482270e-18,-1.546976e-18,-4.225602e-33,-7.148092e-24,-1.479265e-18,-2.953131e-21,-4.225368e-33,0.000000e+00,0.000000e+00,0.000000e+00,0.000000e+00,0.000000e+00,0.000000e+00,0.000000e+00,0.000000e+00,8.337783e-20,6.836281e-20,4.858336e-22,2.963482e-34,-6.992875e-30,-1.155637e-22,-2.880254e-24,-4.225368e-33
955.0091,200.00,315.0985,1.928656e+01,2.226311e-02,C,2.769000e-02,1.333333e-01,2.7310%,7.268102e-03,6.219841e-03,2.414224e-04,5.580150e-17,6.144073e-11,2.862355e-05,3.545055e-07,0.000000e+00,0.000000e+00,1.550633e-18,0.000000e+00,0.000000e+00,0.000000e+00,0.000000e+00,0.000000e+00,0.000000e+00,3.048518e-18,5.453062e-32,1.548286e-18,4.513061e-33,7.143618e-24,1.479971e-18,2.948368e-21,-8.352894e-43,-2.966149e-18,-1.483093e-18,-1.547654e-18,-4.232711e-33,-7.143588e-24,-1.480089e-18,-2.951265e-21,-4.232424e-33,0.000000e+00,0.000000e+00,0.000000e+00,0.000000e+00,0.000000e+00,0.000000e+00,0.000000e+00,0.000000e+00,8.236933e-20,6.754018e-20,6.318980e-22,2.803504e-34,2.944001e-29,-1.181461e-22,-2.896381e-24,-4.232424e-33
975.0091,200.00,315.1144,1.935717e+01,2.197770e-02,C,2.772100e-02,1.333333e-01,2.7340%,7.319884e-03,6.262242e-03,2.418005e-04,5.625395e-17,6.146750e-11,2.856505e-05,3.527573e-07,0.000000e+00,0.000000e+00,1.550633e-18,0.000000e+00,0.000000e+00,0.000000e+00,0.000000e+00,0.000000e+00,0.000000e+00,3.049237e-18,5.022557e-32,1.549144e-18,4.504662e-33,7.139265e-24,1.480822e-18,2.946625e-21,0.000000e+00,-2.967843e-18,-1.483940e-18,-1.548515e-18,-4.240567e-33,-7.145779e-24,-1.480938e-18,-2.949449e-21,-4.240157e-33,0.000000e+00,0.000000e+00,0.000000e+00,0.000000e+00,0.000000e+00,0.000000e+00,0.000000e+00,0.000000e+00,8.139385e-20,6.669294e-20,6.290207e-22,2.640951e-34,-6.514116e-27,-1.151737e-22,-2.823883e-24,-4.240157e-33
995.0091,200.00,315.1301,1.942682e+01,2.168395e-02,C,2.775155e-02,1.333333e-01,2.7370%,7.371051e-03,6.304123e-03,2.421735e-04,5.710967e-17,6.149468e-11,2.850849e-05,3.510576e-07,0.000000e+00,0.000000e+00,1.550633e-18,0.000000e+00,0.000000e+00,0.000000e+00,0.000000e+00,0.000000e+00,0.000000e+00,3.050025e-18,5.740065e-32,1.550030e-18,4.496725e-33,7.135080e-24,1.481699e-18,2.945003e-21,-2.923513e-43,-2.969588e-18,-1.484812e-18,-1.549400e-18,-4.247762e-33,-7.135046e-24,-1.481811e-18,-2.947765e-21,-4.247361e-33,0.000000e+00,0.000000e+00,0.000000e+00,0.000000e+00,0.000000e+00,0.000000e+00,0.000000e+00,0.000000e+00,8.043770e-20,6.582045e-20,6.297394e-22,2.489628e-34,3.347652e-29,-1.128033e-22,-2.762494e-24,-4.247361e-33
1015.0091,200.00,315.1456,1.949560e+01,2.142922e-02,C,2.778195e-02,1.333333e-01,2.7400%,7.421610e-03,6.345492e-03,2.425405e-04,5.735415e-17,6.152093e-11,2.845292e-05,3.494026e-07,0.000000e+00,0.000000e+00,1.550633e-18,0.000000e+00,0.000000e+00,0.000000e+00,0.000000e+00,0.000000e+00,0.000000e+00,3.050577e-18,5.453062e-32,1.550792e-18,4.488158e-33,7.130853e-24,1.482460e-18,2.943122e-21,-8.352894e-43,-2.971101e-18,-1.485569e-18,-1.550171e-18,-4.254898e-33,-7.130819e-24,-1.482570e-18,-2.945803e-21,-4.254832e-33,0.000000e+00,0.000000e+00,0.000000e+00,0.000000e+00,0.000000e+00,0.000000e+00,0.000000e+00,0.000000e+00,7.947544e-20,6.506345e-20,6.201923e-22,2.332600e-34,3.424857e-29,-1.095836e-22,-2.680890e-24,-4.254832e-33
1035.0091,200.00,315.1608,1.956326e+01,2.116697e-02,C,2.781181e-02,1.333333e-01,2.7429%,7.471570e-03,6.386351e-03,2.429019e-04,5.769879e-17,6.154717e-11,2.839914e-05,3.477923e-07,0.000000e+00,0.000000e+00,1.550633e-18,0.000000e+00,0.000000e+00,0.000000e+00,0.000000e+00,0.000000e+00,0.000000e+00,3.051205e-18,6.601075e-32,1.551585e-18,4.480070e-33,7.126747e-24,1.483250e-18,2.941376e-21,5.429381e-43,-2.972660e-18,-1.486349e-18,-1.551126e-18,-4.262547e-33,-7.126748e-24,-1.483351e-18,-2.943888e-21,-4.262300e-33,0.000000e+00,0.000000e+00,0.000000e+00,0.000000e+00,0.000000e+00,0.000000e+00,0.000000e+00,0.000000e+00,7.854485e-20,6.428369e-20,4.596483e-22,2.175224e-34,-1.086014e-30,-1.011173e-22,-2.511752e-24,-4.262300e-33
1055.0091,200.00,315.1759,1.963028e+01,2.089620e-02,C,2.784136e-02,1.333333e-01,2.7457%,7.520940e-03,6.426717e-03,2.432589e-04,5.843197e-17,6.157372e-11,2.834710e-05,3.462259e-07,0.000000e+00,0.000000e+00,1.550633e-18,0.000000e+00,0.000000e+00,0.000000e+00,0.000000e+00,0.000000e+00,0.000000e+00,3.051891e-18,6.601075e-32,1.552400e-18,4.472367e-33,7.122773e-24,1.484059e-18,2.939729e-21,-8.352894e-44,-2.974271e-18,-1.487155e-18,-1.551943e-18,-4.269767e-33,-7.122773e-24,-1.484158e-18,-2.942180e-21,-4.269513e-33,0.000000e+00,0.000000e+00,0.000000e+00,0.000000e+00,0.000000e+00,0.000000e+00,0.000000e+00,0.000000e+00,7.761950e-20,6.347821e-20,4.569270e-22,2.025999e-34,2.702501e-31,-9.894134e-23,-2.451273e-24,-4.269513e-33
1075.0091,200.00,315.1908,1.969639e+01,2.061781e-02,C,2.787046e-02,1.333333e-01,2.7486%,7.569727e-03,6.466591e-03,2.436112e-04,5.895624e-17,6.160039e-11,2.829672e-05,3.447010e-07,0.000000e+00,0.000000e+00,1.550633e-18,0.000000e+00,0.000000e+00,0.000000e+00,0.000000e+00,0.000000e+00,0.000000e+00,3.052640e-18,7.103331e-32,1.553241e-18,4.465086e-33,7.118917e-24,1.484891e-18,2.938195e-21,-4.176447e-43,-2.975928e-18,-1.487983e-18,-1.552783e-18,-4.276997e-33,-7.118915e-24,-1.484988e-18,-2.940596e-21,-4.276763e-33,0.000000e+00,0.000000e+00,0.000000e+00,0.000000e+00,0.000000e+00,0.000000e+00,0.000000e+00,0.000000e+00,7.671240e-20,6.264960e-20,4.575978e-22,1.880891e-34,1.614200e-30,-9.708056e-23,-2.401182e-24,-4.276763e-33
1095.0091,200.00,315.2055,1.976163e+01,2.037709e-02,C,2.789943e-02,1.333333e-01,2.7514%,7.617936e-03,6.505980e-03,2.439577e-04,5.957346e-17,6.162623e-11,2.824707e-05,3.432141e-07,0.000000e+00,0.000000e+00,1.550633e-18,0.000000e+00,0.000000e+00,0.000000e+00,0.000000e+00,0.000000e+00,0.000000e+00,3.053149e-18,7.246832e-32,1.553957e-18,4.457141e-33,7.115030e-24,1.485606e-18,2.936397e-21,6.682315e-43,-2.977361e-18,-1.488700e-18,-1.553352e-18,-4.283488e-33,-7.114990e-24,-1.485706e-18,-2.938824e-21,-4.283233e-33,0.000000e+00,0.000000e+00,0.000000e+00,0.000000e+00,0.000000e+00,0.000000e+00,0.000000e+00,0.000000e+00,7.578781e-20,6.193276e-20,6.043242e-22,1.736530e-34,3.944246e-29,-9.964657e-23,-2.427122e-24,-4.283233e-33
1115.0091,200.00,315.2200,1.982603e+01,2.013160e-02,C,2.792797e-02,1.333333e-01,2.7542%,7.665578e-03,6.544891e-03,2.442995e-04,6.014361e-17,6.165217e-11,2.819898e-05,3.417660e-07,0.000000e+00,0.000000e+00,1.550633e-18,0.000000e+00,0.000000e+00,0.000000e+00,0.000000e+00,0.000000e+00,0.000000e+00,3.053720e-18,7.031580e-32,1.554697e-18,4.449597e-33,7.111257e-24,1.486344e-18,2.934710e-21,4.594092e-43,-2.978824e-18,-1.489432e-18,-1.554098e-18,-4.290264e-33,-7.111216e-24,-1.486439e-18,-2.937120e-21,-4.290110e-33,0.000000e+00,0.000000e+00,0.000000e+00,0.000000e+00,0.000000e+00,0.000000e+00,0.000000e+00,0.000000e+00,7.489682e-20,6.120136e-20,5.984984e-22,1.593322e-34,4.037644e-29,-9.463303e-23,-2.410084e-24,-4.290110e-33
1135.0091,200.00,315.2343,1.988950e+01,1.987718e-02,C,2.795609e-02,1.333333e-01,2.7569%,7.712659e-03,6.583329e-03,2.446369e-04,6.034726e-17,6.167820e-11,2.815237e-05,3.403548e-07,0.000000e+00,0.000000e+00,1.550633e-18,0.000000e+00,0.000000e+00,0.000000e+00,0.000000e+00,0.000000e+00,0.000000e+00,3.054353e-18,7.749088e-32,1.555461e-18,4.442454e-33,7.107593e-24,1.487103e-18,2.933132e-21,1.670579e-43,-2.980340e-18,-1.490190e-18,-1.554866e-18,-4.297264e-33,-7.107552e-24,-1.487198e-18,-2.935443e-21,-4.296936e-33,0.000000e+00,0.000000e+00,0.000000e+00,0.000000e+00,0.000000e+00,0.000000e+00,0.000000e+00,0.000000e+00,7.401301e-20,6.044297e-20,5.958178e-22,1.451897e-34,4.173836e-29,-9.511193e-23,-2.311469e-24,-4.296936e-33
1155.0091,200.00,315.2484,1.995218e+01,1.961617e-02,C,2.798380e-02,1.333333e-01,2.7596%,7.759187e-03,6.621302e-03,2.449696e-04,6.067167e-17,6.170426e-11,2.810721e-05,3.389801e-07,0.000000e+00,0.000000e+00,1.550633e-18,0.000000e+00,0.000000e+00,0.000000e+00,0.000000e+00,0.000000e+00,0.000000e+00,3.055047e-18,7.820839e-32,1.556250e-18,4.435696e-33,7.104036e-24,1.487884e-18,2.931660e-21,-3.758802e-43,-2.981897e-18,-1.490968e-18,-1.555654e-18,-4.303681e-33,-7.103993e-24,-1.487978e-18,-2.933928e-21,-4.303915e-33,0.000000e+00,0.000000e+00,0.000000e+00,0.000000e+00,0.000000e+00,0.000000e+00,0.000000e+00,0.000000e+00,7.315017e-20,5.966456e-20,5.958918e-22,1.320156e-34,4.303614e-29,-9.390486e-23,-2.267270e-24,-4.303915e-33
1175.0091,200.00,315.2623,2.001398e+01,1.939541e-02,C,2.801138e-02,1.333333e-01,2.7623%,7.805168e-03,6.658816e-03,2.452969e-04,6.100595e-17,6.172950e-11,2.806257e-05,3.376375e-07,0.000000e+00,0.000000e+00,1.550633e-18,0.000000e+00,0.000000e+00,0.000000e+00,0.000000e+00,0.000000e+00,0.000000e+00,3.055495e-18,8.179593e-32,1.556912e-18,4.428240e-33,7.100442e-24,1.488547e-18,2.929920e-21,5.429381e-43,-2.983214e-18,-1.491627e-18,-1.556326e-18,-4.310717e-33,-7.100398e-24,-1.488638e-18,-2.932121e-21,-4.310453e-33,0.000000e+00,0.000000e+00,0.000000e+00,0.000000e+00,0.000000e+00,0.000000e+00,0.000000e+00,0.000000e+00,7.228141e-20,5.900589e-20,5.863458e-22,1.175234e-34,4.379072e-29,-9.103336e-23,-2.201589e-24,-4.310453e-33
1195.0091,200.00,315.2761,2.007509e+01,1.916945e-02,C,2.803862e-02,1.333333e-01,2.7649%,7.850609e-03,6.695878e-03,2.456196e-04,6.156936e-17,6.175474e-11,2.801928e-05,3.363288e-07,0.000000e+00,0.000000e+00,1.550633e-18,0.000000e+00,0.000000e+00,0.000000e+00,0.000000e+00,0.000000e+00,0.000000e+00,3.056002e-18,8.251344e-32,1.557597e-18,4.421151e-33,7.096948e-24,1.489231e-18,2.928283e-21,-5.847026e-43,-2.984562e-18,-1.492302e-18,-1.557174e-18,-4.317649e-33,-7.096942e-24,-1.489314e-18,-2.930332e-21,-4.317384e-33,0.000000e+00,0.000000e+00,0.000000e+00,0.000000e+00,0.000000e+00,0.000000e+00,0.000000e+00,0.000000e+00,7.144006e-20,5.833138e-20,4.225173e-22,1.035026e-34,6.790524e-30,-8.307679e-23,-2.048940e-24,-4.317384e-33
1215.0091,200.00,315.2897,2.013536e+01,1.893445e-02,C,2.806544e-02,1.333333e-01,2.7675%,7.895518e-03,6.732493e-03,2.459389e-04,6.224768e-17,6.178024e-11,2.797727e-05,3.350520e-07,0.000000e+00,0.000000e+00,1.550633e-18,0.000000e+00,0.000000e+00,0.000000e+00,0.000000e+00,0.000000e+00,0.000000e+00,3.056557e-18,8.538347e-32,1.558300e-18,4.414406e-33,7.093562e-24,1.489930e-18,2.926732e-21,-5.429381e-43,-2.985966e-18,-1.493003e-18,-1.557724e-18,-4.260270e-33,-7.093516e-24,-1.490017e-18,-2.928828e-21,-4.323543e-33,0.000000e+00,0.000000e+00,0.000000e+00,0.000000e+00,0.000000e+00,0.000000e+00,0.000000e+00,0.000000e+00,7.059121e-20,5.762959e-20,5.755728e-22,1.541360e-34,4.550903e-29,-8.659139e-23,-2.095159e-24,-4.323543e-33
1235.0091,200.00,315.3031,2.019483e+01,1.869497e-02,C,2.809188e-02,1.333333e-01,2.7701%,7.939902e-03,6.768667e-03,2.462528e-04,6.245278e-17,6.180551e-11,2.793655e-05,3.338071e-07,0.000000e+00,0.000000e+00,1.550633e-18,0.000000e+00,0.000000e+00,0.000000e+00,0.000000e+00,0.000000e+00,0.000000e+00,3.057179e-18,9.758111e-32,1.559030e-18,4.408046e-33,7.090262e-24,1.490654e-18,2.925299e-21,-8.352894e-44,-2.987396e-18,-1.493719e-18,-1.558613e-18,-4.330619e-33,-7.090257e-24,-1.490734e-18,-2.927257e-21,-4.327983e-33,0.000000e+00,0.000000e+00,0.000000e+00,0.000000e+00,0.000000e+00,0.000000e+00,0.000000e+00,0.000000e+00,6.978295e-20,5.691407e-20,4.172111e-22,7.742655e-35,5.171088e-30,-7.931969e-23,-1.958160e-24,-4.327983e-33
1255.0091,200.00,315.3163,2.025353e+01,1.844828e-02,C,2.811794e-02,1.333333e-01,2.7726%,7.983767e-03,6.804408e-03,2.465634e-04,6.281817e-17,6.183098e-11,2.789702e-05,3.325922e-07,0.000000e+00,0.000000e+00,1.550633e-18,0.000000e+00,0.000000e+00,0.000000e+00,0.000000e+00,0.000000e+00,0.000000e+00,3.057847e-18,9.255855e-32,1.559778e-18,4.402012e-33,7.087061e-24,1.491394e-18,2.923949e-21,-9.605828e-43,-2.988871e-18,-1.494456e-18,-1.559359e-18,-4.337330e-33,-7.087051e-24,-1.491472e-18,-2.925872e-21,-4.337004e-33,0.000000e+00,0.000000e+00,0.000000e+00,0.000000e+00,0.000000e+00,0.000000e+00,0.000000e+00,0.000000e+00,6.897590e-20,5.617664e-20,4.185318e-22,6.468198e-35,1.031087e-29,-7.793324e-23,-1.922540e-24,-4.337004e-33
1275.0091,200.00,315.3293,2.031146e+01,1.824207e-02,C,2.814391e-02,1.333333e-01,2.7752%,8.027119e-03,6.839721e-03,2.468686e-04,6.291376e-17,6.185557e-11,2.785781e-05,3.314045e-07,0.000000e+00,0.000000e+00,1.550633e-18,0.000000e+00,0.000000e+00,0.000000e+00,0.000000e+00,0.000000e+00,0.000000e+00,3.058265e-18,9.471108e-32,1.560397e-18,4.395228e-33,7.083817e-24,1.492014e-18,2.922324e-21,4.176447e-44,-2.990104e-18,-1.495073e-18,-1.559987e-18,-4.343516e-33,-7.083806e-24,-1.492090e-18,-2.924192e-21,-4.343244e-33,0.000000e+00,0.000000e+00,0.000000e+00,0.000000e+00,0.000000e+00,0.000000e+00,0.000000e+00,0.000000e+00,6.816093e-20,5.555998e-20,4.094519e-22,5.171207e-35,1.099513e-29,-7.590071e-23,-1.868391e-24,-4.343244e-33
1295.0091,200.00,315.3422,2.036870e+01,1.802905e-02,C,2.816954e-02,1.333333e-01,2.7776%,8.069966e-03,6.874611e-03,2.471706e-04,6.306512e-17,6.188036e-11,2.781971e-05,3.302446e-07,0.000000e+00,0.000000e+00,1.550633e-18,0.000000e+00,0.000000e+00,0.000000e+00,0.000000e+00,0.000000e+00,0.000000e+00,3.058727e-18,1.004511e-31,1.561032e-18,4.388757e-33,7.080669e-24,1.492648e-18,2.920779e-21,-2.923513e-43,-2.991378e-18,-1.495710e-18,-1.560471e-18,1.037443e-33,-7.080620e-24,-1.492728e-18,-2.922694e-21,-4.349031e-33,0.000000e+00,0.000000e+00,0.000000e+00,0.000000e+00,0.000000e+00,0.000000e+00,0.000000e+00,0.000000e+00,6.734877e-20,5.492269e-20,5.608506e-22,5.426200e-33,4.941728e-29,-7.973272e-23,-1.914662e-24,-4.349031e-33
1315.0091,200.00,315.3550,2.042524e+01,1.781164e-02,C,2.819453e-02,1.333333e-01,2.7801%,8.112315e-03,6.909083e-03,2.474695e-04,6.374672e-17,6.190591e-11,2.778360e-05,3.291145e-07,0.000000e+00,0.000000e+00,1.550633e-18,0.000000e+00,0.000000e+00,0.000000e+00,0.000000e+00,0.000000e+00,0.000000e+00,3.059548e-18,1.090612e-31,1.561840e-18,4.383724e-33,7.077734e-24,1.493441e-18,2.919705e-21,1.252934e-43,-2.992679e-18,-1.496361e-18,-1.561132e-18,-4.355495e-33,-7.077556e-24,-1.493380e-18,-2.921203e-21,-4.355217e-33,0.000000e+00,0.000000e+00,0.000000e+00,0.000000e+00,0.000000e+00,0.000000e+00,0.000000e+00,0.000000e+00,6.686914e-20,5.427195e-20,7.083610e-22,2.822858e-35,1.786742e-28,6.144972e-23,-1.497897e-24,-4.355217e-33
1335.0091,200.00,315.3675,2.048103e+01,1.758780e-02,C,2.821974e-02,1.333333e-01,2.7825%,8.154169e-03,6.943147e-03,2.477620e-04,6.408771e-17,6.192974e-11,2.774683e-05,3.280069e-07,0.000000e+00,0.000000e+00,1.550633e-18,0.000000e+00,0.000000e+00,0.000000e+00,0.000000e+00,0.000000e+00,0.000000e+00,3.059812e-18,1.104963e-31,1.562367e-18,4.376810e-33,7.074625e-24,1.493974e-18,2.917976e-21,-2.505868e-43,-2.994019e-18,-1.497031e-18,-1.561811e-18,-4.361681e-33,-7.074571e-24,-1.494051e-18,-2.919812e-21,-4.361402e-33,0.000000e+00,0.000000e+00,0.000000e+00,0.000000e+00,0.000000e+00,0.000000e+00,0.000000e+00,0.000000e+00,6.579260e-20,5.360172e-20,5.560038e-22,1.512869e-35,5.358878e-29,-7.669565e-23,-1.836744e-24,-4.361402e-33
1355.0091,200.00,315.3799,2.053602e+01,1.735988e-02,C,2.824427e-02,1.333333e-01,2.7849%,8.195538e-03,6.976800e-03,2.480516e-04,6.432411e-17,6.195433e-11,2.771195e-05,3.269268e-07,0.000000e+00,0.000000e+00,1.550633e-18,0.000000e+00,0.000000e+00,0.000000e+00,0.000000e+00,0.000000e+00,0.000000e+00,3.060433e-18,1.133663e-31,1.563065e-18,4.371332e-33,7.071722e-24,1.494665e-18,2.916714e-21,-1.252934e-43,-2.995385e-18,-1.497714e-18,-1.562666e-18,-3.360779e-33,-7.071707e-24,-1.494735e-18,-2.918427e-21,-4.367999e-33,0.000000e+00,0.000000e+00,0.000000e+00,0.000000e+00,0.000000e+00,0.000000e+00,0.000000e+00,0.000000e+00,6.504814e-20,5.291895e-20,3.987459e-22,1.010553e-33,1.453879e-29,-6.978450e-23,-1.713010e-24,-4.367999e-33
1375.0091,200.00,315.3921,2.059032e+01,1.717250e-02,C,2.826875e-02,1.333333e-01,2.7873%,8.236425e-03,7.010053e-03,2.483372e-04,6.458758e-17,6.197827e-11,2.767719e-05,3.258691e-07,0.000000e+00,0.000000e+00,1.550633e-18,0.000000e+00,0.000000e+00,0.000000e+00,0.000000e+00,0.000000e+00,0.000000e+00,3.060790e-18,1.176713e-31,1.563628e-18,4.365039e-33,7.068780e-24,1.495230e-18,2.915155e-21,-4.176447e-43,-2.996508e-18,-1.498276e-18,-1.563239e-18,-4.373886e-33,-7.068766e-24,-1.495298e-18,-2.916819e-21,-4.372096e-33,0.000000e+00,0.000000e+00,0.000000e+00,0.000000e+00,0.000000e+00,0.000000e+00,0.000000e+00,0.000000e+00,6.428227e-20,5.235738e-20,3.890348e-22,-8.846656e-36,1.407740e-29,-6.791373e-23,-1.664509e-24,-4.372096e-33
1395.0091,200.00,315.4042,2.064393e+01,1.693195e-02,C,2.829260e-02,1.333333e-01,2.7896%,8.276839e-03,7.042910e-03,2.486198e-04,6.545018e-17,6.200289e-11,2.764429e-05,3.248379e-07,0.000000e+00,0.000000e+00,1.550633e-18,0.000000e+00,0.000000e+00,0.000000e+00,0.000000e+00,0.000000e+00,0.000000e+00,3.061503e-18,1.176713e-31,1.564362e-18,4.360168e-33,7.066036e-24,1.495953e-18,2.914059e-21,-6.264671e-43,-2.997950e-18,-1.498997e-18,-1.563967e-18,-4.344083e-33,-7.066020e-24,-1.496020e-18,-2.915704e-21,-4.380008e-33,0.000000e+00,0.000000e+00,0.000000e+00,0.000000e+00,0.000000e+00,0.000000e+00,0.000000e+00,0.000000e+00,6.355292e-20,5.163616e-20,3.950862e-22,1.608490e-35,1.630485e-29,-6.706634e-23,-1.644957e-24,-4.380008e-33
1415.0091,200.00,315.4161,2.069687e+01,1.673206e-02,C,2.831640e-02,1.333333e-01,2.7919%,8.316784e-03,7.075378e-03,2.488982e-04,6.580440e-17,6.203359e-11,2.761144e-05,3.238277e-07,0.000000e+00,0.000000e+00,1.550633e-18,0.000000e+00,0.000000e+00,0.000000e+00,0.000000e+00,0.000000e+00,0.000000e+00,3.061950e-18,1.212589e-31,1.564960e-18,4.354465e-33,7.063251e-24,1.496549e-18,2.912664e-21,8.352894e-44,-2.999148e-18,-1.499596e-18,-1.564410e-18,-4.385698e-33,-7.062126e-24,-1.496620e-18,-2.914364e-21,-4.385409e-33,0.000000e+00,0.000000e+00,0.000000e+00,0.000000e+00,0.000000e+00,0.000000e+00,0.000000e+00,0.000000e+00,6.280172e-20,5.103663e-20,5.494336e-22,-3.123271e-35,1.124677e-27,-7.131338e-23,-1.699546e-24,-4.385409e-33
1435.0091,200.00,315.4279,2.074911e+01,1.652827e-02,C,2.833986e-02,1.333333e-01,2.7942%,8.356266e-03,7.107459e-03,2.491728e-04,6.609893e-17,6.205068e-11,2.757950e-05,3.228400e-07,0.000000e+00,0.000000e+00,1.550633e-18,0.000000e+00,0.000000e+00,0.000000e+00,0.000000e+00,0.000000e+00,0.000000e+00,3.062447e-18,1.234114e-31,1.565577e-18,4.349070e-33,7.060536e-24,1.497163e-18,2.911358e-21,-4.176447e-43,-3.000371e-18,-1.500208e-18,-1.565030e-18,-3.764157e-33,-7.060480e-24,-1.497233e-18,-2.913024e-21,-4.391221e-33,0.000000e+00,0.000000e+00,0.000000e+00,0.000000e+00,0.000000e+00,0.000000e+00,0.000000e+00,0.000000e+00,6.207580e-20,5.042511e-20,5.470228e-22,5.849131e-34,5.644478e-29,-7.008243e-23,-1.666413e-24,-4.391221e-33
1455.0091,200.00,315.4395,2.080077e+01,1.632040e-02,C,2.836303e-02,1.333333e-01,2.7965%,8.395292e-03,7.139163e-03,2.494432e-04,6.641838e-17,6.207434e-11,2.754850e-05,3.218750e-07,0.000000e+00,0.000000e+00,1.550633e-18,0.000000e+00,0.000000e+00,0.000000e+00,0.000000e+00,0.000000e+00,0.000000e+00,3.062994e-18,1.284340e-31,1.566214e-18,4.343958e-33,7.057890e-24,1.497794e-18,2.910138e-21,-4.594092e-43,-3.001619e-18,-1.500832e-18,-1.565827e-18,-3.582466e-33,-7.057872e-24,-1.497858e-18,-2.911685e-21,-4.397429e-33,0.000000e+00,0.000000e+00,0.000000e+00,0.000000e+00,0.000000e+00,0.000000e+00,0.000000e+00,0.000000e+00,6.137461e-20,4.980112e-20,3.870495e-22,7.614918e-34,1.831242e-29,-6.353122e-23,-1.547247e-24,-4.397429e-33
1475.0091,200.00,315.4510,2.085172e+01,1.615355e-02,C,2.838616e-02,1.333333e-01,2.7987%,8.433865e-03,7.170491e-03,2.497100e-04,6.682312e-17,6.209738e-11,2.751744e-05,3.209284e-07,0.000000e+00,0.000000e+00,1.550633e-18,0.000000e+00,0.000000e+00,0.000000e+00,0.000000e+00,0.000000e+00,0.000000e+00,3.063273e-18,1.284340e-31,1.566714e-18,4.338010e-33,7.055202e-24,1.498299e-18,2.908616e-21,0.000000e+00,-3.002621e-18,-1.501333e-18,-1.566338e-18,-4.400719e-33,-7.055183e-24,-1.498360e-18,-2.910116e-21,-4.402843e-33,0.000000e+00,0.000000e+00,0.000000e+00,0.000000e+00,0.000000e+00,0.000000e+00,0.000000e+00,0.000000e+00,6.065193e-20,4.930008e-20,3.763604e-22,-6.270815e-35,1.833518e-29,-6.131298e-23,-1.500257e-24,-4.402843e-33
1495.0091,200.00,315.4623,2.090204e+01,1.593579e-02,C,2.840867e-02,1.333333e-01,2.8009%,8.471995e-03,7.201450e-03,2.499747e-04,6.704677e-17,6.212122e-11,2.748809e-05,3.200047e-07,0.000000e+00,0.000000e+00,1.550633e-18,0.000000e+00,0.000000e+00,0.000000e+00,0.000000e+00,0.000000e+00,0.000000e+00,3.063893e-18,1.291515e-31,1.567379e-18,4.333425e-33,7.052703e-24,1.498954e-18,2.907536e-21,3.341158e-43,-3.003929e-18,-1.501987e-18,-1.566999e-18,-4.206928e-33,-7.052683e-24,-1.499015e-18,-2.909016e-21,-4.408636e-33,0.000000e+00,0.000000e+00,0.000000e+00,0.000000e+00,0.000000e+00,0.000000e+00,0.000000e+00,0.000000e+00,5.996401e-20,4.864591e-20,3.799673e-22,1.264977e-34,1.976961e-29,-6.058852e-23,-1.480789e-24,-4.408636e-33
1515.0091,200.00,315.4735,2.095171e+01,1.575918e-02,C,2.843114e-02,1.333333e-01,2.8031%,8.509685e-03,7.232042e-03,2.502347e-04,6.739813e-17,6.214418e-11,2.745869e-05,3.190989e-07,0.000000e+00,0.000000e+00,1.550633e-18,0.000000e+00,0.000000e+00,0.000000e+00,0.000000e+00,0.000000e+00,0.000000e+00,3.064256e-18,1.370441e-31,1.567912e-18,4.328017e-33,7.050151e-24,1.499487e-18,2.906167e-21,-3.341158e-43,-3.004990e-18,-1.502518e-18,-1.567539e-18,-4.414327e-33,-7.050131e-24,-1.499547e-18,-2.907611e-21,-4.413838e-33,0.000000e+00,0.000000e+00,0.000000e+00,0.000000e+00,0.000000e+00,0.000000e+00,0.000000e+00,0.000000e+00,5.926583e-20,4.811514e-20,3.731512e-22,-8.631000e-35,1.991175e-29,-5.911780e-23,-1.444034e-24,-4.413838e-33
1535.0091,200.00,315.4846,2.100085e+01,1.557850e-02,C,2.845336e-02,1.333333e-01,2.8052%,8.546939e-03,7.262275e-03,2.504918e-04,6.763724e-17,6.216718e-11,2.743007e-05,3.182126e-07,0.000000e+00,0.000000e+00,1.550633e-18,0.000000e+00,0.000000e+00,0.000000e+00,0.000000e+00,0.000000e+00,0.000000e+00,3.064655e-18,1.406316e-31,1.568458e-18,4.322849e-33,7.047671e-24,1.500033e-18,2.904865e-21,-6.264671e-43,-3.006076e-18,-1.503061e-18,-1.568090e-18,-4.343063e-33,-7.047651e-24,-1.500091e-18,-2.906277e-21,-4.419441e-33,0.000000e+00,0.000000e+00,0.000000e+00,0.000000e+00,0.000000e+00,0.000000e+00,0.000000e+00,0.000000e+00,5.857922e-20,4.757196e-20,3.681778e-22,-2.021343e-35,2.008532e-29,-5.782181e-23,-1.411313e-24,-4.419441e-33
1555.0091,200.00,315.4955,2.104923e+01,1.539248e-02,C,2.847521e-02,1.333333e-01,2.8074%,8.583766e-03,7.292150e-03,2.507453e-04,6.796065e-17,6.219003e-11,2.740222e-05,3.173450e-07,0.000000e+00,0.000000e+00,1.550633e-18,0.000000e+00,0.000000e+00,0.000000e+00,0.000000e+00,0.000000e+00,0.000000e+00,3.065100e-18,1.413491e-31,1.569022e-18,4.317967e-33,7.045249e-24,1.500594e-18,2.903646e-21,-1.252934e-43,-3.007195e-18,-1.503620e-18,-1.568657e-18,-4.425150e-33,-7.045228e-24,-1.500651e-18,-2.905029e-21,-4.424785e-33,0.000000e+00,0.000000e+00,0.000000e+00,0.000000e+00,0.000000e+00,0.000000e+00,0.000000e+00,0.000000e+00,5.790539e-20,4.701254e-20,3.654238e-22,-1.071831e-34,2.085120e-29,-5.669753e-23,-1.383135e-24,-4.424785e-33
1575.0091,200.00,315.5063,2.109712e+01,1.520264e-02,C,2.849681e-02,1.333333e-01,2.8095%,8.620170e-03,7.321677e-03,2.509958e-04,6.822521e-17,6.221289e-11,2.737512e-05,3.164961e-07,0.000000e+00,0.000000e+00,1.550633e-18,0.000000e+00,0.000000e+00,0.000000e+00,0.000000e+00,0.000000e+00,0.000000e+00,3.065580e-18,1.442191e-31,1.569600e-18,4.313314e-33,7.042893e-24,1.501168e-18,2.902491e-21,8.352894e-44,-3.008337e-18,-1.504192e-18,-1.569235e-18,-4.430540e-33,-7.042871e-24,-1.501223e-18,-2.903849e-21,-4.430237e-33,0.000000e+00,0.000000e+00,0.000000e+00,0.000000e+00,0.000000e+00,0.000000e+00,0.000000e+00,0.000000e+00,5.724334e-20,4.644138e-20,3.645939e-22,-1.172263e-34,2.145859e-29,-5.549373e-23,-1.358609e-24,-4.430237e-33
1595.0091,200.00,315.5169,2.114437e+01,1.500904e-02,C,2.851808e-02,1.333333e-01,2.8115%,8.656155e-03,7.350857e-03,2.512437e-04,6.831570e-17,6.224105e-11,2.734873e-05,3.156648e-07,0.000000e+00,0.000000e+00,1.550633e-18,0.000000e+00,0.000000e+00,0.000000e+00,0.000000e+00,0.000000e+00,0.000000e+00,3.066093e-18,1.470892e-31,1.570190e-18,4.308898e-33,7.040600e-24,1.501752e-18,2.901400e-21,-4.176447e-44,-3.009502e-18,-1.504774e-18,-1.569825e-18,-4.435922e-33,-7.039738e-24,-1.501806e-18,-2.902738e-21,-4.435619e-33,0.000000e+00,0.000000e+00,0.000000e+00,0.000000e+00,0.000000e+00,0.000000e+00,0.000000e+00,0.000000e+00,5.659161e-20,4.585872e-20,3.650943e-22,-1.270237e-34,8.620914e-28,-5.491023e-23,-1.337526e-24,-4.435619e-33
1615.0091,200.00,315.5274,2.119100e+01,1.485679e-02,C,2.853938e-02,1.333333e-01,2.8136%,8.691726e-03,7.379693e-03,2.514870e-04,6.848505e-17,6.225780e-11,2.732218e-05,3.148487e-07,0.000000e+00,0.000000e+00,1.550633e-18,0.000000e+00,0.000000e+00,0.000000e+00,0.000000e+00,0.000000e+00,0.000000e+00,3.066348e-18,1.542643e-31,1.570647e-18,4.303629e-33,7.038254e-24,1.502213e-18,2.900018e-21,5.429381e-43,-3.010418e-18,-1.505233e-18,-1.570291e-18,-4.219470e-33,-7.038232e-24,-1.502266e-18,-2.901317e-21,-4.440170e-33,0.000000e+00,0.000000e+00,0.000000e+00,0.000000e+00,0.000000e+00,0.000000e+00,0.000000e+00,0.000000e+00,5.592984e-20,4.540035e-20,3.555540e-22,8.415839e-35,2.234236e-29,-5.315866e-23,-1.299906e-24,-4.440170e-33
1635.0091,200.00,315.5378,2.123707e+01,1.465425e-02,C,2.856005e-02,1.333333e-01,2.8156%,8.726891e-03,7.408192e-03,2.517286e-04,6.904488e-17,6.228051e-11,2.729719e-05,3.140516e-07,0.000000e+00,0.000000e+00,1.550633e-18,0.000000e+00,0.000000e+00,0.000000e+00,0.000000e+00,0.000000e+00,0.000000e+00,3.066939e-18,1.521117e-31,1.571267e-18,4.299709e-33,7.036075e-24,1.502824e-18,2.899068e-21,2.923513e-43,-3.011638e-18,-1.505843e-18,-1.570907e-18,2.098183e-32,-7.036052e-24,-1.502877e-18,-2.900354e-21,-4.445992e-33,0.000000e+00,0.000000e+00,0.000000e+00,0.000000e+00,0.000000e+00,0.000000e+00,0.000000e+00,0.000000e+00,5.530106e-20,4.479035e-20,3.598119e-22,2.528154e-32,2.351894e-29,-5.289179e-23,-1.286334e-24,-4.445992e-33
1655.0091,200.00,315.5481,2.128260e+01,1.449313e-02,C,2.858076e-02,1.333333e-01,2.8176%,8.761651e-03,7.436357e-03,2.519655e-04,6.924217e-17,6.231705e-11,2.727200e-05,3.132691e-07,0.000000e+00,0.000000e+00,1.550633e-18,0.000000e+00,0.000000e+00,0.000000e+00,0.000000e+00,0.000000e+00,0.000000e+00,3.067270e-18,1.571343e-31,1.571754e-18,4.294920e-33,7.033842e-24,1.503311e-18,2.897825e-21,5.847026e-43,-3.012609e-18,-1.506328e-18,-1.571400e-18,-4.451289e-33,-7.031486e-24,-1.503363e-18,-2.899081e-21,-4.450980e-33,0.000000e+00,0.000000e+00,0.000000e+00,0.000000e+00,0.000000e+00,0.000000e+00,0.000000e+00,0.000000e+00,5.466156e-20,4.430493e-20,3.538399e-22,-1.563686e-34,2.355995e-27,-5.168900e-23,-1.256227e-24,-4.450980e-33
1675.0091,200.00,315.5582,2.132753e+01,1.432851e-02,C,2.860118e-02,1.333333e-01,2.8196%,8.796014e-03,7.464194e-03,2.521998e-04,6.965057e-17,6.232412e-11,2.724746e-05,3.125024e-07,0.000000e+00,0.000000e+00,1.550633e-18,0.000000e+00,0.000000e+00,0.000000e+00,0.000000e+00,0.000000e+00,0.000000e+00,3.067633e-18,1.614393e-31,1.572253e-18,4.290349e-33,7.031667e-24,1.503809e-18,2.896642e-21,4.176447e-44,-3.013601e-18,-1.506824e-18,-1.571904e-18,-4.456266e-33,-7.031643e-24,-1.503860e-18,-2.897872e-21,-4.455957e-33,0.000000e+00,0.000000e+00,0.000000e+00,0.000000e+00,0.000000e+00,0.000000e+00,0.000000e+00,0.000000e+00,5.403268e-20,4.380881e-20,3.494714e-22,-1.659168e-34,2.414084e-29,-5.061674e-23,-1.229386e-24,-4.455957e-33
1695.0091,200.00,315.5682,2.137190e+01,1.415959e-02,C,2.862132e-02,1.333333e-01,2.8216%,8.829984e-03,7.491706e-03,2.524316e-04,7.003680e-17,6.234594e-11,2.722352e-05,3.117513e-07,0.000000e+00,0.000000e+00,1.550633e-18,0.000000e+00,0.000000e+00,0.000000e+00,0.000000e+00,0.000000e+00,0.000000e+00,3.068028e-18,1.635919e-31,1.572764e-18,4.285998e-33,7.029549e-24,1.504318e-18,2.895519e-21,-3.341158e-43,-3.014619e-18,-1.507333e-18,-1.572417e-18,-4.461238e-33,-7.029524e-24,-1.504370e-18,-2.896681e-21,-4.460926e-33,0.000000e+00,0.000000e+00,0.000000e+00,0.000000e+00,0.000000e+00,0.000000e+00,0.000000e+00,0.000000e+00,5.340904e-20,4.329955e-20,3.466125e-22,-1.752403e-34,2.457734e-29,-5.232459e-23,-1.161900e-24,-4.460926e-33
1715.0091,200.00,315.5780,2.141566e+01,1.398902e-02,C,2.864116e-02,1.333333e-01,2.8235%,8.863567e-03,7.518897e-03,2.526609e-04,7.020228e-17,6.236775e-11,2.720023e-05,3.110146e-07,0.000000e+00,0.000000e+00,1.550633e-18,0.000000e+00,0.000000e+00,0.000000e+00,0.000000e+00,0.000000e+00,0.000000e+00,3.068454e-18,1.635919e-31,1.573286e-18,4.281859e-33,7.027485e-24,1.504836e-18,2.894455e-21,9.605828e-43,-3.015647e-18,-1.507848e-18,-1.572940e-18,-4.466198e-33,-7.027460e-24,-1.504885e-18,-2.895640e-21,-4.465883e-33,0.000000e+00,0.000000e+00,0.000000e+00,0.000000e+00,0.000000e+00,0.000000e+00,0.000000e+00,0.000000e+00,5.280614e-20,4.278514e-20,3.453914e-22,-1.843390e-34,2.523016e-29,-4.886068e-23,-1.184983e-24,-4.465883e-33
1735.0091,200.00,315.5878,2.145899e+01,1.381242e-02,C,2.866078e-02,1.333333e-01,2.8254%,8.896766e-03,7.545772e-03,2.528865e-04,7.057454e-17,6.238928e-11,2.717754e-05,3.102935e-07,0.000000e+00,0.000000e+00,1.550633e-18,0.000000e+00,0.000000e+00,0.000000e+00,0.000000e+00,0.000000e+00,0.000000e+00,3.068922e-18,1.693319e-31,1.573825e-18,4.277957e-33,7.025466e-24,1.505370e-18,2.893465e-21,4.176447e-44,-3.016713e-18,-1.508381e-18,-1.573479e-18,-4.471160e-33,-7.025440e-24,-1.505419e-18,-2.894633e-21,-4.470844e-33,0.000000e+00,0.000000e+00,0.000000e+00,0.000000e+00,0.000000e+00,0.000000e+00,0.000000e+00,0.000000e+00,5.220897e-20,4.225238e-20,3.460533e-22,-1.932030e-34,2.607598e-29,-4.826026e-23,-1.167813e-24,-4.470844e-33
1755.0091,200.00,315.5974,2.150177e+01,1.368096e-02,C,2.868013e-02,1.333333e-01,2.8273%,8.929586e-03,7.572335e-03,2.531106e-04,7.101086e-17,6.241102e-11,2.715540e-05,3.095861e-07,0.000000e+00,0.000000e+00,1.550633e-18,0.000000e+00,0.000000e+00,0.000000e+00,0.000000e+00,0.000000e+00,0.000000e+00,3.069409e-18,1.743545e-31,1.574370e-18,4.274231e-33,7.023507e-24,1.505910e-18,2.892517e-21,-5.847026e-43,-3.017506e-18,-1.508777e-18,-1.573884e-18,-4.475700e-33,-7.023387e-24,-1.505816e-18,-2.893285e-21,-4.475383e-33,0.000000e+00,0.000000e+00,0.000000e+00,0.000000e+00,0.000000e+00,0.000000e+00,0.000000e+00,0.000000e+00,5.190344e-20,4.185567e-20,4.868683e-22,-2.014691e-34,1.204920e-28,9.319671e-23,-7.681319e-25,-4.475383e-33
1775.0091,200.00,315.6069,2.154393e+01,1.349779e-02,C,2.869947e-02,1.333333e-01,2.8292%,8.962031e-03,7.598587e-03,2.533304e-04,7.106593e-17,6.243191e-11,2.713296e-05,3.088904e-07,0.000000e+00,0.000000e+00,1.550633e-18,0.000000e+00,0.000000e+00,0.000000e+00,0.000000e+00,0.000000e+00,0.000000e+00,3.069633e-18,1.714844e-31,1.574781e-18,4.269615e-33,7.021493e-24,1.506324e-18,2.891269e-21,0.000000e+00,-3.018611e-18,-1.509330e-18,-1.574442e-18,-2.798854e-33,-7.021466e-24,-1.506370e-18,-2.892391e-21,-4.480330e-33,0.000000e+00,0.000000e+00,0.000000e+00,0.000000e+00,0.000000e+00,0.000000e+00,0.000000e+00,0.000000e+00,5.102122e-20,4.130275e-20,3.390962e-22,1.470761e-33,2.672745e-29,-4.639479e-23,-1.122049e-24,-4.480330e-33
1795.0091,200.00,315.6163,2.158568e+01,1.335796e-02,C,2.871861e-02,1.333333e-01,2.8310%,8.994107e-03,7.624537e-03,2.535476e-04,7.138995e-17,6.245273e-11,2.711108e-05,3.082086e-07,0.000000e+00,0.000000e+00,1.550633e-18,0.000000e+00,0.000000e+00,0.000000e+00,0.000000e+00,0.000000e+00,0.000000e+00,3.069887e-18,1.772245e-31,1.575203e-18,4.265189e-33,7.019529e-24,1.506748e-18,2.890079e-21,2.088224e-43,-3.019456e-18,-1.509752e-18,-1.574871e-18,-4.350525e-33,-7.019503e-24,-1.506793e-18,-2.891173e-21,-4.484863e-33,0.000000e+00,0.000000e+00,0.000000e+00,0.000000e+00,0.000000e+00,0.000000e+00,0.000000e+00,0.000000e+00,5.043134e-20,4.088050e-20,3.319595e-22,-8.533642e-35,2.660501e-29,-4.519813e-23,-1.094104e-24,-4.484863e-33
1815.0091,200.00,315.6256,2.162690e+01,1.316679e-02,C,2.873714e-02,1.333333e-01,2.8328%,9.025820e-03,7.650185e-03,2.537623e-04,7.158422e-17,6.247384e-11,2.709066e-05,3.075427e-07,0.000000e+00,0.000000e+00,1.550633e-18,0.000000e+00,0.000000e+00,0.000000e+00,0.000000e+00,0.000000e+00,0.000000e+00,3.070485e-18,1.836821e-31,1.575792e-18,4.262123e-33,7.017695e-24,1.507326e-18,2.889328e-21,3.758802e-43,-3.020610e-18,-1.510330e-18,-1.575453e-18,-4.490013e-33,-7.019315e-24,-1.507371e-18,-2.890417e-21,-4.487189e-33,0.000000e+00,0.000000e+00,0.000000e+00,0.000000e+00,0.000000e+00,0.000000e+00,0.000000e+00,0.000000e+00,4.987478e-20,4.030304e-20,3.388036e-22,-2.278901e-34,-1.619696e-27,-4.511634e-23,-1.088589e-24,-4.487189e-33
1835.0091,200.00,315.6348,2.166758e+01,1.302053e-02,C,2.875574e-02,1.333333e-01,2.8346%,9.057170e-03,7.675534e-03,2.539749e-04,7.203156e-17,6.249463e-11,2.706982e-05,3.068866e-07,0.000000e+00,0.000000e+00,1.550633e-18,0.000000e+00,0.000000e+00,0.000000e+00,0.000000e+00,0.000000e+00,0.000000e+00,3.070797e-18,1.815296e-31,1.576235e-18,4.258096e-33,7.015832e-24,1.507769e-18,2.888247e-21,-2.088224e-43,-3.021494e-18,-1.510772e-18,-1.575901e-18,-4.494727e-33,-7.015803e-24,-1.507814e-18,-2.889312e-21,-4.496366e-33,0.000000e+00,0.000000e+00,0.000000e+00,0.000000e+00,0.000000e+00,0.000000e+00,0.000000e+00,0.000000e+00,4.930298e-20,3.986112e-20,3.344133e-22,-2.366308e-34,2.827788e-29,-4.415875e-23,-1.065975e-24,-4.496366e-33
1855.0091,200.00,315.6438,2.170769e+01,1.286968e-02,C,2.877406e-02,1.333333e-01,2.8364%,9.088165e-03,7.700591e-03,2.541840e-04,7.259131e-17,6.251508e-11,2.704953e-05,3.062435e-07,0.000000e+00,0.000000e+00,1.550633e-18,0.000000e+00,0.000000e+00,0.000000e+00,0.000000e+00,0.000000e+00,0.000000e+00,3.071148e-18,1.800945e-31,1.576694e-18,4.254288e-33,7.014000e-24,1.508227e-18,2.887234e-21,0.000000e+00,-3.022406e-18,-1.511228e-18,-1.576363e-18,-4.499169e-33,-7.013974e-24,-1.508270e-18,-2.888281e-21,-4.498843e-33,0.000000e+00,0.000000e+00,0.000000e+00,0.000000e+00,0.000000e+00,0.000000e+00,0.000000e+00,0.000000e+00,4.874260e-20,3.940517e-20,3.318335e-22,-2.448813e-34,2.665562e-29,-4.342425e-23,-1.046470e-24,-4.498843e-33
1875.0091,200.00,315.6527,2.174735e+01,1.271572e-02,C,2.879214e-02,1.333333e-01,2.8382%,9.118809e-03,7.725358e-03,2.543906e-04,7.280765e-17,6.253547e-11,2.702974e-05,3.056128e-07,0.000000e+00,0.000000e+00,1.550633e-18,0.000000e+00,0.000000e+00,0.000000e+00,0.000000e+00,0.000000e+00,0.000000e+00,3.071528e-18,1.815296e-31,1.577164e-18,4.250663e-33,7.012214e-24,1.508694e-18,2.886275e-21,-7.099960e-43,-3.023336e-18,-1.511693e-18,-1.576834e-18,-4.503683e-33,-7.012185e-24,-1.508737e-18,-2.887305e-21,-4.503355e-33,0.000000e+00,0.000000e+00,0.000000e+00,0.000000e+00,0.000000e+00,0.000000e+00,0.000000e+00,0.000000e+00,4.819121e-20,3.893969e-20,3.306344e-22,-2.530203e-34,2.916338e-29,-4.272936e-23,-1.029543e-24,-4.503355e-33
1895.0091,200.00,315.6616,2.178665e+01,1.255860e-02,C,2.881001e-02,1.333333e-01,2.8399%,9.149104e-03,7.749842e-03,2.545948e-04,7.333629e-17,6.255577e-11,2.701045e-05,3.049942e-07,0.000000e+00,0.000000e+00,1.550633e-18,0.000000e+00,0.000000e+00,0.000000e+00,0.000000e+00,0.000000e+00,0.000000e+00,3.071935e-18,1.822471e-31,1.577645e-18,4.247219e-33,7.010470e-24,1.509170e-18,2.885368e-21,6.264671e-43,-3.024287e-18,-1.512168e-18,-1.577314e-18,-3.359836e-33,-7.010441e-24,-1.509212e-18,-2.886383e-21,-4.507667e-33,0.000000e+00,0.000000e+00,0.000000e+00,0.000000e+00,0.000000e+00,0.000000e+00,0.000000e+00,0.000000e+00,4.764871e-20,3.846450e-20,3.307435e-22,8.873822e-34,2.983543e-29,-4.218702e-23,-1.015044e-24,-4.507667e-33
1915.0091,200.00,315.6703,2.182531e+01,1.244501e-02,C,2.882791e-02,1.333333e-01,2.8416%,9.179055e-03,7.774039e-03,2.547959e-04,7.332450e-17,6.257548e-11,2.699074e-05,3.043845e-07,0.000000e+00,0.000000e+00,1.550633e-18,0.000000e+00,0.000000e+00,0.000000e+00,0.000000e+00,0.000000e+00,0.000000e+00,3.072067e-18,1.915747e-31,1.577984e-18,4.242825e-33,7.008682e-24,1.509516e-18,2.884144e-21,6.264671e-43,-3.024974e-18,-1.512512e-18,-1.577664e-18,-4.512283e-33,-7.008653e-24,-1.509557e-18,-2.885128e-21,-4.511953e-33,0.000000e+00,0.000000e+00,0.000000e+00,0.000000e+00,0.000000e+00,0.000000e+00,0.000000e+00,0.000000e+00,4.709314e-20,3.812087e-20,3.201070e-22,-2.694582e-34,2.918130e-29,-4.093684e-23,-9.846962e-25,-4.511953e-33
1935.0091,200.00,315.6789,2.186353e+01,1.228203e-02,C,2.884527e-02,1.333333e-01,2.8433%,9.208669e-03,7.797959e-03,2.549957e-04,7.369356e-17,6.259566e-11,2.697237e-05,3.037885e-07,0.000000e+00,0.000000e+00,1.550633e-18,0.000000e+00,0.000000e+00,0.000000e+00,0.000000e+00,0.000000e+00,0.000000e+00,3.072528e-18,1.951622e-31,1.578485e-18,4.239749e-33,7.007022e-24,1.510010e-18,2.883339e-21,-2.505868e-43,-3.025960e-18,-1.513005e-18,-1.578162e-18,-4.516772e-33,-7.006991e-24,-1.510051e-18,-2.884314e-21,-4.516440e-33,0.000000e+00,0.000000e+00,0.000000e+00,0.000000e+00,0.000000e+00,0.000000e+00,0.000000e+00,0.000000e+00,4.656851e-20,3.762768e-20,3.228226e-22,-2.770232e-34,3.013136e-29,-4.054836e-23,-9.748335e-25,-4.516440e-33
1955.0091,200.00,315.6874,2.190138e+01,1.216283e-02,C,2.886246e-02,1.333333e-01,2.8450%,9.237948e-03,7.821606e-03,2.551928e-04,7.384247e-17,6.261572e-11,2.695447e-05,3.032041e-07,0.000000e+00,0.000000e+00,1.550633e-18,0.000000e+00,0.000000e+00,0.000000e+00,0.000000e+00,0.000000e+00,0.000000e+00,3.073018e-18,1.930097e-31,1.578997e-18,4.236840e-33,7.005401e-24,1.510514e-18,2.882585e-21,-2.088224e-43,-3.026681e-18,-1.513366e-18,-1.578530e-18,-4.520395e-33,-7.005286e-24,-1.510414e-18,-2.883165e-21,-4.510034e-33,0.000000e+00,0.000000e+00,0.000000e+00,0.000000e+00,0.000000e+00,0.000000e+00,0.000000e+00,0.000000e+00,4.633702e-20,3.726690e-20,4.662247e-22,-2.835558e-34,1.148551e-28,1.001516e-22,-5.805449e-25,-4.510034e-33
1975.0091,200.00,315.6958,2.193845e+01,1.199214e-02,C,2.887954e-02,1.333333e-01,2.8467%,9.266894e-03,7.844970e-03,2.553867e-04,7.412687e-17,6.263503e-11,2.693611e-05,3.026273e-07,0.000000e+00,0.000000e+00,1.550633e-18,0.000000e+00,0.000000e+00,0.000000e+00,0.000000e+00,0.000000e+00,0.000000e+00,3.073239e-18,1.908572e-31,1.579371e-18,4.233026e-33,7.003724e-24,1.510890e-18,2.881526e-21,-5.847026e-43,-3.027715e-18,-1.513883e-18,-1.579050e-18,-4.526698e-33,-7.003688e-24,-1.510930e-18,-2.882471e-21,-4.525013e-33,0.000000e+00,0.000000e+00,0.000000e+00,0.000000e+00,0.000000e+00,0.000000e+00,0.000000e+00,0.000000e+00,4.552402e-20,3.675009e-20,3.203855e-22,-2.936723e-34,3.571262e-29,-3.936024e-23,-9.443775e-25,-4.525013e-33
1995.0091,200.00,315.7041,2.197539e+01,1.186677e-02,C,2.889655e-02,1.333333e-01,2.8483%,9.295513e-03,7.868077e-03,2.555784e-04,7.486027e-17,6.267761e-11,2.691820e-05,3.020619e-07,0.000000e+00,0.000000e+00,1.550633e-18,0.000000e+00,0.000000e+00,0.000000e+00,0.000000e+00,0.000000e+00,0.000000e+00,3.073477e-18,1.973147e-31,1.579750e-18,4.229320e-33,7.002096e-24,1.511272e-18,2.880502e-21,-1.670579e-43,-3.028474e-18,-1.514263e-18,-1.579436e-18,-4.529403e-33,-6.998382e-24,-1.511310e-18,-2.881425e-21,-4.529065e-33,0.000000e+00,0.000000e+00,0.000000e+00,0.000000e+00,0.000000e+00,0.000000e+00,0.000000e+00,0.000000e+00,4.500306e-20,3.637040e-20,3.148656e-22,-3.000828e-34,3.714132e-27,-3.850065e-23,-9.233095e-25,-4.529065e-33
2015.0091,200.00,315.7123,2.201188e+01,1.173849e-02,C,2.891332e-02,1.333333e-01,2.8499%,9.323809e-03,7.890918e-03,2.557679e-04,7.566592e-17,6.267361e-11,2.690071e-05,3.015068e-07,0.000000e+00,0.000000e+00,1.550633e-18,0.000000e+00,0.000000e+00,0.000000e+00,0.000000e+00,0.000000e+00,0.000000e+00,3.073741e-18,1.958797e-31,1.580140e-18,4.225784e-33,7.000506e-24,1.511662e-18,2.879526e-21,7.099960e-43,-3.029251e-18,-1.514651e-18,-1.579829e-18,-4.533453e-33,-7.000475e-24,-1.511699e-18,-2.880432e-21,-4.533108e-33,0.000000e+00,0.000000e+00,0.000000e+00,0.000000e+00,0.000000e+00,0.000000e+00,0.000000e+00,0.000000e+00,4.449025e-20,3.598179e-20,3.105484e-22,-3.076691e-34,3.103203e-29,-3.784627e-23,-9.055306e-25,-4.533108e-33
2035.0091,200.00,315.7204,2.204793e+01,1.160763e-02,C,2.892957e-02,1.333333e-01,2.8515%,9.351788e-03,7.913497e-03,2.559551e-04,7.661501e-17,6.269302e-11,2.688456e-05,3.009646e-07,0.000000e+00,0.000000e+00,1.550633e-18,0.000000e+00,0.000000e+00,0.000000e+00,0.000000e+00,0.000000e+00,0.000000e+00,3.074345e-18,2.009023e-31,1.580696e-18,4.223589e-33,6.999023e-24,1.512205e-18,2.878982e-21,7.099960e-43,-3.030043e-18,-1.515048e-18,-1.580401e-18,-4.538860e-33,-6.998953e-24,-1.512097e-18,-2.879416e-21,-4.537465e-33,0.000000e+00,0.000000e+00,0.000000e+00,0.000000e+00,0.000000e+00,0.000000e+00,0.000000e+00,0.000000e+00,4.430164e-20,3.558528e-20,2.946283e-22,-3.152714e-34,6.987778e-29,1.080631e-22,-4.335453e-25,-4.537465e-33
2055.0091,200.00,315.7284,2.208346e+01,1.147194e-02,C,2.894588e-02,1.333333e-01,2.8531%,9.379450e-03,7.935815e-03,2.561403e-04,7.672774e-17,6.271209e-11,2.686788e-05,3.004292e-07,0.000000e+00,0.000000e+00,1.550633e-18,0.000000e+00,0.000000e+00,0.000000e+00,0.000000e+00,0.000000e+00,0.000000e+00,3.074660e-18,1.994673e-31,1.581104e-18,4.220388e-33,6.997504e-24,1.512611e-18,2.878101e-21,4.176447e-44,-3.030866e-18,-1.515459e-18,-1.580647e-18,-4.541870e-33,-6.997393e-24,-1.512508e-18,-2.878607e-21,-4.541195e-33,0.000000e+00,0.000000e+00,0.000000e+00,0.000000e+00,0.000000e+00,0.000000e+00,0.000000e+00,0.000000e+00,4.379395e-20,3.517402e-20,4.572339e-22,-3.214812e-34,1.111158e-28,1.029903e-22,-5.054373e-25,-4.541195e-33
2075.0091,200.00,315.7364,2.211865e+01,1.133543e-02,C,2.896231e-02,1.333333e-01,2.8547%,9.406798e-03,7.957878e-03,2.563225e-04,7.733088e-17,6.273054e-11,2.685071e-05,2.999011e-07,0.000000e+00,0.000000e+00,1.550633e-18,0.000000e+00,0.000000e+00,0.000000e+00,0.000000e+00,0.000000e+00,0.000000e+00,3.074696e-18,2.059248e-31,1.581371e-18,4.216201e-33,6.995937e-24,1.512887e-18,2.876899e-21,3.758802e-43,-3.031693e-18,-1.515873e-18,-1.581065e-18,-4.545575e-33,-6.997008e-24,-1.512923e-18,-2.877760e-21,-4.545222e-33,0.000000e+00,0.000000e+00,0.000000e+00,0.000000e+00,0.000000e+00,0.000000e+00,0.000000e+00,0.000000e+00,4.300264e-20,3.476017e-20,3.052643e-22,-3.293735e-34,-1.070881e-27,-3.604542e-23,-8.608519e-25,-4.545222e-33
2095.0091,200.00,315.7442,2.215333e+01,1.119619e-02,C,2.897818e-02,1.333333e-01,2.8562%,9.433841e-03,7.979688e-03,2.565034e-04,7.761366e-17,6.274941e-11,2.683481e-05,2.993847e-07,0.000000e+00,0.000000e+00,1.550633e-18,0.000000e+00,0.000000e+00,0.000000e+00,0.000000e+00,0.000000e+00,0.000000e+00,3.075060e-18,2.087949e-31,1.581798e-18,4.213320e-33,6.994488e-24,1.513310e-18,2.876111e-21,3.758802e-43,-3.032538e-18,-1.516295e-18,-1.581492e-18,-4.048326e-33,-6.994469e-24,-1.513346e-18,-2.876961e-21,-4.549131e-33,0.000000e+00,0.000000e+00,0.000000e+00,0.000000e+00,0.000000e+00,0.000000e+00,0.000000e+00,0.000000e+00,4.252235e-20,3.433792e-20,3.056571e-22,1.649940e-34,1.930921e-29,-3.562753e-23,-8.500543e-25,-4.549131e-33
2115.0091,200.00,315.7519,2.218759e+01,1.105254e-02,C,2.899384e-02,1.333333e-01,2.8578%,9.460580e-03,8.001249e-03,2.566811e-04,7.766884e-17,6.276788e-11,2.681933e-05,2.988781e-07,0.000000e+00,0.000000e+00,1.550633e-18,0.000000e+00,0.000000e+00,0.000000e+00,0.000000e+00,0.000000e+00,0.000000e+00,3.075460e-18,2.073599e-31,1.582240e-18,4.210623e-33,6.993059e-24,1.513747e-18,2.875384e-21,2.088224e-43,-3.033409e-18,-1.516731e-18,-1.581932e-18,-4.553537e-33,-6.993025e-24,-1.513782e-18,-2.876226e-21,-4.553258e-33,0.000000e+00,0.000000e+00,0.000000e+00,0.000000e+00,0.000000e+00,0.000000e+00,0.000000e+00,0.000000e+00,4.205111e-20,3.390217e-20,3.078021e-22,-3.429144e-34,3.387440e-29,-3.519764e-23,-8.415574e-25,-4.553258e-33
2135.0091,200.00,315.7595,2.222148e+01,1.090988e-02,C,2.900931e-02,1.333333e-01,2.8593%,9.487018e-03,8.022565e-03,2.568577e-04,7.787429e-17,6.278646e-11,2.680418e-05,2.983801e-07,0.000000e+00,0.000000e+00,1.550633e-18,0.000000e+00,0.000000e+00,0.000000e+00,0.000000e+00,0.000000e+00,0.000000e+00,3.075873e-18,2.087949e-31,1.582685e-18,4.208048e-33,6.991670e-24,1.514186e-18,2.874687e-21,5.011737e-43,-3.034275e-18,-1.517164e-18,-1.582541e-18,-4.557854e-33,-6.991679e-24,-1.514216e-18,-2.875437e-21,-4.553847e-33,0.000000e+00,0.000000e+00,0.000000e+00,0.000000e+00,0.000000e+00,0.000000e+00,0.000000e+00,0.000000e+00,4.159802e-20,3.346929e-20,1.447040e-22,-3.498060e-34,-8.395449e-30,-2.991096e-23,-7.498992e-25,-4.553847e-33
2155.0091,200.00,315.7671,2.225494e+01,1.080690e-02,C,2.902486e-02,1.333333e-01,2.8608%,9.513158e-03,8.043635e-03,2.570314e-04,7.800874e-17,6.280448e-11,2.678851e-05,2.978883e-07,0.000000e+00,0.000000e+00,1.550633e-18,0.000000e+00,0.000000e+00,0.000000e+00,0.000000e+00,0.000000e+00,0.000000e+00,3.076007e-18,2.130999e-31,1.582989e-18,4.204485e-33,6.990238e-24,1.514494e-18,2.873667e-21,3.341158e-43,-3.034899e-18,-1.517476e-18,-1.582687e-18,-4.561215e-33,-6.990204e-24,-1.514529e-18,-2.874480e-21,-4.560858e-33,0.000000e+00,0.000000e+00,0.000000e+00,0.000000e+00,0.000000e+00,0.000000e+00,0.000000e+00,0.000000e+00,4.110733e-20,3.315674e-20,3.022342e-22,-3.567296e-34,3.374801e-29,-3.416203e-23,-8.124199e-25,-4.560858e-33
2175.0091,200.00,315.7745,2.228806e+01,1.070326e-02,C,2.903994e-02,1.333333e-01,2.8622%,9.539005e-03,8.064470e-03,2.572035e-04,7.848401e-17,6.282279e-11,2.677409e-05,2.974081e-07,0.000000e+00,0.000000e+00,1.550633e-18,0.000000e+00,0.000000e+00,0.000000e+00,0.000000e+00,0.000000e+00,0.000000e+00,3.076468e-18,2.181225e-31,1.583453e-18,4.202210e-33,6.988909e-24,1.514950e-18,2.873059e-21,-5.011737e-43,-3.035528e-18,-1.517791e-18,-1.583006e-18,-4.564793e-33,-6.988802e-24,-1.514844e-18,-2.873484e-21,-4.564433e-33,0.000000e+00,0.000000e+00,0.000000e+00,0.000000e+00,0.000000e+00,0.000000e+00,0.000000e+00,0.000000e+00,4.093968e-20,3.284213e-20,4.468972e-22,-3.625830e-34,1.071233e-28,1.065720e-22,-4.249180e-25,-4.564433e-33
2195.0091,200.00,315.7819,2.232071e+01,1.055075e-02,C,2.905508e-02,1.333333e-01,2.8637%,9.564561e-03,8.085063e-03,2.573730e-04,7.887387e-17,6.284054e-11,2.675912e-05,2.969334e-07,0.000000e+00,0.000000e+00,1.550633e-18,0.000000e+00,0.000000e+00,0.000000e+00,0.000000e+00,0.000000e+00,0.000000e+00,3.076648e-18,2.152524e-31,1.583774e-18,4.198943e-33,6.987536e-24,1.515274e-18,2.872126e-21,4.594092e-43,-3.036454e-18,-1.518254e-18,-1.583473e-18,-4.545365e-33,-6.987501e-24,-1.515307e-18,-2.872917e-21,-4.551042e-33,0.000000e+00,0.000000e+00,0.000000e+00,0.000000e+00,0.000000e+00,0.000000e+00,0.000000e+00,0.000000e+00,4.019410e-20,3.237904e-20,3.013934e-22,-3.464219e-34,3.510402e-29,-3.317848e-23,-7.903508e-25,-4.551042e-33
2215.0091,200.00,315.7891,2.235290e+01,1.044169e-02,C,2.907000e-02,1.333333e-01,2.8652%,9.589831e-03,8.105421e-03,2.575404e-04,7.904817e-17,6.285815e-11,2.674449e-05,2.964670e-07,0.000000e+00,0.000000e+00,1.550633e-18,0.000000e+00,0.000000e+00,0.000000e+00,0.000000e+00,0.000000e+00,0.000000e+00,3.076852e-18,2.181225e-31,1.584104e-18,4.195819e-33,6.986192e-24,1.515606e-18,2.871238e-21,7.517605e-43,-3.037117e-18,-1.518585e-18,-1.583808e-18,-4.572421e-33,-6.986157e-24,-1.515638e-18,-2.872011e-21,-4.570034e-33,0.000000e+00,0.000000e+00,0.000000e+00,0.000000e+00,0.000000e+00,0.000000e+00,0.000000e+00,0.000000e+00,3.973591e-20,3.204783e-20,2.965754e-22,-3.766021e-34,3.469511e-29,-3.250040e-23,-7.736612e-25,-4.570034e-33
2235.0091,200.00,315.7963,2.238484e+01,1.033243e-02,C,2.908479e-02,1.333333e-01,2.8666%,9.614818e-03,8.125551e-03,2.577055e-04,7.896771e-17,6.287561e-11,2.673021e-05,2.960089e-07,0.000000e+00,0.000000e+00,1.550633e-18,0.000000e+00,0.000000e+00,0.000000e+00,0.000000e+00,0.000000e+00,0.000000e+00,3.077080e-18,2.181225e-31,1.584443e-18,4.192829e-33,6.984876e-24,1.515945e-18,2.870392e-21,2.923513e-43,-3.037780e-18,-1.518917e-18,-1.584316e-18,-4.576230e-33,-6.984884e-24,-1.515972e-18,-2.871066e-21,-4.575973e-33,0.000000e+00,0.000000e+00,0.000000e+00,0.000000e+00,0.000000e+00,0.000000e+00,0.000000e+00,0.000000e+00,3.929987e-20,3.171590e-20,1.270179e-22,-3.834003e-34,-8.323583e-30,-2.635430e-23,-6.740082e-25,-4.575973e-33
2255.0091,200.00,315.8034,2.241636e+01,1.021824e-02,C,2.909936e-02,1.333333e-01,2.8680%,9.639525e-03,8.145451e-03,2.578697e-04,7.908212e-17,6.289313e-11,2.671622e-05,2.955582e-07,0.000000e+00,0.000000e+00,1.550633e-18,0.000000e+00,0.000000e+00,0.000000e+00,0.000000e+00,0.000000e+00,0.000000e+00,3.077319e-18,2.202750e-31,1.584786e-18,4.189959e-33,6.983587e-24,1.516288e-18,2.869572e-21,3.341158e-43,-3.038474e-18,-1.519264e-18,-1.584496e-18,-4.579217e-33,-6.987449e-24,-1.516319e-18,-2.870318e-21,-4.579030e-33,0.000000e+00,0.000000e+00,0.000000e+00,0.000000e+00,0.000000e+00,0.000000e+00,0.000000e+00,0.000000e+00,3.884542e-20,3.136895e-20,2.896955e-22,-3.892579e-34,-3.862180e-27,-3.148481e-23,-7.453667e-25,-4.579030e-33
2275.0091,200.00,315.8104,2.244750e+01,1.010364e-02,C,2.911342e-02,1.333333e-01,2.8694%,9.663958e-03,8.165125e-03,2.580318e-04,7.892818e-17,6.291079e-11,2.670346e-05,2.951181e-07,0.000000e+00,0.000000e+00,1.550633e-18,0.000000e+00,0.000000e+00,0.000000e+00,0.000000e+00,0.000000e+00,0.000000e+00,3.077895e-18,2.274501e-31,1.585294e-18,4.188414e-33,6.982402e-24,1.516782e-18,2.869177e-21,1.670579e-43,-3.039170e-18,-1.519612e-18,-1.585020e-18,-4.583443e-33,-6.982342e-24,-1.516668e-18,-2.869459e-21,-4.583080e-33,0.000000e+00,0.000000e+00,0.000000e+00,0.000000e+00,0.000000e+00,0.000000e+00,0.000000e+00,0.000000e+00,3.872461e-20,3.102064e-20,2.733256e-22,-3.950287e-34,6.020152e-29,1.142208e-22,-2.825274e-25,-4.583080e-33
2295.0091,200.00,315.8174,2.247828e+01,9.984522e-03,C,2.912793e-02,1.333333e-01,2.8708%,9.688114e-03,8.184574e-03,2.581911e-04,7.898269e-17,6.292765e-11,2.668922e-05,2.946803e-07,0.000000e+00,0.000000e+00,1.550633e-18,0.000000e+00,0.000000e+00,0.000000e+00,0.000000e+00,0.000000e+00,0.000000e+00,3.077876e-18,2.238625e-31,1.585502e-18,4.184666e-33,6.981107e-24,1.517000e-18,2.868074e-21,-2.088224e-43,-3.039894e-18,-1.519974e-18,-1.585214e-18,-4.586532e-33,-6.981071e-24,-1.517031e-18,-2.868797e-21,-4.586171e-33,0.000000e+00,0.000000e+00,0.000000e+00,0.000000e+00,0.000000e+00,0.000000e+00,0.000000e+00,0.000000e+00,3.798188e-20,3.065855e-20,2.872245e-22,-4.018659e-34,3.566357e-29,-3.049593e-23,-7.233285e-25,-4.586171e-33
2315.0091,200.00,315.8242,2.250862e+01,9.864788e-03,C,2.914191e-02,1.333333e-01,2.8721%,9.712002e-03,8.203803e-03,2.583494e-04,7.927902e-17,6.294479e-11,2.667616e-05,2.942523e-07,0.000000e+00,0.000000e+00,1.550633e-18,0.000000e+00,0.000000e+00,0.000000e+00,0.000000e+00,0.000000e+00,0.000000e+00,3.078182e-18,2.209925e-31,1.585869e-18,4.182214e-33,6.979904e-24,1.517365e-18,2.867378e-21,-3.341158e-43,-3.040622e-18,-1.520338e-18,-1.585582e-18,-4.590057e-33,-6.979868e-24,-1.517395e-18,-2.868092e-21,-4.589693e-33,0.000000e+00,0.000000e+00,0.000000e+00,0.000000e+00,0.000000e+00,0.000000e+00,0.000000e+00,0.000000e+00,3.755960e-20,3.029448e-20,2.870062e-22,-4.078428e-34,3.558483e-29,-3.028138e-23,-7.145507e-25,-4.589693e-33
2335.0091,200.00,315.8310,2.253869e+01,9.742637e-03,C,2.915573e-02,1.333333e-01,2.8735%,9.735623e-03,8.222816e-03,2.585055e-04,7.930281e-17,6.296173e-11,2.666341e-05,2.938316e-07,0.000000e+00,0.000000e+00,1.550633e-18,0.000000e+00,0.000000e+00,0.000000e+00,0.000000e+00,0.000000e+00,0.000000e+00,3.078510e-18,2.281676e-31,1.586246e-18,4.179893e-33,6.978720e-24,1.517737e-18,2.866722e-21,-4.176447e-43,-3.041365e-18,-1.520710e-18,-1.585958e-18,-4.593517e-33,-6.980235e-24,-1.517767e-18,-2.867430e-21,-4.591862e-33,0.000000e+00,0.000000e+00,0.000000e+00,0.000000e+00,0.000000e+00,0.000000e+00,0.000000e+00,0.000000e+00,3.714495e-20,2.992298e-20,2.879822e-22,-4.136239e-34,-1.514794e-27,-3.000839e-23,-7.072307e-25,-4.591862e-33
2355.0091,200.00,315.8377,2.256837e+01,9.618258e-03,C,2.916937e-02,1.333333e-01,2.8748%,9.758980e-03,8.241613e-03,2.586598e-04,7.952368e-17,6.297855e-11,2.665096e-05,2.934181e-07,0.000000e+00,0.000000e+00,1.550633e-18,0.000000e+00,0.000000e+00,0.000000e+00,0.000000e+00,0.000000e+00,0.000000e+00,3.078860e-18,2.281676e-31,1.586630e-18,4.177707e-33,6.977568e-24,1.518117e-18,2.866107e-21,-2.505868e-43,-3.042122e-18,-1.521088e-18,-1.586340e-18,-4.596784e-33,-6.977531e-24,-1.518147e-18,-2.866808e-21,-4.588982e-33,0.000000e+00,0.000000e+00,0.000000e+00,0.000000e+00,0.000000e+00,0.000000e+00,0.000000e+00,0.000000e+00,3.673825e-20,2.954461e-20,2.901286e-22,-4.190774e-34,3.729689e-29,-2.967296e-23,-7.013153e-25,-4.588982e-33
2375.0091,200.00,315.8443,2.259775e+01,9.538621e-03,C,2.918315e-02,1.333333e-01,2.8761%,9.782075e-03,8.260198e-03,2.588120e-04,7.952313e-17,6.299504e-11,2.663789e-05,2.930089e-07,0.000000e+00,0.000000e+00,1.550633e-18,0.000000e+00,0.000000e+00,0.000000e+00,0.000000e+00,0.000000e+00,0.000000e+00,3.078918e-18,2.296026e-31,1.586867e-18,4.174454e-33,6.976380e-24,1.518360e-18,2.865151e-21,-9.188184e-43,-3.042606e-18,-1.521331e-18,-1.586586e-18,-4.600172e-33,-6.976344e-24,-1.518389e-18,-2.865831e-21,-4.599806e-33,0.000000e+00,0.000000e+00,0.000000e+00,0.000000e+00,0.000000e+00,0.000000e+00,0.000000e+00,0.000000e+00,3.631191e-20,2.930230e-20,2.808357e-22,-4.257177e-34,3.608503e-29,-2.894081e-23,-6.808145e-25,-4.599806e-33
2395.0091,200.00,315.8508,2.262665e+01,9.409239e-03,C,2.919640e-02,1.333333e-01,2.8774%,9.804915e-03,8.278571e-03,2.589624e-04,7.955775e-17,6.301152e-11,2.662601e-05,2.926092e-07,0.000000e+00,0.000000e+00,1.550633e-18,0.000000e+00,0.000000e+00,0.000000e+00,0.000000e+00,0.000000e+00,0.000000e+00,3.079310e-18,2.331901e-31,1.587268e-18,4.172534e-33,6.975268e-24,1.518754e-18,2.864614e-21,-2.923513e-43,-3.043394e-18,-1.521724e-18,-1.586983e-18,-4.603515e-33,-6.975223e-24,-1.518783e-18,-2.865292e-21,-4.603308e-33,0.000000e+00,0.000000e+00,0.000000e+00,0.000000e+00,0.000000e+00,0.000000e+00,0.000000e+00,0.000000e+00,3.591681e-20,2.890854e-20,2.848434e-22,-4.309816e-34,4.534660e-29,-2.872849e-23,-6.777329e-25,-4.603308e-33
2415.0091,200.00,315.8572,2.265534e+01,9.325106e-03,C,2.920952e-02,1.333333e-01,2.8787%,9.827500e-03,8.296741e-03,2.591116e-04,7.973369e-17,6.302804e-11,2.661439e-05,2.922161e-07,0.000000e+00,0.000000e+00,1.550633e-18,0.000000e+00,0.000000e+00,0.000000e+00,0.000000e+00,0.000000e+00,0.000000e+00,3.079714e-18,2.260151e-31,1.587672e-18,4.170699e-33,6.974187e-24,1.519151e-18,2.864101e-21,4.176447e-44,-3.043906e-18,-1.521980e-18,-1.587243e-18,-4.606682e-33,-6.974088e-24,-1.519040e-18,-2.864396e-21,-4.606375e-33,0.000000e+00,0.000000e+00,0.000000e+00,0.000000e+00,0.000000e+00,0.000000e+00,0.000000e+00,0.000000e+00,3.580826e-20,2.865245e-20,4.289486e-22,-4.359828e-34,9.885943e-29,1.115888e-22,-2.946383e-25,-4.606375e-33
2435.0091,200.00,315.8636,2.268362e+01,9.192651e-03,C,2.922275e-02,1.333333e-01,2.8800%,9.849832e-03,8.314701e-03,2.592582e-04,7.978868e-17,6.304404e-11,2.660215e-05,2.918268e-07,0.000000e+00,0.000000e+00,1.550633e-18,0.000000e+00,0.000000e+00,0.000000e+00,0.000000e+00,0.000000e+00,0.000000e+00,3.079834e-18,2.324726e-31,1.587932e-18,4.167838e-33,6.973064e-24,1.519415e-18,2.863260e-21,-4.176447e-43,-3.044712e-18,-1.522384e-18,-1.587649e-18,-4.610222e-33,-6.973023e-24,-1.519443e-18,-2.863920e-21,-4.609852e-33,0.000000e+00,0.000000e+00,0.000000e+00,0.000000e+00,0.000000e+00,0.000000e+00,0.000000e+00,0.000000e+00,3.512249e-20,2.824917e-20,2.829943e-22,-4.423838e-34,4.056068e-29,-2.801741e-23,-6.595287e-25,-4.609852e-33
2455.0091,200.00,315.8699,2.271157e+01,9.103914e-03,C,2.923581e-02,1.333333e-01,2.8813%,9.871916e-03,8.332459e-03,2.594029e-04,7.983317e-17,6.305986e-11,2.659018e-05,2.914441e-07,0.000000e+00,0.000000e+00,1.550633e-18,0.000000e+00,0.000000e+00,0.000000e+00,0.000000e+00,0.000000e+00,0.000000e+00,3.079977e-18,2.339077e-31,1.588201e-18,4.165099e-33,6.971962e-24,1.519687e-18,2.862458e-21,-6.682315e-43,-3.045252e-18,-1.522654e-18,-1.587923e-18,-4.613265e-33,-6.971925e-24,-1.519714e-18,-2.863103e-21,-4.612917e-33,0.000000e+00,0.000000e+00,0.000000e+00,0.000000e+00,0.000000e+00,0.000000e+00,0.000000e+00,0.000000e+00,3.472441e-20,2.797894e-20,2.777342e-22,-4.481664e-34,3.756065e-29,-2.741829e-23,-6.449495e-25,-4.612917e-33
2475.0091,200.00,315.8762,2.273934e+01,8.968460e-03,C,2.924845e-02,1.333333e-01,2.8825%,9.893755e-03,8.350021e-03,2.595474e-04,8.026120e-17,6.307612e-11,2.657934e-05,2.910699e-07,0.000000e+00,0.000000e+00,1.550633e-18,0.000000e+00,0.000000e+00,0.000000e+00,0.000000e+00,0.000000e+00,0.000000e+00,3.080431e-18,2.389302e-31,1.588624e-18,4.163613e-33,6.970950e-24,1.520100e-18,2.862043e-21,6.264671e-43,-3.046077e-18,-1.523067e-18,-1.588340e-18,-4.584121e-33,-6.970903e-24,-1.520128e-18,-2.862681e-21,-4.577089e-33,0.000000e+00,0.000000e+00,0.000000e+00,0.000000e+00,0.000000e+00,0.000000e+00,0.000000e+00,0.000000e+00,3.435390e-20,2.756635e-20,2.840049e-22,-4.205083e-34,4.641931e-29,-2.741458e-23,-6.386450e-25,-4.577089e-33
2495.0091,200.00,315.8823,2.276662e+01,8.876718e-03,C,2.926117e-02,1.333333e-01,2.8837%,9.915350e-03,8.367383e-03,2.596882e-04,8.081064e-17,6.318025e-11,2.656790e-05,2.906999e-07,0.000000e+00,0.000000e+00,1.550633e-18,0.000000e+00,0.000000e+00,0.000000e+00,0.000000e+00,0.000000e+00,0.000000e+00,3.080614e-18,2.382127e-31,1.588908e-18,4.161116e-33,6.969886e-24,1.520386e-18,2.861316e-21,-1.252934e-43,-3.046636e-18,-1.523346e-18,-1.588795e-18,-4.620236e-33,-6.955859e-24,-1.520407e-18,-2.861867e-21,-4.619863e-33,0.000000e+00,0.000000e+00,0.000000e+00,0.000000e+00,0.000000e+00,0.000000e+00,0.000000e+00,0.000000e+00,3.397803e-20,2.728685e-20,1.136435e-22,-4.591195e-34,1.402721e-26,-2.151440e-23,-5.511099e-25,-4.619863e-33
2515.0091,200.00,315.8884,2.279361e+01,8.782639e-03,C,2.927374e-02,1.333333e-01,2.8849%,9.936706e-03,8.384548e-03,2.598282e-04,8.087753e-17,6.310711e-11,2.655668e-05,2.903354e-07,0.000000e+00,0.000000e+00,1.550633e-18,0.000000e+00,0.000000e+00,0.000000e+00,0.000000e+00,0.000000e+00,0.000000e+00,3.080807e-18,2.346252e-31,1.589196e-18,4.158713e-33,6.968852e-24,1.520673e-18,2.860610e-21,3.758802e-43,-3.047209e-18,-1.523633e-18,-1.589085e-18,-4.605340e-33,-6.968858e-24,-1.520694e-18,-2.861151e-21,-4.622900e-33,0.000000e+00,0.000000e+00,0.000000e+00,0.000000e+00,0.000000e+00,0.000000e+00,0.000000e+00,0.000000e+00,3.359751e-20,2.700016e-20,1.105984e-22,-4.466271e-34,-5.482129e-30,-2.107193e-23,-5.401978e-25,-4.622900e-33
2535.0091,200.00,315.8944,2.282029e+01,8.686091e-03,C,2.928615e-02,1.333333e-01,2.8861%,9.957824e-03,8.401522e-03,2.599673e-04,8.080234e-17,6.312273e-11,2.654568e-05,2.899765e-07,0.000000e+00,0.000000e+00,1.550633e-18,0.000000e+00,0.000000e+00,0.000000e+00,0.000000e+00,0.000000e+00,0.000000e+00,3.081009e-18,2.410827e-31,1.589485e-18,4.156396e-33,6.967847e-24,1.520963e-18,2.859926e-21,4.176447e-43,-3.047798e-18,-1.523927e-18,-1.589210e-18,-4.625838e-33,-6.967808e-24,-1.520989e-18,-2.860539e-21,-4.625466e-33,0.000000e+00,0.000000e+00,0.000000e+00,0.000000e+00,0.000000e+00,0.000000e+00,0.000000e+00,0.000000e+00,3.321092e-20,2.670591e-20,2.755811e-22,-4.694425e-34,3.894299e-29,-2.618998e-23,-6.132508e-25,-4.625466e-33
2555.0091,200.00,315.9003,2.284662e+01,8.589286e-03,C,2.929838e-02,1.333333e-01,2.8873%,9.978708e-03,8.418304e-03,2.601036e-04,8.088421e-17,6.313789e-11,2.653495e-05,2.896240e-07,0.000000e+00,0.000000e+00,1.550633e-18,0.000000e+00,0.000000e+00,0.000000e+00,0.000000e+00,0.000000e+00,0.000000e+00,3.081241e-18,2.432353e-31,1.589788e-18,4.154225e-33,6.966848e-24,1.521264e-18,2.859293e-21,4.176447e-44,-3.048388e-18,-1.524222e-18,-1.589681e-18,-4.629316e-33,-6.966853e-24,-1.521285e-18,-2.859815e-21,-4.628942e-33,0.000000e+00,0.000000e+00,0.000000e+00,0.000000e+00,0.000000e+00,0.000000e+00,0.000000e+00,0.000000e+00,3.285316e-20,2.641081e-20,1.065856e-22,-4.750906e-34,-5.364814e-30,-2.055813e-23,-5.217981e-25,-4.628942e-33
2575.0091,200.00,315.9062,2.287273e+01,8.490088e-03,C,2.931049e-02,1.333333e-01,2.8885%,9.999360e-03,8.434898e-03,2.602389e-04,8.129398e-17,6.315311e-11,2.652445e-05,2.892768e-07,0.000000e+00,0.000000e+00,1.550633e-18,0.000000e+00,0.000000e+00,0.000000e+00,0.000000e+00,0.000000e+00,0.000000e+00,3.081482e-18,2.367777e-31,1.590093e-18,4.152140e-33,6.965876e-24,1.521567e-18,2.858681e-21,3.758802e-43,-3.048992e-18,-1.524525e-18,-1.589987e-18,-4.632322e-33,-6.965881e-24,-1.521587e-18,-2.859195e-21,-4.631947e-33,0.000000e+00,0.000000e+00,0.000000e+00,0.000000e+00,0.000000e+00,0.000000e+00,0.000000e+00,0.000000e+00,3.249005e-20,2.610836e-20,1.059317e-22,-4.801819e-34,-5.170994e-30,-2.003877e-23,-5.142342e-25,-4.631947e-33
2595.0091,200.00,315.9120,2.289849e+01,8.388609e-03,C,2.932242e-02,1.333333e-01,2.8897%,1.001978e-02,8.451306e-03,2.603725e-04,8.133642e-17,6.316815e-11,2.651417e-05,2.889352e-07,0.000000e+00,0.000000e+00,1.550633e-18,0.000000e+00,0.000000e+00,0.000000e+00,0.000000e+00,0.000000e+00,0.000000e+00,3.081744e-18,2.446703e-31,1.590405e-18,4.150172e-33,6.964921e-24,1.521878e-18,2.858104e-21,-2.505868e-43,-3.049611e-18,-1.524834e-18,-1.590299e-18,-4.635313e-33,-6.964925e-24,-1.521897e-18,-2.858612e-21,-4.634687e-33,0.000000e+00,0.000000e+00,0.000000e+00,0.000000e+00,0.000000e+00,0.000000e+00,0.000000e+00,0.000000e+00,3.213232e-20,2.579889e-20,1.059750e-22,-4.851417e-34,-4.883018e-30,-1.979746e-23,-5.079324e-25,-4.634687e-33
2615.0091,200.00,315.9177,2.292394e+01,8.284630e-03,C,2.933420e-02,1.333333e-01,2.8908%,1.003998e-02,8.467531e-03,2.605052e-04,8.153712e-17,6.318327e-11,2.650410e-05,2.885988e-07,0.000000e+00,0.000000e+00,1.550633e-18,0.000000e+00,0.000000e+00,0.000000e+00,0.000000e+00,0.000000e+00,0.000000e+00,3.082013e-18,2.382127e-31,1.590720e-18,4.148286e-33,6.963991e-24,1.522189e-18,2.857547e-21,-2.923513e-43,-3.050245e-18,-1.525151e-18,-1.590446e-18,-4.637804e-33,-6.963951e-24,-1.522215e-18,-2.858132e-21,-4.637483e-33,0.000000e+00,0.000000e+00,0.000000e+00,0.000000e+00,0.000000e+00,0.000000e+00,0.000000e+00,0.000000e+00,3.176776e-20,2.548173e-20,2.742395e-22,-4.895177e-34,4.093576e-29,-2.533044e-23,-5.851234e-25,-4.637483e-33
2635.0091,200.00,315.9234,2.294913e+01,8.226407e-03,C,2.934615e-02,1.333333e-01,2.8920%,1.005995e-02,8.483573e-03,2.606352e-04,8.149970e-17,6.319784e-11,2.649338e-05,2.882655e-07,0.000000e+00,0.000000e+00,1.550633e-18,0.000000e+00,0.000000e+00,0.000000e+00,0.000000e+00,0.000000e+00,0.000000e+00,3.082000e-18,2.389302e-31,1.590892e-18,4.145337e-33,6.963024e-24,1.522369e-18,2.856662e-21,4.594092e-43,-3.050600e-18,-1.525329e-18,-1.590627e-18,-4.640434e-33,-6.962985e-24,-1.522393e-18,-2.857228e-21,-4.640105e-33,0.000000e+00,0.000000e+00,0.000000e+00,0.000000e+00,0.000000e+00,0.000000e+00,0.000000e+00,0.000000e+00,3.139992e-20,2.530411e-20,2.643494e-22,-4.950966e-34,3.925993e-29,-2.452708e-23,-5.661123e-25,-4.640105e-33
2655.0091,200.00,315.9290,2.297396e+01,8.119961e-03,C,2.935761e-02,1.333333e-01,2.8931%,1.007970e-02,8.499434e-03,2.607645e-04,8.138112e-17,6.321256e-11,2.648375e-05,2.879397e-07,0.000000e+00,0.000000e+00,1.550633e-18,0.000000e+00,0.000000e+00,0.000000e+00,0.000000e+00,0.000000e+00,0.000000e+00,3.082308e-18,2.410827e-31,1.591221e-18,4.143678e-33,6.962125e-24,1.522694e-18,2.856174e-21,2.088224e-43,-3.051250e-18,-1.525654e-18,-1.590955e-18,-4.643415e-33,-6.962085e-24,-1.522718e-18,-2.856737e-21,-4.643036e-33,0.000000e+00,0.000000e+00,0.000000e+00,0.000000e+00,0.000000e+00,0.000000e+00,0.000000e+00,0.000000e+00,3.105833e-20,2.497933e-20,2.665984e-22,-4.997371e-34,3.985991e-29,-2.441968e-23,-5.628151e-25,-4.643036e-33
2675.0091,200.00,315.9346,2.299860e+01,8.013118e-03,C,2.936896e-02,1.333333e-01,2.8942%,1.009924e-02,8.515119e-03,2.608918e-04,8.126298e-17,6.322706e-11,2.647436e-05,2.876193e-07,0.000000e+00,0.000000e+00,1.550633e-18,0.000000e+00,0.000000e+00,0.000000e+00,0.000000e+00,0.000000e+00,0.000000e+00,3.082636e-18,2.425178e-31,1.591559e-18,4.142124e-33,6.961239e-24,1.523026e-18,2.855721e-21,-7.935250e-43,-3.051902e-18,-1.525980e-18,-1.591457e-18,-4.646901e-33,-6.961244e-24,-1.523045e-18,-2.856199e-21,-4.646514e-33,0.000000e+00,0.000000e+00,0.000000e+00,0.000000e+00,0.000000e+00,0.000000e+00,0.000000e+00,0.000000e+00,3.073377e-20,2.465326e-20,1.016184e-22,-5.047771e-34,-4.335017e-30,-1.862262e-23,-4.781441e-25,-4.646514e-33
2695.0091,200.00,315.9400,2.302287e+01,7.950139e-03,C,2.938045e-02,1.333333e-01,2.8953%,1.011855e-02,8.530630e-03,2.610174e-04,8.152653e-17,6.324630e-11,2.646428e-05,2.873014e-07,0.000000e+00,0.000000e+00,1.550633e-18,0.000000e+00,0.000000e+00,0.000000e+00,0.000000e+00,0.000000e+00,0.000000e+00,3.082669e-18,2.489753e-31,1.591747e-18,4.139470e-33,6.960327e-24,1.523220e-18,2.854923e-21,1.670579e-43,-3.052286e-18,-1.526172e-18,-1.591654e-18,-4.649274e-33,-6.959540e-24,-1.523238e-18,-2.855385e-21,-4.645638e-33,0.000000e+00,0.000000e+00,0.000000e+00,0.000000e+00,0.000000e+00,0.000000e+00,0.000000e+00,0.000000e+00,3.038276e-20,2.446103e-20,9.361903e-23,-5.098044e-34,7.873482e-28,-1.818548e-23,-4.624953e-25,-4.645638e-33
2715.0091,200.00,315.9454,2.304683e+01,7.838622e-03,C,2.939146e-02,1.333333e-01,2.8964%,1.013766e-02,8.545964e-03,2.611424e-04,8.130778e-17,6.325567e-11,2.645527e-05,2.869907e-07,0.000000e+00,0.000000e+00,1.550633e-18,0.000000e+00,0.000000e+00,0.000000e+00,0.000000e+00,0.000000e+00,0.000000e+00,3.083022e-18,2.425178e-31,1.592094e-18,4.138108e-33,6.959479e-24,1.523560e-18,2.854522e-21,5.847026e-43,-3.052967e-18,-1.526512e-18,-1.591996e-18,-4.651943e-33,-6.959483e-24,-1.523578e-18,-2.854984e-21,-4.651968e-33,0.000000e+00,0.000000e+00,0.000000e+00,0.000000e+00,0.000000e+00,0.000000e+00,0.000000e+00,0.000000e+00,3.005532e-20,2.412058e-20,9.776687e-23,-5.138345e-34,-4.287478e-30,-1.820348e-23,-4.621086e-25,-4.651968e-33
2735.0091,200.00,315.9508,2.307065e+01,7.771189e-03,C,2.940270e-02,1.333333e-01,2.8975%,1.015655e-02,8.561130e-03,2.612654e-04,8.122775e-17,6.326976e-11,2.644558e-05,2.866824e-07,0.000000e+00,0.000000e+00,1.550633e-18,0.000000e+00,0.000000e+00,0.000000e+00,0.000000e+00,0.000000e+00,0.000000e+00,3.083083e-18,2.489753e-31,1.592292e-18,4.135635e-33,6.958605e-24,1.523762e-18,2.853776e-21,9.188184e-43,-3.053379e-18,-1.526718e-18,-1.592032e-18,-4.654235e-33,-6.958565e-24,-1.523785e-18,-2.854306e-21,-4.649933e-33,0.000000e+00,0.000000e+00,0.000000e+00,0.000000e+00,0.000000e+00,0.000000e+00,0.000000e+00,0.000000e+00,2.970413e-20,2.391468e-20,2.598271e-22,-5.185993e-34,4.022013e-29,-2.291072e-23,-5.305114e-25,-4.649933e-33
2755.0091,200.00,315.9560,2.309399e+01,7.657333e-03,C,2.941340e-02,1.333333e-01,2.8985%,1.017524e-02,8.576124e-03,2.613879e-04,8.146973e-17,6.328398e-11,2.643697e-05,2.863811e-07,0.000000e+00,0.000000e+00,1.550633e-18,0.000000e+00,0.000000e+00,0.000000e+00,0.000000e+00,0.000000e+00,0.000000e+00,3.083462e-18,2.446703e-31,1.592648e-18,4.134458e-33,6.957792e-24,1.524110e-18,2.853426e-21,-6.682315e-43,-3.054074e-18,-1.527066e-18,-1.592382e-18,-4.657356e-33,-6.957751e-24,-1.524132e-18,-2.853939e-21,-4.656976e-33,0.000000e+00,0.000000e+00,0.000000e+00,0.000000e+00,0.000000e+00,0.000000e+00,0.000000e+00,0.000000e+00,2.938799e-20,2.356696e-20,2.650877e-22,-5.228979e-34,4.118523e-29,-2.210189e-23,-5.137637e-25,-4.656976e-33
2775.0091,200.00,315.9613,2.311723e+01,7.586845e-03,C,2.942435e-02,1.333333e-01,2.8996%,1.019371e-02,8.590951e-03,2.615075e-04,8.127945e-17,6.330845e-11,2.642768e-05,2.860824e-07,0.000000e+00,0.000000e+00,1.550633e-18,0.000000e+00,0.000000e+00,0.000000e+00,0.000000e+00,0.000000e+00,0.000000e+00,3.083559e-18,2.461053e-31,1.592860e-18,4.132197e-33,6.956943e-24,1.524326e-18,2.852746e-21,3.341158e-43,-3.054504e-18,-1.527281e-18,-1.592600e-18,-4.659867e-33,-6.955196e-24,-1.524348e-18,-2.853266e-21,-4.659499e-33,0.000000e+00,0.000000e+00,0.000000e+00,0.000000e+00,0.000000e+00,0.000000e+00,0.000000e+00,0.000000e+00,2.905467e-20,2.335166e-20,2.602770e-22,-5.276702e-34,1.747448e-27,-2.251418e-23,-5.199719e-25,-4.659499e-33
2795.0091,200.00,315.9665,2.314028e+01,7.516124e-03,C,2.943487e-02,1.333333e-01,2.9006%,1.021199e-02,8.605617e-03,2.616272e-04,8.135898e-17,6.331167e-11,2.641946e-05,2.857907e-07,0.000000e+00,0.000000e+00,1.550633e-18,0.000000e+00,0.000000e+00,0.000000e+00,0.000000e+00,0.000000e+00,0.000000e+00,3.083966e-18,2.468228e-31,1.593226e-18,4.131179e-33,6.956163e-24,1.524683e-18,2.852446e-21,0.000000e+00,-3.054936e-18,-1.527497e-18,-1.592818e-18,-4.662377e-33,-6.956076e-24,-1.524565e-18,-2.852592e-21,-4.661997e-33,0.000000e+00,0.000000e+00,0.000000e+00,0.000000e+00,0.000000e+00,0.000000e+00,0.000000e+00,0.000000e+00,2.902946e-20,2.313561e-20,4.070908e-22,-5.311984e-34,8.721842e-29,1.177902e-22,-1.454771e-25,-4.661997e-33
2815.0091,200.00,315.9715,2.316279e+01,7.397478e-03,C,2.944546e-02,1.333333e-01,2.9016%,1.023006e-02,8.620114e-03,2.617446e-04,8.119465e-17,6.332522e-11,2.641053e-05,2.855007e-07,0.000000e+00,0.000000e+00,1.550633e-18,0.000000e+00,0.000000e+00,0.000000e+00,0.000000e+00,0.000000e+00,0.000000e+00,3.084086e-18,2.489753e-31,1.593446e-18,4.129098e-33,6.955348e-24,1.524905e-18,2.851815e-21,5.847026e-43,-3.055661e-18,-1.527860e-18,-1.593183e-18,-4.489702e-33,-6.955306e-24,-1.524927e-18,-2.852328e-21,-4.664917e-33,0.000000e+00,0.000000e+00,0.000000e+00,0.000000e+00,0.000000e+00,0.000000e+00,0.000000e+00,0.000000e+00,2.842525e-20,2.277308e-20,2.629132e-22,-3.606040e-34,4.171952e-29,-2.248739e-23,-5.128332e-25,-4.664917e-33
2835.0091,200.00,315.9766,2.318521e+01,7.324522e-03,C,2.945598e-02,1.333333e-01,2.9026%,1.024793e-02,8.634451e-03,2.618601e-04,8.128521e-17,6.333853e-11,2.640181e-05,2.852155e-07,0.000000e+00,0.000000e+00,1.550633e-18,0.000000e+00,0.000000e+00,0.000000e+00,0.000000e+00,0.000000e+00,0.000000e+00,3.084227e-18,2.511279e-31,1.593675e-18,4.127112e-33,6.954543e-24,1.525134e-18,2.851217e-21,-2.923513e-43,-3.056107e-18,-1.528083e-18,-1.593583e-18,-4.667990e-33,-6.954547e-24,-1.525151e-18,-2.851639e-21,-4.667877e-33,0.000000e+00,0.000000e+00,0.000000e+00,0.000000e+00,0.000000e+00,0.000000e+00,0.000000e+00,0.000000e+00,2.811988e-20,2.255012e-20,9.113065e-23,-5.408780e-34,-3.709145e-30,-1.639376e-23,-4.220190e-25,-4.667877e-33
2855.0091,200.00,315.9816,2.320734e+01,7.247540e-03,C,2.946636e-02,1.333333e-01,2.9036%,1.026561e-02,8.648629e-03,2.619750e-04,8.118631e-17,6.335190e-11,2.639324e-05,2.849343e-07,0.000000e+00,0.000000e+00,1.550633e-18,0.000000e+00,0.000000e+00,0.000000e+00,0.000000e+00,0.000000e+00,0.000000e+00,3.084374e-18,2.489753e-31,1.593905e-18,4.125196e-33,6.953761e-24,1.525365e-18,2.850635e-21,-2.505868e-43,-3.056577e-18,-1.528318e-18,-1.593647e-18,-4.656891e-33,-6.953719e-24,-1.525387e-18,-2.851130e-21,-4.650231e-33,0.000000e+00,0.000000e+00,0.000000e+00,0.000000e+00,0.000000e+00,0.000000e+00,0.000000e+00,0.000000e+00,2.779687e-20,2.231482e-20,2.574159e-22,-5.316945e-34,4.164268e-29,-2.156136e-23,-4.954801e-25,-4.650231e-33
2875.0091,200.00,315.9865,2.322920e+01,7.171908e-03,C,2.947660e-02,1.333333e-01,2.9046%,1.028309e-02,8.662649e-03,2.620881e-04,8.108306e-17,6.336503e-11,2.638486e-05,2.846577e-07,0.000000e+00,0.000000e+00,1.550633e-18,0.000000e+00,0.000000e+00,0.000000e+00,0.000000e+00,0.000000e+00,0.000000e+00,3.084539e-18,2.496928e-31,1.594142e-18,4.123374e-33,6.952988e-24,1.525602e-18,2.850084e-21,8.352894e-44,-3.057040e-18,-1.528549e-18,-1.594055e-18,-4.673227e-33,-6.952992e-24,-1.525618e-18,-2.850491e-21,-4.672848e-33,0.000000e+00,0.000000e+00,0.000000e+00,0.000000e+00,0.000000e+00,0.000000e+00,0.000000e+00,0.000000e+00,2.749915e-20,2.208361e-20,8.638642e-23,-5.498525e-34,-3.861115e-30,-1.576155e-23,-4.064318e-25,-4.672848e-33
2895.0091,200.00,315.9914,2.325083e+01,7.092348e-03,C,2.948672e-02,1.333333e-01,2.9056%,1.030038e-02,8.676512e-03,2.622006e-04,8.136102e-17,6.337823e-11,2.637664e-05,2.843848e-07,0.000000e+00,0.000000e+00,1.550633e-18,0.000000e+00,0.000000e+00,0.000000e+00,0.000000e+00,0.000000e+00,0.000000e+00,3.084711e-18,2.496928e-31,1.594381e-18,4.121626e-33,6.952236e-24,1.525841e-18,2.849550e-21,3.341158e-43,-3.057526e-18,-1.528793e-18,-1.594127e-18,-4.675174e-33,-6.952195e-24,-1.525862e-18,-2.850031e-21,-4.673782e-33,0.000000e+00,0.000000e+00,0.000000e+00,0.000000e+00,0.000000e+00,0.000000e+00,0.000000e+00,0.000000e+00,2.718459e-20,2.184036e-20,2.539250e-22,-5.535475e-34,4.169617e-29,-2.099436e-23,-4.812766e-25,-4.673782e-33
2915.0091,200.00,315.9962,2.327219e+01,7.012432e-03,C,2.949670e-02,1.333333e-01,2.9066%,1.031748e-02,8.690222e-03,2.623114e-04,8.152194e-17,6.339120e-11,2.636860e-05,2.841163e-07,0.000000e+00,0.000000e+00,1.550633e-18,0.000000e+00,0.000000e+00,0.000000e+00,0.000000e+00,0.000000e+00,0.000000e+00,3.084900e-18,2.561504e-31,1.594626e-18,4.119971e-33,6.951494e-24,1.526086e-18,2.849047e-21,-4.176447e-44,-3.058015e-18,-1.529037e-18,-1.594373e-18,-4.677707e-33,-6.951452e-24,-1.526106e-18,-2.849522e-21,-4.677325e-33,0.000000e+00,0.000000e+00,0.000000e+00,0.000000e+00,0.000000e+00,0.000000e+00,0.000000e+00,0.000000e+00,2.688514e-20,2.159598e-20,2.530971e-22,-5.577360e-34,4.183030e-29,-2.076696e-23,-4.754500e-25,-4.677325e-33
2935.0091,200.00,316.0009,2.329329e+01,6.932320e-03,C,2.950655e-02,1.333333e-01,2.9075%,1.033439e-02,8.703780e-03,2.624204e-04,8.141643e-17,6.340392e-11,2.636074e-05,2.838521e-07,0.000000e+00,0.000000e+00,1.550633e-18,0.000000e+00,0.000000e+00,0.000000e+00,0.000000e+00,0.000000e+00,0.000000e+00,3.085106e-18,2.511279e-31,1.594879e-18,4.118405e-33,6.950759e-24,1.526336e-18,2.848574e-21,4.594092e-43,-3.058505e-18,-1.529282e-18,-1.594796e-18,-4.033551e-33,-6.950763e-24,-1.526352e-18,-2.848963e-21,-4.680250e-33,0.000000e+00,0.000000e+00,0.000000e+00,0.000000e+00,0.000000e+00,0.000000e+00,0.000000e+00,0.000000e+00,2.660162e-20,2.135096e-20,8.352879e-23,8.485408e-35,-3.562464e-30,-1.531140e-23,-3.892511e-25,-4.680250e-33
2955.0091,200.00,316.0056,2.331416e+01,6.850037e-03,C,2.951628e-02,1.333333e-01,2.9085%,1.035111e-02,8.717187e-03,2.625289e-04,8.151398e-17,6.341671e-11,2.635302e-05,2.835914e-07,0.000000e+00,0.000000e+00,1.550633e-18,0.000000e+00,0.000000e+00,0.000000e+00,0.000000e+00,0.000000e+00,0.000000e+00,3.085319e-18,2.525629e-31,1.595133e-18,4.116910e-33,6.950045e-24,1.526589e-18,2.848117e-21,2.088224e-43,-3.059008e-18,-1.529534e-18,-1.595050e-18,-4.683083e-33,-6.950048e-24,-1.526604e-18,-2.848502e-21,-4.682701e-33,0.000000e+00,0.000000e+00,0.000000e+00,0.000000e+00,0.000000e+00,0.000000e+00,0.000000e+00,0.000000e+00,2.631127e-20,2.109926e-20,8.369243e-23,-5.661729e-34,-3.338522e-30,-1.515063e-23,-3.849820e-25,-4.682701e-33
2975.0091,200.00,316.0103,2.333486e+01,6.765542e-03,C,2.952590e-02,1.333333e-01,2.9094%,1.036765e-02,8.730446e-03,2.626367e-04,8.144088e-17,6.342954e-11,2.634545e-05,2.833344e-07,0.000000e+00,0.000000e+00,1.550633e-18,0.000000e+00,0.000000e+00,0.000000e+00,0.000000e+00,0.000000e+00,0.000000e+00,3.085539e-18,2.511279e-31,1.595389e-18,4.115477e-33,6.949350e-24,1.526842e-18,2.847674e-21,8.352894e-44,-3.059525e-18,-1.529792e-18,-1.595136e-18,-4.685056e-33,-6.949307e-24,-1.526862e-18,-2.848137e-21,-4.684675e-33,0.000000e+00,0.000000e+00,0.000000e+00,0.000000e+00,0.000000e+00,0.000000e+00,0.000000e+00,0.000000e+00,2.601403e-20,2.084075e-20,2.538322e-22,-5.695785e-34,4.268313e-29,-2.028146e-23,-4.624438e-25,-4.684675e-33
2995.0091,200.00,316.0149,2.335532e+01,6.682583e-03,C,2.953541e-02,1.333333e-01,2.9104%,1.038401e-02,8.743558e-03,2.627428e-04,8.172525e-17,6.344211e-11,2.633806e-05,2.830815e-07,0.000000e+00,0.000000e+00,1.550633e-18,0.000000e+00,0.000000e+00,0.000000e+00,0.000000e+00,0.000000e+00,0.000000e+00,3.085775e-18,2.547154e-31,1.595652e-18,4.114132e-33,6.948661e-24,1.527102e-18,2.847262e-21,-2.505868e-43,-3.060032e-18,-1.530046e-18,-1.595567e-18,-4.687932e-33,-6.948664e-24,-1.527117e-18,-2.847640e-21,-4.687815e-33,0.000000e+00,0.000000e+00,0.000000e+00,0.000000e+00,0.000000e+00,0.000000e+00,0.000000e+00,0.000000e+00,2.574273e-20,2.058689e-20,8.539671e-23,-5.738007e-34,-2.725064e-30,-1.491265e-23,-3.783644e-25,-4.687815e-33
3015.0091,200.00,316.0195,2.337555e+01,6.641717e-03,C,2.954512e-02,1.333333e-01,2.9113%,1.040019e-02,8.756525e-03,2.628463e-04,8.173781e-17,6.345422e-11,2.632995e-05,2.828303e-07,0.000000e+00,0.000000e+00,1.550633e-18,0.000000e+00,0.000000e+00,0.000000e+00,0.000000e+00,0.000000e+00,0.000000e+00,3.085728e-18,2.504103e-31,1.595771e-18,4.111691e-33,6.947942e-24,1.527228e-18,2.846518e-21,-5.429381e-43,-3.060282e-18,-1.530171e-18,-1.595694e-18,-4.689971e-33,-6.947946e-24,-1.527242e-18,-2.846881e-21,-4.689588e-33,0.000000e+00,0.000000e+00,0.000000e+00,0.000000e+00,0.000000e+00,0.000000e+00,0.000000e+00,0.000000e+00,2.544599e-20,2.046183e-20,7.646186e-23,-5.782806e-34,-3.676895e-30,-1.403327e-23,-3.631139e-25,-4.689588e-33
3035.0091,200.00,316.0239,2.339540e+01,6.554650e-03,C,2.955432e-02,1.333333e-01,2.9122%,1.041619e-02,8.769346e-03,2.629503e-04,8.176986e-17,6.346663e-11,2.632285e-05,2.825845e-07,0.000000e+00,0.000000e+00,1.550633e-18,0.000000e+00,0.000000e+00,0.000000e+00,0.000000e+00,0.000000e+00,0.000000e+00,3.085987e-18,2.575854e-31,1.596042e-18,4.110506e-33,6.947280e-24,1.527495e-18,2.846150e-21,4.176447e-43,-3.060815e-18,-1.530438e-18,-1.595963e-18,-4.692393e-33,-6.947283e-24,-1.527509e-18,-2.846511e-21,-4.692010e-33,0.000000e+00,0.000000e+00,0.000000e+00,0.000000e+00,0.000000e+00,0.000000e+00,0.000000e+00,0.000000e+00,2.517188e-20,2.019534e-20,7.851072e-23,-5.818870e-34,-3.210676e-30,-1.422256e-23,-3.616665e-25,-4.692010e-33
3055.0091,200.00,316.0284,2.341516e+01,6.465598e-03,C,2.956347e-02,1.333333e-01,2.9131%,1.043202e-02,8.782027e-03,2.630526e-04,8.196852e-17,6.347879e-11,2.631592e-05,2.823428e-07,0.000000e+00,0.000000e+00,1.550633e-18,0.000000e+00,0.000000e+00,0.000000e+00,0.000000e+00,0.000000e+00,0.000000e+00,3.086264e-18,2.568679e-31,1.596320e-18,4.109407e-33,6.946624e-24,1.527768e-18,2.845811e-21,3.341158e-43,-3.061360e-18,-1.530710e-18,-1.596238e-18,-4.694814e-33,-6.946626e-24,-1.527782e-18,-2.846172e-21,-4.694428e-33,0.000000e+00,0.000000e+00,0.000000e+00,0.000000e+00,0.000000e+00,0.000000e+00,0.000000e+00,0.000000e+00,2.490344e-20,1.992273e-20,8.179398e-23,-5.854070e-34,-2.125705e-30,-1.387044e-23,-3.610411e-25,-4.694428e-33
3075.0091,200.00,316.0328,2.343470e+01,6.421959e-03,C,2.957282e-02,1.333333e-01,2.9140%,1.044767e-02,8.794568e-03,2.631532e-04,8.164725e-17,6.349073e-11,2.630825e-05,2.821021e-07,0.000000e+00,0.000000e+00,1.550633e-18,0.000000e+00,0.000000e+00,0.000000e+00,0.000000e+00,0.000000e+00,0.000000e+00,3.086245e-18,2.525629e-31,1.596448e-18,4.107170e-33,6.945946e-24,1.527903e-18,2.845125e-21,-1.670579e-43,-3.061627e-18,-1.530844e-18,-1.596374e-18,-4.696801e-33,-6.946794e-24,-1.527916e-18,-2.845473e-21,-4.696349e-33,0.000000e+00,0.000000e+00,0.000000e+00,0.000000e+00,0.000000e+00,0.000000e+00,0.000000e+00,0.000000e+00,2.461772e-20,1.978912e-20,7.383625e-23,-5.896311e-34,-8.473523e-28,-1.342919e-23,-3.477830e-25,-4.696349e-33
3095.0091,200.00,316.0371,2.345388e+01,6.330011e-03,C,2.958168e-02,1.333333e-01,2.9148%,1.046315e-02,8.806967e-03,2.632534e-04,8.172756e-17,6.350272e-11,2.630160e-05,2.818672e-07,0.000000e+00,0.000000e+00,1.550633e-18,0.000000e+00,0.000000e+00,0.000000e+00,0.000000e+00,0.000000e+00,0.000000e+00,3.086543e-18,2.626080e-31,1.596734e-18,4.106225e-33,6.945316e-24,1.528182e-18,2.844829e-21,-8.352894e-44,-3.062190e-18,-1.531125e-18,-1.596656e-18,-4.699382e-33,-6.945319e-24,-1.528196e-18,-2.845177e-21,-4.698138e-33,0.000000e+00,0.000000e+00,0.000000e+00,0.000000e+00,0.000000e+00,0.000000e+00,0.000000e+00,0.000000e+00,2.435295e-20,1.950756e-20,7.764812e-23,-5.931573e-34,-2.786170e-30,-1.348354e-23,-3.483796e-25,-4.698138e-33
3115.0091,200.00,316.0414,2.347303e+01,6.284768e-03,C,2.959050e-02,1.333333e-01,2.9157%,1.047846e-02,8.819235e-03,2.633527e-04,8.168641e-17,6.351468e-11,2.629510e-05,2.816359e-07,0.000000e+00,0.000000e+00,1.550633e-18,0.000000e+00,0.000000e+00,0.000000e+00,0.000000e+00,0.000000e+00,0.000000e+00,3.086849e-18,2.561504e-31,1.597021e-18,4.105320e-33,6.944701e-24,1.528464e-18,2.844547e-21,-2.505868e-43,-3.062467e-18,-1.531264e-18,-1.596799e-18,-4.700984e-33,-6.944668e-24,-1.528337e-18,-2.844522e-21,-4.695273e-33,0.000000e+00,0.000000e+00,0.000000e+00,0.000000e+00,0.000000e+00,0.000000e+00,0.000000e+00,0.000000e+00,2.438156e-20,1.936901e-20,2.221931e-22,-5.956638e-34,3.259690e-29,1.266438e-22,2.514471e-26,-4.695273e-33
3135.0091,200.00,316.0456,2.349175e+01,6.190879e-03,C,2.959943e-02,1.333333e-01,2.9166%,1.049360e-02,8.831360e-03,2.634499e-04,8.199935e-17,6.352623e-11,2.628785e-05,2.814053e-07,0.000000e+00,0.000000e+00,1.550633e-18,0.000000e+00,0.000000e+00,0.000000e+00,0.000000e+00,0.000000e+00,0.000000e+00,3.086868e-18,2.496928e-31,1.597164e-18,4.103330e-33,6.944054e-24,1.528611e-18,2.843932e-21,-1.252934e-43,-3.063042e-18,-1.531551e-18,-1.597088e-18,-4.703578e-33,-6.944057e-24,-1.528624e-18,-2.844270e-21,-4.703225e-33,0.000000e+00,0.000000e+00,0.000000e+00,0.000000e+00,0.000000e+00,0.000000e+00,0.000000e+00,0.000000e+00,2.382509e-20,1.908143e-20,7.566930e-23,-6.002485e-34,-2.729466e-30,-1.332634e-23,-3.386405e-25,-4.703225e-33
3155.0091,200.00,316.0498,2.351044e+01,6.142617e-03,C,2.960834e-02,1.333333e-01,2.9174%,1.050858e-02,8.843357e-03,2.635461e-04,8.182996e-17,6.353777e-11,2.628074e-05,2.811784e-07,0.000000e+00,0.000000e+00,1.550633e-18,0.000000e+00,0.000000e+00,0.000000e+00,0.000000e+00,0.000000e+00,0.000000e+00,3.086893e-18,2.611730e-31,1.597308e-18,4.101376e-33,6.943425e-24,1.528760e-18,2.843330e-21,5.429381e-43,-3.063338e-18,-1.531699e-18,-1.597238e-18,-4.705536e-33,-6.943429e-24,-1.528773e-18,-2.843658e-21,-4.705151e-33,0.000000e+00,0.000000e+00,0.000000e+00,0.000000e+00,0.000000e+00,0.000000e+00,0.000000e+00,0.000000e+00,2.355530e-20,1.893359e-20,6.986843e-23,-6.041599e-34,-3.220952e-30,-1.287678e-23,-3.280326e-25,-4.705151e-33
3175.0091,200.00,316.0540,2.352882e+01,6.046516e-03,C,2.961677e-02,1.333333e-01,2.9182%,1.052339e-02,8.855217e-03,2.636431e-04,8.153815e-17,6.354962e-11,2.627461e-05,2.809562e-07,0.000000e+00,0.000000e+00,1.550633e-18,0.000000e+00,0.000000e+00,0.000000e+00,0.000000e+00,0.000000e+00,0.000000e+00,3.087225e-18,2.583029e-31,1.597605e-18,4.100687e-33,6.942847e-24,1.529049e-18,2.843102e-21,5.429381e-43,-3.063927e-18,-1.531994e-18,-1.597359e-18,-1.895599e-33,-6.942803e-24,-1.529067e-18,-2.843513e-21,-4.707055e-33,0.000000e+00,0.000000e+00,0.000000e+00,0.000000e+00,0.000000e+00,0.000000e+00,0.000000e+00,0.000000e+00,2.329792e-20,1.863915e-20,2.456467e-22,2.205088e-33,4.389949e-29,-1.828423e-23,-4.113317e-25,-4.707055e-33
3195.0091,200.00,316.0581,2.354704e+01,5.996194e-03,C,2.962544e-02,1.333333e-01,2.9191%,1.053804e-02,8.866948e-03,2.637362e-04,8.148697e-17,6.356068e-11,2.626779e-05,2.807360e-07,0.000000e+00,0.000000e+00,1.550633e-18,0.000000e+00,0.000000e+00,0.000000e+00,0.000000e+00,0.000000e+00,0.000000e+00,3.087283e-18,2.590204e-31,1.597762e-18,4.098905e-33,6.942228e-24,1.529209e-18,2.842557e-21,-2.088224e-43,-3.064235e-18,-1.532148e-18,-1.597691e-18,-4.709865e-33,-6.942231e-24,-1.529222e-18,-2.842879e-21,-4.709470e-33,0.000000e+00,0.000000e+00,0.000000e+00,0.000000e+00,0.000000e+00,0.000000e+00,0.000000e+00,0.000000e+00,2.304768e-20,1.848495e-20,7.099055e-23,-6.109600e-34,-2.782470e-30,-1.242575e-23,-3.219254e-25,-4.709470e-33
3215.0091,200.00,316.0621,2.356503e+01,5.943460e-03,C,2.963366e-02,1.333333e-01,2.9199%,1.055254e-02,8.878552e-03,2.638308e-04,8.136692e-17,6.358181e-11,2.626195e-05,2.805206e-07,0.000000e+00,0.000000e+00,1.550633e-18,0.000000e+00,0.000000e+00,0.000000e+00,0.000000e+00,0.000000e+00,0.000000e+00,3.087637e-18,2.604555e-31,1.598067e-18,4.098342e-33,6.941670e-24,1.529506e-18,2.842370e-21,-1.670579e-43,-3.064558e-18,-1.532310e-18,-1.597679e-18,-4.711333e-33,-6.940086e-24,-1.529384e-18,-2.842402e-21,-4.710950e-33,0.000000e+00,0.000000e+00,0.000000e+00,0.000000e+00,0.000000e+00,0.000000e+00,0.000000e+00,0.000000e+00,2.307848e-20,1.832335e-20,3.879224e-22,-6.129913e-34,1.584367e-27,1.220939e-22,-3.205000e-26,-4.710950e-33
3235.0091,200.00,316.0661,2.358274e+01,5.845188e-03,C,2.964207e-02,1.333333e-01,2.9207%,1.056687e-02,8.890022e-03,2.639221e-04,8.126010e-17,6.358316e-11,2.625538e-05,2.803064e-07,0.000000e+00,0.000000e+00,1.550633e-18,0.000000e+00,0.000000e+00,0.000000e+00,0.000000e+00,0.000000e+00,0.000000e+00,3.087715e-18,2.561504e-31,1.598232e-18,4.096706e-33,6.941071e-24,1.529673e-18,2.841865e-21,-3.341158e-43,-3.065160e-18,-1.532611e-18,-1.598158e-18,-4.713713e-33,-6.941073e-24,-1.529685e-18,-2.842183e-21,-4.713788e-33,0.000000e+00,0.000000e+00,0.000000e+00,0.000000e+00,0.000000e+00,0.000000e+00,0.000000e+00,0.000000e+00,2.255423e-20,1.802214e-20,7.381959e-23,-6.170077e-34,-1.546101e-30,-1.240547e-23,-3.181251e-25,-4.713788e-33
3255.0091,200.00,316.0701,2.360034e+01,5.790359e-03,C,2.965041e-02,1.333333e-01,2.9215%,1.058104e-02,8.901369e-03,2.640137e-04,8.138984e-17,6.359434e-11,2.624890e-05,2.800947e-07,0.000000e+00,0.000000e+00,1.550633e-18,0.000000e+00,0.000000e+00,0.000000e+00,0.000000e+00,0.000000e+00,0.000000e+00,3.087788e-18,2.604555e-31,1.598393e-18,4.095088e-33,6.940499e-24,1.529836e-18,2.841356e-21,6.682315e-43,-3.065497e-18,-1.532779e-18,-1.598152e-18,1.277691e-32,-6.940455e-24,-1.529853e-18,-2.841747e-21,-4.715246e-33,0.000000e+00,0.000000e+00,0.000000e+00,0.000000e+00,0.000000e+00,0.000000e+00,0.000000e+00,0.000000e+00,2.229164e-20,1.785406e-20,2.406071e-22,1.687199e-32,4.406236e-29,-1.747057e-23,-3.908311e-25,-4.715246e-33
3275.0091,200.00,316.0740,2.361773e+01,5.735315e-03,C,2.965865e-02,1.333333e-01,2.9223%,1.059506e-02,8.912592e-03,2.641037e-04,8.118756e-17,6.360526e-11,2.624257e-05,2.798864e-07,0.000000e+00,0.000000e+00,1.550633e-18,0.000000e+00,0.000000e+00,0.000000e+00,0.000000e+00,0.000000e+00,0.000000e+00,3.087877e-18,2.604555e-31,1.598560e-18,4.093543e-33,6.939931e-24,1.530005e-18,2.840876e-21,2.088224e-43,-3.065834e-18,-1.532948e-18,-1.598323e-18,-4.717521e-33,-6.939886e-24,-1.530023e-18,-2.841260e-21,-4.717170e-33,0.000000e+00,0.000000e+00,0.000000e+00,0.000000e+00,0.000000e+00,0.000000e+00,0.000000e+00,0.000000e+00,2.204354e-20,1.768531e-20,2.375064e-22,-6.239779e-34,4.468069e-29,-1.741448e-23,-3.839284e-25,-4.717170e-33
3295.0091,200.00,316.0779,2.363498e+01,5.680330e-03,C,2.966680e-02,1.333333e-01,2.9231%,1.060893e-02,8.923692e-03,2.641921e-04,8.095519e-17,6.361592e-11,2.623638e-05,2.796813e-07,0.000000e+00,0.000000e+00,1.550633e-18,0.000000e+00,0.000000e+00,0.000000e+00,0.000000e+00,0.000000e+00,0.000000e+00,3.087983e-18,2.547154e-31,1.598734e-18,4.092076e-33,6.939366e-24,1.530180e-18,2.840422e-21,3.758802e-43,-3.066171e-18,-1.533116e-18,-1.598669e-18,-4.681907e-33,-6.939368e-24,-1.530191e-18,-2.840720e-21,-4.719561e-33,0.000000e+00,0.000000e+00,0.000000e+00,0.000000e+00,0.000000e+00,0.000000e+00,0.000000e+00,0.000000e+00,2.181172e-20,1.751671e-20,6.496703e-23,-5.898310e-34,-2.237517e-30,-1.132305e-23,-2.975060e-25,-4.719561e-33
3315.0091,200.00,316.0817,2.365200e+01,5.622856e-03,C,2.967452e-02,1.333333e-01,2.9239%,1.062265e-02,8.934671e-03,2.642820e-04,8.110117e-17,6.362710e-11,2.623114e-05,2.794807e-07,0.000000e+00,0.000000e+00,1.550633e-18,0.000000e+00,0.000000e+00,0.000000e+00,0.000000e+00,0.000000e+00,0.000000e+00,3.088383e-18,2.575854e-31,1.599055e-18,4.091830e-33,6.938858e-24,1.530491e-18,2.840326e-21,-4.176447e-44,-3.066523e-18,-1.533292e-18,-1.598671e-18,-4.721370e-33,-6.938782e-24,-1.530368e-18,-2.840336e-21,-4.720987e-33,0.000000e+00,0.000000e+00,0.000000e+00,0.000000e+00,0.000000e+00,0.000000e+00,0.000000e+00,0.000000e+00,2.185961e-20,1.734047e-20,3.841091e-22,-6.295407e-34,7.546145e-29,1.229452e-22,-1.066360e-26,-4.720987e-33
3335.0091,200.00,316.0855,2.366879e+01,5.519820e-03,C,2.968245e-02,1.333333e-01,2.9246%,1.063622e-02,8.945525e-03,2.643685e-04,8.095930e-17,6.363754e-11,2.622518e-05,2.792812e-07,0.000000e+00,0.000000e+00,1.550633e-18,0.000000e+00,0.000000e+00,0.000000e+00,0.000000e+00,0.000000e+00,0.000000e+00,3.088508e-18,2.647605e-31,1.599237e-18,4.090497e-33,6.938310e-24,1.530672e-18,2.839910e-21,4.594092e-43,-3.067155e-18,-1.533608e-18,-1.599165e-18,-4.724172e-33,-6.938311e-24,-1.530684e-18,-2.840209e-21,-4.723789e-33,0.000000e+00,0.000000e+00,0.000000e+00,0.000000e+00,0.000000e+00,0.000000e+00,0.000000e+00,0.000000e+00,2.135239e-20,1.702446e-20,7.152999e-23,-6.336751e-34,-1.589861e-30,-1.180567e-23,-2.993015e-25,-4.723789e-33
3355.0091,200.00,316.0892,2.368535e+01,5.460576e-03,C,2.969025e-02,1.333333e-01,2.9254%,1.064963e-02,8.956261e-03,2.644545e-04,8.115579e-17,6.364800e-11,2.621933e-05,2.790843e-07,0.000000e+00,0.000000e+00,1.550633e-18,0.000000e+00,0.000000e+00,0.000000e+00,0.000000e+00,0.000000e+00,0.000000e+00,3.088638e-18,2.583029e-31,1.599419e-18,4.089215e-33,6.937772e-24,1.530854e-18,2.839506e-21,-2.923513e-43,-3.067519e-18,-1.533790e-18,-1.599349e-18,-4.726076e-33,-6.939280e-24,-1.530866e-18,-2.839800e-21,-4.725638e-33,0.000000e+00,0.000000e+00,0.000000e+00,0.000000e+00,0.000000e+00,0.000000e+00,0.000000e+00,0.000000e+00,2.111897e-20,1.684273e-20,7.046800e-23,-6.368602e-34,-1.508114e-27,-1.148876e-23,-2.945818e-25,-4.725638e-33
3375.0091,200.00,316.0929,2.370178e+01,5.400953e-03,C,2.969798e-02,1.333333e-01,2.9261%,1.066291e-02,8.966879e-03,2.645399e-04,8.085930e-17,6.365853e-11,2.621358e-05,2.788901e-07,0.000000e+00,0.000000e+00,1.550633e-18,0.000000e+00,0.000000e+00,0.000000e+00,0.000000e+00,0.000000e+00,0.000000e+00,3.088772e-18,2.597380e-31,1.599603e-18,4.087977e-33,6.937256e-24,1.531038e-18,2.839113e-21,-9.188184e-43,-3.067884e-18,-1.533973e-18,-1.599533e-18,-4.727968e-33,-6.937258e-24,-1.531049e-18,-2.839404e-21,-4.727583e-33,0.000000e+00,0.000000e+00,0.000000e+00,0.000000e+00,0.000000e+00,0.000000e+00,0.000000e+00,0.000000e+00,2.088793e-20,1.665981e-20,6.928699e-23,-6.399918e-34,-1.586531e-30,-1.145403e-23,-2.904816e-25,-4.727583e-33
3395.0091,200.00,316.0966,2.371806e+01,5.339520e-03,C,2.970563e-02,1.333333e-01,2.9269%,1.067603e-02,8.977381e-03,2.646238e-04,8.094014e-17,6.366877e-11,2.620796e-05,2.786988e-07,0.000000e+00,0.000000e+00,1.550633e-18,0.000000e+00,0.000000e+00,0.000000e+00,0.000000e+00,0.000000e+00,0.000000e+00,3.088923e-18,2.611730e-31,1.599793e-18,4.086814e-33,6.936739e-24,1.531227e-18,2.838747e-21,2.923513e-43,-3.068261e-18,-1.534162e-18,-1.599724e-18,-4.729834e-33,-6.936740e-24,-1.531238e-18,-2.839034e-21,-4.728332e-33,0.000000e+00,0.000000e+00,0.000000e+00,0.000000e+00,0.000000e+00,0.000000e+00,0.000000e+00,0.000000e+00,2.066173e-20,1.647132e-20,6.912530e-23,-6.430193e-34,-9.612864e-31,-1.118924e-23,-2.869233e-25,-4.728332e-33
3415.0091,200.00,316.1002,2.373414e+01,5.277797e-03,C,2.971318e-02,1.333333e-01,2.9276%,1.068902e-02,8.987769e-03,2.647072e-04,8.094636e-17,6.367903e-11,2.620244e-05,2.785101e-07,0.000000e+00,0.000000e+00,1.550633e-18,0.000000e+00,0.000000e+00,0.000000e+00,0.000000e+00,0.000000e+00,0.000000e+00,3.089078e-18,2.611730e-31,1.599984e-18,4.085696e-33,6.936235e-24,1.531417e-18,2.838391e-21,7.099960e-43,-3.068640e-18,-1.534351e-18,-1.599915e-18,-4.731652e-33,-6.936236e-24,-1.531428e-18,-2.838675e-21,-4.730578e-33,0.000000e+00,0.000000e+00,0.000000e+00,0.000000e+00,0.000000e+00,0.000000e+00,0.000000e+00,0.000000e+00,2.043765e-20,1.628192e-20,6.898232e-23,-6.459564e-34,-8.410851e-31,-1.106846e-23,-2.837739e-25,-4.730578e-33
3435.0091,200.00,316.1038,2.375003e+01,5.259712e-03,C,2.972096e-02,1.333333e-01,2.9284%,1.070186e-02,8.998041e-03,2.647892e-04,8.077183e-17,6.368913e-11,2.619613e-05,2.783215e-07,0.000000e+00,0.000000e+00,1.550633e-18,0.000000e+00,0.000000e+00,0.000000e+00,0.000000e+00,0.000000e+00,0.000000e+00,3.088937e-18,2.633255e-31,1.600025e-18,4.083425e-33,6.935712e-24,1.531468e-18,2.837687e-21,2.088224e-43,-3.068751e-18,-1.534406e-18,-1.599796e-18,-4.732635e-33,-6.937461e-24,-1.531484e-18,-2.838036e-21,-4.729933e-33,0.000000e+00,0.000000e+00,0.000000e+00,0.000000e+00,0.000000e+00,0.000000e+00,0.000000e+00,0.000000e+00,2.018585e-20,1.622642e-20,2.291020e-22,-6.492099e-34,-1.748928e-27,-1.601186e-23,-3.484293e-25,-4.729933e-33
3455.0091,200.00,316.1073,2.376565e+01,5.195795e-03,C,2.972827e-02,1.333333e-01,2.9291%,1.071456e-02,9.008199e-03,2.648709e-04,8.101923e-17,6.369922e-11,2.619083e-05,2.781377e-07,0.000000e+00,0.000000e+00,1.550633e-18,0.000000e+00,0.000000e+00,0.000000e+00,0.000000e+00,0.000000e+00,0.000000e+00,3.089111e-18,2.597380e-31,1.600224e-18,4.082437e-33,6.935228e-24,1.531664e-18,2.837369e-21,1.252934e-43,-3.069143e-18,-1.534603e-18,-1.599994e-18,-4.734592e-33,-6.935183e-24,-1.531680e-18,-2.837715e-21,-4.734209e-33,0.000000e+00,0.000000e+00,0.000000e+00,0.000000e+00,0.000000e+00,0.000000e+00,0.000000e+00,0.000000e+00,1.996771e-20,1.603025e-20,2.298425e-22,-6.521550e-34,4.449654e-29,-1.593075e-23,-3.464150e-25,-4.734209e-33
3475.0091,200.00,316.1108,2.378114e+01,5.131908e-03,C,2.973552e-02,1.333333e-01,2.9298%,1.072712e-02,9.018246e-03,2.649509e-04,8.071227e-17,6.370900e-11,2.618565e-05,2.779569e-07,0.000000e+00,0.000000e+00,1.550633e-18,0.000000e+00,0.000000e+00,0.000000e+00,0.000000e+00,0.000000e+00,0.000000e+00,3.089300e-18,2.626080e-31,1.600428e-18,4.081518e-33,6.934739e-24,1.531866e-18,2.837075e-21,-2.505868e-43,-3.069535e-18,-1.534799e-18,-1.600368e-18,-4.731538e-33,-6.934743e-24,-1.531876e-18,-2.837341e-21,-4.736556e-33,0.000000e+00,0.000000e+00,0.000000e+00,0.000000e+00,0.000000e+00,0.000000e+00,0.000000e+00,0.000000e+00,1.976489e-20,1.583415e-20,6.006911e-23,-6.500205e-34,-3.414115e-30,-1.042702e-23,-2.652590e-25,-4.736556e-33
3495.0091,200.00,316.1143,2.379650e+01,5.065987e-03,C,2.974269e-02,1.333333e-01,2.9305%,1.073955e-02,9.028182e-03,2.650305e-04,8.066868e-17,6.371881e-11,2.618056e-05,2.777784e-07,0.000000e+00,0.000000e+00,1.550633e-18,0.000000e+00,0.000000e+00,0.000000e+00,0.000000e+00,0.000000e+00,0.000000e+00,3.089494e-18,2.590204e-31,1.600634e-18,4.080643e-33,6.934264e-24,1.532069e-18,2.836793e-21,-2.088224e-43,-3.069940e-18,-1.535001e-18,-1.600572e-18,-4.738806e-33,-6.934265e-24,-1.532079e-18,-2.837057e-21,-4.737180e-33,0.000000e+00,0.000000e+00,0.000000e+00,0.000000e+00,0.000000e+00,0.000000e+00,0.000000e+00,0.000000e+00,1.955418e-20,1.563178e-20,6.194073e-23,-6.581629e-34,-1.226352e-30,-1.003686e-23,-2.640635e-25,-4.737180e-33
3515.0091,200.00,316.1177,2.381167e+01,5.000439e-03,C,2.974976e-02,1.333333e-01,2.9312%,1.075185e-02,9.038012e-03,2.651096e-04,8.054196e-17,6.372862e-11,2.617556e-05,2.776023e-07,0.000000e+00,0.000000e+00,1.550633e-18,0.000000e+00,0.000000e+00,0.000000e+00,0.000000e+00,0.000000e+00,0.000000e+00,3.089692e-18,2.597380e-31,1.600840e-18,4.079807e-33,6.933799e-24,1.532272e-18,2.836520e-21,2.923513e-43,-3.070342e-18,-1.535202e-18,-1.600777e-18,-4.740335e-33,-6.934274e-24,-1.532282e-18,-2.836783e-21,-4.731275e-33,0.000000e+00,0.000000e+00,0.000000e+00,0.000000e+00,0.000000e+00,0.000000e+00,0.000000e+00,0.000000e+00,1.934964e-20,1.543053e-20,6.377495e-23,-6.605272e-34,-4.752297e-28,-1.002978e-23,-2.634750e-25,-4.731275e-33
3535.0091,200.00,316.1211,2.382674e+01,4.977303e-03,C,2.975710e-02,1.333333e-01,2.9319%,1.076400e-02,9.047735e-03,2.651871e-04,8.030684e-17,6.374876e-11,2.616978e-05,2.774264e-07,0.000000e+00,0.000000e+00,1.550633e-18,0.000000e+00,0.000000e+00,0.000000e+00,0.000000e+00,0.000000e+00,0.000000e+00,3.089594e-18,2.590204e-31,1.600897e-18,4.077805e-33,6.933324e-24,1.532337e-18,2.835898e-21,-8.352894e-44,-3.070484e-18,-1.535273e-18,-1.600671e-18,-4.741591e-33,-6.931623e-24,-1.532352e-18,-2.836228e-21,-4.741232e-33,0.000000e+00,0.000000e+00,0.000000e+00,0.000000e+00,0.000000e+00,0.000000e+00,0.000000e+00,0.000000e+00,1.910977e-20,1.535949e-20,2.259952e-22,-6.637862e-34,1.700964e-27,-1.507408e-23,-3.302417e-25,-4.741232e-33
