t_Myr,dt_kyr,T,P_CO2,rel_change,slowest,Da,A_reactive,supply_efficiency,Y_Alkalinity,Y_C,Y_Si,Y_Al,Y_Fe,Y_Ca,Y_Mg,Y_Na,F_out_Alkalinity,F_out_C,F_out_Si,F_out_Al,F_out_Fe,F_out_Ca,F_out_Mg,F_out_Na,F_diss_Alkalinity,F_diss_C,F_diss_Si,F_diss_Al,F_diss_Fe,F_diss_Ca,F_diss_Mg,F_diss_Na,F_prec_Alkalinity,F_prec_C,F_prec_Si,F_prec_Al,F_prec_Fe,F_prec_Ca,F_prec_Mg,F_prec_Na,F_cont_Alkalinity,F_cont_C,F_cont_Si,F_cont_Al,F_cont_Fe,F_cont_Ca,F_cont_Mg,F_cont_Na,F_net_Alkalinity,F_net_C,F_net_Si,F_net_Al,F_net_Fe,F_net_Ca,F_net_Mg,F_net_Na
2.0200,20.00,310.6520,2.075136e+00,1.000000e+00,Ca,2.156138e-02,1.333333e-01,2.1331%,1.131570e-04,9.898000e-05,5.548381e-05,2.666948e-19,1.180529e-11,5.299978e-05,1.400116e-07,3.638154e-25,0.000000e+00,1.550633e-18,0.000000e+00,0.000000e+00,0.000000e+00,0.000000e+00,0.000000e+00,0.000000e+00,1.823812e-18,1.076262e-33,8.934502e-19,4.236063e-33,7.954893e-24,8.539427e-19,2.240886e-21,-4.176447e-43,-7.938026e-24,-1.326405e-26,-8.102749e-30,-7.736225e-38,-7.938010e-24,-7.731914e-30,-2.035248e-32,-7.335599e-38,0.000000e+00,0.000000e+00,0.000000e+00,0.000000e+00,0.000000e+00,0.000000e+00,0.000000e+00,0.000000e+00,1.823804e-18,1.550633e-18,8.934502e-19,4.235986e-33,1.688275e-26,8.539427e-19,2.240886e-21,-7.335641e-38
4.4200,24.00,311.6699,2.706036e+00,1.000000e+00,Ca,2.278752e-02,1.333333e-01,2.2530%,2.544668e-04,2.165800e-04,1.246662e-04,5.908258e-19,1.387789e-11,1.191761e-04,3.122308e-07,1.824327e-24,0.000000e+00,1.550633e-18,0.000000e+00,0.000000e+00,0.000000e+00,0.000000e+00,0.000000e+00,0.000000e+00,1.896782e-18,3.399873e-28,9.282719e-19,4.303230e-33,7.912413e-24,8.886360e-19,2.293390e-21,2.430692e-41,-7.895371e-24,-6.598464e-27,-1.888107e-29,-7.978038e-38,-7.895333e-24,-1.798739e-29,-4.773077e-32,-7.735913e-38,0.000000e+00,0.000000e+00,0.000000e+00,0.000000e+00,0.000000e+00,0.000000e+00,0.000000e+00,0.000000e+00,1.896774e-18,1.550633e-18,9.282719e-19,4.303150e-33,1.708038e-26,8.886360e-19,2.293390e-21,-7.733482e-38
6.8200,24.00,312.4184,3.169957e+00,9.999997e-01,Ca,2.379036e-02,1.333333e-01,2.3510%,3.998728e-04,3.341800e-04,1.693130e-04,9.390961e-19,1.504750e-11,1.873427e-04,4.867044e-07,0.000000e+00,0.000000e+00,1.550633e-18,0.000000e+00,0.000000e+00,0.000000e+00,0.000000e+00,0.000000e+00,0.000000e+00,1.920940e-18,2.870033e-33,9.407374e-19,4.263317e-33,7.963764e-24,9.008141e-19,2.291763e-21,5.847026e-43,-8.291973e-24,-2.778595e-25,-8.255428e-19,-4.106716e-34,-7.964750e-24,-1.533085e-25,-3.983152e-28,-4.106640e-34,0.000000e+00,0.000000e+00,0.000000e+00,0.000000e+00,0.000000e+00,0.000000e+00,0.000000e+00,0.000000e+00,1.920931e-18,1.550633e-18,1.151946e-19,3.852645e-33,-9.852141e-28,9.008139e-19,2.291762e-21,-4.106640e-34
9.2200,24.00,314.7392,4.608377e+00,9.999967e-01,Mg,2.732902e-02,1.333333e-01,2.6959%,5.081420e-04,4.319761e-04,1.859313e-04,1.327484e-18,1.745539e-11,2.369673e-04,6.610384e-07,0.000000e+00,0.000000e+00,1.550633e-18,0.000000e+00,0.000000e+00,0.000000e+00,0.000000e+00,0.000000e+00,0.000000e+00,2.041086e-18,7.754469e-31,1.001673e-18,4.490522e-33,8.225639e-24,9.620317e-19,2.341879e-21,4.176447e-44,-1.211174e-18,-6.055842e-19,-5.462955e-19,-2.972231e-33,-8.158292e-24,-6.055829e-19,-3.910320e-27,-2.972419e-33,0.000000e+00,0.000000e+00,0.000000e+00,0.000000e+00,0.000000e+00,0.000000e+00,0.000000e+00,0.000000e+00,8.299118e-19,9.450487e-19,4.553777e-19,1.518290e-33,6.734692e-26,3.564488e-19,2.341875e-21,-2.972419e-33
11.6200,24.00,323.5625,1.098892e+01,1.384553e+00,P_CO2,4.727572e-02,1.333333e-01,4.6176%,5.739075e-04,5.025604e-04,2.523406e-04,1.458601e-18,3.104162e-11,2.661957e-04,8.343277e-07,0.000000e+00,0.000000e+00,1.550633e-18,0.000000e+00,0.000000e+00,0.000000e+00,0.000000e+00,0.000000e+00,0.000000e+00,2.162408e-18,8.940977e-29,1.069469e-18,4.925460e-33,9.563623e-24,1.042667e-18,2.224309e-21,1.524403e-41,-1.322157e-18,-6.610752e-19,-1.514249e-24,-3.279534e-33,-9.567870e-24,-6.610724e-19,-5.378409e-27,-3.282590e-33,0.000000e+00,0.000000e+00,0.000000e+00,0.000000e+00,0.000000e+00,0.000000e+00,0.000000e+00,0.000000e+00,8.402516e-19,8.895577e-19,1.069468e-18,1.645926e-33,-4.247129e-27,3.815950e-19,2.224303e-21,-3.282590e-33
14.0200,24.00,324.0287,1.469850e+01,9.999918e-01,Mg,4.853830e-02,1.333333e-01,4.7379%,6.194650e-04,5.559705e-04,2.537941e-04,1.512771e-18,3.117386e-11,2.857715e-04,1.011080e-06,0.000000e+00,0.000000e+00,1.550633e-18,0.000000e+00,0.000000e+00,0.000000e+00,0.000000e+00,0.000000e+00,0.000000e+00,2.409975e-18,5.039386e-28,1.190367e-18,5.523973e-33,9.669842e-24,1.159455e-18,2.420140e-21,8.219248e-41,-1.879381e-18,-9.396879e-19,-1.177487e-18,-4.931871e-33,-9.635033e-24,-9.396853e-19,-9.954900e-27,-4.931856e-33,0.000000e+00,0.000000e+00,0.000000e+00,0.000000e+00,0.000000e+00,0.000000e+00,0.000000e+00,0.000000e+00,5.305942e-19,6.109450e-19,1.288030e-20,5.921021e-34,3.480990e-26,2.197699e-19,2.420130e-21,-4.931856e-33
16.9000,28.80,324.5110,1.853629e+01,9.999890e-01,Mg,4.996747e-02,1.333333e-01,4.8740%,6.613073e-04,6.032437e-04,2.556170e-04,1.557089e-18,3.295789e-11,3.022635e-04,1.238061e-06,0.000000e+00,0.000000e+00,1.550633e-18,0.000000e+00,0.000000e+00,0.000000e+00,0.000000e+00,0.000000e+00,0.000000e+00,2.620778e-18,1.975683e-27,1.293540e-18,6.049448e-33,9.875972e-24,1.258985e-18,2.552701e-21,3.169506e-40,-2.231778e-18,-1.115887e-18,-1.272381e-18,-5.673360e-33,-9.888280e-24,-1.115884e-18,-1.402155e-26,-5.673349e-33,0.000000e+00,0.000000e+00,0.000000e+00,0.000000e+00,0.000000e+00,0.000000e+00,0.000000e+00,0.000000e+00,3.890001e-19,4.347458e-19,2.115852e-20,3.760883e-34,-1.230795e-26,1.431011e-19,2.552687e-21,-5.673348e-33
19.7800,28.80,324.8959,2.159922e+01,9.999860e-01,Mg,5.117527e-02,1.333333e-01,4.9888%,6.915359e-04,6.366873e-04,2.575943e-04,1.583560e-18,3.354512e-11,3.125101e-04,1.473395e-06,0.000000e+00,0.000000e+00,1.550633e-18,0.000000e+00,0.000000e+00,0.000000e+00,0.000000e+00,0.000000e+00,0.000000e+00,2.765174e-18,4.806935e-27,1.364328e-18,6.418078e-33,1.006729e-23,1.327335e-18,2.607626e-21,7.633710e-40,-2.483167e-18,-1.241582e-18,-1.343634e-18,-6.202636e-33,-1.007325e-23,-1.241578e-18,-1.824841e-26,-6.202633e-33,0.000000e+00,0.000000e+00,0.000000e+00,0.000000e+00,0.000000e+00,0.000000e+00,0.000000e+00,0.000000e+00,2.820074e-19,3.090508e-19,2.069408e-20,2.154418e-34,-5.966422e-27,8.575684e-20,2.607608e-21,-6.202632e-33
22.6600,28.80,325.1844,2.389477e+01,9.999829e-01,Mg,5.211389e-02,1.333333e-01,5.0779%,7.135423e-04,6.606026e-04,2.593372e-04,1.597689e-18,3.405410e-11,3.183646e-04,1.711126e-06,0.000000e+00,0.000000e+00,1.550633e-18,0.000000e+00,0.000000e+00,0.000000e+00,0.000000e+00,0.000000e+00,0.000000e+00,2.862411e-18,8.690379e-27,1.412063e-18,6.669943e-33,1.021564e-23,1.373514e-18,2.609740e-21,1.379480e-39,-2.655412e-18,-1.327705e-18,-1.394857e-18,-6.569038e-33,-1.021782e-23,-1.327699e-18,-2.236332e-26,-6.572483e-33,0.000000e+00,0.000000e+00,0.000000e+00,0.000000e+00,0.000000e+00,0.000000e+00,0.000000e+00,0.000000e+00,2.069991e-19,2.229280e-19,1.720579e-20,1.009043e-34,-2.170921e-27,4.581475e-20,2.609718e-21,-6.572481e-33
25.5400,28.80,325.3932,2.555619e+01,9.999794e-01,Mg,5.280974e-02,1.333333e-01,5.1440%,7.298342e-04,6.780227e-04,2.607207e-04,1.603236e-18,3.447195e-11,3.211856e-04,1.947357e-06,0.000000e+00,0.000000e+00,1.550633e-18,0.000000e+00,0.000000e+00,0.000000e+00,0.000000e+00,0.000000e+00,0.000000e+00,2.927626e-18,1.301739e-26,1.444115e-18,6.840222e-33,1.032242e-23,1.404604e-18,2.577696e-21,2.068427e-39,-2.772307e-18,-1.386153e-18,-1.430682e-18,-6.815074e-33,-1.030312e-23,-1.386148e-18,-2.651078e-26,-6.815070e-33,0.000000e+00,0.000000e+00,0.000000e+00,0.000000e+00,0.000000e+00,0.000000e+00,0.000000e+00,0.000000e+00,1.553185e-19,1.644801e-19,1.343323e-20,2.514856e-35,1.929263e-26,1.845584e-20,2.577670e-21,-6.815068e-33
28.4200,28.80,325.5409,2.673157e+01,9.999759e-01,Mg,5.330998e-02,1.333333e-01,5.1914%,7.422209e-04,6.910487e-04,2.617660e-04,1.602913e-18,3.476003e-11,3.219451e-04,2.179608e-06,0.000000e+00,0.000000e+00,1.550633e-18,0.000000e+00,0.000000e+00,0.000000e+00,0.000000e+00,0.000000e+00,0.000000e+00,2.971320e-18,0.000000e+00,1.465612e-18,6.954463e-33,1.039597e-23,1.425527e-18,2.524161e-21,8.352894e-44,-2.851321e-18,-1.425660e-18,-1.456184e-18,-6.982823e-33,-1.039590e-23,-1.425655e-18,-3.040747e-26,-6.982801e-33,0.000000e+00,0.000000e+00,0.000000e+00,0.000000e+00,0.000000e+00,0.000000e+00,0.000000e+00,0.000000e+00,1.199983e-19,1.249729e-19,9.428528e-21,-2.835961e-35,6.684973e-29,-1.279013e-22,2.524131e-21,-6.982801e-33
31.3000,28.80,325.6438,2.755010e+01,9.999722e-01,Mg,5.366213e-02,1.333333e-01,5.2248%,7.519589e-04,7.011097e-04,2.625399e-04,1.598726e-18,3.501025e-11,3.213145e-04,2.406346e-06,0.000000e+00,0.000000e+00,1.550633e-18,0.000000e+00,0.000000e+00,0.000000e+00,0.000000e+00,0.000000e+00,0.000000e+00,3.000719e-18,3.587541e-33,1.480091e-18,7.031253e-33,1.044514e-23,1.439681e-18,2.457661e-21,2.505868e-43,-2.904717e-18,-1.452358e-18,-1.472526e-18,-7.094986e-33,-1.044018e-23,-1.452353e-18,-3.411419e-26,-7.094975e-33,0.000000e+00,0.000000e+00,0.000000e+00,0.000000e+00,0.000000e+00,0.000000e+00,0.000000e+00,0.000000e+00,9.600200e-20,9.827479e-20,7.564785e-21,-6.373328e-35,4.960432e-27,-1.267196e-20,2.457627e-21,-7.094975e-33
34.1800,28.80,325.7147,2.811413e+01,9.999684e-01,Mg,5.390652e-02,1.333333e-01,5.2479%,7.599117e-04,7.091768e-04,2.631075e-04,1.591788e-18,3.514340e-11,3.197539e-04,2.626649e-06,0.000000e+00,0.000000e+00,1.550633e-18,0.000000e+00,0.000000e+00,0.000000e+00,0.000000e+00,0.000000e+00,0.000000e+00,3.020486e-18,7.175082e-34,1.489836e-18,7.082475e-33,1.047684e-23,1.449264e-18,2.383619e-21,-5.011737e-43,-2.940350e-18,-1.470175e-18,-1.484412e-18,-7.168601e-33,-1.047255e-23,-1.470169e-18,-3.762765e-26,-7.168595e-33,0.000000e+00,0.000000e+00,0.000000e+00,0.000000e+00,0.000000e+00,0.000000e+00,0.000000e+00,0.000000e+00,8.013566e-20,8.045832e-20,5.423763e-21,-8.612554e-35,4.296924e-27,-2.090479e-20,2.383581e-21,-7.168595e-33
37.0600,28.80,325.7630,2.849902e+01,9.999645e-01,Mg,5.407414e-02,1.333333e-01,5.2638%,7.666645e-04,7.159036e-04,2.635281e-04,1.583476e-18,3.525760e-11,3.175739e-04,2.840009e-06,0.000000e+00,0.000000e+00,1.550633e-18,0.000000e+00,0.000000e+00,0.000000e+00,0.000000e+00,0.000000e+00,0.000000e+00,3.033708e-18,3.587541e-34,1.496364e-18,7.116224e-33,1.049629e-23,1.455738e-18,2.305550e-21,2.505868e-43,-2.964667e-18,-1.482333e-18,-1.492477e-18,-7.217347e-33,-1.049343e-23,-1.482327e-18,-4.096585e-26,-7.217340e-33,0.000000e+00,0.000000e+00,0.000000e+00,0.000000e+00,0.000000e+00,0.000000e+00,0.000000e+00,0.000000e+00,6.904141e-20,6.829995e-20,3.886623e-21,-1.011226e-34,2.856751e-27,-2.658871e-20,2.305509e-21,-7.217340e-33
39.9400,28.80,325.7959,2.876040e+01,9.999604e-01,Mg,5.418819e-02,1.333333e-01,5.2746%,7.726173e-04,7.217350e-04,2.638442e-04,1.573917e-18,3.534151e-11,3.149866e-04,3.046177e-06,0.000000e+00,0.000000e+00,1.550633e-18,0.000000e+00,0.000000e+00,0.000000e+00,0.000000e+00,0.000000e+00,0.000000e+00,3.042699e-18,3.587541e-33,1.500810e-18,7.138626e-33,1.050748e-23,1.460198e-18,2.226022e-21,3.341158e-43,-2.980251e-18,-1.490125e-18,-1.497424e-18,-7.246514e-33,-1.050372e-23,-1.490119e-18,-4.411891e-26,-7.246506e-33,0.000000e+00,0.000000e+00,0.000000e+00,0.000000e+00,0.000000e+00,0.000000e+00,0.000000e+00,0.000000e+00,6.244862e-20,6.050786e-20,3.385531e-21,-1.078873e-34,3.759626e-27,-2.992147e-20,2.225977e-21,-7.246506e-33
42.8200,28.80,325.8179,2.893592e+01,9.999561e-01,Mg,5.426500e-02,1.333333e-01,5.2819%,7.780379e-04,7.269689e-04,2.640872e-04,1.563765e-18,3.540125e-11,3.121337e-04,3.245083e-06,0.000000e+00,0.000000e+00,1.550633e-18,0.000000e+00,0.000000e+00,0.000000e+00,0.000000e+00,0.000000e+00,0.000000e+00,3.048456e-18,2.870033e-33,1.503666e-18,7.152294e-33,1.051253e-23,1.463119e-18,2.146114e-21,-1.252934e-43,-2.991133e-18,-1.495566e-18,-1.501171e-18,-7.265364e-33,-1.051199e-23,-1.495560e-18,-4.712499e-26,-7.265351e-33,0.000000e+00,0.000000e+00,0.000000e+00,0.000000e+00,0.000000e+00,0.000000e+00,0.000000e+00,0.000000e+00,5.732362e-20,5.506698e-20,2.494634e-21,-1.130695e-34,5.406180e-28,-3.244103e-20,2.146067e-21,-7.265351e-33
45.7000,28.80,325.8327,2.905321e+01,9.999516e-01,Mg,5.431628e-02,1.333333e-01,5.2867%,7.831112e-04,7.318098e-04,2.642806e-04,1.553730e-18,3.546198e-11,3.091129e-04,3.436765e-06,0.000000e+00,0.000000e+00,1.550633e-18,0.000000e+00,0.000000e+00,0.000000e+00,0.000000e+00,0.000000e+00,0.000000e+00,3.052495e-18,-2.511279e-33,1.505675e-18,7.161329e-33,1.051399e-23,1.465216e-18,2.067418e-21,-1.670579e-43,-2.998281e-18,-1.499140e-18,-1.503985e-18,-7.275874e-33,-1.051196e-23,-1.499134e-18,-4.998347e-26,-7.275862e-33,0.000000e+00,0.000000e+00,0.000000e+00,0.000000e+00,0.000000e+00,0.000000e+00,0.000000e+00,0.000000e+00,5.421384e-20,5.149266e-20,1.689329e-21,-1.145457e-34,2.032472e-27,-3.391764e-20,2.067368e-21,-7.275862e-33
48.5800,28.80,325.8424,2.913055e+01,9.999471e-01,Mg,5.435016e-02,1.333333e-01,5.2900%,7.879602e-04,7.363944e-04,2.644410e-04,1.543349e-18,3.548738e-11,3.059889e-04,3.621338e-06,0.000000e+00,0.000000e+00,1.550633e-18,0.000000e+00,0.000000e+00,0.000000e+00,0.000000e+00,0.000000e+00,0.000000e+00,3.054839e-18,-3.587541e-34,1.506852e-18,7.165754e-33,1.051238e-23,1.466509e-18,1.989899e-21,9.605828e-43,-3.002392e-18,-1.501196e-18,-1.505052e-18,-7.280781e-33,-1.052266e-23,-1.501189e-18,-5.259298e-26,-7.282528e-33,0.000000e+00,0.000000e+00,0.000000e+00,0.000000e+00,0.000000e+00,0.000000e+00,0.000000e+00,0.000000e+00,5.244703e-20,4.943707e-20,1.799826e-21,-1.150270e-34,-1.028450e-26,-3.468015e-20,1.989847e-21,-7.282528e-33
51.4600,28.80,325.8487,2.918067e+01,9.999422e-01,Mg,5.437206e-02,1.333333e-01,5.2920%,7.926704e-04,7.408170e-04,2.645777e-04,1.533005e-18,3.553181e-11,3.028068e-04,3.798961e-06,0.000000e+00,0.000000e+00,1.550633e-18,0.000000e+00,0.000000e+00,0.000000e+00,0.000000e+00,0.000000e+00,0.000000e+00,3.056621e-18,3.587541e-34,1.507750e-18,7.168646e-33,1.050939e-23,1.467526e-18,1.914699e-21,0.000000e+00,-3.005452e-18,-1.502726e-18,-1.505907e-18,-7.280307e-33,-1.049475e-23,-1.502720e-18,-5.528976e-26,-7.280296e-33,0.000000e+00,0.000000e+00,0.000000e+00,0.000000e+00,0.000000e+00,0.000000e+00,0.000000e+00,0.000000e+00,5.116864e-20,4.790703e-20,1.842987e-21,-1.116618e-34,1.464471e-26,-3.519360e-20,1.914643e-21,-7.280296e-33
54.3400,28.80,325.8527,2.921250e+01,9.999373e-01,Mg,5.438587e-02,1.333333e-01,5.2933%,7.972986e-04,7.451411e-04,2.646988e-04,1.522788e-18,3.554445e-11,2.995964e-04,3.969820e-06,0.000000e+00,0.000000e+00,1.550633e-18,0.000000e+00,0.000000e+00,0.000000e+00,0.000000e+00,0.000000e+00,0.000000e+00,3.057698e-18,5.022557e-33,1.508303e-18,7.169597e-33,1.050507e-23,1.468205e-18,1.841579e-21,5.847026e-43,-3.007276e-18,-1.503638e-18,-1.507340e-18,-7.278748e-33,-1.051013e-23,-1.503631e-18,-5.776606e-26,-7.278727e-33,0.000000e+00,0.000000e+00,0.000000e+00,0.000000e+00,0.000000e+00,0.000000e+00,0.000000e+00,0.000000e+00,5.042155e-20,4.699514e-20,9.623652e-22,-1.091503e-34,-5.063961e-27,-3.542583e-20,1.841522e-21,-7.278727e-33
57.2200,28.80,325.8551,2.923191e+01,9.999321e-01,Mg,5.439433e-02,1.333333e-01,5.2941%,8.018825e-04,7.494087e-04,2.648104e-04,1.512801e-18,3.557036e-11,2.963774e-04,4.134120e-06,0.000000e+00,0.000000e+00,1.550633e-18,0.000000e+00,0.000000e+00,0.000000e+00,0.000000e+00,0.000000e+00,0.000000e+00,3.057964e-18,-1.076262e-33,1.508459e-18,7.168314e-33,1.049947e-23,1.468501e-18,1.770337e-21,4.594092e-43,-3.007646e-18,-1.503823e-18,-1.507472e-18,-7.273513e-33,-1.051112e-23,-1.503816e-18,-6.011556e-26,-7.273507e-33,0.000000e+00,0.000000e+00,0.000000e+00,0.000000e+00,0.000000e+00,0.000000e+00,0.000000e+00,0.000000e+00,5.031816e-20,4.680994e-20,9.867339e-22,-1.051992e-34,-1.165174e-26,-3.531497e-20,1.770277e-21,-7.273507e-33
60.1000,28.80,325.8565,2.924266e+01,9.999267e-01,Mg,5.439886e-02,1.333333e-01,5.2946%,8.064482e-04,7.536478e-04,2.649156e-04,1.503341e-18,3.560435e-11,2.931633e-04,4.292075e-06,0.000000e+00,0.000000e+00,1.550633e-18,0.000000e+00,0.000000e+00,0.000000e+00,0.000000e+00,0.000000e+00,0.000000e+00,3.058351e-18,7.175082e-34,1.508671e-18,7.167347e-33,1.049383e-23,1.468846e-18,1.701878e-21,2.505868e-43,-3.008193e-18,-1.504096e-18,-1.507646e-18,-7.268679e-33,-1.049337e-23,-1.504089e-18,-6.237284e-26,-7.268664e-33,0.000000e+00,0.000000e+00,0.000000e+00,0.000000e+00,0.000000e+00,0.000000e+00,0.000000e+00,0.000000e+00,5.015789e-20,4.653673e-20,1.025115e-21,-1.013315e-34,4.621772e-28,-3.524334e-20,1.701816e-21,-7.268664e-33
62.9800,28.80,325.8571,2.924775e+01,9.999211e-01,Mg,5.440106e-02,1.333333e-01,5.2948%,8.110151e-04,7.578805e-04,2.650167e-04,1.494328e-18,3.561023e-11,2.899641e-04,4.443895e-06,0.000000e+00,0.000000e+00,1.550633e-18,0.000000e+00,0.000000e+00,0.000000e+00,0.000000e+00,0.000000e+00,0.000000e+00,3.058483e-18,0.000000e+00,1.508760e-18,7.165661e-33,1.048778e-23,1.469068e-18,1.635713e-21,2.088224e-43,-3.008284e-18,-1.504142e-18,-1.507707e-18,-7.262593e-33,-1.050750e-23,-1.504135e-18,-6.451329e-26,-7.262675e-33,0.000000e+00,0.000000e+00,0.000000e+00,0.000000e+00,0.000000e+00,0.000000e+00,0.000000e+00,0.000000e+00,5.019916e-20,4.649089e-20,1.052852e-21,-9.693170e-35,-1.972352e-26,-3.506678e-20,1.635649e-21,-7.262675e-33
65.8600,28.80,325.8573,2.924936e+01,9.999153e-01,Mg,5.440164e-02,1.333333e-01,5.2948%,8.155956e-04,7.621208e-04,2.651151e-04,1.485684e-18,3.562883e-11,2.867862e-04,4.589793e-06,0.000000e+00,0.000000e+00,1.550633e-18,0.000000e+00,0.000000e+00,0.000000e+00,0.000000e+00,0.000000e+00,0.000000e+00,3.058339e-18,-1.076262e-33,1.508713e-18,7.163185e-33,1.048132e-23,1.469158e-18,1.571729e-21,-2.088224e-43,-3.007881e-18,-1.503940e-18,-1.507644e-18,-7.255497e-33,-1.048722e-23,-1.503933e-18,-6.658160e-26,-7.255489e-33,0.000000e+00,0.000000e+00,0.000000e+00,0.000000e+00,0.000000e+00,0.000000e+00,0.000000e+00,0.000000e+00,5.045847e-20,4.669256e-20,1.068516e-21,-9.231248e-35,-5.894074e-27,-3.477552e-20,1.571662e-21,-7.255489e-33
68.7400,28.80,325.8572,2.924867e+01,9.999092e-01,Mg,5.440123e-02,1.333333e-01,5.2948%,8.201989e-04,7.663787e-04,2.652122e-04,1.477477e-18,3.567010e-11,2.836342e-04,4.729979e-06,0.000000e+00,0.000000e+00,1.550633e-18,0.000000e+00,0.000000e+00,0.000000e+00,0.000000e+00,0.000000e+00,0.000000e+00,3.058221e-18,2.152524e-33,1.508678e-18,7.160751e-33,1.047487e-23,1.469256e-18,1.510160e-21,5.429381e-43,-3.007520e-18,-1.503760e-18,-1.507593e-18,-7.248288e-33,-1.045528e-23,-1.503753e-18,-6.854859e-26,-7.248288e-33,0.000000e+00,0.000000e+00,0.000000e+00,0.000000e+00,0.000000e+00,0.000000e+00,0.000000e+00,0.000000e+00,5.070055e-20,4.687289e-20,1.085662e-21,-8.753647e-35,1.959348e-26,-3.449739e-20,1.510091e-21,-7.248288e-33
71.6200,28.80,325.8569,2.924596e+01,9.999029e-01,Mg,5.439985e-02,1.333333e-01,5.2947%,8.248253e-04,7.706544e-04,2.653079e-04,1.469732e-18,3.566608e-11,2.805079e-04,4.864666e-06,0.000000e+00,0.000000e+00,1.550633e-18,0.000000e+00,0.000000e+00,0.000000e+00,0.000000e+00,0.000000e+00,0.000000e+00,3.057802e-18,0.000000e+00,1.508497e-18,7.157460e-33,1.046802e-23,1.469210e-18,1.450570e-21,0.000000e+00,-3.006626e-18,-1.503313e-18,-1.507408e-18,-7.239750e-33,-1.046902e-23,-1.503306e-18,-7.041876e-26,-7.239745e-33,0.000000e+00,0.000000e+00,0.000000e+00,0.000000e+00,0.000000e+00,0.000000e+00,0.000000e+00,0.000000e+00,5.117591e-20,4.732007e-20,1.089176e-21,-8.228994e-35,-1.002950e-27,-3.409531e-20,1.450500e-21,-7.239745e-33
74.5000,28.80,325.8566,2.924389e+01,9.998963e-01,Mg,5.439890e-02,1.333333e-01,5.2946%,8.294943e-04,7.749698e-04,2.654060e-04,1.462452e-18,3.568628e-11,2.774178e-04,4.994034e-06,0.000000e+00,0.000000e+00,1.550633e-18,0.000000e+00,0.000000e+00,0.000000e+00,0.000000e+00,0.000000e+00,0.000000e+00,3.057676e-18,-1.076262e-33,1.508460e-18,7.154951e-33,1.046160e-23,1.469299e-18,1.393517e-21,-2.505868e-43,-3.006249e-18,-1.503125e-18,-1.507353e-18,-7.231411e-33,-1.047736e-23,-1.503118e-18,-7.222759e-26,-7.231476e-33,0.000000e+00,0.000000e+00,0.000000e+00,0.000000e+00,0.000000e+00,0.000000e+00,0.000000e+00,0.000000e+00,5.142675e-20,4.750838e-20,1.106353e-21,-7.646023e-35,-1.575994e-26,-3.381829e-20,1.393444e-21,-7.231476e-33
77.3800,28.80,325.8561,2.923935e+01,9.998895e-01,Mg,5.439674e-02,1.333333e-01,5.2944%,8.341846e-04,7.793006e-04,2.655020e-04,1.455582e-18,3.570464e-11,2.743519e-04,5.118310e-06,0.000000e+00,0.000000e+00,1.550633e-18,0.000000e+00,0.000000e+00,0.000000e+00,0.000000e+00,0.000000e+00,0.000000e+00,3.057587e-18,7.175082e-34,1.508439e-18,7.152512e-33,1.045520e-23,1.469401e-18,1.338636e-21,5.847026e-43,-3.005934e-18,-1.502967e-18,-1.507313e-18,-7.224929e-33,-1.045987e-23,-1.502960e-18,-7.394108e-26,-7.224919e-33,0.000000e+00,0.000000e+00,0.000000e+00,0.000000e+00,0.000000e+00,0.000000e+00,0.000000e+00,0.000000e+00,5.165218e-20,4.766572e-20,1.125562e-21,-7.241624e-35,-4.674679e-27,-3.355849e-20,1.338562e-21,-7.224919e-33
80.2600,28.80,325.8556,2.923578e+01,9.998824e-01,Mg,5.439513e-02,1.333333e-01,5.2942%,8.389182e-04,7.836722e-04,2.655991e-04,1.449235e-18,3.572332e-11,2.713220e-04,5.237654e-06,0.000000e+00,0.000000e+00,1.550633e-18,0.000000e+00,0.000000e+00,0.000000e+00,0.000000e+00,0.000000e+00,0.000000e+00,3.057150e-18,1.076262e-33,1.508250e-18,7.149081e-33,1.044842e-23,1.469341e-18,1.285447e-21,-2.923513e-43,-3.005010e-18,-1.502505e-18,-1.507175e-18,-7.216009e-33,-1.044905e-23,-1.502498e-18,-7.557112e-26,-7.216010e-33,0.000000e+00,0.000000e+00,0.000000e+00,0.000000e+00,0.000000e+00,0.000000e+00,0.000000e+00,0.000000e+00,5.214044e-20,4.812792e-20,1.074988e-21,-6.692867e-35,-6.368447e-28,-3.315696e-20,1.285371e-21,-7.216010e-33
83.1400,28.80,325.8551,2.923140e+01,9.998750e-01,Mg,5.439303e-02,1.333333e-01,5.2940%,8.436833e-04,7.880708e-04,2.656974e-04,1.443404e-18,3.574360e-11,2.683214e-04,5.352268e-06,0.000000e+00,0.000000e+00,1.550633e-18,0.000000e+00,0.000000e+00,0.000000e+00,0.000000e+00,0.000000e+00,0.000000e+00,3.056705e-18,2.152524e-33,1.508057e-18,7.145602e-33,1.044165e-23,1.469273e-18,1.234228e-21,4.176447e-44,-3.004063e-18,-1.502031e-18,-1.506926e-18,-7.206925e-33,-1.046212e-23,-1.502024e-18,-7.713043e-26,-7.206914e-33,0.000000e+00,0.000000e+00,0.000000e+00,0.000000e+00,0.000000e+00,0.000000e+00,0.000000e+00,0.000000e+00,5.264238e-20,4.860154e-20,1.130952e-21,-6.132312e-35,-2.046675e-26,-3.275098e-20,1.234151e-21,-7.206914e-33
86.0200,28.80,325.8545,2.922661e+01,9.998673e-01,Mg,5.439084e-02,1.333333e-01,5.2938%,8.484851e-04,7.925020e-04,2.657947e-04,1.438098e-18,3.576193e-11,2.653527e-04,5.462322e-06,0.000000e+00,0.000000e+00,1.550633e-18,0.000000e+00,0.000000e+00,0.000000e+00,0.000000e+00,0.000000e+00,0.000000e+00,3.056597e-18,-7.175082e-34,1.508028e-18,7.143015e-33,1.043532e-23,1.469360e-18,1.185285e-21,4.176447e-43,-3.003773e-18,-1.501887e-18,-1.507834e-18,-7.199527e-33,-1.043615e-23,-1.501879e-18,-7.863658e-26,-7.199512e-33,0.000000e+00,0.000000e+00,0.000000e+00,0.000000e+00,0.000000e+00,0.000000e+00,0.000000e+00,0.000000e+00,5.282410e-20,4.874613e-20,1.942861e-22,-5.651150e-35,-8.329352e-28,-3.251955e-20,1.185206e-21,-7.199512e-33
88.9000,28.80,325.8540,2.922278e+01,9.998593e-01,Mg,5.438905e-02,1.333333e-01,5.2936%,8.533294e-04,7.969730e-04,2.658950e-04,1.433270e-18,3.579142e-11,2.624191e-04,5.567977e-06,0.000000e+00,0.000000e+00,1.550633e-18,0.000000e+00,0.000000e+00,0.000000e+00,0.000000e+00,0.000000e+00,0.000000e+00,3.056121e-18,3.587541e-34,1.507821e-18,7.139388e-33,1.042861e-23,1.469273e-18,1.137786e-21,-4.176447e-44,-3.002713e-18,-1.501356e-18,-1.506670e-18,-7.189694e-33,-1.042285e-23,-1.501349e-18,-8.004915e-26,-7.189689e-33,0.000000e+00,0.000000e+00,0.000000e+00,0.000000e+00,0.000000e+00,0.000000e+00,0.000000e+00,0.000000e+00,5.340866e-20,4.927641e-20,1.150625e-21,-5.030574e-35,5.755765e-27,-3.207534e-20,1.137706e-21,-7.189689e-33
91.7800,28.80,325.8534,2.921831e+01,9.998509e-01,Mg,5.438705e-02,1.333333e-01,5.2935%,8.582079e-04,8.014739e-04,2.659945e-04,1.428930e-18,3.580151e-11,2.595155e-04,5.669410e-06,0.000000e+00,0.000000e+00,1.550633e-18,0.000000e+00,0.000000e+00,0.000000e+00,0.000000e+00,0.000000e+00,0.000000e+00,3.055658e-18,2.152524e-33,1.507619e-18,7.135759e-33,1.042192e-23,1.469191e-18,1.092074e-21,2.088224e-43,-3.001736e-18,-1.500868e-18,-1.506467e-18,-7.180207e-33,-1.042332e-23,-1.500860e-18,-8.139824e-26,-7.180217e-33,0.000000e+00,0.000000e+00,0.000000e+00,0.000000e+00,0.000000e+00,0.000000e+00,0.000000e+00,0.000000e+00,5.392212e-20,4.976478e-20,1.152101e-21,-4.444822e-35,-1.402933e-27,-3.166945e-20,1.091992e-21,-7.180217e-33
94.6600,28.80,325.8529,2.921440e+01,9.998921e-01,Mg,5.438525e-02,1.333333e-01,5.2933%,8.631281e-04,8.060131e-04,2.660954e-04,1.425109e-18,3.582937e-11,2.566461e-04,5.766770e-06,0.000000e+00,0.000000e+00,1.550633e-18,0.000000e+00,0.000000e+00,0.000000e+00,0.000000e+00,0.000000e+00,0.000000e+00,3.055499e-18,-1.793770e-33,1.507566e-18,7.132938e-33,1.041566e-23,1.469248e-18,1.048396e-21,-3.341158e-43,-3.001291e-18,-1.500646e-18,-1.506398e-18,-7.186083e-33,-1.041956e-23,-1.500639e-18,-5.656813e-26,-7.170749e-33,0.000000e+00,0.000000e+00,0.000000e+00,0.000000e+00,0.000000e+00,0.000000e+00,0.000000e+00,0.000000e+00,5.420782e-20,4.998732e-20,1.168547e-21,-5.314450e-35,-3.903026e-27,-3.139102e-20,1.048339e-21,-7.170749e-33
97.5400,28.80,325.8525,2.921089e+01,9.998332e-01,Mg,5.438355e-02,1.333333e-01,5.2931%,8.680870e-04,8.105876e-04,2.661969e-04,1.428129e-18,3.585592e-11,2.538089e-04,5.860211e-06,0.000000e+00,0.000000e+00,1.550633e-18,0.000000e+00,0.000000e+00,0.000000e+00,0.000000e+00,0.000000e+00,0.000000e+00,3.055004e-18,2.870033e-33,1.507350e-18,7.129158e-33,1.040902e-23,1.469147e-18,1.006004e-21,2.923513e-43,-3.000259e-18,-1.500130e-18,-1.506185e-18,-7.162042e-33,-1.040416e-23,-1.500122e-18,-8.392886e-26,-7.162023e-33,0.000000e+00,0.000000e+00,0.000000e+00,0.000000e+00,0.000000e+00,0.000000e+00,0.000000e+00,0.000000e+00,5.474453e-20,5.050299e-20,1.165256e-21,-3.288369e-35,4.865650e-27,-3.097536e-20,1.005920e-21,-7.162023e-33
100.4200,28.80,325.8531,2.921550e+01,2.611861e-01,Mg,5.438548e-02,1.333333e-01,5.2933%,8.730426e-04,8.151709e-04,2.663044e-04,1.425299e-18,3.586504e-11,2.510739e-04,5.858591e-06,0.000000e+00,0.000000e+00,1.550633e-18,0.000000e+00,0.000000e+00,0.000000e+00,0.000000e+00,0.000000e+00,0.000000e+00,3.055046e-18,3.228787e-33,1.507397e-18,7.126893e-33,1.040325e-23,1.469262e-18,1.002838e-21,-3.758802e-43,-3.000828e-18,-1.500414e-18,-1.506305e-18,-7.156238e-33,-1.041857e-23,-1.498695e-18,-1.711886e-21,-7.156218e-33,0.000000e+00,0.000000e+00,0.000000e+00,0.000000e+00,0.000000e+00,0.000000e+00,0.000000e+00,0.000000e+00,5.421759e-20,5.021850e-20,1.091868e-21,-2.934436e-35,-1.532235e-26,-2.943219e-20,-7.090483e-22,-7.156218e-33
103.8760,34.56,325.8461,2.916005e+01,2.492496e-01,Mg,5.436113e-02,1.333333e-01,5.2910%,8.797070e-04,8.211945e-04,2.665880e-04,1.424329e-18,3.758734e-11,2.482410e-04,5.785043e-06,0.000000e+00,0.000000e+00,1.550633e-18,0.000000e+00,0.000000e+00,0.000000e+00,0.000000e+00,0.000000e+00,0.000000e+00,3.052677e-18,1.793770e-33,1.506266e-18,7.116906e-33,1.039172e-23,1.468217e-18,1.027312e-21,3.341158e-43,-2.996491e-18,-1.498246e-18,-1.505238e-18,-7.134281e-33,-1.036973e-23,-1.496528e-18,-1.709448e-21,-7.134268e-33,0.000000e+00,0.000000e+00,0.000000e+00,0.000000e+00,0.000000e+00,0.000000e+00,0.000000e+00,0.000000e+00,5.618666e-20,5.238731e-20,1.028167e-21,-1.737581e-35,2.199027e-26,-2.831106e-20,-6.821360e-22,-7.134268e-33
108.0232,41.47,325.8418,2.912567e+01,2.375571e-01,Mg,5.434588e-02,1.333333e-01,5.2896%,8.880052e-04,8.287389e-04,2.669657e-04,1.424867e-18,3.968644e-11,2.450116e-04,5.700443e-06,0.000000e+00,0.000000e+00,1.550633e-18,0.000000e+00,0.000000e+00,0.000000e+00,0.000000e+00,0.000000e+00,0.000000e+00,3.050823e-18,1.076262e-33,1.505398e-18,7.107521e-33,1.037995e-23,1.467434e-18,1.056260e-21,5.429381e-43,-2.992431e-18,-1.496216e-18,-1.503612e-18,-7.109919e-33,-1.038190e-23,-1.494493e-18,-1.714465e-21,-7.109913e-33,0.000000e+00,0.000000e+00,0.000000e+00,0.000000e+00,0.000000e+00,0.000000e+00,0.000000e+00,0.000000e+00,5.839223e-20,5.441720e-20,1.785465e-21,-2.397702e-36,-1.950952e-27,-2.705878e-20,-6.582055e-22,-7.109913e-33
112.9998,49.77,325.8401,2.911224e+01,2.264406e-01,Mg,5.433987e-02,1.333333e-01,5.2890%,8.982606e-04,8.380995e-04,2.674524e-04,1.427231e-18,4.231135e-11,2.413111e-04,5.602738e-06,0.000000e+00,0.000000e+00,1.550633e-18,0.000000e+00,0.000000e+00,0.000000e+00,0.000000e+00,0.000000e+00,0.000000e+00,3.049446e-18,1.435016e-33,1.504774e-18,7.098462e-33,1.036765e-23,1.466900e-18,1.090382e-21,4.176447e-44,-2.989791e-18,-1.494896e-18,-1.503136e-18,-7.085679e-33,-1.036697e-23,-1.493159e-18,-1.728747e-21,-7.085655e-33,0.000000e+00,0.000000e+00,0.000000e+00,0.000000e+00,0.000000e+00,0.000000e+00,0.000000e+00,0.000000e+00,5.965481e-20,5.573703e-20,1.637857e-21,1.278271e-35,6.780536e-28,-2.625911e-20,-6.383652e-22,-7.085655e-33
118.9718,59.72,325.8409,2.911896e+01,2.160786e-01,Mg,5.434272e-02,1.333333e-01,5.2893%,9.108576e-04,8.496259e-04,2.680652e-04,1.434279e-18,4.552320e-11,2.370509e-04,5.489521e-06,0.000000e+00,0.000000e+00,1.550633e-18,0.000000e+00,0.000000e+00,0.000000e+00,0.000000e+00,0.000000e+00,0.000000e+00,3.048515e-18,6.816327e-33,1.504381e-18,7.089434e-33,1.035447e-23,1.466602e-18,1.130512e-21,-2.923513e-43,-2.987868e-18,-1.493935e-18,-1.502364e-18,-7.058835e-33,-1.035434e-23,-1.492172e-18,-1.753737e-21,-7.058826e-33,0.000000e+00,0.000000e+00,0.000000e+00,0.000000e+00,0.000000e+00,0.000000e+00,0.000000e+00,0.000000e+00,6.064673e-20,5.669839e-20,2.016902e-21,3.059865e-35,1.231250e-28,-2.557033e-20,-6.232247e-22,-7.058826e-33
126.1382,71.66,325.8440,2.914328e+01,2.055246e-01,Mg,5.435312e-02,1.333333e-01,5.2902%,9.262570e-04,8.637343e-04,2.688218e-04,1.455573e-18,4.941613e-11,2.321281e-04,5.358027e-06,0.000000e+00,0.000000e+00,1.550633e-18,0.000000e+00,0.000000e+00,0.000000e+00,0.000000e+00,0.000000e+00,0.000000e+00,3.047697e-18,3.587541e-33,1.504060e-18,7.079259e-33,1.033957e-23,1.466389e-18,1.177300e-21,-5.429381e-43,-2.986680e-18,-1.493341e-18,-1.502341e-18,-7.028980e-33,-1.033928e-23,-1.491545e-18,-1.786417e-21,-7.028968e-33,0.000000e+00,0.000000e+00,0.000000e+00,0.000000e+00,0.000000e+00,0.000000e+00,0.000000e+00,0.000000e+00,6.101688e-20,5.729235e-20,1.718917e-21,5.027904e-35,2.837968e-28,-2.515659e-20,-6.091167e-22,-7.028968e-33
134.7378,86.00,325.8490,2.918300e+01,1.944259e-01,Mg,5.437031e-02,1.333333e-01,5.2919%,9.450391e-04,8.809486e-04,2.697468e-04,1.477741e-18,5.410440e-11,2.264387e-04,5.205384e-06,0.000000e+00,0.000000e+00,1.550633e-18,0.000000e+00,0.000000e+00,0.000000e+00,0.000000e+00,0.000000e+00,0.000000e+00,3.047273e-18,9.327606e-33,1.503948e-18,7.068395e-33,1.032288e-23,1.466394e-18,1.232075e-21,4.176447e-44,-2.985534e-18,-1.492768e-18,-1.501993e-18,-6.993274e-33,-1.032272e-23,-1.490932e-18,-1.826800e-21,-6.993263e-33,0.000000e+00,0.000000e+00,0.000000e+00,0.000000e+00,0.000000e+00,0.000000e+00,0.000000e+00,0.000000e+00,6.173872e-20,5.786539e-20,1.955661e-21,7.512107e-35,1.505110e-28,-2.453721e-20,-5.947246e-22,-6.993263e-33
145.0574,103.20,325.8558,2.923698e+01,1.821207e-01,Mg,5.439372e-02,1.333333e-01,5.2941%,9.679364e-04,9.019323e-04,2.708700e-04,1.532923e-18,5.972662e-11,2.198848e-04,5.028788e-06,0.000000e+00,0.000000e+00,1.550633e-18,0.000000e+00,0.000000e+00,0.000000e+00,0.000000e+00,0.000000e+00,0.000000e+00,3.046849e-18,8.968852e-33,1.503859e-18,7.055347e-33,1.030344e-23,1.466441e-18,1.295415e-21,8.770539e-43,-2.984316e-18,-1.492159e-18,-1.502027e-18,-6.950458e-33,-1.030317e-23,-1.490277e-18,-1.872327e-21,-6.950484e-33,0.000000e+00,0.000000e+00,0.000000e+00,0.000000e+00,0.000000e+00,0.000000e+00,0.000000e+00,0.000000e+00,6.253261e-20,5.847406e-20,1.831871e-21,1.048888e-34,2.684573e-28,-2.383606e-20,-5.769113e-22,-6.950484e-33
157.4408,123.83,325.8642,2.930439e+01,1.686100e-01,Mg,5.442304e-02,1.333333e-01,5.2969%,9.958730e-04,9.275213e-04,2.722300e-04,1.591535e-18,6.645437e-11,2.123822e-04,4.825668e-06,0.000000e+00,0.000000e+00,1.550633e-18,0.000000e+00,0.000000e+00,0.000000e+00,0.000000e+00,0.000000e+00,0.000000e+00,3.046318e-18,1.829646e-32,1.503744e-18,7.039300e-33,1.028064e-23,1.466484e-18,1.368099e-21,-5.847026e-43,-2.982810e-18,-1.491406e-18,-1.502234e-18,-6.898551e-33,-1.028048e-23,-1.489473e-18,-1.923014e-21,-6.898540e-33,0.000000e+00,0.000000e+00,0.000000e+00,0.000000e+00,0.000000e+00,0.000000e+00,0.000000e+00,0.000000e+00,6.350842e-20,5.922722e-20,1.509829e-21,1.407484e-34,1.536218e-28,-2.298886e-20,-5.549148e-22,-6.898540e-33
172.3010,148.60,325.8748,2.938865e+01,1.538893e-01,Mg,5.445967e-02,1.333333e-01,5.3003%,1.030032e-03,9.587879e-04,2.738795e-04,1.682145e-18,7.449813e-11,2.038838e-04,4.594179e-06,0.000000e+00,0.000000e+00,1.550633e-18,0.000000e+00,0.000000e+00,0.000000e+00,0.000000e+00,0.000000e+00,0.000000e+00,3.045794e-18,3.515790e-32,1.503664e-18,7.019917e-33,1.025417e-23,1.466584e-18,1.450842e-21,3.758802e-43,-2.980637e-18,-1.490319e-18,-1.502026e-18,-6.834653e-33,-1.025367e-23,-1.488331e-18,-1.978596e-21,-6.834660e-33,0.000000e+00,0.000000e+00,0.000000e+00,0.000000e+00,0.000000e+00,0.000000e+00,0.000000e+00,0.000000e+00,6.515681e-20,6.031356e-20,1.638258e-21,1.852636e-34,5.030333e-28,-2.174649e-20,-5.277540e-22,-6.834660e-33
190.1332,178.32,325.8881,2.949409e+01,1.390730e-01,Mg,5.450551e-02,1.333333e-01,5.3047%,1.071898e-03,9.970795e-04,2.758797e-04,1.827808e-18,8.410461e-11,1.943875e-04,4.333473e-06,0.000000e+00,0.000000e+00,1.550633e-18,0.000000e+00,0.000000e+00,0.000000e+00,0.000000e+00,0.000000e+00,0.000000e+00,3.044687e-18,6.565200e-32,1.503342e-18,6.994737e-33,1.022289e-23,1.466477e-18,1.543211e-21,5.847026e-43,-2.978442e-18,-1.489222e-18,-1.501860e-18,-6.758045e-33,-1.022283e-23,-1.487169e-18,-2.041787e-21,-6.758066e-33,0.000000e+00,0.000000e+00,0.000000e+00,0.000000e+00,0.000000e+00,0.000000e+00,0.000000e+00,0.000000e+00,6.624553e-20,6.141091e-20,1.482022e-21,2.366921e-34,5.785018e-29,-2.069289e-20,-4.985765e-22,-6.758066e-33
210.1332,200.00,325.9025,2.960859e+01,1.242309e-01,Mg,5.455543e-02,1.333333e-01,5.3094%,1.117825e-03,1.039147e-03,2.776807e-04,2.003948e-18,9.109995e-11,1.835410e-04,4.048978e-06,0.000000e+00,0.000000e+00,1.550633e-18,0.000000e+00,0.000000e+00,0.000000e+00,0.000000e+00,0.000000e+00,0.000000e+00,3.043943e-18,1.302277e-31,1.503223e-18,6.968326e-33,1.019002e-23,1.466587e-18,1.644093e-21,-6.682315e-43,-2.976159e-18,-1.488081e-18,-1.501691e-18,-6.676883e-33,-1.018998e-23,-1.485959e-18,-2.110533e-21,-6.676871e-33,0.000000e+00,0.000000e+00,0.000000e+00,0.000000e+00,0.000000e+00,0.000000e+00,0.000000e+00,0.000000e+00,6.778450e-20,6.255223e-20,1.531854e-21,2.914429e-34,4.102267e-29,-1.937199e-20,-4.664407e-22,-6.676871e-33
230.1332,200.00,325.9138,2.969899e+01,1.102953e-01,Mg,5.459490e-02,1.333333e-01,5.3131%,1.161137e-03,1.078961e-03,2.786233e-04,2.261399e-18,9.114843e-11,1.717077e-04,3.763987e-06,0.000000e+00,0.000000e+00,1.550633e-18,0.000000e+00,0.000000e+00,0.000000e+00,0.000000e+00,0.000000e+00,0.000000e+00,3.043129e-18,2.367777e-31,1.503065e-18,6.942923e-33,1.015881e-23,1.466664e-18,1.744582e-21,-1.252934e-43,-2.973663e-18,-1.486833e-18,-1.501588e-18,-6.602442e-33,-1.015878e-23,-1.484644e-18,-2.177128e-21,-6.602522e-33,0.000000e+00,0.000000e+00,0.000000e+00,0.000000e+00,0.000000e+00,0.000000e+00,0.000000e+00,0.000000e+00,6.946577e-20,6.379968e-20,1.476780e-21,3.404816e-34,3.305554e-29,-1.798029e-20,-4.325462e-22,-6.602522e-33
250.1332,200.00,325.9230,2.977184e+01,9.698586e-02,Mg,5.462664e-02,1.333333e-01,5.3161%,1.205729e-03,1.119860e-03,2.795717e-04,2.492887e-18,9.120015e-11,1.608629e-04,3.502895e-06,0.000000e+00,0.000000e+00,1.550633e-18,0.000000e+00,0.000000e+00,0.000000e+00,0.000000e+00,0.000000e+00,0.000000e+00,3.041574e-18,4.376800e-31,1.502551e-18,6.914509e-33,1.012765e-23,1.466379e-18,1.835370e-21,7.935250e-43,-2.970018e-18,-1.485011e-18,-1.501045e-18,-6.522490e-33,-1.012760e-23,-1.482769e-18,-2.229616e-21,-6.522698e-33,0.000000e+00,0.000000e+00,0.000000e+00,0.000000e+00,0.000000e+00,0.000000e+00,0.000000e+00,0.000000e+00,7.155630e-20,6.562237e-20,1.505176e-21,3.920198e-34,5.124022e-29,-1.639002e-20,-3.942461e-22,-6.522698e-33
270.1332,200.00,325.9339,2.985903e+01,8.485797e-02,Mg,5.466485e-02,1.333333e-01,5.3198%,1.251649e-03,1.161942e-03,2.805474e-04,2.756888e-18,9.127033e-11,1.510236e-04,3.265946e-06,0.000000e+00,0.000000e+00,1.550633e-18,0.000000e+00,0.000000e+00,0.000000e+00,0.000000e+00,0.000000e+00,0.000000e+00,3.040133e-18,7.985866e-31,1.502101e-18,6.885535e-33,1.009827e-23,1.466142e-18,1.917164e-21,-4.176447e-44,-2.966144e-18,-1.483074e-18,-1.500443e-18,-6.440455e-33,-1.009783e-23,-1.480788e-18,-2.272708e-21,-6.440437e-33,0.000000e+00,0.000000e+00,0.000000e+00,0.000000e+00,0.000000e+00,0.000000e+00,0.000000e+00,0.000000e+00,7.398934e-20,6.755903e-20,1.658078e-21,4.450797e-34,4.373338e-28,-1.464581e-20,-3.555440e-22,-6.440437e-33
290.1332,200.00,325.9466,2.996003e+01,7.509881e-02,Mg,5.470912e-02,1.333333e-01,5.3239%,1.298755e-03,1.205079e-03,2.815445e-04,3.054611e-18,9.135502e-11,1.421094e-04,3.051232e-06,0.000000e+00,0.000000e+00,1.550633e-18,0.000000e+00,0.000000e+00,0.000000e+00,0.000000e+00,0.000000e+00,0.000000e+00,3.038527e-18,1.420666e-30,1.501579e-18,6.855344e-33,1.007023e-23,1.465825e-18,1.990372e-21,5.011737e-43,-2.963163e-18,-1.481584e-18,-1.499925e-18,-6.359008e-33,-1.007011e-23,-1.479256e-18,-2.313595e-21,-6.358474e-33,0.000000e+00,0.000000e+00,0.000000e+00,0.000000e+00,0.000000e+00,0.000000e+00,0.000000e+00,0.000000e+00,7.536379e-20,6.904937e-20,1.654359e-21,4.963356e-34,1.160917e-28,-1.343166e-20,-3.232228e-22,-6.358474e-33
310.1332,200.00,325.9611,3.007541e+01,6.655634e-02,Mg,5.475977e-02,1.333333e-01,5.3287%,1.346910e-03,1.249144e-03,2.825609e-04,3.385882e-18,9.145777e-11,1.340428e-04,2.856856e-06,0.000000e+00,0.000000e+00,1.550633e-18,0.000000e+00,0.000000e+00,0.000000e+00,0.000000e+00,0.000000e+00,0.000000e+00,3.037446e-18,2.515942e-30,1.501321e-18,6.825990e-33,1.004423e-23,1.465749e-18,2.056463e-21,7.517605e-43,-2.960598e-18,-1.480301e-18,-1.499660e-18,-6.275426e-33,-1.004409e-23,-1.477938e-18,-2.349723e-21,-6.275630e-33,0.000000e+00,0.000000e+00,0.000000e+00,0.000000e+00,0.000000e+00,0.000000e+00,0.000000e+00,0.000000e+00,7.684764e-20,7.033180e-20,1.660743e-21,5.505640e-34,1.420471e-28,-1.218907e-20,-2.932596e-22,-6.275630e-33
330.1332,200.00,325.9773,3.020400e+01,5.880623e-02,Mg,5.481629e-02,1.333333e-01,5.3341%,1.395969e-03,1.294003e-03,2.835905e-04,3.750591e-18,9.157210e-11,1.267413e-04,2.680883e-06,0.000000e+00,0.000000e+00,1.550633e-18,0.000000e+00,0.000000e+00,0.000000e+00,0.000000e+00,0.000000e+00,0.000000e+00,3.036299e-18,4.367831e-30,1.501037e-18,6.795945e-33,1.001948e-23,1.465638e-18,2.115541e-21,1.962930e-42,-2.958050e-18,-1.479027e-18,-1.499541e-18,-6.193130e-33,-1.001939e-23,-1.476633e-18,-2.379901e-21,-6.193106e-33,0.000000e+00,0.000000e+00,0.000000e+00,0.000000e+00,0.000000e+00,0.000000e+00,0.000000e+00,0.000000e+00,7.824918e-20,7.160574e-20,1.496047e-21,6.028157e-34,8.954600e-29,-1.099458e-20,-2.643600e-22,-6.193106e-33
350.1332,200.00,325.9949,3.034378e+01,5.225759e-02,Mg,5.487773e-02,1.333333e-01,5.3399%,1.445799e-03,1.339533e-03,2.846319e-04,4.155004e-18,9.170190e-11,1.201313e-04,2.521501e-06,0.000000e+00,0.000000e+00,1.550633e-18,0.000000e+00,0.000000e+00,0.000000e+00,0.000000e+00,0.000000e+00,0.000000e+00,3.035784e-18,7.460291e-30,1.501066e-18,6.767282e-33,9.996647e-24,1.465819e-18,2.169039e-21,2.965277e-42,-2.956099e-18,-1.478052e-18,-1.499276e-18,-6.111496e-33,-9.996141e-24,-1.475629e-18,-2.408236e-21,-6.111471e-33,0.000000e+00,0.000000e+00,0.000000e+00,0.000000e+00,0.000000e+00,0.000000e+00,0.000000e+00,0.000000e+00,7.968577e-20,7.258111e-20,1.790320e-21,6.557860e-34,5.056365e-28,-9.809354e-21,-2.391973e-22,-6.111471e-33
370.1332,200.00,326.0137,3.049383e+01,4.691435e-02,Mg,5.494389e-02,1.333333e-01,5.3462%,1.496272e-03,1.385619e-03,2.856790e-04,4.595855e-18,9.185709e-11,1.141405e-04,2.377035e-06,0.000000e+00,0.000000e+00,1.550633e-18,0.000000e+00,0.000000e+00,0.000000e+00,0.000000e+00,0.000000e+00,0.000000e+00,3.034965e-18,1.186256e-29,1.500952e-18,6.737449e-33,9.974581e-24,1.465855e-18,2.216586e-21,4.427034e-42,-2.954760e-18,-1.477382e-18,-1.499319e-18,-6.031602e-33,-9.974755e-24,-1.474932e-18,-2.434803e-21,-6.031575e-33,0.000000e+00,0.000000e+00,0.000000e+00,0.000000e+00,0.000000e+00,0.000000e+00,0.000000e+00,0.000000e+00,8.020542e-20,7.325045e-20,1.633516e-21,7.058466e-34,-1.742052e-28,-9.077814e-21,-2.182169e-22,-6.031575e-33
390.1332,200.00,326.0338,3.065370e+01,4.174329e-02,Mg,5.501439e-02,1.333333e-01,5.3528%,1.547277e-03,1.432157e-03,2.867304e-04,5.277193e-18,9.201507e-11,1.087061e-04,2.245935e-06,0.000000e+00,0.000000e+00,1.550633e-18,0.000000e+00,0.000000e+00,0.000000e+00,0.000000e+00,0.000000e+00,0.000000e+00,3.034550e-18,1.198956e-30,1.501039e-18,6.708566e-33,9.953991e-24,1.466075e-18,2.259544e-21,-2.505868e-43,-2.953183e-18,-1.476594e-18,-1.499133e-18,-5.952022e-33,-9.949815e-24,-1.474122e-18,-2.456403e-21,-5.951989e-33,0.000000e+00,0.000000e+00,0.000000e+00,0.000000e+00,0.000000e+00,0.000000e+00,0.000000e+00,0.000000e+00,8.136666e-20,7.403858e-20,1.905729e-21,7.565444e-34,4.175552e-27,-8.047326e-21,-1.968591e-22,-5.951989e-33
410.1332,200.00,326.0549,3.082170e+01,3.761024e-02,Mg,5.508857e-02,1.333333e-01,5.3599%,1.598706e-03,1.479051e-03,2.877808e-04,5.904608e-18,9.213931e-11,1.037680e-04,2.126798e-06,0.000000e+00,0.000000e+00,1.550633e-18,0.000000e+00,0.000000e+00,0.000000e+00,0.000000e+00,0.000000e+00,0.000000e+00,3.033929e-18,1.133663e-31,1.501029e-18,6.678983e-33,9.934081e-24,1.466195e-18,2.297785e-21,1.252934e-43,-2.952325e-18,-1.476165e-18,-1.499439e-18,-5.875110e-33,-9.933929e-24,-1.473672e-18,-2.477380e-21,-5.875075e-33,0.000000e+00,0.000000e+00,0.000000e+00,0.000000e+00,0.000000e+00,0.000000e+00,0.000000e+00,0.000000e+00,8.160396e-20,7.446745e-20,1.589930e-21,8.038733e-34,1.519379e-28,-7.476467e-21,-1.795951e-22,-5.875075e-33
430.1332,200.00,326.0769,3.099649e+01,3.402337e-02,Mg,5.516577e-02,1.333333e-01,5.3672%,1.650470e-03,1.526213e-03,2.888306e-04,6.452009e-18,9.230734e-11,9.927430e-05,2.018333e-06,0.000000e+00,0.000000e+00,1.550633e-18,0.000000e+00,0.000000e+00,0.000000e+00,0.000000e+00,0.000000e+00,0.000000e+00,3.033795e-18,1.183888e-32,1.501258e-18,6.650720e-33,9.915540e-24,1.466539e-18,2.332547e-21,6.682315e-43,-2.951786e-18,-1.475896e-18,-1.499673e-18,-5.800109e-33,-9.914356e-24,-1.473383e-18,-2.496859e-21,-5.800068e-33,0.000000e+00,0.000000e+00,0.000000e+00,0.000000e+00,0.000000e+00,0.000000e+00,0.000000e+00,0.000000e+00,8.200877e-20,7.473686e-20,1.584762e-21,8.506109e-34,1.183792e-27,-6.843210e-21,-1.643127e-22,-5.800068e-33
450.1332,200.00,326.0996,3.117734e+01,3.066483e-02,Mg,5.524583e-02,1.333333e-01,5.3747%,1.702480e-03,1.573568e-03,2.898762e-04,7.013807e-18,9.246602e-11,9.517612e-05,1.919402e-06,0.000000e+00,0.000000e+00,1.550633e-18,0.000000e+00,0.000000e+00,0.000000e+00,0.000000e+00,0.000000e+00,0.000000e+00,3.033524e-18,-3.587541e-34,1.501422e-18,6.622087e-33,9.897607e-24,1.466816e-18,2.363597e-21,-7.935250e-43,-2.951147e-18,-1.475577e-18,-1.499866e-18,-5.726523e-33,-9.900268e-24,-1.473047e-18,-2.513142e-21,-5.726484e-33,0.000000e+00,0.000000e+00,0.000000e+00,0.000000e+00,0.000000e+00,0.000000e+00,0.000000e+00,0.000000e+00,8.237687e-20,7.505605e-20,1.555677e-21,8.955634e-34,-2.660983e-27,-6.230846e-21,-1.495444e-22,-5.726484e-33
470.1332,200.00,326.1231,3.136404e+01,2.782773e-02,Mg,5.532857e-02,1.333333e-01,5.3826%,1.754669e-03,1.621054e-03,2.909165e-04,7.593844e-18,9.268153e-11,9.143348e-05,1.829023e-06,0.000000e+00,0.000000e+00,1.550633e-18,0.000000e+00,0.000000e+00,0.000000e+00,0.000000e+00,0.000000e+00,0.000000e+00,3.033474e-18,3.587541e-34,1.501695e-18,6.594135e-33,9.880617e-24,1.467192e-18,2.391690e-21,2.505868e-43,-2.950883e-18,-1.475445e-18,-1.500156e-18,-5.655378e-33,-9.878154e-24,-1.472899e-18,-2.528610e-21,-5.655335e-33,0.000000e+00,0.000000e+00,0.000000e+00,0.000000e+00,0.000000e+00,0.000000e+00,0.000000e+00,0.000000e+00,8.259042e-20,7.518778e-20,1.538594e-21,9.387572e-34,2.462942e-27,-5.707405e-21,-1.369208e-22,-5.655335e-33
490.1332,200.00,326.1471,3.155548e+01,2.516417e-02,Mg,5.541351e-02,1.333333e-01,5.3906%,1.806970e-03,1.668609e-03,2.919512e-04,8.200658e-18,9.283992e-11,8.800841e-05,1.746279e-06,0.000000e+00,0.000000e+00,1.550633e-18,0.000000e+00,0.000000e+00,0.000000e+00,0.000000e+00,0.000000e+00,0.000000e+00,3.033661e-18,3.862200e-27,1.502085e-18,6.567069e-33,9.864550e-24,1.467675e-18,2.417192e-21,1.320676e-39,-2.950585e-18,-1.475296e-18,-1.500270e-18,-5.586534e-33,-9.863716e-24,-1.472736e-18,-2.541986e-21,-5.586910e-33,0.000000e+00,0.000000e+00,0.000000e+00,0.000000e+00,0.000000e+00,0.000000e+00,0.000000e+00,0.000000e+00,8.307632e-20,7.533686e-20,1.814982e-21,9.805345e-34,8.346904e-28,-5.061092e-21,-1.247936e-22,-5.586908e-33
510.1332,200.00,326.1716,3.175043e+01,2.487654e-02,C,5.550014e-02,1.333333e-01,5.3988%,1.859322e-03,1.716179e-03,2.929758e-04,8.839459e-18,9.298656e-11,8.486514e-05,1.670352e-06,0.000000e+00,0.000000e+00,1.550633e-18,0.000000e+00,0.000000e+00,0.000000e+00,0.000000e+00,0.000000e+00,0.000000e+00,3.033473e-18,1.013068e-27,1.502291e-18,6.538916e-33,9.848658e-24,1.467979e-18,2.439760e-21,3.581303e-40,-2.950706e-18,-1.475357e-18,-1.500650e-18,-5.519304e-33,-9.848449e-24,-1.472784e-18,-2.555002e-21,-5.519255e-33,0.000000e+00,0.000000e+00,0.000000e+00,0.000000e+00,0.000000e+00,0.000000e+00,0.000000e+00,0.000000e+00,8.276700e-20,7.527614e-20,1.641398e-21,1.019612e-33,2.085850e-28,-4.805093e-21,-1.152422e-22,-5.519255e-33
530.1332,200.00,326.1966,3.194894e+01,2.485358e-02,C,5.558847e-02,1.333333e-01,5.4072%,1.911679e-03,1.763723e-03,2.939918e-04,9.496098e-18,9.316503e-11,8.197688e-05,1.600554e-06,0.000000e+00,0.000000e+00,1.550633e-18,0.000000e+00,0.000000e+00,0.000000e+00,0.000000e+00,0.000000e+00,0.000000e+00,3.033581e-18,2.605150e-28,1.502643e-18,6.511829e-33,9.833602e-24,1.468417e-18,2.460377e-21,9.509770e-41,-2.950841e-18,-1.475425e-18,-1.501023e-18,-5.454664e-33,-9.836731e-24,-1.472840e-18,-2.566391e-21,-5.454606e-33,0.000000e+00,0.000000e+00,0.000000e+00,0.000000e+00,0.000000e+00,0.000000e+00,0.000000e+00,0.000000e+00,8.274015e-20,7.520837e-20,1.619163e-21,1.057165e-33,-3.129042e-27,-4.422597e-21,-1.060136e-22,-5.454606e-33
550.1332,200.00,326.2219,3.215021e+01,2.482665e-02,C,5.567815e-02,1.333333e-01,5.4156%,1.963999e-03,1.811199e-03,2.949993e-04,1.017796e-17,9.334715e-11,7.931754e-05,1.536254e-06,0.000000e+00,0.000000e+00,1.550633e-18,0.000000e+00,0.000000e+00,0.000000e+00,0.000000e+00,0.000000e+00,0.000000e+00,3.033997e-18,6.583460e-29,1.503143e-18,6.485838e-33,9.819393e-24,1.468996e-18,2.479295e-21,2.464104e-41,-2.951000e-18,-1.475504e-18,-1.501393e-18,-5.392117e-33,-9.820764e-24,-1.472909e-18,-2.576401e-21,-5.392062e-33,0.000000e+00,0.000000e+00,0.000000e+00,0.000000e+00,0.000000e+00,0.000000e+00,0.000000e+00,0.000000e+00,8.299723e-20,7.512884e-20,1.750592e-21,1.093720e-33,-1.371952e-27,-3.913112e-21,-9.710646e-23,-5.392062e-33
570.1332,200.00,326.2474,3.235332e+01,2.472370e-02,C,5.576878e-02,1.333333e-01,5.4242%,2.016238e-03,1.858575e-03,2.959946e-04,1.087975e-17,9.354891e-11,7.686201e-05,1.476890e-06,0.000000e+00,0.000000e+00,1.550633e-18,0.000000e+00,0.000000e+00,0.000000e+00,0.000000e+00,0.000000e+00,0.000000e+00,3.034089e-18,1.641408e-29,1.503485e-18,6.459156e-33,9.805286e-24,1.469419e-18,2.496048e-21,6.891138e-42,-2.951608e-18,-1.475808e-18,-1.502048e-18,-5.332220e-33,-9.801762e-24,-1.473203e-18,-2.586581e-21,-5.332297e-33,0.000000e+00,0.000000e+00,0.000000e+00,0.000000e+00,0.000000e+00,0.000000e+00,0.000000e+00,0.000000e+00,8.248088e-20,7.482482e-20,1.437081e-21,1.126936e-33,3.524169e-27,-3.783939e-21,-9.053283e-23,-5.332297e-33
590.1332,200.00,326.2732,3.255885e+01,2.467961e-02,C,5.586066e-02,1.333333e-01,5.4329%,2.068369e-03,1.905822e-03,2.969813e-04,1.160231e-17,9.372003e-11,7.459249e-05,1.421989e-06,0.000000e+00,0.000000e+00,1.550633e-18,0.000000e+00,0.000000e+00,0.000000e+00,0.000000e+00,0.000000e+00,0.000000e+00,3.034506e-18,4.035625e-30,1.503985e-18,6.433653e-33,9.791968e-24,1.469990e-18,2.511514e-21,1.587050e-42,-2.951868e-18,-1.475938e-18,-1.502272e-18,-5.274026e-33,-9.792365e-24,-1.473324e-18,-2.594658e-21,-5.273965e-33,0.000000e+00,0.000000e+00,0.000000e+00,0.000000e+00,0.000000e+00,0.000000e+00,0.000000e+00,0.000000e+00,8.263745e-20,7.469459e-20,1.713356e-21,1.159628e-33,-3.975993e-28,-3.334195e-21,-8.314389e-23,-5.273965e-33
610.1332,200.00,326.2992,3.276583e+01,2.455960e-02,C,5.595327e-02,1.333333e-01,5.4417%,2.120359e-03,1.952913e-03,2.979549e-04,1.254397e-17,9.391970e-11,7.248880e-05,1.371108e-06,0.000000e+00,0.000000e+00,1.550633e-18,0.000000e+00,0.000000e+00,0.000000e+00,0.000000e+00,0.000000e+00,0.000000e+00,3.034622e-18,9.822687e-31,1.504337e-18,6.407553e-33,9.778713e-24,1.470417e-18,2.525189e-21,0.000000e+00,-2.952577e-18,-1.476293e-18,-1.502943e-18,-5.218560e-33,-9.780953e-24,-1.473670e-18,-2.602931e-21,-5.218496e-33,0.000000e+00,0.000000e+00,0.000000e+00,0.000000e+00,0.000000e+00,0.000000e+00,0.000000e+00,0.000000e+00,8.204470e-20,7.434007e-20,1.394246e-21,1.188993e-33,-2.240688e-27,-3.253411e-21,-7.774213e-23,-5.218496e-33
630.1332,200.00,326.3255,3.297441e+01,2.449372e-02,C,5.604672e-02,1.333333e-01,5.4505%,2.172187e-03,1.999828e-03,2.989195e-04,1.358376e-17,9.407831e-11,7.053690e-05,1.323864e-06,0.000000e+00,0.000000e+00,1.550633e-18,0.000000e+00,0.000000e+00,0.000000e+00,0.000000e+00,0.000000e+00,0.000000e+00,3.035086e-18,2.346252e-31,1.504858e-18,6.382728e-33,9.766246e-24,1.471003e-18,2.537915e-21,8.352894e-44,-2.952966e-18,-1.476487e-18,-1.503186e-18,-5.164239e-33,-9.766982e-24,-1.473858e-18,-2.609501e-21,-5.164261e-33,0.000000e+00,0.000000e+00,0.000000e+00,0.000000e+00,0.000000e+00,0.000000e+00,0.000000e+00,0.000000e+00,8.212041e-20,7.414544e-20,1.671274e-21,1.218488e-33,-7.361494e-28,-2.854607e-21,-7.158567e-23,-5.164261e-33
650.1332,200.00,326.3517,3.318326e+01,2.434861e-02,C,5.614045e-02,1.333333e-01,5.4594%,2.223826e-03,2.046546e-03,2.998698e-04,1.484537e-17,9.426050e-11,6.872049e-05,1.279908e-06,0.000000e+00,0.000000e+00,1.550633e-18,0.000000e+00,0.000000e+00,0.000000e+00,0.000000e+00,0.000000e+00,0.000000e+00,3.035281e-18,5.740065e-32,1.505245e-18,6.357408e-33,9.753802e-24,1.471459e-18,2.549164e-21,2.088224e-43,-2.953823e-18,-1.476916e-18,-1.503890e-18,-5.112987e-33,-9.753639e-24,-1.474280e-18,-2.616468e-21,-5.112932e-33,0.000000e+00,0.000000e+00,0.000000e+00,0.000000e+00,0.000000e+00,0.000000e+00,0.000000e+00,0.000000e+00,8.145791e-20,7.371662e-20,1.354561e-21,1.244420e-33,1.627662e-28,-2.820130e-21,-6.730380e-23,-5.112932e-33
670.1332,200.00,326.3781,3.339313e+01,2.425620e-02,C,5.623480e-02,1.333333e-01,5.4683%,2.275260e-03,2.093051e-03,3.008097e-04,1.603480e-17,9.444308e-11,6.702819e-05,1.238942e-06,0.000000e+00,0.000000e+00,1.550633e-18,0.000000e+00,0.000000e+00,0.000000e+00,0.000000e+00,0.000000e+00,0.000000e+00,3.035511e-18,1.363265e-32,1.505648e-18,6.332482e-33,9.741741e-24,1.471928e-18,2.559374e-21,-2.923513e-43,-2.954369e-18,-1.477189e-18,-1.504327e-18,-5.062958e-33,-9.741582e-24,-1.474547e-18,-2.621829e-21,-5.062888e-33,0.000000e+00,0.000000e+00,0.000000e+00,0.000000e+00,0.000000e+00,0.000000e+00,0.000000e+00,0.000000e+00,8.114177e-20,7.344345e-20,1.321085e-21,1.269524e-33,1.594651e-28,-2.618759e-21,-6.245571e-23,-5.062888e-33
690.1332,200.00,326.4045,3.360368e+01,2.415029e-02,C,5.632956e-02,1.333333e-01,5.4772%,2.326476e-03,2.139331e-03,3.017392e-04,1.701133e-17,9.462781e-11,6.545006e-05,1.200706e-06,0.000000e+00,0.000000e+00,1.550633e-18,0.000000e+00,0.000000e+00,0.000000e+00,0.000000e+00,0.000000e+00,0.000000e+00,3.036123e-18,4.305049e-33,1.506236e-18,6.308945e-33,9.730391e-24,1.472573e-18,2.569014e-21,-4.594092e-43,-2.954995e-18,-1.477503e-18,-1.504781e-18,-5.014888e-33,-9.729893e-24,-1.474855e-18,-2.626777e-21,-5.014813e-33,0.000000e+00,0.000000e+00,0.000000e+00,0.000000e+00,0.000000e+00,0.000000e+00,0.000000e+00,0.000000e+00,8.112786e-20,7.313035e-20,1.454545e-21,1.294057e-33,4.980004e-28,-2.282077e-21,-5.776328e-23,-5.014813e-33
710.1332,200.00,326.4310,3.381430e+01,2.396465e-02,C,5.642453e-02,1.333333e-01,5.4862%,2.377454e-03,2.185372e-03,3.026561e-04,1.793109e-17,9.481015e-11,6.397370e-05,1.164944e-06,0.000000e+00,0.000000e+00,1.550633e-18,0.000000e+00,0.000000e+00,0.000000e+00,0.000000e+00,0.000000e+00,0.000000e+00,3.036463e-18,4.305049e-33,1.506689e-18,6.284928e-33,9.719049e-24,1.473086e-18,2.577478e-21,-8.770539e-43,-2.956093e-18,-1.478052e-18,-1.505386e-18,-4.969331e-33,-9.718886e-24,-1.475398e-18,-2.632531e-21,-4.969249e-33,0.000000e+00,0.000000e+00,0.000000e+00,0.000000e+00,0.000000e+00,0.000000e+00,0.000000e+00,0.000000e+00,8.036970e-20,7.258136e-20,1.302743e-21,1.315598e-33,1.630146e-28,-2.312035e-21,-5.505302e-23,-4.969249e-33
730.1332,200.00,326.4575,3.402517e+01,2.382863e-02,C,5.651974e-02,1.333333e-01,5.4952%,2.428185e-03,2.231165e-03,3.035624e-04,1.884957e-17,9.499255e-11,6.259133e-05,1.131445e-06,0.000000e+00,0.000000e+00,1.550633e-18,0.000000e+00,0.000000e+00,0.000000e+00,0.000000e+00,0.000000e+00,0.000000e+00,3.036856e-18,-2.511279e-33,1.507166e-18,6.261373e-33,9.708054e-24,1.473621e-18,2.585199e-21,2.923513e-43,-2.956898e-18,-1.478454e-18,-1.505725e-18,-4.924348e-33,-9.707839e-24,-1.475796e-18,-2.636984e-21,-4.924891e-33,0.000000e+00,0.000000e+00,0.000000e+00,0.000000e+00,0.000000e+00,0.000000e+00,0.000000e+00,0.000000e+00,7.995853e-20,7.217898e-20,1.440744e-21,1.337025e-33,2.153327e-28,-2.175391e-21,-5.178548e-23,-4.924891e-33
750.1332,200.00,326.4840,3.423612e+01,2.374134e-02,C,5.661512e-02,1.333333e-01,5.5042%,2.478658e-03,2.276700e-03,3.044566e-04,1.976947e-17,9.517731e-11,6.129499e-05,1.100019e-06,0.000000e+00,0.000000e+00,1.550633e-18,0.000000e+00,0.000000e+00,0.000000e+00,0.000000e+00,0.000000e+00,0.000000e+00,3.037327e-18,1.435016e-33,1.507680e-18,6.238339e-33,9.697379e-24,1.474188e-18,2.592276e-21,-4.176447e-43,-2.957414e-18,-1.478712e-18,-1.506122e-18,-4.874576e-33,-9.699114e-24,-1.476051e-18,-2.639969e-21,-4.881778e-33,0.000000e+00,0.000000e+00,0.000000e+00,0.000000e+00,0.000000e+00,0.000000e+00,0.000000e+00,0.000000e+00,7.991344e-20,7.192072e-20,1.558052e-21,1.363763e-33,-1.734541e-27,-1.862281e-21,-4.769335e-23,-4.881778e-33
770.1332,200.00,326.5105,3.444690e+01,2.357576e-02,C,5.671059e-02,1.333333e-01,5.5133%,2.528862e-03,2.321971e-03,3.053387e-04,2.065079e-17,9.535785e-11,6.007656e-05,1.070490e-06,0.000000e+00,0.000000e+00,1.550633e-18,0.000000e+00,0.000000e+00,0.000000e+00,0.000000e+00,0.000000e+00,0.000000e+00,3.037529e-18,6.241223e-27,1.508059e-18,6.214953e-33,9.686703e-24,1.474626e-18,2.598398e-21,2.321228e-39,-2.958394e-18,-1.479202e-18,-1.506669e-18,-4.841144e-33,-9.685841e-24,-1.476537e-18,-2.643821e-21,-4.841045e-33,0.000000e+00,0.000000e+00,0.000000e+00,0.000000e+00,0.000000e+00,0.000000e+00,0.000000e+00,0.000000e+00,7.913533e-20,7.143065e-20,1.389943e-21,1.373809e-33,8.616857e-28,-1.910606e-21,-4.542296e-23,-4.841042e-33
790.1332,200.00,326.5369,3.465723e+01,2.339583e-02,C,5.680597e-02,1.333333e-01,5.5223%,2.578794e-03,2.366971e-03,3.062113e-04,2.165220e-17,9.553503e-11,5.893142e-05,1.042703e-06,0.000000e+00,0.000000e+00,1.550633e-18,0.000000e+00,0.000000e+00,0.000000e+00,0.000000e+00,0.000000e+00,0.000000e+00,3.038134e-18,3.049006e-27,1.508634e-18,6.192863e-33,9.676671e-24,1.475249e-18,2.604346e-21,1.152699e-39,-2.959459e-18,-1.479735e-18,-1.507242e-18,-4.682688e-33,-9.676447e-24,-1.477065e-18,-2.647473e-21,-4.801998e-33,0.000000e+00,0.000000e+00,0.000000e+00,0.000000e+00,0.000000e+00,0.000000e+00,0.000000e+00,0.000000e+00,7.867502e-20,7.089796e-20,1.392240e-21,1.510176e-33,2.234990e-28,-1.815924e-21,-4.312664e-23,-4.801997e-33
810.1332,200.00,326.5634,3.486753e+01,2.326503e-02,C,5.690151e-02,1.333333e-01,5.5313%,2.628443e-03,2.411694e-03,3.070715e-04,2.286263e-17,9.571361e-11,5.785194e-05,1.016519e-06,0.000000e+00,0.000000e+00,1.550633e-18,0.000000e+00,0.000000e+00,0.000000e+00,0.000000e+00,0.000000e+00,0.000000e+00,3.038484e-18,1.493425e-27,1.509082e-18,6.170367e-33,9.666603e-24,1.475750e-18,2.609471e-21,5.734680e-40,-2.960233e-18,-1.480122e-18,-1.507873e-18,-4.764255e-33,-9.666443e-24,-1.477450e-18,-2.649819e-21,-4.764134e-33,0.000000e+00,0.000000e+00,0.000000e+00,0.000000e+00,0.000000e+00,0.000000e+00,0.000000e+00,0.000000e+00,7.825019e-20,7.051062e-20,1.208517e-21,1.406112e-33,1.595343e-28,-1.700476e-21,-4.034805e-23,-4.764133e-33
830.1332,200.00,326.5897,3.507691e+01,2.311525e-02,C,5.699677e-02,1.333333e-01,5.5403%,2.677805e-03,2.456136e-03,3.079219e-04,2.377028e-17,9.589835e-11,5.683367e-05,9.918071e-07,0.000000e+00,0.000000e+00,1.550633e-18,0.000000e+00,0.000000e+00,0.000000e+00,0.000000e+00,0.000000e+00,0.000000e+00,3.038902e-18,7.331552e-28,1.509561e-18,6.148391e-33,9.656834e-24,1.476279e-18,2.614163e-21,2.856690e-40,-2.961121e-18,-1.480566e-18,-1.508210e-18,-4.727772e-33,-9.655620e-24,-1.477891e-18,-2.652402e-21,-4.727659e-33,0.000000e+00,0.000000e+00,0.000000e+00,0.000000e+00,0.000000e+00,0.000000e+00,0.000000e+00,0.000000e+00,7.778135e-20,7.006691e-20,1.350502e-21,1.420619e-33,1.214390e-27,-1.612354e-21,-3.823914e-23,-4.727659e-33
850.1332,200.00,326.6160,3.528623e+01,2.295144e-02,C,5.709213e-02,1.333333e-01,5.5493%,2.726875e-03,2.500296e-03,3.087611e-04,2.475530e-17,9.606977e-11,5.587238e-05,9.684658e-07,0.000000e+00,0.000000e+00,1.550633e-18,0.000000e+00,0.000000e+00,0.000000e+00,0.000000e+00,0.000000e+00,0.000000e+00,3.039401e-18,3.608176e-28,1.510077e-18,6.126950e-33,9.647351e-24,1.476842e-18,2.618475e-21,1.425004e-40,-2.962091e-18,-1.481051e-18,-1.508736e-18,-4.692922e-33,-9.647132e-24,-1.478374e-18,-2.654755e-21,-4.692809e-33,0.000000e+00,0.000000e+00,0.000000e+00,0.000000e+00,0.000000e+00,0.000000e+00,0.000000e+00,0.000000e+00,7.730972e-20,6.958152e-20,1.341286e-21,1.434027e-33,2.194603e-28,-1.531500e-21,-3.627967e-23,-4.692809e-33
870.1332,200.00,326.6422,3.549508e+01,2.283624e-02,C,5.718741e-02,1.333333e-01,5.5583%,2.775651e-03,2.544170e-03,3.095908e-04,2.587221e-17,9.624730e-11,5.496349e-05,9.463845e-07,0.000000e+00,0.000000e+00,1.550633e-18,0.000000e+00,0.000000e+00,0.000000e+00,0.000000e+00,0.000000e+00,0.000000e+00,3.039970e-18,1.780586e-28,1.510625e-18,6.106018e-33,9.638151e-24,1.477436e-18,2.622438e-21,7.079078e-41,-2.962774e-18,-1.481393e-18,-1.509156e-18,-4.659010e-33,-9.637600e-24,-1.478714e-18,-2.656086e-21,-4.658890e-33,0.000000e+00,0.000000e+00,0.000000e+00,0.000000e+00,0.000000e+00,0.000000e+00,0.000000e+00,0.000000e+00,7.719595e-20,6.924008e-20,1.469766e-21,1.447008e-33,5.509925e-28,-1.278047e-21,-3.364869e-23,-4.658890e-33
890.1332,200.00,326.6683,3.570239e+01,2.264273e-02,C,5.728215e-02,1.333333e-01,5.5672%,2.824126e-03,2.587751e-03,3.104080e-04,2.701245e-17,9.642170e-11,5.410169e-05,9.254572e-07,0.000000e+00,0.000000e+00,1.550633e-18,0.000000e+00,0.000000e+00,0.000000e+00,0.000000e+00,0.000000e+00,0.000000e+00,3.040303e-18,8.817888e-29,1.511056e-18,6.084698e-33,9.628878e-24,1.477914e-18,2.625766e-21,3.483157e-41,-2.963921e-18,-1.481967e-18,-1.509903e-18,-4.627193e-33,-9.628718e-24,-1.479285e-18,-2.658177e-21,-4.627067e-33,0.000000e+00,0.000000e+00,0.000000e+00,0.000000e+00,0.000000e+00,0.000000e+00,0.000000e+00,0.000000e+00,7.638168e-20,6.866632e-20,1.152938e-21,1.457505e-33,1.607408e-28,-1.370672e-21,-3.241159e-23,-4.627067e-33
910.1332,200.00,326.6944,3.590997e+01,2.249630e-02,C,5.737717e-02,1.333333e-01,5.5762%,2.872301e-03,2.631046e-03,3.112173e-04,2.803915e-17,9.659642e-11,5.328534e-05,9.056220e-07,0.000000e+00,0.000000e+00,1.550633e-18,0.000000e+00,0.000000e+00,0.000000e+00,0.000000e+00,0.000000e+00,0.000000e+00,3.040683e-18,4.380710e-29,1.511508e-18,6.063816e-33,9.619890e-24,1.478412e-18,2.628777e-21,1.749931e-41,-2.964789e-18,-1.482401e-18,-1.510214e-18,-4.595914e-33,-9.619676e-24,-1.479718e-18,-2.659617e-21,-4.595788e-33,0.000000e+00,0.000000e+00,0.000000e+00,0.000000e+00,0.000000e+00,0.000000e+00,0.000000e+00,0.000000e+00,7.589372e-20,6.823203e-20,1.293895e-21,1.467902e-33,2.138122e-28,-1.305085e-21,-3.083965e-23,-4.595788e-33
930.1332,200.00,326.7204,3.611710e+01,2.233773e-02,C,5.747210e-02,1.333333e-01,5.5852%,2.920172e-03,2.674050e-03,3.120155e-04,2.899778e-17,9.677016e-11,5.251102e-05,8.867969e-07,0.000000e+00,0.000000e+00,1.550633e-18,0.000000e+00,0.000000e+00,0.000000e+00,0.000000e+00,0.000000e+00,0.000000e+00,3.041154e-18,2.182839e-29,1.512002e-18,6.043476e-33,9.611153e-24,1.478950e-18,2.631556e-21,8.937597e-42,-2.965730e-18,-1.482871e-18,-1.510881e-18,-4.566236e-33,-9.610995e-24,-1.480187e-18,-2.660737e-21,-4.566106e-33,0.000000e+00,0.000000e+00,0.000000e+00,0.000000e+00,0.000000e+00,0.000000e+00,0.000000e+00,0.000000e+00,7.542428e-20,6.776159e-20,1.120585e-21,1.477240e-33,1.579038e-28,-1.236367e-21,-2.918115e-23,-4.566106e-33
950.1332,200.00,326.7463,3.632310e+01,2.222062e-02,C,5.756666e-02,1.333333e-01,5.5941%,2.967739e-03,2.716760e-03,3.128046e-04,3.009500e-17,9.694353e-11,5.177537e-05,8.689002e-07,0.000000e+00,0.000000e+00,1.550633e-18,0.000000e+00,0.000000e+00,0.000000e+00,0.000000e+00,0.000000e+00,0.000000e+00,3.041706e-18,1.091581e-29,1.512533e-18,6.023662e-33,9.602671e-24,1.479523e-18,2.634120e-21,5.220559e-42,-2.966425e-18,-1.483219e-18,-1.511121e-18,-4.536971e-33,-9.602134e-24,-1.480533e-18,-2.661357e-21,-4.536901e-33,0.000000e+00,0.000000e+00,0.000000e+00,0.000000e+00,0.000000e+00,0.000000e+00,0.000000e+00,0.000000e+00,7.528139e-20,6.741406e-20,1.412224e-21,1.486691e-33,5.365841e-28,-1.010441e-21,-2.723687e-23,-4.536901e-33
970.1332,200.00,326.7720,3.652787e+01,2.203104e-02,C,5.766079e-02,1.333333e-01,5.6030%,3.014998e-03,2.759176e-03,3.135837e-04,3.159564e-17,9.711441e-11,5.107480e-05,8.518680e-07,0.000000e+00,0.000000e+00,1.550633e-18,0.000000e+00,0.000000e+00,0.000000e+00,0.000000e+00,0.000000e+00,0.000000e+00,3.041997e-18,5.480686e-30,1.512934e-18,6.003378e-33,9.594107e-24,1.479969e-18,2.636127e-21,2.505868e-42,-2.967550e-18,-1.483782e-18,-1.511681e-18,-4.509698e-33,-9.593891e-24,-1.481095e-18,-2.662648e-21,-4.509554e-33,0.000000e+00,0.000000e+00,0.000000e+00,0.000000e+00,0.000000e+00,0.000000e+00,0.000000e+00,0.000000e+00,7.444638e-20,6.685131e-20,1.252822e-21,1.493680e-33,2.160115e-28,-1.125520e-21,-2.652151e-23,-4.509554e-33
990.1332,200.00,326.7976,3.673153e+01,2.188580e-02,C,5.775456e-02,1.333333e-01,5.6118%,3.061950e-03,2.801297e-03,3.143531e-04,3.255827e-17,9.728457e-11,5.040788e-05,8.356432e-07,0.000000e+00,0.000000e+00,1.550633e-18,0.000000e+00,0.000000e+00,0.000000e+00,0.000000e+00,0.000000e+00,0.000000e+00,3.042377e-18,2.761330e-30,1.513376e-18,5.983629e-33,9.585780e-24,1.480455e-18,2.637976e-21,6.682315e-43,-2.968413e-18,-1.484213e-18,-1.512142e-18,-4.483036e-33,-9.585565e-24,-1.481525e-18,-2.663175e-21,-4.482892e-33,0.000000e+00,0.000000e+00,0.000000e+00,0.000000e+00,0.000000e+00,0.000000e+00,0.000000e+00,0.000000e+00,7.396455e-20,6.642004e-20,1.234042e-21,1.500593e-33,2.145969e-28,-1.070545e-21,-2.519956e-23,-4.482892e-33
1010.1332,200.00,326.8232,3.693494e+01,2.172912e-02,C,5.784835e-02,1.333333e-01,5.6207%,3.108595e-03,2.843128e-03,3.151131e-04,3.358795e-17,9.745411e-11,4.977283e-05,8.201830e-07,0.000000e+00,0.000000e+00,1.550633e-18,0.000000e+00,0.000000e+00,0.000000e+00,0.000000e+00,0.000000e+00,0.000000e+00,3.042835e-18,1.396630e-30,1.513855e-18,5.964376e-33,9.577689e-24,1.480974e-18,2.639667e-21,1.670579e-43,-2.969343e-18,-1.484678e-18,-1.512795e-18,-4.457647e-33,-9.577530e-24,-1.481990e-18,-2.663572e-21,-4.457499e-33,0.000000e+00,0.000000e+00,0.000000e+00,0.000000e+00,0.000000e+00,0.000000e+00,0.000000e+00,0.000000e+00,7.349234e-20,6.595464e-20,1.059863e-21,1.506729e-33,1.590724e-28,-1.016001e-21,-2.390567e-23,-4.457499e-33
1030.1332,200.00,326.8486,3.713712e+01,2.155576e-02,C,5.794170e-02,1.333333e-01,5.6295%,3.154933e-03,2.884665e-03,3.158657e-04,3.462558e-17,9.765383e-11,4.916716e-05,8.054275e-07,0.000000e+00,0.000000e+00,1.550633e-18,0.000000e+00,0.000000e+00,0.000000e+00,0.000000e+00,0.000000e+00,0.000000e+00,3.043359e-18,7.081805e-31,1.514363e-18,5.945598e-33,9.569834e-24,1.481521e-18,2.641206e-21,5.429381e-43,-2.970373e-18,-1.485193e-18,-1.513143e-18,-4.433028e-33,-9.564837e-24,-1.482504e-18,-2.664293e-21,-4.432875e-33,0.000000e+00,0.000000e+00,0.000000e+00,0.000000e+00,0.000000e+00,0.000000e+00,0.000000e+00,0.000000e+00,7.298624e-20,6.543954e-20,1.220748e-21,1.512570e-33,4.996960e-27,-9.829921e-22,-2.308722e-23,-4.432875e-33
1050.1332,200.00,326.8739,3.733846e+01,2.142961e-02,C,5.803481e-02,1.333333e-01,5.6383%,3.200963e-03,2.925911e-03,3.166079e-04,3.587829e-17,9.781833e-11,4.858817e-05,7.913335e-07,0.000000e+00,0.000000e+00,1.550633e-18,0.000000e+00,0.000000e+00,0.000000e+00,0.000000e+00,0.000000e+00,0.000000e+00,3.043631e-18,3.573191e-31,1.514746e-18,5.926346e-33,9.561873e-24,1.481947e-18,2.642276e-21,2.923513e-43,-2.971123e-18,-1.485568e-18,-1.513553e-18,-4.409125e-33,-9.559131e-24,-1.482879e-18,-2.664157e-21,-4.408968e-33,0.000000e+00,0.000000e+00,0.000000e+00,0.000000e+00,0.000000e+00,0.000000e+00,0.000000e+00,0.000000e+00,7.250873e-20,6.506462e-20,1.192907e-21,1.517221e-33,2.741684e-27,-9.322698e-22,-2.188067e-23,-4.408968e-33
1070.1332,200.00,326.8991,3.753903e+01,2.129007e-02,C,5.812768e-02,1.333333e-01,5.6471%,3.246687e-03,2.966867e-03,3.173427e-04,3.719508e-17,9.797021e-11,4.803621e-05,7.778651e-07,0.000000e+00,0.000000e+00,1.550633e-18,0.000000e+00,0.000000e+00,0.000000e+00,0.000000e+00,0.000000e+00,0.000000e+00,3.044320e-18,1.858346e-31,1.515331e-18,5.908575e-33,9.554461e-24,1.482565e-18,2.643600e-21,6.264671e-43,-2.971952e-18,-1.485983e-18,-1.513991e-18,-4.386240e-33,-9.552082e-24,-1.483293e-18,-2.664074e-21,-4.386104e-33,0.000000e+00,0.000000e+00,0.000000e+00,0.000000e+00,0.000000e+00,0.000000e+00,0.000000e+00,0.000000e+00,7.236746e-20,6.464978e-20,1.340239e-21,1.522335e-33,2.379215e-27,-7.280836e-22,-2.047467e-23,-4.386104e-33
1090.1332,200.00,326.9242,3.773858e+01,2.113769e-02,C,5.822023e-02,1.333333e-01,5.6558%,3.292103e-03,3.007532e-03,3.180685e-04,3.816004e-17,9.812433e-11,4.750751e-05,7.649761e-07,0.000000e+00,0.000000e+00,1.550633e-18,0.000000e+00,0.000000e+00,0.000000e+00,0.000000e+00,0.000000e+00,0.000000e+00,3.044742e-18,9.614609e-32,1.515783e-18,5.890286e-33,9.546941e-24,1.483056e-18,2.644466e-21,4.176447e-43,-2.972858e-18,-1.486436e-18,-1.514454e-18,-4.364169e-33,-9.546407e-24,-1.483746e-18,-2.664044e-21,-4.364100e-33,0.000000e+00,0.000000e+00,0.000000e+00,0.000000e+00,0.000000e+00,0.000000e+00,0.000000e+00,0.000000e+00,7.188359e-20,6.419663e-20,1.328793e-21,1.526117e-33,5.348309e-28,-6.904359e-22,-1.957869e-23,-4.364100e-33
1110.1332,200.00,326.9491,3.793690e+01,2.097195e-02,C,5.831233e-02,1.333333e-01,5.6645%,3.337212e-03,3.047908e-03,3.187846e-04,3.959570e-17,9.828740e-11,4.700063e-05,7.526318e-07,0.000000e+00,0.000000e+00,1.550633e-18,0.000000e+00,0.000000e+00,0.000000e+00,0.000000e+00,0.000000e+00,0.000000e+00,3.044908e-18,4.807305e-32,1.516107e-18,5.871501e-33,9.539310e-24,1.483423e-18,2.644899e-21,6.682315e-43,-2.973844e-18,-1.486929e-18,-1.514947e-18,-4.341160e-33,-9.539096e-24,-1.484240e-18,-2.664142e-21,-4.339100e-33,0.000000e+00,0.000000e+00,0.000000e+00,0.000000e+00,0.000000e+00,0.000000e+00,0.000000e+00,0.000000e+00,7.106417e-20,6.370361e-20,1.159733e-21,1.530342e-33,2.147562e-28,-8.175644e-22,-1.924323e-23,-4.339100e-33
1130.1332,200.00,326.9739,3.813446e+01,2.079393e-02,C,5.840421e-02,1.333333e-01,5.6731%,3.382019e-03,3.087997e-03,3.194938e-04,4.072529e-17,9.845201e-11,4.651637e-05,7.408067e-07,0.000000e+00,0.000000e+00,1.550633e-18,0.000000e+00,0.000000e+00,0.000000e+00,0.000000e+00,0.000000e+00,0.000000e+00,3.045489e-18,2.439528e-32,1.516632e-18,5.854181e-33,9.532202e-24,1.483982e-18,2.645623e-21,0.000000e+00,-2.974903e-18,-1.487459e-18,-1.515635e-18,-4.323386e-33,-9.532044e-24,-1.484769e-18,-2.664021e-21,-4.323213e-33,0.000000e+00,0.000000e+00,0.000000e+00,0.000000e+00,0.000000e+00,0.000000e+00,0.000000e+00,0.000000e+00,7.058509e-20,6.317387e-20,9.975841e-22,1.530795e-33,1.574669e-28,-7.863090e-22,-1.839821e-23,-4.323213e-33
1150.1332,200.00,326.9986,3.833077e+01,2.065904e-02,C,5.849565e-02,1.333333e-01,5.6818%,3.426520e-03,3.127799e-03,3.201949e-04,4.181334e-17,9.861436e-11,4.605120e-05,7.294604e-07,0.000000e+00,0.000000e+00,1.550633e-18,0.000000e+00,0.000000e+00,0.000000e+00,0.000000e+00,0.000000e+00,0.000000e+00,3.045801e-18,1.076262e-32,1.517024e-18,5.836326e-33,9.524982e-24,1.484413e-18,2.645924e-21,-5.011737e-43,-2.975706e-18,-1.487861e-18,-1.515880e-18,-3.103884e-33,-9.524763e-24,-1.485170e-18,-2.663624e-21,-4.303241e-33,0.000000e+00,0.000000e+00,0.000000e+00,0.000000e+00,0.000000e+00,0.000000e+00,0.000000e+00,0.000000e+00,7.009435e-20,6.277235e-20,1.143583e-21,2.732443e-33,2.191031e-28,-7.579097e-22,-1.770027e-23,-4.303241e-33
1170.1332,200.00,327.0232,3.852652e+01,2.051480e-02,C,5.858694e-02,1.333333e-01,5.6904%,3.470718e-03,3.167318e-03,3.208883e-04,4.324465e-17,9.877618e-11,4.560530e-05,7.185753e-07,0.000000e+00,0.000000e+00,1.550633e-18,0.000000e+00,0.000000e+00,0.000000e+00,0.000000e+00,0.000000e+00,0.000000e+00,3.046184e-18,5.381311e-33,1.517448e-18,5.818923e-33,9.517961e-24,1.484874e-18,2.646170e-21,-3.341158e-43,-2.976565e-18,-1.488290e-18,-1.516313e-18,-4.284505e-33,-9.517733e-24,-1.485600e-18,-2.663154e-21,-4.284321e-33,0.000000e+00,0.000000e+00,0.000000e+00,0.000000e+00,0.000000e+00,0.000000e+00,0.000000e+00,0.000000e+00,6.961913e-20,6.234291e-20,1.134540e-21,1.534418e-33,2.284279e-28,-7.264087e-22,-1.698403e-23,-4.284321e-33
1190.1332,200.00,327.0476,3.872087e+01,2.035630e-02,C,5.867770e-02,1.333333e-01,5.6989%,3.514615e-03,3.206553e-03,3.215737e-04,4.461911e-17,9.895471e-11,4.517734e-05,7.081189e-07,0.000000e+00,0.000000e+00,1.550633e-18,0.000000e+00,0.000000e+00,0.000000e+00,0.000000e+00,0.000000e+00,0.000000e+00,3.046649e-18,5.381311e-33,1.517910e-18,5.802000e-33,9.511127e-24,1.485371e-18,2.646385e-21,-1.252934e-43,-2.977509e-18,-1.488762e-18,-1.516784e-18,-4.266406e-33,-9.508161e-24,-1.486072e-18,-2.662736e-21,-4.266216e-33,0.000000e+00,0.000000e+00,0.000000e+00,0.000000e+00,0.000000e+00,0.000000e+00,0.000000e+00,0.000000e+00,6.914026e-20,6.187083e-20,1.125698e-21,1.535594e-33,2.965865e-27,-7.017566e-22,-1.635044e-23,-4.266216e-33
1210.1332,200.00,327.0719,3.891427e+01,2.018642e-02,C,5.876815e-02,1.333333e-01,5.7075%,3.558213e-03,3.245507e-03,3.222521e-04,4.574404e-17,9.909812e-11,4.476642e-05,6.980694e-07,0.000000e+00,0.000000e+00,1.550633e-18,0.000000e+00,0.000000e+00,0.000000e+00,0.000000e+00,0.000000e+00,0.000000e+00,3.047184e-18,4.663803e-33,1.518404e-18,5.785521e-33,9.504483e-24,1.485898e-18,2.646564e-21,1.252934e-43,-2.978521e-18,-1.489268e-18,-1.517276e-18,-4.249094e-33,-9.504262e-24,-1.486579e-18,-2.662398e-21,-4.248868e-33,0.000000e+00,0.000000e+00,0.000000e+00,0.000000e+00,0.000000e+00,0.000000e+00,0.000000e+00,0.000000e+00,6.866334e-20,6.136472e-20,1.128264e-21,1.536426e-33,2.212821e-28,-6.806043e-22,-1.583400e-23,-4.248868e-33
1230.1332,200.00,327.0961,3.910672e+01,2.006482e-02,C,5.885829e-02,1.333333e-01,5.7160%,3.601510e-03,3.284180e-03,3.229217e-04,4.695695e-17,9.925621e-11,4.437059e-05,6.884024e-07,0.000000e+00,0.000000e+00,1.550633e-18,0.000000e+00,0.000000e+00,0.000000e+00,0.000000e+00,0.000000e+00,0.000000e+00,3.047458e-18,1.435016e-33,1.518768e-18,5.768496e-33,9.497710e-24,1.486299e-18,2.646363e-21,2.088224e-43,-2.979246e-18,-1.489631e-18,-1.517831e-18,-4.232186e-33,-9.497553e-24,-1.486942e-18,-2.661327e-21,-4.231989e-33,0.000000e+00,0.000000e+00,0.000000e+00,0.000000e+00,0.000000e+00,0.000000e+00,0.000000e+00,0.000000e+00,6.821233e-20,6.100233e-20,9.372658e-22,1.536311e-33,1.567494e-28,-6.426013e-22,-1.496433e-23,-4.231989e-33
1250.1332,200.00,327.1202,3.929819e+01,1.992837e-02,C,5.894810e-02,1.333333e-01,5.7244%,3.644513e-03,3.322576e-03,3.235866e-04,4.808223e-17,9.941628e-11,4.399099e-05,6.791009e-07,0.000000e+00,0.000000e+00,1.550633e-18,0.000000e+00,0.000000e+00,0.000000e+00,0.000000e+00,0.000000e+00,0.000000e+00,3.048131e-18,7.175082e-34,1.519326e-18,5.752891e-33,9.491435e-24,1.486887e-18,2.646488e-21,-4.176447e-43,-2.980059e-18,-1.490037e-18,-1.518068e-18,-4.215649e-33,-9.490913e-24,-1.487349e-18,-2.660626e-21,-4.215447e-33,0.000000e+00,0.000000e+00,0.000000e+00,0.000000e+00,0.000000e+00,0.000000e+00,0.000000e+00,0.000000e+00,6.807241e-20,6.059560e-20,1.258734e-21,1.537243e-33,5.214154e-28,-4.622438e-22,-1.413712e-23,-4.215447e-33
1270.1332,200.00,327.1441,3.948867e+01,1.978158e-02,C,5.903755e-02,1.333333e-01,5.7329%,3.687218e-03,3.360698e-03,3.242427e-04,4.920452e-17,9.957361e-11,4.362489e-05,6.701436e-07,0.000000e+00,0.000000e+00,1.550633e-18,0.000000e+00,0.000000e+00,0.000000e+00,0.000000e+00,0.000000e+00,0.000000e+00,3.048540e-18,-3.587541e-34,1.519753e-18,5.736723e-33,9.485024e-24,1.487347e-18,2.646245e-21,-2.505868e-43,-2.980934e-18,-1.490475e-18,-1.518502e-18,-4.199980e-33,-9.484500e-24,-1.487787e-18,-2.659859e-21,-4.199774e-33,0.000000e+00,0.000000e+00,0.000000e+00,0.000000e+00,0.000000e+00,0.000000e+00,0.000000e+00,0.000000e+00,6.760620e-20,6.015791e-20,1.250913e-21,1.536743e-33,5.234526e-28,-4.403851e-22,-1.361421e-23,-4.199774e-33
1290.1332,200.00,327.1679,3.967796e+01,1.962409e-02,C,5.912658e-02,1.333333e-01,5.7413%,3.729628e-03,3.398543e-03,3.248915e-04,5.054857e-17,9.972876e-11,4.327134e-05,6.615079e-07,0.000000e+00,0.000000e+00,1.550633e-18,0.000000e+00,0.000000e+00,0.000000e+00,0.000000e+00,0.000000e+00,0.000000e+00,3.048672e-18,-7.175082e-34,1.520040e-18,5.719962e-33,9.478483e-24,1.487673e-18,2.645624e-21,-6.264671e-43,-2.981873e-18,-1.490945e-18,-1.518959e-18,-4.184970e-33,-9.478262e-24,-1.488257e-18,-2.659161e-21,-4.184759e-33,0.000000e+00,0.000000e+00,0.000000e+00,0.000000e+00,0.000000e+00,0.000000e+00,0.000000e+00,0.000000e+00,6.679839e-20,5.968818e-20,1.081282e-21,1.534992e-33,2.204041e-28,-5.842284e-22,-1.353712e-23,-4.184759e-33
1310.1332,200.00,327.1915,3.986604e+01,1.945411e-02,C,5.921514e-02,1.333333e-01,5.7496%,3.771749e-03,3.436117e-03,3.255342e-04,5.193681e-17,9.988511e-11,4.293182e-05,6.531843e-07,0.000000e+00,0.000000e+00,1.550633e-18,0.000000e+00,0.000000e+00,0.000000e+00,0.000000e+00,0.000000e+00,0.000000e+00,3.049224e-18,-7.175082e-34,1.520533e-18,5.704661e-33,9.472413e-24,1.488196e-18,2.645375e-21,-7.099960e-43,-2.982887e-18,-1.491452e-18,-1.519445e-18,-4.170600e-33,-9.472188e-24,-1.488765e-18,-2.658568e-21,-4.170385e-33,0.000000e+00,0.000000e+00,0.000000e+00,0.000000e+00,0.000000e+00,0.000000e+00,0.000000e+00,0.000000e+00,6.633631e-20,5.918106e-20,1.087992e-21,1.534061e-33,2.245022e-28,-5.691469e-22,-1.319294e-23,-4.170385e-33
1330.1332,200.00,327.2150,4.005311e+01,1.933239e-02,C,5.930336e-02,1.333333e-01,5.7579%,3.813577e-03,3.473419e-03,3.261686e-04,5.314787e-17,1.000389e-10,4.260360e-05,6.451520e-07,0.000000e+00,0.000000e+00,1.550633e-18,0.000000e+00,0.000000e+00,0.000000e+00,0.000000e+00,0.000000e+00,0.000000e+00,3.049509e-18,0.000000e+00,1.520892e-18,5.688776e-33,9.466202e-24,1.488590e-18,2.644773e-21,-6.682315e-43,-2.983614e-18,-1.491815e-18,-1.519993e-18,-4.156598e-33,-9.466043e-24,-1.489129e-18,-2.657271e-21,-4.156378e-33,0.000000e+00,0.000000e+00,0.000000e+00,0.000000e+00,0.000000e+00,0.000000e+00,0.000000e+00,0.000000e+00,6.589503e-20,5.881779e-20,8.990995e-22,1.532178e-33,1.583620e-28,-5.395688e-22,-1.249786e-23,-4.156378e-33
1350.1332,200.00,327.2384,4.023901e+01,1.919740e-02,C,5.939116e-02,1.333333e-01,5.7662%,3.855117e-03,3.510452e-03,3.267983e-04,5.432182e-17,1.001927e-10,4.228698e-05,6.373963e-07,0.000000e+00,0.000000e+00,1.550633e-18,0.000000e+00,0.000000e+00,0.000000e+00,0.000000e+00,0.000000e+00,0.000000e+00,3.049846e-18,3.587541e-34,1.521274e-18,5.673270e-33,9.460163e-24,1.489006e-18,2.644158e-21,1.252934e-43,-2.984419e-18,-1.492218e-18,-1.520217e-18,-4.142799e-33,-9.459942e-24,-1.489533e-18,-2.656338e-21,-4.142573e-33,0.000000e+00,0.000000e+00,0.000000e+00,0.000000e+00,0.000000e+00,0.000000e+00,0.000000e+00,0.000000e+00,6.542633e-20,5.841482e-20,1.057376e-21,1.530471e-33,2.216382e-28,-5.271810e-22,-1.217966e-23,-4.142573e-33
1370.1332,200.00,327.2617,4.042457e+01,1.905450e-02,C,5.947893e-02,1.333333e-01,5.7745%,3.896371e-03,3.547224e-03,3.274214e-04,5.549980e-17,1.003461e-10,4.198174e-05,6.299115e-07,0.000000e+00,0.000000e+00,1.550633e-18,0.000000e+00,0.000000e+00,0.000000e+00,0.000000e+00,0.000000e+00,0.000000e+00,3.050246e-18,7.767137e-27,1.521686e-18,5.658252e-33,9.454287e-24,1.489450e-18,2.643546e-21,3.187799e-39,-2.985273e-18,-1.492645e-18,-1.520635e-18,-4.129753e-33,-9.454064e-24,-1.489961e-18,-2.655321e-21,-4.129518e-33,0.000000e+00,0.000000e+00,0.000000e+00,0.000000e+00,0.000000e+00,0.000000e+00,0.000000e+00,0.000000e+00,6.497381e-20,5.798814e-20,1.051356e-21,1.528499e-33,2.231547e-28,-5.107373e-22,-1.177464e-23,-4.129515e-33
1390.1332,200.00,327.2849,4.060902e+01,1.890240e-02,C,5.956619e-02,1.333333e-01,5.7827%,3.937341e-03,3.583730e-03,3.280377e-04,5.649030e-17,1.004987e-10,4.168709e-05,6.226785e-07,0.000000e+00,0.000000e+00,1.550633e-18,0.000000e+00,0.000000e+00,0.000000e+00,0.000000e+00,0.000000e+00,0.000000e+00,3.050720e-18,5.766842e-27,1.522133e-18,5.643527e-33,9.448563e-24,1.489926e-18,2.642957e-21,2.377484e-39,-2.986181e-18,-1.493099e-18,-1.521252e-18,-4.117538e-33,-9.448404e-24,-1.490416e-18,-2.654268e-21,-4.117213e-33,0.000000e+00,0.000000e+00,0.000000e+00,0.000000e+00,0.000000e+00,0.000000e+00,0.000000e+00,0.000000e+00,6.453948e-20,5.753385e-20,8.805097e-22,1.525989e-33,1.593950e-28,-4.896553e-22,-1.131091e-23,-4.117211e-33
1410.1332,200.00,327.3079,4.079233e+01,1.879606e-02,C,5.965311e-02,1.333333e-01,5.7909%,3.978028e-03,3.619973e-03,3.286484e-04,5.745855e-17,1.006511e-10,4.140253e-05,6.156852e-07,0.000000e+00,0.000000e+00,1.550633e-18,0.000000e+00,0.000000e+00,0.000000e+00,0.000000e+00,0.000000e+00,0.000000e+00,3.051257e-18,4.291398e-27,1.522608e-18,5.629197e-33,9.442995e-24,1.490430e-18,2.642381e-21,1.777412e-39,-2.986816e-18,-1.493417e-18,-1.521583e-18,-4.105046e-33,-9.442537e-24,-1.490735e-18,-2.652844e-21,-4.104811e-33,0.000000e+00,0.000000e+00,0.000000e+00,0.000000e+00,0.000000e+00,0.000000e+00,0.000000e+00,0.000000e+00,6.444085e-20,5.721614e-20,1.024976e-21,1.524151e-33,4.584997e-28,-3.050628e-22,-1.046242e-23,-4.104809e-33
1430.1332,200.00,327.3308,4.097431e+01,1.861974e-02,C,5.973954e-02,1.333333e-01,5.7990%,4.018432e-03,3.655955e-03,3.292517e-04,5.868212e-17,1.008009e-10,4.112648e-05,6.089168e-07,0.000000e+00,0.000000e+00,1.550633e-18,0.000000e+00,0.000000e+00,0.000000e+00,0.000000e+00,0.000000e+00,0.000000e+00,3.051520e-18,3.201732e-27,1.522946e-18,5.614257e-33,9.437276e-24,1.490801e-18,2.641467e-21,1.331702e-39,-2.987870e-18,-1.493944e-18,-1.522076e-18,-4.093606e-33,-9.437114e-24,-1.491262e-18,-2.652071e-21,-4.093361e-33,0.000000e+00,0.000000e+00,0.000000e+00,0.000000e+00,0.000000e+00,0.000000e+00,0.000000e+00,0.000000e+00,6.365027e-20,5.668922e-20,8.699700e-22,1.520651e-33,1.617189e-28,-4.608812e-22,-1.060369e-23,-4.093360e-33
1450.1332,200.00,327.3535,4.115516e+01,1.849232e-02,C,5.982552e-02,1.333333e-01,5.8071%,4.058558e-03,3.691678e-03,3.298496e-04,5.988416e-17,1.009505e-10,4.085961e-05,6.023658e-07,0.000000e+00,0.000000e+00,1.550633e-18,0.000000e+00,0.000000e+00,0.000000e+00,0.000000e+00,0.000000e+00,0.000000e+00,3.051843e-18,2.394161e-27,1.523312e-18,5.599696e-33,9.431708e-24,1.491199e-18,2.640572e-21,9.990479e-40,-2.988631e-18,-1.494325e-18,-1.522454e-18,-4.082216e-33,-9.431545e-24,-1.491644e-18,-2.650819e-21,-4.081971e-33,0.000000e+00,0.000000e+00,0.000000e+00,0.000000e+00,0.000000e+00,0.000000e+00,0.000000e+00,0.000000e+00,6.321194e-20,5.630834e-20,8.581252e-22,1.517480e-33,1.637061e-28,-4.449760e-22,-1.024675e-23,-4.081970e-33
1470.1332,200.00,327.3762,4.133529e+01,1.835544e-02,C,5.991120e-02,1.333333e-01,5.8152%,4.098407e-03,3.727146e-03,3.304421e-04,6.084550e-17,1.011176e-10,4.060153e-05,5.960240e-07,0.000000e+00,0.000000e+00,1.550633e-18,0.000000e+00,0.000000e+00,0.000000e+00,0.000000e+00,0.000000e+00,0.000000e+00,3.052226e-18,1.794293e-27,1.523706e-18,5.585505e-33,9.426288e-24,1.491623e-18,2.639696e-21,7.515934e-40,-2.989450e-18,-1.494734e-18,-1.522853e-18,-4.071302e-33,-9.423309e-24,-1.492054e-18,-2.649629e-21,-4.071054e-33,0.000000e+00,0.000000e+00,0.000000e+00,0.000000e+00,0.000000e+00,0.000000e+00,0.000000e+00,0.000000e+00,6.277588e-20,5.589904e-20,8.525371e-22,1.514202e-33,2.978837e-27,-4.316543e-22,-9.933182e-24,-4.071053e-33
1490.1332,200.00,327.3987,4.151426e+01,1.820726e-02,C,5.999651e-02,1.333333e-01,5.8232%,4.137981e-03,3.762360e-03,3.310281e-04,6.231574e-17,1.012483e-10,4.035186e-05,5.898815e-07,0.000000e+00,0.000000e+00,1.550633e-18,0.000000e+00,0.000000e+00,0.000000e+00,0.000000e+00,0.000000e+00,0.000000e+00,3.052678e-18,1.347711e-27,1.524131e-18,5.571710e-33,9.421005e-24,1.492077e-18,2.638856e-21,5.663262e-40,-2.990336e-18,-1.495177e-18,-1.523278e-18,-4.060858e-33,-9.420841e-24,-1.492498e-18,-2.648535e-21,-4.060604e-33,0.000000e+00,0.000000e+00,0.000000e+00,0.000000e+00,0.000000e+00,0.000000e+00,0.000000e+00,0.000000e+00,6.234196e-20,5.545586e-20,8.534910e-22,1.510853e-33,1.633653e-28,-4.212570e-22,-9.679450e-24,-4.060604e-33
1510.1332,200.00,327.4210,4.169230e+01,1.810722e-02,C,6.008148e-02,1.333333e-01,5.8312%,4.177281e-03,3.797323e-03,3.316089e-04,6.347686e-17,1.013950e-10,4.010915e-05,5.839267e-07,0.000000e+00,0.000000e+00,1.550633e-18,0.000000e+00,0.000000e+00,0.000000e+00,0.000000e+00,0.000000e+00,0.000000e+00,3.052831e-18,1.014971e-27,1.524408e-18,5.557213e-33,9.415581e-24,1.492388e-18,2.637661e-21,4.274594e-40,-2.990934e-18,-1.495476e-18,-1.523406e-18,-4.050256e-33,-9.415354e-24,-1.492799e-18,-2.647055e-21,-4.049956e-33,0.000000e+00,0.000000e+00,0.000000e+00,0.000000e+00,0.000000e+00,0.000000e+00,0.000000e+00,0.000000e+00,6.189702e-20,5.515656e-20,1.002000e-21,1.506957e-33,2.267638e-28,-4.110440e-22,-9.393912e-24,-4.049955e-33
1530.1332,200.00,327.4433,4.186926e+01,1.794176e-02,C,6.016605e-02,1.333333e-01,5.8392%,4.216312e-03,3.832035e-03,3.321837e-04,6.472891e-17,1.015529e-10,3.987514e-05,5.781554e-07,0.000000e+00,0.000000e+00,1.550633e-18,0.000000e+00,0.000000e+00,0.000000e+00,0.000000e+00,0.000000e+00,0.000000e+00,3.053410e-18,7.657699e-28,1.524893e-18,5.544163e-33,9.410571e-24,1.492898e-18,2.636885e-21,3.235076e-40,-2.991924e-18,-1.495971e-18,-1.524051e-18,-4.040854e-33,-9.408763e-24,-1.493295e-18,-2.645997e-21,-4.040591e-33,0.000000e+00,0.000000e+00,0.000000e+00,0.000000e+00,0.000000e+00,0.000000e+00,0.000000e+00,0.000000e+00,6.148529e-20,5.466146e-20,8.411767e-22,1.503310e-33,1.808109e-27,-3.971952e-22,-9.112112e-24,-4.040591e-33
1550.1332,200.00,327.4654,4.204523e+01,1.782469e-02,C,6.025023e-02,1.333333e-01,5.8471%,4.255072e-03,3.866499e-03,3.327535e-04,6.598604e-17,1.016884e-10,3.964740e-05,5.725550e-07,0.000000e+00,0.000000e+00,1.550633e-18,0.000000e+00,0.000000e+00,0.000000e+00,0.000000e+00,0.000000e+00,0.000000e+00,3.053687e-18,5.793010e-28,1.525227e-18,5.530400e-33,9.405416e-24,1.493263e-18,2.635758e-21,2.453663e-40,-2.992625e-18,-1.496322e-18,-1.524399e-18,-4.031266e-33,-9.405274e-24,-1.493646e-18,-2.644552e-21,-4.031000e-33,0.000000e+00,0.000000e+00,0.000000e+00,0.000000e+00,0.000000e+00,0.000000e+00,0.000000e+00,0.000000e+00,6.106207e-20,5.431103e-20,8.279507e-22,1.499135e-33,1.424018e-28,-3.837091e-22,-8.794003e-24,-4.031000e-33
1570.1332,200.00,327.4874,4.222021e+01,1.769686e-02,C,6.033404e-02,1.333333e-01,5.8550%,4.293566e-03,3.900718e-03,3.333173e-04,6.707478e-17,1.018334e-10,3.942671e-05,5.671215e-07,0.000000e+00,0.000000e+00,1.550633e-18,0.000000e+00,0.000000e+00,0.000000e+00,0.000000e+00,0.000000e+00,0.000000e+00,3.054032e-18,4.392262e-28,1.525593e-18,5.517009e-33,9.400390e-24,1.493658e-18,2.634675e-21,1.859354e-40,-2.993390e-18,-1.496705e-18,-1.524772e-18,-4.022089e-33,-9.400226e-24,-1.494030e-18,-2.643207e-21,-4.021819e-33,0.000000e+00,0.000000e+00,0.000000e+00,0.000000e+00,0.000000e+00,0.000000e+00,0.000000e+00,0.000000e+00,6.064147e-20,5.392832e-20,8.210133e-22,1.494919e-33,1.633423e-28,-3.727211e-22,-8.532692e-24,-4.021819e-33
1590.1332,200.00,327.5092,4.239402e+01,1.756062e-02,C,6.041739e-02,1.333333e-01,5.8628%,4.331795e-03,3.934692e-03,3.338763e-04,6.821746e-17,1.019883e-10,3.921271e-05,5.618464e-07,0.000000e+00,0.000000e+00,1.550633e-18,0.000000e+00,0.000000e+00,0.000000e+00,0.000000e+00,0.000000e+00,0.000000e+00,3.054431e-18,3.337841e-28,1.525983e-18,5.503958e-33,9.395494e-24,1.494076e-18,2.633622e-21,1.424168e-40,-2.994206e-18,-1.497113e-18,-1.525164e-18,-4.013310e-33,-9.393740e-24,-1.494439e-18,-2.641936e-21,-4.013088e-33,0.000000e+00,0.000000e+00,0.000000e+00,0.000000e+00,0.000000e+00,0.000000e+00,0.000000e+00,0.000000e+00,6.022439e-20,5.352031e-20,8.194545e-22,1.490648e-33,1.753187e-27,-3.634047e-22,-8.314329e-24,-4.013088e-33
1610.1332,200.00,327.5310,4.256726e+01,1.747328e-02,C,6.050058e-02,1.333333e-01,5.8707%,4.369761e-03,3.968426e-03,3.344303e-04,6.963008e-17,1.021227e-10,3.900521e-05,5.567250e-07,0.000000e+00,0.000000e+00,1.550633e-18,0.000000e+00,0.000000e+00,0.000000e+00,0.000000e+00,0.000000e+00,0.000000e+00,3.054885e-18,2.542368e-28,1.526399e-18,5.491244e-33,9.390727e-24,1.494519e-18,2.632603e-21,1.085459e-40,-2.994729e-18,-1.497374e-18,-1.525437e-18,-4.004469e-33,-9.390287e-24,-1.494703e-18,-2.640191e-21,-4.004193e-33,0.000000e+00,0.000000e+00,0.000000e+00,0.000000e+00,0.000000e+00,0.000000e+00,0.000000e+00,0.000000e+00,6.015549e-20,5.325870e-20,9.624651e-22,1.486775e-33,4.405426e-28,-1.839011e-22,-7.588787e-24,-4.004192e-33
1630.1332,200.00,327.5526,4.273897e+01,1.731838e-02,C,6.058318e-02,1.333333e-01,5.8785%,4.407465e-03,4.001917e-03,3.349780e-04,7.068158e-17,1.022647e-10,3.880278e-05,5.517453e-07,0.000000e+00,0.000000e+00,1.550633e-18,0.000000e+00,0.000000e+00,0.000000e+00,0.000000e+00,0.000000e+00,0.000000e+00,3.055056e-18,1.941735e-28,1.526674e-18,5.477847e-33,9.385795e-24,1.494825e-18,2.631264e-21,8.223424e-41,-2.995657e-18,-1.497838e-18,-1.525872e-18,-3.996417e-33,-9.386472e-24,-1.495168e-18,-2.639079e-21,-3.996134e-33,0.000000e+00,0.000000e+00,0.000000e+00,0.000000e+00,0.000000e+00,0.000000e+00,0.000000e+00,0.000000e+00,5.939875e-20,5.279459e-20,8.020709e-22,1.481431e-33,-6.768106e-28,-3.425521e-22,-7.815071e-24,-3.996134e-33
1650.1332,200.00,327.5741,4.291021e+01,1.721455e-02,C,6.066559e-02,1.333333e-01,5.8862%,4.444910e-03,4.035174e-03,3.355217e-04,7.182620e-17,1.024271e-10,3.860635e-05,5.469079e-07,0.000000e+00,0.000000e+00,1.550633e-18,0.000000e+00,0.000000e+00,0.000000e+00,0.000000e+00,0.000000e+00,0.000000e+00,3.055269e-18,1.486562e-28,1.526968e-18,5.464742e-33,9.381001e-24,1.495149e-18,2.629946e-21,6.398317e-41,-2.996279e-18,-1.498149e-18,-1.526183e-18,-3.988292e-33,-9.377636e-24,-1.495480e-18,-2.637484e-21,-3.988005e-33,0.000000e+00,0.000000e+00,0.000000e+00,0.000000e+00,0.000000e+00,0.000000e+00,0.000000e+00,0.000000e+00,5.898955e-20,5.248342e-20,7.847803e-22,1.476450e-33,3.364534e-27,-3.309173e-22,-7.538001e-24,-3.988005e-33
1670.1332,200.00,327.5955,4.308031e+01,1.709822e-02,C,6.074757e-02,1.333333e-01,5.8939%,4.482100e-03,4.068194e-03,3.360610e-04,7.334634e-17,1.025500e-10,3.841665e-05,5.422069e-07,0.000000e+00,0.000000e+00,1.550633e-18,0.000000e+00,0.000000e+00,0.000000e+00,0.000000e+00,0.000000e+00,0.000000e+00,3.055893e-18,1.140329e-28,1.527462e-18,5.453038e-33,9.376600e-24,1.495666e-18,2.629044e-21,4.844679e-41,-2.996977e-18,-1.498498e-18,-1.526340e-18,-3.980297e-33,-9.376091e-24,-1.495830e-18,-2.636107e-21,-3.980004e-33,0.000000e+00,0.000000e+00,0.000000e+00,0.000000e+00,0.000000e+00,0.000000e+00,0.000000e+00,0.000000e+00,5.891623e-20,5.213472e-20,1.122082e-21,1.472741e-33,5.094907e-28,-1.636858e-22,-7.063094e-24,-3.980004e-33
1690.1332,200.00,327.6167,4.324933e+01,1.697721e-02,C,6.082914e-02,1.333333e-01,5.9016%,4.519033e-03,4.100980e-03,3.365937e-04,7.429575e-17,1.026906e-10,3.823142e-05,5.376333e-07,0.000000e+00,0.000000e+00,1.550633e-18,0.000000e+00,0.000000e+00,0.000000e+00,0.000000e+00,0.000000e+00,0.000000e+00,3.056232e-18,8.772829e-29,1.527815e-18,5.440628e-33,9.372031e-24,1.496046e-18,2.627827e-21,3.729567e-41,-2.997702e-18,-1.498861e-18,-1.526875e-18,-3.735354e-33,-9.371593e-24,-1.496194e-18,-2.634570e-21,-3.972783e-33,0.000000e+00,0.000000e+00,0.000000e+00,0.000000e+00,0.000000e+00,0.000000e+00,0.000000e+00,0.000000e+00,5.853019e-20,5.177191e-20,9.403393e-22,1.705274e-33,4.381963e-28,-1.477042e-22,-6.742787e-24,-3.972783e-33
1710.1332,200.00,327.6378,4.341723e+01,1.684515e-02,C,6.091027e-02,1.333333e-01,5.9092%,4.555712e-03,4.133533e-03,3.371223e-04,7.522837e-17,1.028344e-10,3.805030e-05,5.331794e-07,0.000000e+00,0.000000e+00,1.550633e-18,0.000000e+00,0.000000e+00,0.000000e+00,0.000000e+00,0.000000e+00,0.000000e+00,3.056263e-18,6.768828e-29,1.528014e-18,5.427457e-33,9.367306e-24,1.496278e-18,2.626266e-21,2.881749e-41,-2.998494e-18,-1.499257e-18,-1.527068e-18,-3.965722e-33,-9.367990e-24,-1.496591e-18,-2.633334e-21,-3.965425e-33,0.000000e+00,0.000000e+00,0.000000e+00,0.000000e+00,0.000000e+00,0.000000e+00,0.000000e+00,0.000000e+00,5.776920e-20,5.137587e-20,9.458891e-22,1.461735e-33,-6.839166e-28,-3.130056e-22,-7.068106e-24,-3.965425e-33
1730.1332,200.00,327.6588,4.358440e+01,1.670859e-02,C,6.099114e-02,1.333333e-01,5.9168%,4.592141e-03,4.165857e-03,3.376463e-04,7.629783e-17,1.029776e-10,3.787538e-05,5.288489e-07,0.000000e+00,0.000000e+00,1.550633e-18,0.000000e+00,0.000000e+00,0.000000e+00,0.000000e+00,0.000000e+00,0.000000e+00,3.056703e-18,5.233720e-29,1.528413e-18,5.415668e-33,9.362975e-24,1.496702e-18,2.625124e-21,2.146694e-41,-2.999313e-18,-1.499667e-18,-1.527640e-18,-3.959132e-33,-9.361567e-24,-1.497002e-18,-2.631932e-21,-3.958832e-33,0.000000e+00,0.000000e+00,0.000000e+00,0.000000e+00,0.000000e+00,0.000000e+00,0.000000e+00,0.000000e+00,5.738988e-20,5.096619e-20,7.731039e-22,1.456536e-33,1.408412e-27,-2.999555e-22,-6.807814e-24,-3.958832e-33
1750.1332,200.00,327.6798,4.375110e+01,1.656347e-02,C,6.107189e-02,1.333333e-01,5.9244%,4.628322e-03,4.197956e-03,3.381668e-04,7.730643e-17,1.031099e-10,3.770535e-05,5.246342e-07,0.000000e+00,0.000000e+00,1.550633e-18,0.000000e+00,0.000000e+00,0.000000e+00,0.000000e+00,0.000000e+00,0.000000e+00,3.057181e-18,4.058226e-29,1.528829e-18,5.404151e-33,9.358760e-24,1.497143e-18,2.624007e-21,1.699814e-41,-3.000184e-18,-1.500102e-18,-1.528048e-18,-3.952604e-33,-9.358586e-24,-1.497439e-18,-2.630709e-21,-3.952296e-33,0.000000e+00,0.000000e+00,0.000000e+00,0.000000e+00,0.000000e+00,0.000000e+00,0.000000e+00,0.000000e+00,5.699740e-20,5.053076e-20,7.810808e-22,1.451547e-33,1.747199e-28,-2.960308e-22,-6.701899e-24,-3.952296e-33
1770.1332,200.00,327.7005,4.391613e+01,1.646472e-02,C,6.115190e-02,1.333333e-01,5.9320%,4.664254e-03,4.229826e-03,3.386804e-04,7.845774e-17,1.032472e-10,3.753894e-05,5.205260e-07,0.000000e+00,0.000000e+00,1.550633e-18,0.000000e+00,0.000000e+00,0.000000e+00,0.000000e+00,0.000000e+00,0.000000e+00,3.057385e-18,3.156821e-29,1.529108e-18,5.391947e-33,9.354370e-24,1.497450e-18,2.622592e-21,1.348992e-41,-3.000776e-18,-1.500399e-18,-1.528342e-18,-3.945983e-33,-9.354203e-24,-1.497736e-18,-2.629067e-21,-3.945665e-33,0.000000e+00,0.000000e+00,0.000000e+00,0.000000e+00,0.000000e+00,0.000000e+00,0.000000e+00,0.000000e+00,5.660811e-20,5.023438e-20,7.662114e-22,1.445964e-33,1.669218e-28,-2.860680e-22,-6.474560e-24,-3.945665e-33
1790.1332,200.00,327.7211,4.408021e+01,1.635846e-02,C,6.123155e-02,1.333333e-01,5.9395%,4.699941e-03,4.261471e-03,3.391898e-04,7.948473e-17,1.033842e-10,3.737701e-05,5.165238e-07,0.000000e+00,0.000000e+00,1.550633e-18,0.000000e+00,0.000000e+00,0.000000e+00,0.000000e+00,0.000000e+00,0.000000e+00,3.057636e-18,2.462057e-29,1.529409e-18,5.380038e-33,9.350083e-24,1.497779e-18,2.621218e-21,1.027406e-41,-3.001414e-18,-1.500718e-18,-1.528653e-18,-3.939629e-33,-9.352131e-24,-1.498057e-18,-2.627501e-21,-3.939315e-33,0.000000e+00,0.000000e+00,0.000000e+00,0.000000e+00,0.000000e+00,0.000000e+00,0.000000e+00,0.000000e+00,5.622148e-20,4.991540e-20,7.555023e-22,1.440409e-33,-2.048210e-27,-2.777702e-22,-6.282960e-24,-3.939315e-33
1810.1332,200.00,327.7416,4.424346e+01,1.624675e-02,C,6.131092e-02,1.333333e-01,5.9469%,4.735385e-03,4.292894e-03,3.396963e-04,8.051343e-17,1.035215e-10,3.721940e-05,5.126232e-07,0.000000e+00,0.000000e+00,1.550633e-18,0.000000e+00,0.000000e+00,0.000000e+00,0.000000e+00,0.000000e+00,0.000000e+00,3.057923e-18,1.926079e-29,1.529726e-18,5.368392e-33,9.345924e-24,1.498123e-18,2.619870e-21,8.185836e-42,-3.002085e-18,-1.501053e-18,-1.528978e-18,-3.933557e-33,-9.345758e-24,-1.498393e-18,-2.625981e-21,-3.933226e-33,0.000000e+00,0.000000e+00,0.000000e+00,0.000000e+00,0.000000e+00,0.000000e+00,0.000000e+00,0.000000e+00,5.583776e-20,4.957997e-20,7.482979e-22,1.434835e-33,1.653788e-28,-2.706639e-22,-6.111223e-24,-3.933226e-33
1830.1332,200.00,327.7621,4.440598e+01,1.612591e-02,C,6.139002e-02,1.333333e-01,5.9544%,4.770588e-03,4.324098e-03,3.401977e-04,8.147139e-17,1.036700e-10,3.706604e-05,5.088220e-07,0.000000e+00,0.000000e+00,1.550633e-18,0.000000e+00,0.000000e+00,0.000000e+00,0.000000e+00,0.000000e+00,0.000000e+00,3.058269e-18,1.511718e-29,1.530071e-18,5.357061e-33,9.341857e-24,1.498493e-18,2.618577e-21,6.849373e-42,-3.002811e-18,-1.501416e-18,-1.529324e-18,-3.927728e-33,-9.339782e-24,-1.498758e-18,-2.624552e-21,-3.927409e-33,0.000000e+00,0.000000e+00,0.000000e+00,0.000000e+00,0.000000e+00,0.000000e+00,0.000000e+00,0.000000e+00,5.545835e-20,4.921708e-20,7.466920e-22,1.429332e-33,2.075113e-27,-2.646018e-22,-5.975575e-24,-3.927409e-33
1850.1332,200.00,327.7823,4.456705e+01,1.599800e-02,C,6.146849e-02,1.333333e-01,5.9617%,4.805551e-03,4.355082e-03,3.406953e-04,8.263827e-17,1.037941e-10,3.691664e-05,5.051142e-07,0.000000e+00,0.000000e+00,1.550633e-18,0.000000e+00,0.000000e+00,0.000000e+00,0.000000e+00,0.000000e+00,0.000000e+00,3.058661e-18,1.189844e-29,1.530436e-18,5.346019e-33,9.337894e-24,1.498883e-18,2.617326e-21,5.137030e-42,-3.003579e-18,-1.501800e-18,-1.529687e-18,-3.922176e-33,-9.337725e-24,-1.499143e-18,-2.623189e-21,-3.921853e-33,0.000000e+00,0.000000e+00,0.000000e+00,0.000000e+00,0.000000e+00,0.000000e+00,0.000000e+00,0.000000e+00,5.508193e-20,4.883281e-20,7.491775e-22,1.423843e-33,1.689266e-28,-2.600017e-22,-5.863040e-24,-3.921853e-33
1870.1332,200.00,327.8025,4.472786e+01,1.591997e-02,C,6.154691e-02,1.333333e-01,5.9691%,4.840278e-03,4.385852e-03,3.411885e-04,8.357948e-17,1.039298e-10,3.677126e-05,5.015006e-07,0.000000e+00,0.000000e+00,1.550633e-18,0.000000e+00,0.000000e+00,0.000000e+00,0.000000e+00,0.000000e+00,0.000000e+00,3.059100e-18,9.406532e-30,1.530824e-18,5.335250e-33,9.334022e-24,1.499294e-18,2.616117e-21,3.758802e-42,-3.004048e-18,-1.502035e-18,-1.529926e-18,-3.916456e-33,-9.337634e-24,-1.499379e-18,-2.621383e-21,-3.916128e-33,0.000000e+00,0.000000e+00,0.000000e+00,0.000000e+00,0.000000e+00,0.000000e+00,0.000000e+00,0.000000e+00,5.505276e-20,4.859839e-20,8.977374e-22,1.418794e-33,-3.611522e-27,-8.504388e-23,-5.265994e-24,-3.916128e-33
1890.1332,200.00,327.8226,4.488754e+01,1.577630e-02,C,6.162489e-02,1.333333e-01,5.9764%,4.874766e-03,4.416407e-03,3.416759e-04,8.471401e-17,1.040632e-10,3.662859e-05,4.979727e-07,0.000000e+00,0.000000e+00,1.550633e-18,0.000000e+00,0.000000e+00,0.000000e+00,0.000000e+00,0.000000e+00,0.000000e+00,3.059248e-18,7.460650e-30,1.531066e-18,5.323729e-33,9.329998e-24,1.499564e-18,2.614596e-21,2.923513e-42,-3.004911e-18,-1.502466e-18,-1.530328e-18,-3.094051e-33,-9.329829e-24,-1.499812e-18,-2.620172e-21,-3.907807e-33,0.000000e+00,0.000000e+00,0.000000e+00,0.000000e+00,0.000000e+00,0.000000e+00,0.000000e+00,0.000000e+00,5.433685e-20,4.816662e-20,7.383138e-22,2.229677e-33,1.692153e-28,-2.478493e-22,-5.575577e-24,-3.907807e-33
1910.1332,200.00,327.8426,4.504660e+01,1.568446e-02,C,6.170267e-02,1.333333e-01,5.9838%,4.909022e-03,4.446750e-03,3.421604e-04,8.569376e-17,1.041967e-10,3.648956e-05,4.945302e-07,0.000000e+00,0.000000e+00,1.550633e-18,0.000000e+00,0.000000e+00,0.000000e+00,0.000000e+00,0.000000e+00,0.000000e+00,3.059429e-18,5.938815e-30,1.531323e-18,5.312448e-33,9.326071e-24,1.499849e-18,2.613105e-21,3.090571e-42,-3.005463e-18,-1.502742e-18,-1.530600e-18,-3.906147e-33,-9.325901e-24,-1.500089e-18,-2.618502e-21,-3.905812e-33,0.000000e+00,0.000000e+00,0.000000e+00,0.000000e+00,0.000000e+00,0.000000e+00,0.000000e+00,0.000000e+00,5.396617e-20,4.789053e-20,7.237440e-22,1.406301e-33,1.705284e-28,-2.402051e-22,-5.396859e-24,-3.905812e-33
1930.1332,200.00,327.8624,4.520421e+01,1.558413e-02,C,6.177979e-02,1.333333e-01,5.9910%,4.943047e-03,4.476879e-03,3.426415e-04,8.687871e-17,1.043311e-10,3.635503e-05,4.911706e-07,0.000000e+00,0.000000e+00,1.550633e-18,0.000000e+00,0.000000e+00,0.000000e+00,0.000000e+00,0.000000e+00,0.000000e+00,3.060015e-18,4.745599e-30,1.531779e-18,5.302536e-33,9.322496e-24,1.500324e-18,2.612038e-21,2.505868e-42,-3.006066e-18,-1.503044e-18,-1.530892e-18,-3.901144e-33,-9.322069e-24,-1.500392e-18,-2.616918e-21,-3.900805e-33,0.000000e+00,0.000000e+00,0.000000e+00,0.000000e+00,0.000000e+00,0.000000e+00,0.000000e+00,0.000000e+00,5.394854e-20,4.758889e-20,8.863035e-22,1.401393e-33,4.273795e-28,-6.813852e-23,-4.880264e-24,-3.900805e-33
1950.1332,200.00,327.8821,4.536090e+01,1.541993e-02,C,6.185658e-02,1.333333e-01,5.9982%,4.976841e-03,4.506799e-03,3.431180e-04,8.799423e-17,1.044636e-10,3.622283e-05,4.878881e-07,0.000000e+00,0.000000e+00,1.550633e-18,0.000000e+00,0.000000e+00,0.000000e+00,0.000000e+00,0.000000e+00,0.000000e+00,3.060295e-18,3.809968e-30,1.532082e-18,5.291826e-33,9.318750e-24,1.500652e-18,2.610645e-21,1.169405e-42,-3.007053e-18,-1.503538e-18,-1.531343e-18,-3.896762e-33,-9.319779e-24,-1.500887e-18,-2.615896e-21,-3.896419e-33,0.000000e+00,0.000000e+00,0.000000e+00,0.000000e+00,0.000000e+00,0.000000e+00,0.000000e+00,0.000000e+00,5.324111e-20,4.709510e-20,7.381928e-22,1.395065e-33,-1.028988e-27,-2.345882e-22,-5.250436e-24,-3.896419e-33
1970.1332,200.00,327.9017,4.551700e+01,1.536351e-02,C,6.193315e-02,1.333333e-01,6.0054%,5.010407e-03,4.536513e-03,3.435904e-04,8.920839e-17,1.045958e-10,3.609397e-05,4.846835e-07,0.000000e+00,0.000000e+00,1.550633e-18,0.000000e+00,0.000000e+00,0.000000e+00,0.000000e+00,0.000000e+00,0.000000e+00,3.060620e-18,3.073087e-30,1.532405e-18,5.281377e-33,9.315102e-24,1.501000e-18,2.609298e-21,1.628814e-42,-3.007393e-18,-1.503708e-18,-1.531526e-18,-3.891788e-33,-9.315343e-24,-1.501059e-18,-2.613945e-21,-3.891441e-33,0.000000e+00,0.000000e+00,0.000000e+00,0.000000e+00,0.000000e+00,0.000000e+00,0.000000e+00,0.000000e+00,5.322682e-20,4.692538e-20,8.797520e-22,1.389590e-33,-2.405564e-28,-5.811671e-23,-4.647152e-24,-3.891441e-33
1990.1332,200.00,327.9212,4.567213e+01,1.524338e-02,C,6.200935e-02,1.333333e-01,6.0126%,5.043744e-03,4.566021e-03,3.440583e-04,9.021386e-17,1.047259e-10,3.596721e-05,4.815503e-07,0.000000e+00,0.000000e+00,1.550633e-18,0.000000e+00,0.000000e+00,0.000000e+00,0.000000e+00,0.000000e+00,0.000000e+00,3.060638e-18,2.491906e-30,1.532576e-18,5.270121e-33,9.311282e-24,1.501201e-18,2.607626e-21,1.252934e-42,-3.008115e-18,-1.504069e-18,-1.531866e-18,-2.606159e-33,-9.313295e-24,-1.501421e-18,-2.612554e-21,-3.887073e-33,0.000000e+00,0.000000e+00,0.000000e+00,0.000000e+00,0.000000e+00,0.000000e+00,0.000000e+00,0.000000e+00,5.252246e-20,4.656397e-20,7.102288e-22,2.663961e-33,-2.012451e-27,-2.203277e-22,-4.928134e-24,-3.887073e-33
2010.1332,200.00,327.9405,4.582614e+01,1.511690e-02,C,6.208507e-02,1.333333e-01,6.0197%,5.076859e-03,4.595324e-03,3.445239e-04,9.125036e-17,1.048737e-10,3.584453e-05,4.784905e-07,0.000000e+00,0.000000e+00,1.550633e-18,0.000000e+00,0.000000e+00,0.000000e+00,0.000000e+00,0.000000e+00,0.000000e+00,3.061047e-18,2.025526e-30,1.532939e-18,5.260188e-33,9.307814e-24,1.501585e-18,2.606363e-21,9.605828e-43,-3.008876e-18,-1.504450e-18,-1.532222e-18,-3.883261e-33,-9.307570e-24,-1.501803e-18,-2.611225e-21,-3.882906e-33,0.000000e+00,0.000000e+00,0.000000e+00,0.000000e+00,0.000000e+00,0.000000e+00,0.000000e+00,0.000000e+00,5.217045e-20,4.618337e-20,7.165885e-22,1.376927e-33,2.445752e-28,-2.175077e-22,-4.861281e-24,-3.882906e-33
2030.1332,200.00,327.9599,4.597999e+01,1.504108e-02,C,6.216079e-02,1.333333e-01,6.0268%,5.109751e-03,4.624427e-03,3.449855e-04,9.212092e-17,1.049886e-10,3.572491e-05,4.755018e-07,0.000000e+00,0.000000e+00,1.550633e-18,0.000000e+00,0.000000e+00,0.000000e+00,0.000000e+00,0.000000e+00,0.000000e+00,3.061500e-18,1.661031e-30,1.533321e-18,5.250502e-33,9.304439e-24,1.501989e-18,2.605145e-21,6.264671e-43,-3.009333e-18,-1.504678e-18,-1.532447e-18,-3.879082e-33,-9.305205e-24,-1.502033e-18,-2.609478e-21,-3.878538e-33,0.000000e+00,0.000000e+00,0.000000e+00,0.000000e+00,0.000000e+00,0.000000e+00,0.000000e+00,0.000000e+00,5.216685e-20,4.595519e-20,8.744522e-22,1.371420e-33,-7.657467e-28,-4.342324e-23,-4.332988e-24,-3.878538e-33
2050.1332,200.00,327.9790,4.613204e+01,1.489990e-02,C,6.223571e-02,1.333333e-01,6.0339%,5.142421e-03,4.653326e-03,3.454421e-04,9.325249e-17,1.051207e-10,3.560701e-05,4.725755e-07,0.000000e+00,0.000000e+00,1.550633e-18,0.000000e+00,0.000000e+00,0.000000e+00,0.000000e+00,0.000000e+00,0.000000e+00,3.061654e-18,1.363265e-30,1.533555e-18,5.240036e-33,9.300886e-24,1.502250e-18,2.603617e-21,1.336463e-42,-3.010183e-18,-1.505103e-18,-1.532843e-18,-3.875126e-33,-9.300206e-24,-1.502459e-18,-2.608281e-21,-3.874767e-33,0.000000e+00,0.000000e+00,0.000000e+00,0.000000e+00,0.000000e+00,0.000000e+00,0.000000e+00,0.000000e+00,5.147178e-20,4.553014e-20,7.123735e-22,1.364909e-33,6.801598e-28,-2.091286e-22,-4.663916e-24,-3.874767e-33
2070.1332,200.00,327.9981,4.628419e+01,1.481134e-02,C,6.231077e-02,1.333333e-01,6.0409%,5.174871e-03,4.682031e-03,3.458955e-04,9.426224e-17,1.052463e-10,3.549203e-05,4.697173e-07,0.000000e+00,0.000000e+00,1.550633e-18,0.000000e+00,0.000000e+00,0.000000e+00,0.000000e+00,0.000000e+00,0.000000e+00,3.061840e-18,1.128640e-30,1.533803e-18,5.229773e-33,9.297426e-24,1.502523e-18,2.602119e-21,1.461756e-42,-3.010716e-18,-1.505369e-18,-1.533102e-18,-3.871131e-33,-9.297245e-24,-1.502727e-18,-2.606649e-21,-3.870764e-33,0.000000e+00,0.000000e+00,0.000000e+00,0.000000e+00,0.000000e+00,0.000000e+00,0.000000e+00,0.000000e+00,5.112449e-20,4.526349e-20,7.008548e-22,1.358642e-33,1.809127e-28,-2.035297e-22,-4.529801e-24,-3.870764e-33
2090.1332,200.00,328.0170,4.643481e+01,1.471494e-02,C,6.238514e-02,1.333333e-01,6.0479%,5.207104e-03,4.710536e-03,3.463450e-04,9.542128e-17,1.053745e-10,3.537967e-05,4.669200e-07,0.000000e+00,0.000000e+00,1.550633e-18,0.000000e+00,0.000000e+00,0.000000e+00,0.000000e+00,0.000000e+00,0.000000e+00,3.062078e-18,9.392182e-31,1.534075e-18,5.219792e-33,9.294042e-24,1.502820e-18,2.600679e-21,0.000000e+00,-3.011296e-18,-1.505660e-18,-1.533381e-18,-3.867337e-33,-9.293870e-24,-1.503019e-18,-2.605100e-21,-3.866861e-33,0.000000e+00,0.000000e+00,0.000000e+00,0.000000e+00,0.000000e+00,0.000000e+00,0.000000e+00,0.000000e+00,5.078139e-20,4.497316e-20,6.939697e-22,1.352455e-33,1.717580e-28,-1.987505e-22,-4.420705e-24,-3.866861e-33
2110.1332,200.00,328.0359,4.658471e+01,1.461240e-02,C,6.245926e-02,1.333333e-01,6.0549%,5.239121e-03,4.738844e-03,3.467912e-04,9.663419e-17,1.055228e-10,3.526991e-05,4.641833e-07,0.000000e+00,0.000000e+00,1.550633e-18,0.000000e+00,0.000000e+00,0.000000e+00,0.000000e+00,0.000000e+00,0.000000e+00,3.062355e-18,7.849539e-31,1.534366e-18,5.210052e-33,9.290741e-24,1.503134e-18,2.599282e-21,1.252934e-43,-3.011914e-18,-1.505969e-18,-1.533675e-18,-3.863708e-33,-9.287338e-24,-1.503329e-18,-2.603610e-21,-3.863335e-33,0.000000e+00,0.000000e+00,0.000000e+00,0.000000e+00,0.000000e+00,0.000000e+00,0.000000e+00,0.000000e+00,5.044136e-20,4.466430e-20,6.906816e-22,1.346343e-33,3.403079e-27,-1.947977e-22,-4.327830e-24,-3.863335e-33
2130.1332,200.00,328.0546,4.673378e+01,1.450371e-02,C,6.253302e-02,1.333333e-01,6.0618%,5.270924e-03,4.766961e-03,3.472339e-04,9.754267e-17,1.056380e-10,3.516272e-05,4.615064e-07,0.000000e+00,0.000000e+00,1.550633e-18,0.000000e+00,0.000000e+00,0.000000e+00,0.000000e+00,0.000000e+00,0.000000e+00,3.062672e-18,6.629775e-31,1.534675e-18,5.200544e-33,9.287521e-24,1.503465e-18,2.597928e-21,1.670579e-43,-3.012568e-18,-1.506296e-18,-1.533984e-18,-3.860302e-33,-9.286052e-24,-1.503657e-18,-2.602181e-21,-3.859561e-33,0.000000e+00,0.000000e+00,0.000000e+00,0.000000e+00,0.000000e+00,0.000000e+00,0.000000e+00,0.000000e+00,5.010411e-20,4.433680e-20,6.909085e-22,1.340241e-33,1.468885e-27,-1.915052e-22,-4.252676e-24,-3.859561e-33
2150.1332,200.00,328.0732,4.688194e+01,1.438946e-02,C,6.260641e-02,1.333333e-01,6.0687%,5.302515e-03,4.794884e-03,3.476735e-04,9.846867e-17,1.057570e-10,3.505797e-05,4.588862e-07,0.000000e+00,0.000000e+00,1.550633e-18,0.000000e+00,0.000000e+00,0.000000e+00,0.000000e+00,0.000000e+00,0.000000e+00,3.063029e-18,5.567863e-31,1.535002e-18,5.191272e-33,9.284380e-24,1.503814e-18,2.596618e-21,1.252934e-43,-3.013257e-18,-1.506640e-18,-1.534307e-18,-3.856962e-33,-9.284534e-24,-1.504003e-18,-2.600809e-21,-3.856584e-33,0.000000e+00,0.000000e+00,0.000000e+00,0.000000e+00,0.000000e+00,0.000000e+00,0.000000e+00,0.000000e+00,4.977170e-20,4.399250e-20,6.946584e-22,1.334310e-33,-1.542084e-28,-1.890108e-22,-4.191230e-24,-3.856584e-33
2170.1332,200.00,328.0918,4.702954e+01,1.432596e-02,C,6.267962e-02,1.333333e-01,6.0756%,5.333896e-03,4.822617e-03,3.481097e-04,9.967850e-17,1.058880e-10,3.495562e-05,4.563217e-07,0.000000e+00,0.000000e+00,1.550633e-18,0.000000e+00,0.000000e+00,0.000000e+00,0.000000e+00,0.000000e+00,0.000000e+00,3.063425e-18,4.728379e-31,1.535347e-18,5.182234e-33,9.281312e-24,1.504180e-18,2.595352e-21,5.847026e-43,-3.013640e-18,-1.506832e-18,-1.534501e-18,-3.853445e-33,-9.283077e-24,-1.504196e-18,-2.599021e-21,-3.853060e-33,0.000000e+00,0.000000e+00,0.000000e+00,0.000000e+00,0.000000e+00,0.000000e+00,0.000000e+00,0.000000e+00,4.978538e-20,4.380113e-20,8.458859e-22,1.328789e-33,-1.765110e-27,-1.584756e-23,-3.668967e-24,-3.853060e-33
2190.1332,200.00,328.1102,4.717607e+01,1.419995e-02,C,6.275237e-02,1.333333e-01,6.0824%,5.365066e-03,4.850161e-03,3.485416e-04,1.010223e-16,1.060297e-10,3.485450e-05,4.538083e-07,0.000000e+00,0.000000e+00,1.550633e-18,0.000000e+00,0.000000e+00,0.000000e+00,0.000000e+00,0.000000e+00,0.000000e+00,3.063509e-18,4.089796e-31,1.535537e-18,5.172347e-33,9.278087e-24,1.504396e-18,2.593761e-21,6.264671e-43,-3.014399e-18,-1.507212e-18,-1.534853e-18,-3.850478e-33,-9.274595e-24,-1.504577e-18,-2.597767e-21,-3.850079e-33,0.000000e+00,0.000000e+00,0.000000e+00,0.000000e+00,0.000000e+00,0.000000e+00,0.000000e+00,0.000000e+00,4.910946e-20,4.342124e-20,6.837181e-22,1.321870e-33,3.492317e-27,-1.810880e-22,-4.005601e-24,-3.850079e-33
2210.1332,200.00,328.1285,4.732166e+01,1.412505e-02,C,6.282472e-02,1.333333e-01,6.0892%,5.396028e-03,4.877516e-03,3.489707e-04,1.021541e-16,1.061333e-10,3.475560e-05,4.513463e-07,0.000000e+00,0.000000e+00,1.550633e-18,0.000000e+00,0.000000e+00,0.000000e+00,0.000000e+00,0.000000e+00,0.000000e+00,3.063631e-18,3.479915e-31,1.535744e-18,5.162689e-33,9.274924e-24,1.504628e-18,2.592216e-21,3.758802e-43,-3.014851e-18,-1.507438e-18,-1.535075e-18,-3.847262e-33,-9.278213e-24,-1.504804e-18,-2.596097e-21,-3.846870e-33,0.000000e+00,0.000000e+00,0.000000e+00,0.000000e+00,0.000000e+00,0.000000e+00,0.000000e+00,0.000000e+00,4.878033e-20,4.319541e-20,6.690747e-22,1.315427e-33,-3.289173e-27,-1.757835e-22,-3.881881e-24,-3.846870e-33
2230.1332,200.00,328.1467,4.746674e+01,1.398805e-02,C,6.289688e-02,1.333333e-01,6.0960%,5.426787e-03,4.904688e-03,3.493960e-04,1.035931e-16,1.062684e-10,3.466006e-05,4.489395e-07,0.000000e+00,0.000000e+00,1.550633e-18,0.000000e+00,0.000000e+00,0.000000e+00,0.000000e+00,0.000000e+00,0.000000e+00,3.064152e-18,3.027884e-31,1.536147e-18,5.154353e-33,9.272083e-24,1.505050e-18,2.591091e-21,0.000000e+00,-3.015677e-18,-1.507851e-18,-1.535645e-18,-3.844867e-33,-9.272318e-24,-1.505218e-18,-2.594860e-21,-3.844470e-33,0.000000e+00,0.000000e+00,0.000000e+00,0.000000e+00,0.000000e+00,0.000000e+00,0.000000e+00,0.000000e+00,4.847522e-20,4.278223e-20,5.017893e-22,1.309486e-33,-2.344940e-28,-1.688588e-22,-3.769145e-24,-3.844470e-33
2250.1332,200.00,328.1648,4.761073e+01,1.389956e-02,C,6.296859e-02,1.333333e-01,6.1027%,5.457340e-03,4.931674e-03,3.498187e-04,1.047750e-16,1.063825e-10,3.456546e-05,4.465773e-07,0.000000e+00,0.000000e+00,1.550633e-18,0.000000e+00,0.000000e+00,0.000000e+00,0.000000e+00,0.000000e+00,0.000000e+00,3.064349e-18,2.647605e-31,1.536389e-18,5.145137e-33,9.269083e-24,1.505315e-18,2.589631e-21,-2.505868e-43,-3.016211e-18,-1.508118e-18,-1.535710e-18,2.195610e-32,-9.268904e-24,-1.505487e-18,-2.593421e-21,-3.841285e-33,0.000000e+00,0.000000e+00,0.000000e+00,0.000000e+00,0.000000e+00,0.000000e+00,0.000000e+00,0.000000e+00,4.813874e-20,4.251529e-20,6.792379e-22,2.710123e-32,1.789745e-28,-1.716440e-22,-3.789681e-24,-3.841285e-33
2270.1332,200.00,328.1828,4.775414e+01,1.380767e-02,C,6.304007e-02,1.333333e-01,6.1094%,5.487691e-03,4.958478e-03,3.502381e-04,1.057687e-16,1.065109e-10,3.447296e-05,4.442637e-07,0.000000e+00,0.000000e+00,1.550633e-18,0.000000e+00,0.000000e+00,0.000000e+00,0.000000e+00,0.000000e+00,0.000000e+00,3.064584e-18,2.310376e-31,1.536648e-18,5.136134e-33,9.266144e-24,1.505597e-18,2.588213e-21,3.341158e-43,-3.016765e-18,-1.508395e-18,-1.535974e-18,-3.838708e-33,-9.267293e-24,-1.505765e-18,-2.591922e-21,-3.838228e-33,0.000000e+00,0.000000e+00,0.000000e+00,0.000000e+00,0.000000e+00,0.000000e+00,0.000000e+00,0.000000e+00,4.781858e-20,4.223804e-20,6.741699e-22,1.297426e-33,-1.148704e-27,-1.685744e-22,-3.708739e-24,-3.838228e-33
2290.1332,200.00,328.2007,4.789668e+01,1.371046e-02,C,6.311123e-02,1.333333e-01,6.1161%,5.517841e-03,4.985101e-03,3.506545e-04,1.069474e-16,1.066377e-10,3.438245e-05,4.419960e-07,0.000000e+00,0.000000e+00,1.550633e-18,0.000000e+00,0.000000e+00,0.000000e+00,0.000000e+00,0.000000e+00,0.000000e+00,3.064854e-18,2.044898e-31,1.536923e-18,5.127348e-33,9.263287e-24,1.505894e-18,2.586839e-21,5.847026e-43,-3.017352e-18,-1.508688e-18,-1.536251e-18,-3.836273e-33,-9.261770e-24,-1.506060e-18,-2.590482e-21,-3.835864e-33,0.000000e+00,0.000000e+00,0.000000e+00,0.000000e+00,0.000000e+00,0.000000e+00,0.000000e+00,0.000000e+00,4.750260e-20,4.194471e-20,6.725618e-22,1.291075e-33,1.517103e-27,-1.656533e-22,-3.642953e-24,-3.835864e-33
2310.1332,200.00,328.2186,4.803867e+01,1.360768e-02,C,6.318217e-02,1.333333e-01,6.1228%,5.547792e-03,5.011544e-03,3.510678e-04,1.079190e-16,1.067520e-10,3.429389e-05,4.397736e-07,0.000000e+00,0.000000e+00,1.550633e-18,0.000000e+00,0.000000e+00,0.000000e+00,0.000000e+00,0.000000e+00,0.000000e+00,3.065161e-18,1.772245e-31,1.537216e-18,5.118772e-33,9.260486e-24,1.506207e-18,2.585506e-21,7.517605e-43,-3.017972e-18,-1.508998e-18,-1.536542e-18,-3.833771e-33,-9.263079e-24,-1.506371e-18,-2.589096e-21,-3.833357e-33,0.000000e+00,0.000000e+00,0.000000e+00,0.000000e+00,0.000000e+00,0.000000e+00,0.000000e+00,0.000000e+00,4.718894e-20,4.163449e-20,6.737940e-22,1.285001e-33,-2.593184e-27,-1.636922e-22,-3.589678e-24,-3.833357e-33
2330.1332,200.00,328.2363,4.817936e+01,1.355465e-02,C,6.325253e-02,1.333333e-01,6.1294%,5.577543e-03,5.037807e-03,3.514763e-04,1.088167e-16,1.068895e-10,3.420615e-05,4.375917e-07,0.000000e+00,0.000000e+00,1.550633e-18,0.000000e+00,0.000000e+00,0.000000e+00,0.000000e+00,0.000000e+00,0.000000e+00,3.065166e-18,1.592868e-31,1.537358e-18,5.109357e-33,9.257521e-24,1.506375e-18,2.583865e-21,-4.176447e-44,-3.018292e-18,-1.509159e-18,-1.536706e-18,-3.831022e-33,-9.255577e-24,-1.506533e-18,-2.587317e-21,-3.830604e-33,0.000000e+00,0.000000e+00,0.000000e+00,0.000000e+00,0.000000e+00,0.000000e+00,0.000000e+00,0.000000e+00,4.687371e-20,4.147441e-20,6.516605e-22,1.278335e-33,1.943918e-27,-1.573884e-22,-3.451192e-24,-3.830604e-33
2350.1332,200.00,328.2539,4.831939e+01,1.344198e-02,C,6.332260e-02,1.333333e-01,6.1359%,5.607101e-03,5.063893e-03,3.518828e-04,1.101719e-16,1.070093e-10,3.412132e-05,4.354551e-07,0.000000e+00,0.000000e+00,1.550633e-18,0.000000e+00,0.000000e+00,0.000000e+00,0.000000e+00,0.000000e+00,0.000000e+00,3.065555e-18,1.391966e-31,1.537688e-18,5.101233e-33,9.254857e-24,1.506725e-18,2.582632e-21,-4.176447e-44,-3.018972e-18,-1.509499e-18,-1.537214e-18,-3.829064e-33,-9.252385e-24,-1.506874e-18,-2.585944e-21,-3.828643e-33,0.000000e+00,0.000000e+00,0.000000e+00,0.000000e+00,0.000000e+00,0.000000e+00,0.000000e+00,0.000000e+00,4.658261e-20,4.113424e-20,4.737459e-22,1.272168e-33,2.472730e-27,-1.488875e-22,-3.312521e-24,-3.828643e-33
2370.1332,200.00,328.2714,4.845928e+01,1.337939e-02,C,6.339269e-02,1.333333e-01,6.1425%,5.636464e-03,5.089810e-03,3.522879e-04,1.114195e-16,1.071164e-10,3.403831e-05,4.333613e-07,0.000000e+00,0.000000e+00,1.550633e-18,0.000000e+00,0.000000e+00,0.000000e+00,0.000000e+00,0.000000e+00,0.000000e+00,3.065957e-18,1.284340e-31,1.538024e-18,5.093246e-33,9.252274e-24,1.507080e-18,2.581412e-21,-5.011737e-43,-3.019350e-18,-1.509688e-18,-1.537209e-18,-3.826263e-33,-9.251850e-24,-1.507065e-18,-2.584355e-21,-3.825836e-33,0.000000e+00,0.000000e+00,0.000000e+00,0.000000e+00,0.000000e+00,0.000000e+00,0.000000e+00,0.000000e+00,4.660676e-20,4.094521e-20,8.151054e-22,1.266983e-33,4.238006e-28,1.554922e-23,-2.943058e-24,-3.825836e-33
2390.1332,200.00,328.2889,4.859799e+01,1.325566e-02,C,6.346229e-02,1.333333e-01,6.1490%,5.665631e-03,5.115548e-03,3.526886e-04,1.123578e-16,1.072363e-10,3.395592e-05,4.313034e-07,0.000000e+00,0.000000e+00,1.550633e-18,0.000000e+00,0.000000e+00,0.000000e+00,0.000000e+00,0.000000e+00,0.000000e+00,3.066054e-18,1.119313e-31,1.538208e-18,5.084413e-33,9.249501e-24,1.507288e-18,2.579882e-21,3.341158e-43,-3.020097e-18,-1.510061e-18,-1.537552e-18,-3.824265e-33,-9.253806e-24,-1.507439e-18,-2.583186e-21,-3.823836e-33,0.000000e+00,0.000000e+00,0.000000e+00,0.000000e+00,0.000000e+00,0.000000e+00,0.000000e+00,0.000000e+00,4.595668e-20,4.057152e-20,6.556138e-22,1.260148e-33,-4.304835e-27,-1.511046e-22,-3.303531e-24,-3.823836e-33
2410.1332,200.00,328.3062,4.873570e+01,1.318153e-02,C,6.353142e-02,1.333333e-01,6.1555%,5.694608e-03,5.141114e-03,3.530852e-04,1.135832e-16,1.073685e-10,3.387526e-05,4.292849e-07,0.000000e+00,0.000000e+00,1.550633e-18,0.000000e+00,0.000000e+00,0.000000e+00,0.000000e+00,0.000000e+00,0.000000e+00,3.066198e-18,1.004511e-31,1.538414e-18,5.075812e-33,9.246805e-24,1.507517e-18,2.578410e-21,-7.935250e-43,-3.020545e-18,-1.510285e-18,-1.537769e-18,-3.822009e-33,-9.245719e-24,-1.507665e-18,-2.581627e-21,-3.821576e-33,0.000000e+00,0.000000e+00,0.000000e+00,0.000000e+00,0.000000e+00,0.000000e+00,0.000000e+00,0.000000e+00,4.565305e-20,4.034759e-20,6.452803e-22,1.253802e-33,1.085991e-27,-1.474079e-22,-3.217315e-24,-3.821576e-33
2430.1332,200.00,328.3234,4.887275e+01,1.310427e-02,C,6.360028e-02,1.333333e-01,6.1620%,5.723397e-03,5.166509e-03,3.534812e-04,1.147230e-16,1.074833e-10,3.379728e-05,4.273065e-07,0.000000e+00,0.000000e+00,1.550633e-18,0.000000e+00,0.000000e+00,0.000000e+00,0.000000e+00,0.000000e+00,0.000000e+00,3.066714e-18,8.897101e-32,1.538803e-18,5.068466e-33,9.244406e-24,1.507923e-18,2.577330e-21,2.923513e-43,-3.021012e-18,-1.510519e-18,-1.537993e-18,-3.819859e-33,-9.242862e-24,-1.507899e-18,-2.580104e-21,-3.819424e-33,0.000000e+00,0.000000e+00,0.000000e+00,0.000000e+00,0.000000e+00,0.000000e+00,0.000000e+00,0.000000e+00,4.570248e-20,4.011417e-20,8.101936e-22,1.248606e-33,1.543228e-27,2.307790e-23,-2.773892e-24,-3.819424e-33
2450.1332,200.00,328.3405,4.900893e+01,1.302005e-02,C,6.366878e-02,1.333333e-01,6.1684%,5.751995e-03,5.191734e-03,3.538722e-04,1.157244e-16,1.075999e-10,3.371987e-05,4.253631e-07,0.000000e+00,0.000000e+00,1.550633e-18,0.000000e+00,0.000000e+00,0.000000e+00,0.000000e+00,0.000000e+00,0.000000e+00,3.066926e-18,7.892590e-32,1.539040e-18,5.060257e-33,9.241816e-24,1.508181e-18,2.575940e-21,6.682315e-43,-3.021520e-18,-1.510773e-18,-1.538234e-18,-3.817828e-33,-9.244242e-24,-1.508155e-18,-2.578651e-21,-3.817387e-33,0.000000e+00,0.000000e+00,0.000000e+00,0.000000e+00,0.000000e+00,0.000000e+00,0.000000e+00,0.000000e+00,4.540537e-20,3.985967e-20,8.058928e-22,1.242430e-33,-2.426240e-27,2.598959e-23,-2.710878e-24,-3.817387e-33
2470.1332,200.00,328.3576,4.914465e+01,1.293266e-02,C,6.373714e-02,1.333333e-01,6.1748%,5.780407e-03,5.216792e-03,3.542614e-04,1.167521e-16,1.077325e-10,3.364401e-05,4.234554e-07,0.000000e+00,0.000000e+00,1.550633e-18,0.000000e+00,0.000000e+00,0.000000e+00,0.000000e+00,0.000000e+00,0.000000e+00,3.067159e-18,7.390334e-32,1.539287e-18,5.052212e-33,9.239315e-24,1.508449e-18,2.574577e-21,4.594092e-43,-3.022048e-18,-1.511037e-18,-1.538484e-18,-3.815899e-33,-9.235808e-24,-1.508421e-18,-2.577233e-21,-3.815455e-33,0.000000e+00,0.000000e+00,0.000000e+00,0.000000e+00,0.000000e+00,0.000000e+00,0.000000e+00,0.000000e+00,4.511057e-20,3.959554e-20,8.033270e-22,1.236313e-33,3.506853e-27,2.839790e-23,-2.655766e-24,-3.815455e-33
2490.1332,200.00,328.3745,4.927930e+01,1.284039e-02,C,6.380502e-02,1.333333e-01,6.1812%,5.808631e-03,5.241682e-03,3.546470e-04,1.177353e-16,1.078477e-10,3.356858e-05,4.215798e-07,0.000000e+00,0.000000e+00,1.550633e-18,0.000000e+00,0.000000e+00,0.000000e+00,0.000000e+00,0.000000e+00,0.000000e+00,3.067074e-18,6.744577e-32,1.539375e-18,5.043269e-33,9.236693e-24,1.508564e-18,2.572889e-21,4.594092e-43,-3.022606e-18,-1.511316e-18,-1.538745e-18,-3.814085e-33,-9.212091e-24,-1.508701e-18,-2.575866e-21,-3.813702e-33,0.000000e+00,0.000000e+00,0.000000e+00,0.000000e+00,0.000000e+00,0.000000e+00,0.000000e+00,0.000000e+00,4.446809e-20,3.931662e-20,6.299539e-22,1.229183e-33,2.460140e-26,-1.370715e-22,-2.976693e-24,-3.813702e-33
2510.1332,200.00,328.3913,4.941336e+01,1.274317e-02,C,6.387264e-02,1.333333e-01,6.1876%,5.836673e-03,5.266407e-03,3.550307e-04,1.185775e-16,1.079472e-10,3.349572e-05,4.197413e-07,0.000000e+00,0.000000e+00,1.550633e-18,0.000000e+00,0.000000e+00,0.000000e+00,0.000000e+00,0.000000e+00,0.000000e+00,3.067373e-18,6.170570e-32,1.539652e-18,5.035602e-33,9.234232e-24,1.508860e-18,2.571608e-21,-4.176447e-43,-3.023194e-18,-1.511610e-18,-1.539019e-18,-3.812363e-33,-9.238816e-24,-1.508996e-18,-2.574550e-21,-3.811911e-33,0.000000e+00,0.000000e+00,0.000000e+00,0.000000e+00,0.000000e+00,0.000000e+00,0.000000e+00,0.000000e+00,4.417915e-20,3.902268e-20,6.328027e-22,1.223239e-33,-4.583916e-27,-1.357035e-22,-2.942023e-24,-3.811911e-33
2530.1332,200.00,328.4081,4.954679e+01,1.264114e-02,C,6.394001e-02,1.333333e-01,6.1939%,5.864532e-03,5.290969e-03,3.554117e-04,1.198291e-16,1.080645e-10,3.342431e-05,4.179359e-07,0.000000e+00,0.000000e+00,1.550633e-18,0.000000e+00,0.000000e+00,0.000000e+00,0.000000e+00,0.000000e+00,0.000000e+00,3.067704e-18,5.596564e-32,1.539944e-18,5.028127e-33,9.231905e-24,1.509171e-18,2.570367e-21,-1.670579e-43,-3.023811e-18,-1.511919e-18,-1.539306e-18,-3.810751e-33,-9.233650e-24,-1.509305e-18,-2.573284e-21,-3.810294e-33,0.000000e+00,0.000000e+00,0.000000e+00,0.000000e+00,0.000000e+00,0.000000e+00,0.000000e+00,0.000000e+00,4.389360e-20,3.871416e-20,6.384908e-22,1.217376e-33,-1.744360e-27,-1.345376e-22,-2.916841e-24,-3.810294e-33
2550.1332,200.00,328.4248,4.967970e+01,1.253662e-02,C,6.400720e-02,1.333333e-01,6.2002%,5.892211e-03,5.315369e-03,3.557897e-04,1.210273e-16,1.082025e-10,3.335434e-05,4.161637e-07,0.000000e+00,0.000000e+00,1.550633e-18,0.000000e+00,0.000000e+00,0.000000e+00,0.000000e+00,0.000000e+00,0.000000e+00,3.068068e-18,5.094308e-32,1.540251e-18,5.020831e-33,9.229625e-24,1.509496e-18,2.569167e-21,4.176447e-44,-3.024443e-18,-1.512235e-18,-1.539793e-18,-3.809520e-33,-9.228255e-24,-1.509623e-18,-2.571959e-21,-3.809060e-33,0.000000e+00,0.000000e+00,0.000000e+00,0.000000e+00,0.000000e+00,0.000000e+00,0.000000e+00,0.000000e+00,4.362477e-20,3.839802e-20,4.575575e-22,1.211311e-33,1.370795e-27,-1.269744e-22,-2.792127e-24,-3.809060e-33
2570.1332,200.00,328.4414,4.981148e+01,1.247933e-02,C,6.407388e-02,1.333333e-01,6.2064%,5.919707e-03,5.339604e-03,3.561645e-04,1.219836e-16,1.083117e-10,3.328463e-05,4.144192e-07,0.000000e+00,0.000000e+00,1.550633e-18,0.000000e+00,0.000000e+00,0.000000e+00,0.000000e+00,0.000000e+00,0.000000e+00,3.068113e-18,4.950806e-32,1.540399e-18,5.012634e-33,9.227186e-24,1.509668e-18,2.567643e-21,5.847026e-43,-3.024789e-18,-1.512408e-18,-1.539769e-18,-3.807438e-33,-9.224594e-24,-1.509797e-18,-2.570451e-21,-3.806982e-33,0.000000e+00,0.000000e+00,0.000000e+00,0.000000e+00,0.000000e+00,0.000000e+00,0.000000e+00,0.000000e+00,4.332403e-20,3.822471e-20,6.306713e-22,1.205196e-33,2.592045e-27,-1.296628e-22,-2.808416e-24,-3.806982e-33
2590.1332,200.00,328.4579,4.994281e+01,1.242205e-02,C,6.414040e-02,1.333333e-01,6.2127%,5.947027e-03,5.363682e-03,3.565374e-04,1.227474e-16,1.084359e-10,3.321737e-05,4.127088e-07,0.000000e+00,0.000000e+00,1.550633e-18,0.000000e+00,0.000000e+00,0.000000e+00,0.000000e+00,0.000000e+00,0.000000e+00,3.068541e-18,4.376800e-32,1.540736e-18,5.005705e-33,9.225017e-24,1.510021e-18,2.566523e-21,-8.352894e-44,-3.025136e-18,-1.512582e-18,-1.540135e-18,-3.806018e-33,-9.221014e-24,-1.509972e-18,-2.568775e-21,-3.805538e-33,0.000000e+00,0.000000e+00,0.000000e+00,0.000000e+00,0.000000e+00,0.000000e+00,0.000000e+00,0.000000e+00,4.340515e-20,3.805140e-20,6.013053e-22,1.199687e-33,4.003339e-27,4.867057e-23,-2.251317e-24,-3.805538e-33
2610.1332,200.00,328.4742,5.007291e+01,1.230111e-02,C,6.420632e-02,1.333333e-01,6.2189%,5.974169e-03,5.387599e-03,3.569068e-04,1.240176e-16,1.085409e-10,3.315030e-05,4.110249e-07,0.000000e+00,0.000000e+00,1.550633e-18,0.000000e+00,0.000000e+00,0.000000e+00,0.000000e+00,0.000000e+00,0.000000e+00,3.068648e-18,4.161547e-32,1.540913e-18,4.997867e-33,9.222680e-24,1.510220e-18,2.565078e-21,-3.341158e-43,-3.025868e-18,-1.512947e-18,-1.540469e-18,-3.804794e-33,-9.220387e-24,-1.510339e-18,-2.567705e-21,-3.804323e-33,0.000000e+00,0.000000e+00,0.000000e+00,0.000000e+00,0.000000e+00,0.000000e+00,0.000000e+00,0.000000e+00,4.278019e-20,3.768542e-20,4.434558e-22,1.193073e-33,2.293577e-27,-1.195393e-22,-2.627484e-24,-3.804323e-33
2630.1332,200.00,328.4905,5.020264e+01,1.223147e-02,C,6.427217e-02,1.333333e-01,6.2250%,6.001134e-03,5.411359e-03,3.572747e-04,1.249413e-16,1.086415e-10,3.308450e-05,4.093703e-07,0.000000e+00,0.000000e+00,1.550633e-18,0.000000e+00,0.000000e+00,0.000000e+00,0.000000e+00,0.000000e+00,0.000000e+00,3.068775e-18,3.444039e-32,1.541098e-18,4.990175e-33,9.220408e-24,1.510427e-18,2.563659e-21,-4.594092e-43,-3.026289e-18,-1.513158e-18,-1.540475e-18,-3.802983e-33,-9.220223e-24,-1.510551e-18,-2.566329e-21,-3.802511e-33,0.000000e+00,0.000000e+00,0.000000e+00,0.000000e+00,0.000000e+00,0.000000e+00,0.000000e+00,0.000000e+00,4.248643e-20,3.747468e-20,6.236349e-22,1.187192e-33,1.842429e-28,-1.240013e-22,-2.670356e-24,-3.802511e-33
2650.1332,200.00,328.5068,5.033192e+01,1.215784e-02,C,6.433785e-02,1.333333e-01,6.2312%,6.027926e-03,5.434964e-03,3.576386e-04,1.260080e-16,1.087550e-10,3.302002e-05,4.077453e-07,0.000000e+00,0.000000e+00,1.550633e-18,0.000000e+00,0.000000e+00,0.000000e+00,0.000000e+00,0.000000e+00,0.000000e+00,3.068946e-18,3.659292e-32,1.541305e-18,4.982684e-33,9.218179e-24,1.510654e-18,2.562294e-21,2.088224e-43,-3.026735e-18,-1.513381e-18,-1.540686e-18,-3.801545e-33,-9.217987e-24,-1.510775e-18,-2.564909e-21,-3.801066e-33,0.000000e+00,0.000000e+00,0.000000e+00,0.000000e+00,0.000000e+00,0.000000e+00,0.000000e+00,0.000000e+00,4.221124e-20,3.725178e-20,6.181248e-22,1.181139e-33,1.914757e-28,-1.213632e-22,-2.615019e-24,-3.801066e-33
2670.1332,200.00,328.5229,5.046043e+01,1.208152e-02,C,6.440314e-02,1.333333e-01,6.2373%,6.054544e-03,5.458415e-03,3.580010e-04,1.268495e-16,1.088757e-10,3.295672e-05,4.061480e-07,0.000000e+00,0.000000e+00,1.550633e-18,0.000000e+00,0.000000e+00,0.000000e+00,0.000000e+00,0.000000e+00,0.000000e+00,3.069134e-18,3.228787e-32,1.541519e-18,4.975334e-33,9.216007e-24,1.510888e-18,2.560953e-21,-5.429381e-43,-3.027197e-18,-1.513612e-18,-1.540905e-18,-3.800117e-33,-9.215680e-24,-1.511007e-18,-2.563519e-21,-3.799600e-33,0.000000e+00,0.000000e+00,0.000000e+00,0.000000e+00,0.000000e+00,0.000000e+00,0.000000e+00,0.000000e+00,4.193764e-20,3.702073e-20,6.138048e-22,1.175217e-33,3.265072e-28,-1.194419e-22,-2.566293e-24,-3.799600e-33
2690.1332,200.00,328.5390,5.058820e+01,1.200070e-02,C,6.446816e-02,1.333333e-01,6.2434%,6.080991e-03,5.481710e-03,3.583611e-04,1.278451e-16,1.090110e-10,3.289458e-05,4.045769e-07,0.000000e+00,0.000000e+00,1.550633e-18,0.000000e+00,0.000000e+00,0.000000e+00,0.000000e+00,0.000000e+00,0.000000e+00,3.069353e-18,2.583029e-32,1.541747e-18,4.968161e-33,9.213890e-24,1.511136e-18,2.559652e-21,-4.176447e-43,-3.027686e-18,-1.513857e-18,-1.541135e-18,-3.798923e-33,-9.209099e-24,-1.511253e-18,-2.562178e-21,-3.798437e-33,0.000000e+00,0.000000e+00,0.000000e+00,0.000000e+00,0.000000e+00,0.000000e+00,0.000000e+00,0.000000e+00,4.166716e-20,3.677602e-20,6.120294e-22,1.169238e-33,4.791539e-27,-1.177471e-22,-2.526172e-24,-3.798437e-33
2710.1332,200.00,328.5549,5.071489e+01,1.191364e-02,C,6.453267e-02,1.333333e-01,6.2495%,6.107268e-03,5.504852e-03,3.587177e-04,1.287099e-16,1.091848e-10,3.283362e-05,4.030325e-07,0.000000e+00,0.000000e+00,1.550633e-18,0.000000e+00,0.000000e+00,0.000000e+00,0.000000e+00,0.000000e+00,0.000000e+00,3.069613e-18,2.941783e-32,1.541994e-18,4.961189e-33,9.211812e-24,1.511402e-18,2.558403e-21,8.352894e-44,-3.028213e-18,-1.514121e-18,-1.541380e-18,-3.797754e-33,-9.197292e-24,-1.511518e-18,-2.560900e-21,-3.797264e-33,0.000000e+00,0.000000e+00,0.000000e+00,0.000000e+00,0.000000e+00,0.000000e+00,0.000000e+00,0.000000e+00,4.140029e-20,3.651236e-20,6.138488e-22,1.163435e-33,1.451941e-26,-1.163191e-22,-2.496641e-24,-3.797264e-33
2730.1332,200.00,328.5708,5.084123e+01,1.182393e-02,C,6.459709e-02,1.333333e-01,6.2555%,6.133376e-03,5.527844e-03,3.590727e-04,1.295593e-16,1.092108e-10,3.277378e-05,4.015138e-07,0.000000e+00,0.000000e+00,1.550633e-18,0.000000e+00,0.000000e+00,0.000000e+00,0.000000e+00,0.000000e+00,0.000000e+00,3.069892e-18,2.798282e-32,1.542250e-18,4.954354e-33,9.209783e-24,1.511676e-18,2.557179e-21,4.176447e-43,-3.028756e-18,-1.514392e-18,-1.541633e-18,-3.796651e-33,-9.211887e-24,-1.511791e-18,-2.559652e-21,-3.796160e-33,0.000000e+00,0.000000e+00,0.000000e+00,0.000000e+00,0.000000e+00,0.000000e+00,0.000000e+00,0.000000e+00,4.113548e-20,3.624066e-20,6.170533e-22,1.157702e-33,-2.104301e-27,-1.152449e-22,-2.472437e-24,-3.796160e-33
2750.1332,200.00,328.5866,5.096681e+01,1.172984e-02,C,6.466115e-02,1.333333e-01,6.2615%,6.159317e-03,5.550685e-03,3.594253e-04,1.306723e-16,1.093252e-10,3.271505e-05,4.000202e-07,0.000000e+00,0.000000e+00,1.550633e-18,0.000000e+00,0.000000e+00,0.000000e+00,0.000000e+00,0.000000e+00,0.000000e+00,3.070200e-18,2.296026e-32,1.542519e-18,4.947687e-33,9.207817e-24,1.511962e-18,2.555993e-21,-8.352894e-43,-3.029326e-18,-1.514677e-18,-1.541896e-18,-3.795634e-33,-9.206596e-24,-1.512077e-18,-2.558449e-21,-3.795138e-33,0.000000e+00,0.000000e+00,0.000000e+00,0.000000e+00,0.000000e+00,0.000000e+00,0.000000e+00,0.000000e+00,4.087334e-20,3.595561e-20,6.225835e-22,1.152053e-33,1.220955e-27,-1.145753e-22,-2.455801e-24,-3.795138e-33
2770.1332,200.00,328.6023,5.109189e+01,1.169037e-02,C,6.472502e-02,1.333333e-01,6.2675%,6.185089e-03,5.573379e-03,3.597741e-04,1.316873e-16,1.094364e-10,3.265636e-05,3.985497e-07,0.000000e+00,0.000000e+00,1.550633e-18,0.000000e+00,0.000000e+00,0.000000e+00,0.000000e+00,0.000000e+00,0.000000e+00,3.070186e-18,2.296026e-32,1.542628e-18,4.940078e-33,9.205679e-24,1.512095e-18,2.554482e-21,-4.176447e-44,-3.029565e-18,-1.514797e-18,-1.542216e-18,-3.794601e-33,-9.204378e-24,-1.512198e-18,-2.556745e-21,-3.794105e-33,0.000000e+00,0.000000e+00,0.000000e+00,0.000000e+00,0.000000e+00,0.000000e+00,0.000000e+00,0.000000e+00,4.062086e-20,3.583601e-20,4.126441e-22,1.145477e-33,1.300707e-27,-1.035877e-22,-2.262653e-24,-3.794105e-33
2790.1332,200.00,328.6179,5.121619e+01,1.158641e-02,C,6.478854e-02,1.333333e-01,6.2734%,6.210698e-03,5.595924e-03,3.601227e-04,1.325539e-16,1.095405e-10,3.259974e-05,3.971049e-07,0.000000e+00,0.000000e+00,1.550633e-18,0.000000e+00,0.000000e+00,0.000000e+00,0.000000e+00,0.000000e+00,0.000000e+00,3.070541e-18,2.080774e-32,1.542919e-18,4.933708e-33,9.203800e-24,1.512401e-18,2.553358e-21,-2.505868e-43,-3.030195e-18,-1.515112e-18,-1.542305e-18,-3.790142e-33,-9.206597e-24,-1.512514e-18,-2.555693e-21,-3.792866e-33,0.000000e+00,0.000000e+00,0.000000e+00,0.000000e+00,0.000000e+00,0.000000e+00,0.000000e+00,0.000000e+00,4.034534e-20,3.552099e-20,6.130817e-22,1.143567e-33,-2.797510e-27,-1.126303e-22,-2.334720e-24,-3.792866e-33
2810.1332,200.00,328.6334,5.133958e+01,1.153668e-02,C,6.485166e-02,1.333333e-01,6.2794%,6.236141e-03,5.618322e-03,3.604669e-04,1.335984e-16,1.096500e-10,3.254312e-05,3.956808e-07,0.000000e+00,0.000000e+00,1.550633e-18,0.000000e+00,0.000000e+00,0.000000e+00,0.000000e+00,0.000000e+00,0.000000e+00,3.070585e-18,2.224275e-32,1.543054e-18,4.926430e-33,9.201763e-24,1.512559e-18,2.551923e-21,-1.252934e-43,-3.030497e-18,-1.515263e-18,-1.542450e-18,-3.792155e-33,-9.201575e-24,-1.512666e-18,-2.554226e-21,-3.790059e-33,0.000000e+00,0.000000e+00,0.000000e+00,0.000000e+00,0.000000e+00,0.000000e+00,0.000000e+00,0.000000e+00,4.008854e-20,3.537026e-20,6.041072e-22,1.134274e-33,1.877909e-28,-1.071182e-22,-2.302997e-24,-3.790059e-33
2830.1332,200.00,328.6489,5.146266e+01,1.142714e-02,C,6.491468e-02,1.333333e-01,6.2853%,6.261424e-03,5.640575e-03,3.608107e-04,1.347021e-16,1.097609e-10,3.248855e-05,3.942824e-07,0.000000e+00,0.000000e+00,1.550633e-18,0.000000e+00,0.000000e+00,0.000000e+00,0.000000e+00,0.000000e+00,0.000000e+00,3.070996e-18,1.937272e-32,1.543371e-18,4.920382e-33,9.199980e-24,1.512891e-18,2.550874e-21,-2.505868e-43,-3.031161e-18,-1.515595e-18,-1.542758e-18,-3.791531e-33,-9.199788e-24,-1.512999e-18,-2.553179e-21,-3.790825e-33,0.000000e+00,0.000000e+00,0.000000e+00,0.000000e+00,0.000000e+00,0.000000e+00,0.000000e+00,0.000000e+00,3.983581e-20,3.503822e-20,6.133150e-22,1.128851e-33,1.919816e-28,-1.080427e-22,-2.305337e-24,-3.790825e-33
2850.1332,200.00,328.6642,5.158485e+01,1.137053e-02,C,6.497729e-02,1.333333e-01,6.2911%,6.286544e-03,5.662684e-03,3.611499e-04,1.356998e-16,1.098769e-10,3.243396e-05,3.929046e-07,0.000000e+00,0.000000e+00,1.550633e-18,0.000000e+00,0.000000e+00,0.000000e+00,0.000000e+00,0.000000e+00,0.000000e+00,3.071097e-18,1.506767e-32,1.543533e-18,4.913416e-33,9.198018e-24,1.513073e-18,2.549513e-21,5.429381e-43,-3.031504e-18,-1.515766e-18,-1.543121e-18,-3.790806e-33,-9.199193e-24,-1.513172e-18,-2.551657e-21,-3.790294e-33,0.000000e+00,0.000000e+00,0.000000e+00,0.000000e+00,0.000000e+00,0.000000e+00,0.000000e+00,0.000000e+00,3.959380e-20,3.486657e-20,4.119032e-22,1.122610e-33,-1.175071e-27,-9.854805e-23,-2.143700e-24,-3.790294e-33
2870.1332,200.00,328.6795,5.170649e+01,1.130924e-02,C,6.503968e-02,1.333333e-01,6.2970%,6.311503e-03,5.684650e-03,3.614878e-04,1.367286e-16,1.100058e-10,3.238028e-05,3.915480e-07,0.000000e+00,0.000000e+00,1.550633e-18,0.000000e+00,0.000000e+00,0.000000e+00,0.000000e+00,0.000000e+00,0.000000e+00,3.071215e-18,1.506767e-32,1.543702e-18,4.906579e-33,9.196122e-24,1.513263e-18,2.548176e-21,8.352894e-44,-3.031875e-18,-1.515952e-18,-1.543299e-18,-3.789843e-33,-9.191621e-24,-1.513359e-18,-2.550269e-21,-3.789326e-33,0.000000e+00,0.000000e+00,0.000000e+00,0.000000e+00,0.000000e+00,0.000000e+00,0.000000e+00,0.000000e+00,3.933952e-20,3.468073e-20,4.037938e-22,1.116736e-33,4.500637e-27,-9.638803e-23,-2.093451e-24,-3.789326e-33
2890.1332,200.00,328.6947,5.182745e+01,1.124377e-02,C,6.510180e-02,1.333333e-01,6.3028%,6.336304e-03,5.706474e-03,3.618234e-04,1.379687e-16,1.101150e-10,3.232756e-05,3.902129e-07,0.000000e+00,0.000000e+00,1.550633e-18,0.000000e+00,0.000000e+00,0.000000e+00,0.000000e+00,0.000000e+00,0.000000e+00,3.071360e-18,1.650269e-32,1.543885e-18,4.899898e-33,9.194262e-24,1.513464e-18,2.546875e-21,-3.758802e-43,-3.032272e-18,-1.516151e-18,-1.543487e-18,-3.788950e-33,-9.189621e-24,-1.513559e-18,-2.548926e-21,-3.788427e-33,0.000000e+00,0.000000e+00,0.000000e+00,0.000000e+00,0.000000e+00,0.000000e+00,0.000000e+00,0.000000e+00,3.908800e-20,3.448222e-20,3.980059e-22,1.110947e-33,4.641809e-27,-9.445120e-23,-2.050996e-24,-3.788427e-33
2910.1332,200.00,328.7099,5.194799e+01,1.117379e-02,C,6.516371e-02,1.333333e-01,6.3086%,6.360949e-03,5.728157e-03,3.621588e-04,1.387302e-16,1.101959e-10,3.227680e-05,3.889008e-07,0.000000e+00,0.000000e+00,1.550633e-18,0.000000e+00,0.000000e+00,0.000000e+00,0.000000e+00,0.000000e+00,0.000000e+00,3.071873e-18,1.865521e-32,1.544248e-18,4.894447e-33,9.192657e-24,1.513841e-18,2.545961e-21,-1.670579e-43,-3.032696e-18,-1.516363e-18,-1.543483e-18,-3.787799e-33,-9.192264e-24,-1.513772e-18,-2.547723e-21,-3.787274e-33,0.000000e+00,0.000000e+00,0.000000e+00,0.000000e+00,0.000000e+00,0.000000e+00,0.000000e+00,0.000000e+00,3.917619e-20,3.426998e-20,7.649325e-22,1.106648e-33,3.933041e-28,6.857534e-23,-1.761332e-24,-3.787274e-33
2930.1332,200.00,328.7249,5.206750e+01,1.110002e-02,C,6.522518e-02,1.333333e-01,6.3144%,6.385435e-03,5.749700e-03,3.624898e-04,1.399873e-16,1.103145e-10,3.222590e-05,3.876070e-07,0.000000e+00,0.000000e+00,1.550633e-18,0.000000e+00,0.000000e+00,0.000000e+00,0.000000e+00,0.000000e+00,0.000000e+00,3.072073e-18,1.435016e-32,1.544456e-18,4.888073e-33,9.190880e-24,1.514066e-18,2.544734e-21,-6.264671e-43,-3.033144e-18,-1.516587e-18,-1.543696e-18,-3.787050e-33,-9.188727e-24,-1.513997e-18,-2.546457e-21,-3.786519e-33,0.000000e+00,0.000000e+00,0.000000e+00,0.000000e+00,0.000000e+00,0.000000e+00,0.000000e+00,0.000000e+00,3.892886e-20,3.404621e-20,7.591197e-22,1.101023e-33,2.152232e-27,6.944604e-23,-1.723525e-24,-3.786519e-33
2950.1332,200.00,328.7399,5.218696e+01,1.102654e-02,C,6.528667e-02,1.333333e-01,6.3201%,6.409764e-03,5.771107e-03,3.628180e-04,1.408251e-16,1.104094e-10,3.217485e-05,3.863317e-07,0.000000e+00,0.000000e+00,1.550633e-18,0.000000e+00,0.000000e+00,0.000000e+00,0.000000e+00,0.000000e+00,0.000000e+00,3.071937e-18,1.148013e-32,1.544496e-18,4.880698e-33,9.188951e-24,1.514131e-18,2.543164e-21,-7.099960e-43,-3.033590e-18,-1.516810e-18,-1.544104e-18,1.480143e-33,-9.188848e-24,-1.514221e-18,-2.545121e-21,-3.786110e-33,0.000000e+00,0.000000e+00,0.000000e+00,0.000000e+00,0.000000e+00,0.000000e+00,0.000000e+00,0.000000e+00,3.834760e-20,3.382327e-20,3.920278e-22,6.360842e-33,1.031100e-28,-9.043450e-23,-1.957247e-24,-3.786110e-33
2970.1332,200.00,328.7547,5.230493e+01,1.094489e-02,C,6.534743e-02,1.333333e-01,6.3258%,6.433942e-03,5.792372e-03,3.631445e-04,1.415335e-16,1.105159e-10,3.212569e-05,3.850771e-07,0.000000e+00,0.000000e+00,1.550633e-18,0.000000e+00,0.000000e+00,0.000000e+00,0.000000e+00,0.000000e+00,0.000000e+00,3.072191e-18,1.435016e-32,1.544728e-18,4.874625e-33,9.187247e-24,1.514380e-18,2.542009e-21,3.758802e-43,-3.034085e-18,-1.517057e-18,-1.544334e-18,-3.786017e-33,-9.189870e-24,-1.514470e-18,-2.543950e-21,-3.785482e-33,0.000000e+00,0.000000e+00,0.000000e+00,0.000000e+00,0.000000e+00,0.000000e+00,0.000000e+00,0.000000e+00,3.810621e-20,3.357552e-20,3.949035e-22,1.088608e-33,-2.622810e-27,-8.971410e-23,-1.940511e-24,-3.785482e-33
2990.1332,200.00,328.7695,5.242269e+01,1.086105e-02,C,6.540812e-02,1.333333e-01,6.3315%,6.457966e-03,5.813502e-03,3.634696e-04,1.425618e-16,1.106340e-10,3.207737e-05,3.838418e-07,0.000000e+00,0.000000e+00,1.550633e-18,0.000000e+00,0.000000e+00,0.000000e+00,0.000000e+00,0.000000e+00,0.000000e+00,3.072461e-18,1.291515e-32,1.544968e-18,4.868667e-33,9.185605e-24,1.514636e-18,2.540876e-21,7.517605e-43,-3.034594e-18,-1.517312e-18,-1.544569e-18,-3.785442e-33,-9.183683e-24,-1.514725e-18,-2.542803e-21,-3.784902e-33,0.000000e+00,0.000000e+00,0.000000e+00,0.000000e+00,0.000000e+00,0.000000e+00,0.000000e+00,0.000000e+00,3.786685e-20,3.332110e-20,3.990051e-22,1.083225e-33,1.922029e-27,-8.919972e-23,-1.927533e-24,-3.784902e-33
3010.1332,200.00,328.7843,5.253997e+01,1.077279e-02,C,6.546866e-02,1.333333e-01,6.3372%,6.481839e-03,5.834498e-03,3.637935e-04,1.432658e-16,1.107458e-10,3.202985e-05,3.826249e-07,0.000000e+00,0.000000e+00,1.550633e-18,0.000000e+00,0.000000e+00,0.000000e+00,0.000000e+00,0.000000e+00,0.000000e+00,3.072745e-18,8.610098e-33,1.545214e-18,4.862825e-33,9.183993e-24,1.514898e-18,2.539764e-21,0.000000e+00,-3.035129e-18,-1.517580e-18,-1.544616e-18,-3.784607e-33,-9.184959e-24,-1.514994e-18,-2.541786e-21,-3.784065e-33,0.000000e+00,0.000000e+00,0.000000e+00,0.000000e+00,0.000000e+00,0.000000e+00,0.000000e+00,0.000000e+00,3.761537e-20,3.305322e-20,5.980405e-22,1.078218e-33,-9.652247e-28,-9.584504e-23,-2.021781e-24,-3.784065e-33
3030.1332,200.00,328.7989,5.265661e+01,1.073985e-02,C,6.552889e-02,1.333333e-01,6.3428%,6.505559e-03,5.855360e-03,3.641127e-04,1.441295e-16,1.108401e-10,3.198216e-05,3.814252e-07,0.000000e+00,0.000000e+00,1.550633e-18,0.000000e+00,0.000000e+00,0.000000e+00,0.000000e+00,0.000000e+00,0.000000e+00,3.072717e-18,1.004511e-32,1.545304e-18,4.856040e-33,9.182233e-24,1.515010e-18,2.538339e-21,4.594092e-43,-3.035329e-18,-1.517680e-18,-1.544917e-18,-3.784073e-33,-9.181096e-24,-1.515095e-18,-2.540187e-21,-3.783529e-33,0.000000e+00,0.000000e+00,0.000000e+00,0.000000e+00,0.000000e+00,0.000000e+00,0.000000e+00,0.000000e+00,3.738732e-20,3.295320e-20,3.867809e-22,1.071967e-33,1.137037e-27,-8.570807e-23,-1.848531e-24,-3.783529e-33
3050.1332,200.00,328.8135,5.277251e+01,1.064373e-02,C,6.558877e-02,1.333333e-01,6.3484%,6.529131e-03,5.876087e-03,3.644322e-04,1.452699e-16,1.109574e-10,3.193626e-05,3.802446e-07,0.000000e+00,0.000000e+00,1.550633e-18,0.000000e+00,0.000000e+00,0.000000e+00,0.000000e+00,0.000000e+00,0.000000e+00,3.073053e-18,5.740065e-33,1.545574e-18,4.850490e-33,9.180702e-24,1.515295e-18,2.537298e-21,7.517605e-43,-3.035913e-18,-1.517972e-18,-1.544984e-18,-3.783359e-33,-9.179101e-24,-1.515388e-18,-2.539252e-21,-3.782796e-33,0.000000e+00,0.000000e+00,0.000000e+00,0.000000e+00,0.000000e+00,0.000000e+00,0.000000e+00,0.000000e+00,3.714069e-20,3.266139e-20,5.902915e-22,1.067132e-33,1.601505e-27,-9.292753e-23,-1.954172e-24,-3.782796e-33
3070.1332,200.00,328.8280,5.288804e+01,1.060246e-02,C,6.564857e-02,1.333333e-01,6.3540%,6.552553e-03,5.896684e-03,3.647480e-04,1.465106e-16,1.110434e-10,3.189011e-05,3.790802e-07,0.000000e+00,0.000000e+00,1.550633e-18,0.000000e+00,0.000000e+00,0.000000e+00,0.000000e+00,0.000000e+00,0.000000e+00,3.073066e-18,1.363265e-32,1.545683e-18,4.843963e-33,9.179020e-24,1.515424e-18,2.535929e-21,0.000000e+00,-3.036163e-18,-1.518097e-18,-1.545106e-18,-3.782627e-33,-9.178815e-24,-1.515515e-18,-2.537824e-21,-3.782073e-33,0.000000e+00,0.000000e+00,0.000000e+00,0.000000e+00,0.000000e+00,0.000000e+00,0.000000e+00,0.000000e+00,3.690250e-20,3.253607e-20,5.761254e-22,1.061335e-33,2.053846e-28,-9.043533e-23,-1.894739e-24,-3.782073e-33
3090.1332,200.00,328.8424,5.300249e+01,1.050169e-02,C,6.570780e-02,1.333333e-01,6.3596%,6.575830e-03,5.917146e-03,3.650619e-04,1.473177e-16,1.111477e-10,3.184579e-05,3.779345e-07,0.000000e+00,0.000000e+00,1.550633e-18,0.000000e+00,0.000000e+00,0.000000e+00,0.000000e+00,0.000000e+00,0.000000e+00,3.073466e-18,7.892590e-33,1.545983e-18,4.838725e-33,9.177553e-24,1.515738e-18,2.534972e-21,3.758802e-43,-3.036775e-18,-1.518403e-18,-1.545586e-18,-3.782662e-33,-9.177445e-24,-1.515822e-18,-2.536779e-21,-3.782106e-33,0.000000e+00,0.000000e+00,0.000000e+00,0.000000e+00,0.000000e+00,0.000000e+00,0.000000e+00,0.000000e+00,3.669066e-20,3.223005e-20,3.965842e-22,1.056062e-33,1.077208e-28,-8.363007e-23,-1.807071e-24,-3.782106e-33
3110.1332,200.00,328.8567,5.311658e+01,1.045222e-02,C,6.576691e-02,1.333333e-01,6.3651%,6.598959e-03,5.937480e-03,3.653746e-04,1.482732e-16,1.112514e-10,3.180111e-05,3.768033e-07,0.000000e+00,0.000000e+00,1.550633e-18,0.000000e+00,0.000000e+00,0.000000e+00,0.000000e+00,0.000000e+00,0.000000e+00,3.073517e-18,8.610098e-33,1.546109e-18,4.832451e-33,9.175949e-24,1.515884e-18,2.533659e-21,4.594092e-43,-3.037075e-18,-1.518553e-18,-1.545529e-18,-3.781646e-33,-9.175753e-24,-1.515973e-18,-2.535519e-21,-3.781162e-33,0.000000e+00,0.000000e+00,0.000000e+00,0.000000e+00,0.000000e+00,0.000000e+00,0.000000e+00,0.000000e+00,3.644201e-20,3.207982e-20,5.797474e-22,1.050805e-33,1.954336e-28,-8.893697e-23,-1.860176e-24,-3.781162e-33
3130.1332,200.00,328.8710,5.323026e+01,1.040193e-02,C,6.582585e-02,1.333333e-01,6.3706%,6.621942e-03,5.957685e-03,3.656838e-04,1.489788e-16,1.113540e-10,3.175723e-05,3.756894e-07,0.000000e+00,0.000000e+00,1.550633e-18,0.000000e+00,0.000000e+00,0.000000e+00,0.000000e+00,0.000000e+00,0.000000e+00,3.073607e-18,1.506767e-32,1.546253e-18,4.826339e-33,9.174369e-24,1.516047e-18,2.532394e-21,8.352894e-43,-3.037381e-18,-1.518706e-18,-1.545876e-18,-3.781473e-33,-9.174267e-24,-1.516127e-18,-2.534110e-21,-3.780910e-33,0.000000e+00,0.000000e+00,0.000000e+00,0.000000e+00,0.000000e+00,0.000000e+00,0.000000e+00,0.000000e+00,3.622573e-20,3.192704e-20,3.770228e-22,1.044866e-33,1.021994e-28,-7.993322e-23,-1.716570e-24,-3.780910e-33
3150.1332,200.00,328.8852,5.334304e+01,1.029096e-02,C,6.588438e-02,1.333333e-01,6.3761%,6.644784e-03,5.977760e-03,3.659935e-04,1.498510e-16,1.114678e-10,3.171504e-05,3.745926e-07,0.000000e+00,0.000000e+00,1.550633e-18,0.000000e+00,0.000000e+00,0.000000e+00,0.000000e+00,0.000000e+00,0.000000e+00,3.074059e-18,7.892590e-33,1.546577e-18,4.821459e-33,9.173022e-24,1.516383e-18,2.531512e-21,-3.758802e-43,-3.038055e-18,-1.519043e-18,-1.546182e-18,-3.781360e-33,-9.171375e-24,-1.516465e-18,-2.533255e-21,-3.780992e-33,0.000000e+00,0.000000e+00,0.000000e+00,0.000000e+00,0.000000e+00,0.000000e+00,0.000000e+00,0.000000e+00,3.600419e-20,3.158992e-20,3.951455e-22,1.040099e-33,1.646409e-27,-8.153600e-23,-1.743860e-24,-3.780992e-33
3170.1332,200.00,328.8993,5.345548e+01,1.023278e-02,C,6.594278e-02,1.333333e-01,6.3816%,6.667481e-03,5.997710e-03,3.662994e-04,1.506364e-16,1.115603e-10,3.167256e-05,3.735104e-07,0.000000e+00,0.000000e+00,1.550633e-18,0.000000e+00,0.000000e+00,0.000000e+00,0.000000e+00,0.000000e+00,0.000000e+00,3.074187e-18,9.327606e-33,1.546739e-18,4.815591e-33,9.171519e-24,1.516563e-18,2.530301e-21,0.000000e+00,-3.038408e-18,-1.519220e-18,-1.546348e-18,-3.780874e-33,-9.171419e-24,-1.516643e-18,-2.532011e-21,-3.780306e-33,0.000000e+00,0.000000e+00,0.000000e+00,0.000000e+00,0.000000e+00,0.000000e+00,0.000000e+00,0.000000e+00,3.577859e-20,3.141314e-20,3.903810e-22,1.034717e-33,1.003048e-28,-7.967551e-23,-1.709746e-24,-3.780306e-33
3190.1332,200.00,328.9134,5.356750e+01,1.017018e-02,C,6.600103e-02,1.333333e-01,6.3870%,6.690036e-03,6.017535e-03,3.666043e-04,1.515940e-16,1.116626e-10,3.163074e-05,3.724434e-07,0.000000e+00,0.000000e+00,1.550633e-18,0.000000e+00,0.000000e+00,0.000000e+00,0.000000e+00,0.000000e+00,0.000000e+00,3.074328e-18,1.148013e-32,1.546906e-18,4.809829e-33,9.170060e-24,1.516748e-18,2.529111e-21,-5.429381e-43,-3.038789e-18,-1.519410e-18,-1.546325e-18,-3.780134e-33,-9.169856e-24,-1.516834e-18,-2.530893e-21,-3.779561e-33,0.000000e+00,0.000000e+00,0.000000e+00,0.000000e+00,0.000000e+00,0.000000e+00,0.000000e+00,0.000000e+00,3.553943e-20,3.122288e-20,5.815638e-22,1.029695e-33,2.037847e-28,-8.558070e-23,-1.781948e-24,-3.779561e-33
3210.1332,200.00,328.9274,5.367874e+01,1.010704e-02,C,6.605889e-02,1.333333e-01,6.3924%,6.712450e-03,6.037232e-03,3.669061e-04,1.528798e-16,1.117640e-10,3.158962e-05,3.713918e-07,0.000000e+00,0.000000e+00,1.550633e-18,0.000000e+00,0.000000e+00,0.000000e+00,0.000000e+00,0.000000e+00,0.000000e+00,3.074505e-18,4.305049e-33,1.547091e-18,4.804232e-33,9.168622e-24,1.516950e-18,2.527968e-21,3.758802e-43,-3.039173e-18,-1.519602e-18,-1.546706e-18,-3.780092e-33,-9.168514e-24,-1.517027e-18,-2.529626e-21,-3.779514e-33,0.000000e+00,0.000000e+00,0.000000e+00,0.000000e+00,0.000000e+00,0.000000e+00,0.000000e+00,0.000000e+00,3.533275e-20,3.103097e-20,3.853458e-22,1.024140e-33,1.080057e-28,-7.708004e-23,-1.657675e-24,-3.779514e-33
3230.1332,200.00,328.9412,5.378908e+01,1.003707e-02,C,6.611632e-02,1.333333e-01,6.3978%,6.734724e-03,6.056805e-03,3.672069e-04,1.539254e-16,1.118654e-10,3.154913e-05,3.703543e-07,0.000000e+00,0.000000e+00,1.550633e-18,0.000000e+00,0.000000e+00,0.000000e+00,0.000000e+00,0.000000e+00,0.000000e+00,3.074695e-18,1.076262e-32,1.547281e-18,4.798741e-33,9.167219e-24,1.517157e-18,2.526845e-21,-5.011737e-43,-3.039598e-18,-1.519815e-18,-1.546701e-18,-3.779457e-33,-9.169758e-24,-1.517240e-18,-2.528585e-21,-3.778874e-33,0.000000e+00,0.000000e+00,0.000000e+00,0.000000e+00,0.000000e+00,0.000000e+00,0.000000e+00,0.000000e+00,3.509761e-20,3.081830e-20,5.803993e-22,1.019284e-33,-2.539468e-27,-8.375806e-23,-1.739976e-24,-3.778874e-33
3250.1332,200.00,328.9551,5.389935e+01,9.968243e-03,C,6.617380e-02,1.333333e-01,6.4032%,6.756860e-03,6.076255e-03,3.675054e-04,1.547518e-16,1.119663e-10,3.150932e-05,3.693321e-07,0.000000e+00,0.000000e+00,1.550633e-18,0.000000e+00,0.000000e+00,0.000000e+00,0.000000e+00,0.000000e+00,0.000000e+00,3.074910e-18,5.022557e-33,1.547483e-18,4.793373e-33,9.165859e-24,1.517374e-18,2.525755e-21,2.923513e-43,-3.040016e-18,-1.520024e-18,-1.547097e-18,-3.779452e-33,-9.165751e-24,-1.517451e-18,-2.527380e-21,-3.778919e-33,0.000000e+00,0.000000e+00,0.000000e+00,0.000000e+00,0.000000e+00,0.000000e+00,0.000000e+00,0.000000e+00,3.489355e-20,3.060905e-20,3.861231e-22,1.013921e-33,1.087195e-28,-7.636866e-23,-1.625473e-24,-3.778919e-33
3270.1332,200.00,328.9689,5.400893e+01,9.949449e-03,C,6.623095e-02,1.333333e-01,6.4085%,6.778856e-03,6.095583e-03,3.678020e-04,1.557163e-16,1.120662e-10,3.146904e-05,3.683213e-07,0.000000e+00,0.000000e+00,1.550633e-18,0.000000e+00,0.000000e+00,0.000000e+00,0.000000e+00,0.000000e+00,0.000000e+00,3.074786e-18,9.327606e-33,1.547516e-18,4.786990e-33,9.164352e-24,1.517429e-18,2.524322e-21,3.758802e-43,-3.040130e-18,-1.520081e-18,-1.546956e-18,-3.778569e-33,-9.164158e-24,-1.517509e-18,-2.525975e-21,-3.777979e-33,0.000000e+00,0.000000e+00,0.000000e+00,0.000000e+00,0.000000e+00,0.000000e+00,0.000000e+00,0.000000e+00,3.465600e-20,3.055191e-20,5.598323e-22,1.008421e-33,1.939983e-28,-7.978667e-23,-1.652054e-24,-3.777979e-33
3290.1332,200.00,328.9825,5.411741e+01,9.871191e-03,C,6.628754e-02,1.333333e-01,6.4138%,6.800717e-03,6.114787e-03,3.680966e-04,1.567349e-16,1.121663e-10,3.143047e-05,3.673266e-07,0.000000e+00,0.000000e+00,1.550633e-18,0.000000e+00,0.000000e+00,0.000000e+00,0.000000e+00,0.000000e+00,0.000000e+00,3.075049e-18,5.022557e-33,1.547740e-18,4.781890e-33,9.163047e-24,1.517668e-18,2.523299e-21,6.264671e-43,-3.040606e-18,-1.520319e-18,-1.547175e-18,-3.778408e-33,-9.162850e-24,-1.517748e-18,-2.524947e-21,-3.777815e-33,0.000000e+00,0.000000e+00,0.000000e+00,0.000000e+00,0.000000e+00,0.000000e+00,0.000000e+00,0.000000e+00,3.444258e-20,3.031395e-20,5.652785e-22,1.003481e-33,1.965166e-28,-7.970294e-23,-1.647927e-24,-3.777815e-33
3310.1332,200.00,328.9961,5.422576e+01,9.791726e-03,C,6.634412e-02,1.333333e-01,6.4191%,6.822443e-03,6.133872e-03,3.683888e-04,1.576463e-16,1.122657e-10,3.139256e-05,3.663467e-07,0.000000e+00,0.000000e+00,1.550633e-18,0.000000e+00,0.000000e+00,0.000000e+00,0.000000e+00,0.000000e+00,0.000000e+00,3.075336e-18,5.740065e-33,1.547976e-18,4.776909e-33,9.161770e-24,1.517918e-18,2.522307e-21,-4.176447e-44,-3.041089e-18,-1.520561e-18,-1.547599e-18,-3.778591e-33,-9.161661e-24,-1.517991e-18,-2.523854e-21,-3.778018e-33,0.000000e+00,0.000000e+00,0.000000e+00,0.000000e+00,0.000000e+00,0.000000e+00,0.000000e+00,0.000000e+00,3.424627e-20,3.007228e-20,3.765809e-22,9.983175e-34,1.084912e-28,-7.242258e-23,-1.546844e-24,-3.778018e-33
3330.1332,200.00,329.0097,5.433374e+01,9.763943e-03,C,6.640057e-02,1.333333e-01,6.4244%,6.844034e-03,6.152839e-03,3.686812e-04,1.585796e-16,1.123819e-10,3.135519e-05,3.653794e-07,0.000000e+00,0.000000e+00,1.550633e-18,0.000000e+00,0.000000e+00,0.000000e+00,0.000000e+00,0.000000e+00,0.000000e+00,3.075623e-18,8.610098e-33,1.548211e-18,4.771998e-33,9.160542e-24,1.518168e-18,2.521322e-21,5.011737e-43,-3.041258e-18,-1.520645e-18,-1.547481e-18,-3.777789e-33,-9.157610e-24,-1.518076e-18,-2.522547e-21,-3.777188e-33,0.000000e+00,0.000000e+00,0.000000e+00,0.000000e+00,0.000000e+00,0.000000e+00,0.000000e+00,0.000000e+00,3.436534e-20,2.998779e-20,7.294671e-22,9.942098e-34,2.932396e-27,9.153189e-23,-1.225428e-24,-3.777188e-33
3350.1332,200.00,329.0231,5.444066e+01,9.679325e-03,C,6.645649e-02,1.333333e-01,6.4296%,6.865489e-03,6.171684e-03,3.689695e-04,1.595604e-16,1.124713e-10,3.131736e-05,3.644229e-07,0.000000e+00,0.000000e+00,1.550633e-18,0.000000e+00,0.000000e+00,0.000000e+00,0.000000e+00,0.000000e+00,0.000000e+00,3.075594e-18,7.175082e-33,1.548288e-18,4.766122e-33,9.159152e-24,1.518264e-18,2.520019e-21,1.002347e-42,-3.041773e-18,-1.520903e-18,-1.547919e-18,-3.778069e-33,-9.157855e-24,-1.518335e-18,-2.521514e-21,-3.777468e-33,0.000000e+00,0.000000e+00,0.000000e+00,0.000000e+00,0.000000e+00,0.000000e+00,0.000000e+00,0.000000e+00,3.382109e-20,2.973039e-20,3.684798e-22,9.880526e-34,1.296953e-27,-7.027315e-23,-1.494631e-24,-3.777468e-33
3370.1332,200.00,329.0366,5.454773e+01,9.646916e-03,C,6.651255e-02,1.333333e-01,6.4349%,6.886814e-03,6.190414e-03,3.692576e-04,1.605040e-16,1.125628e-10,3.128120e-05,3.634825e-07,0.000000e+00,0.000000e+00,1.550633e-18,0.000000e+00,0.000000e+00,0.000000e+00,0.000000e+00,0.000000e+00,0.000000e+00,3.075929e-18,2.152524e-33,1.548545e-18,4.761457e-33,9.157971e-24,1.518535e-18,2.519098e-21,-3.758802e-43,-3.041970e-18,-1.521001e-18,-1.548016e-18,-3.777674e-33,-9.160873e-24,-1.518434e-18,-2.520180e-21,-3.777068e-33,0.000000e+00,0.000000e+00,0.000000e+00,0.000000e+00,0.000000e+00,0.000000e+00,0.000000e+00,0.000000e+00,3.395924e-20,2.963179e-20,5.288220e-22,9.837827e-34,-2.902897e-27,1.006068e-22,-1.082755e-24,-3.777068e-33
3390.1332,200.00,329.0499,5.465354e+01,9.552387e-03,C,6.656798e-02,1.333333e-01,6.4401%,6.908005e-03,6.209024e-03,3.695430e-04,1.611433e-16,1.126604e-10,3.124450e-05,3.625512e-07,0.000000e+00,0.000000e+00,1.550633e-18,0.000000e+00,0.000000e+00,0.000000e+00,0.000000e+00,0.000000e+00,0.000000e+00,3.075935e-18,6.457573e-33,1.548638e-18,4.755799e-33,9.156654e-24,1.518647e-18,2.517846e-21,6.264671e-43,-3.042545e-18,-1.521289e-18,-1.548074e-18,-3.777389e-33,-9.157152e-24,-1.518723e-18,-2.519404e-21,-3.776778e-33,0.000000e+00,0.000000e+00,0.000000e+00,0.000000e+00,0.000000e+00,0.000000e+00,0.000000e+00,0.000000e+00,3.339018e-20,2.934418e-20,5.639163e-22,9.784103e-34,-4.975304e-28,-7.572563e-23,-1.558749e-24,-3.776778e-33
3410.1332,200.00,329.0632,5.475936e+01,9.515483e-03,C,6.662346e-02,1.333333e-01,6.4453%,6.929065e-03,6.227521e-03,3.698258e-04,1.620229e-16,1.127574e-10,3.120842e-05,3.616339e-07,0.000000e+00,0.000000e+00,1.550633e-18,0.000000e+00,0.000000e+00,0.000000e+00,0.000000e+00,0.000000e+00,0.000000e+00,3.075965e-18,5.022557e-33,1.548743e-18,4.750254e-33,9.155358e-24,1.518770e-18,2.516626e-21,3.341158e-43,-3.042769e-18,-1.521401e-18,-1.548386e-18,-3.770788e-33,-9.155913e-24,-1.518836e-18,-2.518044e-21,-3.776793e-33,0.000000e+00,0.000000e+00,0.000000e+00,0.000000e+00,0.000000e+00,0.000000e+00,0.000000e+00,0.000000e+00,3.319565e-20,2.923189e-20,3.565423e-22,9.794657e-34,-5.546733e-28,-6.662305e-23,-1.418329e-24,-3.776793e-33
3430.1332,200.00,329.0764,5.486445e+01,9.418348e-03,C,6.667860e-02,1.333333e-01,6.4504%,6.949997e-03,6.245902e-03,3.701091e-04,1.628382e-16,1.128555e-10,3.117391e-05,3.607301e-07,0.000000e+00,0.000000e+00,1.550633e-18,0.000000e+00,0.000000e+00,0.000000e+00,0.000000e+00,0.000000e+00,0.000000e+00,3.076357e-18,6.457573e-33,1.549026e-18,4.745928e-33,9.154276e-24,1.519065e-18,2.515785e-21,1.670579e-43,-3.043361e-18,-1.521697e-18,-1.548654e-18,-3.777915e-33,-9.154165e-24,-1.519132e-18,-2.517224e-21,-3.776903e-33,0.000000e+00,0.000000e+00,0.000000e+00,0.000000e+00,0.000000e+00,0.000000e+00,0.000000e+00,0.000000e+00,3.299647e-20,2.893627e-20,3.718225e-22,9.680130e-34,1.104499e-28,-6.749450e-23,-1.438642e-24,-3.776903e-33
3450.1332,200.00,329.0895,5.496888e+01,9.373995e-03,C,6.673340e-02,1.333333e-01,6.4555%,6.970798e-03,6.264168e-03,3.703893e-04,1.634487e-16,1.129521e-10,3.113887e-05,3.598361e-07,0.000000e+00,0.000000e+00,1.550633e-18,0.000000e+00,0.000000e+00,0.000000e+00,0.000000e+00,0.000000e+00,0.000000e+00,3.076421e-18,5.022557e-33,1.549146e-18,4.740598e-33,9.153043e-24,1.519202e-18,2.514615e-21,7.935250e-43,-3.043630e-18,-1.521832e-18,-1.548782e-18,-3.777287e-33,-9.152934e-24,-1.519269e-18,-2.516021e-21,-3.776669e-33,0.000000e+00,0.000000e+00,0.000000e+00,0.000000e+00,0.000000e+00,0.000000e+00,0.000000e+00,0.000000e+00,3.279065e-20,2.880127e-20,3.636935e-22,9.633115e-34,1.087609e-28,-6.620610e-23,-1.405513e-24,-3.776669e-33
3470.1332,200.00,329.1026,5.507276e+01,9.326285e-03,C,6.678800e-02,1.333333e-01,6.4607%,6.991472e-03,6.282319e-03,3.706676e-04,1.641233e-16,1.130482e-10,3.110437e-05,3.589538e-07,0.000000e+00,0.000000e+00,1.550633e-18,0.000000e+00,0.000000e+00,0.000000e+00,0.000000e+00,0.000000e+00,0.000000e+00,3.076508e-18,7.175082e-33,1.549276e-18,4.735390e-33,9.151832e-24,1.519350e-18,2.513477e-21,-4.176447e-44,-3.043921e-18,-1.521977e-18,-1.548919e-18,-3.777100e-33,-9.152715e-24,-1.519415e-18,-2.514853e-21,-3.776481e-33,0.000000e+00,0.000000e+00,0.000000e+00,0.000000e+00,0.000000e+00,0.000000e+00,0.000000e+00,0.000000e+00,3.258713e-20,2.865604e-20,3.573529e-22,9.582904e-34,-8.827780e-28,-6.497604e-23,-1.376213e-24,-3.776481e-33
3490.1332,200.00,329.1155,5.517600e+01,9.274647e-03,C,6.684229e-02,1.333333e-01,6.4657%,7.012018e-03,6.300359e-03,3.709449e-04,1.649079e-16,1.131444e-10,3.107037e-05,3.580829e-07,0.000000e+00,0.000000e+00,1.550633e-18,0.000000e+00,0.000000e+00,0.000000e+00,0.000000e+00,0.000000e+00,0.000000e+00,3.076606e-18,7.892590e-33,1.549412e-18,4.730268e-33,9.150664e-24,1.519502e-18,2.512355e-21,-3.758802e-43,-3.044235e-18,-1.522134e-18,-1.548862e-18,-3.776612e-33,-9.150465e-24,-1.519573e-18,-2.513804e-21,-3.775893e-33,0.000000e+00,0.000000e+00,0.000000e+00,0.000000e+00,0.000000e+00,0.000000e+00,0.000000e+00,0.000000e+00,3.237071e-20,2.849883e-20,5.496096e-22,9.536560e-34,1.986481e-28,-7.107327e-23,-1.448583e-24,-3.775893e-33
3510.1332,200.00,329.1285,5.527899e+01,9.222146e-03,C,6.689651e-02,1.333333e-01,6.4708%,7.032439e-03,6.318286e-03,3.712202e-04,1.655092e-16,1.132466e-10,3.103689e-05,3.572235e-07,0.000000e+00,0.000000e+00,1.550633e-18,0.000000e+00,0.000000e+00,0.000000e+00,0.000000e+00,0.000000e+00,0.000000e+00,3.076726e-18,6.457573e-33,1.549557e-18,4.725263e-33,9.149517e-24,1.519664e-18,2.511265e-21,-2.088224e-43,-3.044555e-18,-1.522294e-18,-1.549011e-18,-3.776498e-33,-9.148280e-24,-1.519734e-18,-2.512691e-21,-3.775872e-33,0.000000e+00,0.000000e+00,0.000000e+00,0.000000e+00,0.000000e+00,0.000000e+00,0.000000e+00,0.000000e+00,3.217136e-20,2.833898e-20,5.462084e-22,9.487649e-34,1.236193e-27,-6.992801e-23,-1.426024e-24,-3.775872e-33
3530.1332,200.00,329.1413,5.538125e+01,9.166182e-03,C,6.695034e-02,1.333333e-01,6.4758%,7.052734e-03,6.336103e-03,3.714935e-04,1.664891e-16,1.133352e-10,3.100393e-05,3.563755e-07,0.000000e+00,0.000000e+00,1.550633e-18,0.000000e+00,0.000000e+00,0.000000e+00,0.000000e+00,0.000000e+00,0.000000e+00,3.076869e-18,8.610098e-33,1.549714e-18,4.720373e-33,9.148394e-24,1.519836e-18,2.510205e-21,-4.176447e-44,-3.044895e-18,-1.522464e-18,-1.549169e-18,-3.776421e-33,-9.148192e-24,-1.519905e-18,-2.511612e-21,-3.775791e-33,0.000000e+00,0.000000e+00,0.000000e+00,0.000000e+00,0.000000e+00,0.000000e+00,0.000000e+00,0.000000e+00,3.197338e-20,2.816857e-20,5.442988e-22,9.439524e-34,2.019325e-28,-6.930251e-23,-1.407376e-24,-3.775791e-33
3550.1332,200.00,329.1542,5.548340e+01,9.108883e-03,C,6.700416e-02,1.333333e-01,6.4809%,7.072905e-03,6.353810e-03,3.717658e-04,1.671214e-16,1.134391e-10,3.097144e-05,3.555383e-07,0.000000e+00,0.000000e+00,1.550633e-18,0.000000e+00,0.000000e+00,0.000000e+00,0.000000e+00,0.000000e+00,0.000000e+00,3.077022e-18,1.148013e-32,1.549874e-18,4.715566e-33,9.147304e-24,1.520012e-18,2.509162e-21,7.935250e-43,-3.045244e-18,-1.522639e-18,-1.549331e-18,-3.776367e-33,-9.145721e-24,-1.520081e-18,-2.510554e-21,-3.775737e-33,0.000000e+00,0.000000e+00,0.000000e+00,0.000000e+00,0.000000e+00,0.000000e+00,0.000000e+00,0.000000e+00,3.177763e-20,2.799407e-20,5.433949e-22,9.391984e-34,1.583266e-27,-6.845562e-23,-1.391495e-24,-3.775737e-33
3570.1332,200.00,329.1669,5.558461e+01,9.048754e-03,C,6.705757e-02,1.333333e-01,6.4859%,7.092952e-03,6.371407e-03,3.720351e-04,1.677791e-16,1.135562e-10,3.093948e-05,3.547121e-07,0.000000e+00,0.000000e+00,1.550633e-18,0.000000e+00,0.000000e+00,0.000000e+00,0.000000e+00,0.000000e+00,0.000000e+00,3.077209e-18,1.004511e-32,1.550051e-18,4.710904e-33,9.146227e-24,1.520204e-18,2.508163e-21,-4.176447e-44,-3.045610e-18,-1.522822e-18,-1.549705e-18,-3.776700e-33,-9.141107e-24,-1.520265e-18,-2.509446e-21,-3.776065e-33,0.000000e+00,0.000000e+00,0.000000e+00,0.000000e+00,0.000000e+00,0.000000e+00,0.000000e+00,0.000000e+00,3.159856e-20,2.781094e-20,3.466370e-22,9.342036e-34,5.119747e-27,-6.080605e-23,-1.282880e-24,-3.776065e-33
3590.1332,200.00,329.1795,5.568521e+01,8.984921e-03,C,6.711064e-02,1.333333e-01,6.4908%,7.112878e-03,6.388895e-03,3.723037e-04,1.687108e-16,1.136186e-10,3.090796e-05,3.538961e-07,0.000000e+00,0.000000e+00,1.550633e-18,0.000000e+00,0.000000e+00,0.000000e+00,0.000000e+00,0.000000e+00,0.000000e+00,3.077406e-18,1.435016e-32,1.550233e-18,4.706329e-33,9.145183e-24,1.520400e-18,2.507181e-21,-3.758802e-43,-3.045999e-18,-1.523016e-18,-1.549884e-18,-3.776737e-33,-9.145075e-24,-1.520460e-18,-2.508456e-21,-3.772509e-33,0.000000e+00,0.000000e+00,0.000000e+00,0.000000e+00,0.000000e+00,0.000000e+00,0.000000e+00,0.000000e+00,3.140681e-20,2.761650e-20,3.488630e-22,9.295918e-34,1.074932e-28,-6.044678e-23,-1.274570e-24,-3.772509e-33
3610.1332,200.00,329.1921,5.578545e+01,8.919584e-03,C,6.716357e-02,1.333333e-01,6.4958%,7.132681e-03,6.406275e-03,3.725715e-04,1.693049e-16,1.137315e-10,3.087688e-05,3.530901e-07,0.000000e+00,0.000000e+00,1.550633e-18,0.000000e+00,0.000000e+00,0.000000e+00,0.000000e+00,0.000000e+00,0.000000e+00,3.077613e-18,1.148013e-32,1.550418e-18,4.701836e-33,9.144171e-24,1.520599e-18,2.506215e-21,-8.352894e-43,-3.046397e-18,-1.523215e-18,-1.550067e-18,-3.776786e-33,-9.141116e-24,-1.520660e-18,-2.507484e-21,-3.776147e-33,0.000000e+00,0.000000e+00,0.000000e+00,0.000000e+00,0.000000e+00,0.000000e+00,0.000000e+00,0.000000e+00,3.121581e-20,2.741745e-20,3.515930e-22,9.250501e-34,3.055089e-27,-6.034788e-23,-1.268345e-24,-3.776147e-33
3630.1332,200.00,329.2047,5.588534e+01,8.848645e-03,C,6.721639e-02,1.333333e-01,6.5007%,7.152364e-03,6.423549e-03,3.728372e-04,1.701458e-16,1.138066e-10,3.084629e-05,3.522946e-07,0.000000e+00,0.000000e+00,1.550633e-18,0.000000e+00,0.000000e+00,0.000000e+00,0.000000e+00,0.000000e+00,0.000000e+00,3.077842e-18,1.219764e-32,1.550614e-18,4.697455e-33,9.143178e-24,1.520809e-18,2.505280e-21,2.923513e-43,-3.046829e-18,-1.523432e-18,-1.550059e-18,-3.776543e-33,-9.144270e-24,-1.520877e-18,-2.506643e-21,-3.775901e-33,0.000000e+00,0.000000e+00,0.000000e+00,0.000000e+00,0.000000e+00,0.000000e+00,0.000000e+00,0.000000e+00,3.101315e-20,2.720131e-20,5.550319e-22,9.209118e-34,-1.092255e-27,-6.722979e-23,-1.363541e-24,-3.775901e-33
3650.1332,200.00,329.2172,5.598477e+01,8.835429e-03,C,6.726895e-02,1.333333e-01,6.5056%,7.171927e-03,6.440717e-03,3.731009e-04,1.710559e-16,1.139096e-10,3.081617e-05,3.515095e-07,0.000000e+00,0.000000e+00,1.550633e-18,0.000000e+00,0.000000e+00,0.000000e+00,0.000000e+00,0.000000e+00,0.000000e+00,3.078094e-18,5.740065e-33,1.550821e-18,4.693182e-33,9.142212e-24,1.521029e-18,2.504374e-21,-8.352894e-44,-3.046910e-18,-1.523472e-18,-1.550308e-18,-3.776622e-33,-9.140379e-24,-1.520918e-18,-2.505226e-21,-3.775977e-33,0.000000e+00,0.000000e+00,0.000000e+00,0.000000e+00,0.000000e+00,0.000000e+00,0.000000e+00,0.000000e+00,3.118420e-20,2.716103e-20,5.124860e-22,9.165597e-34,1.833290e-27,1.110120e-22,-8.521410e-25,-3.775977e-33
3670.1332,200.00,329.2296,5.608333e+01,8.759993e-03,C,6.732111e-02,1.333333e-01,6.5105%,7.191369e-03,6.457777e-03,3.733630e-04,1.719307e-16,1.139919e-10,3.078536e-05,3.507309e-07,0.000000e+00,0.000000e+00,1.550633e-18,0.000000e+00,0.000000e+00,0.000000e+00,0.000000e+00,0.000000e+00,0.000000e+00,3.078003e-18,1.004511e-32,1.550856e-18,4.687863e-33,9.141105e-24,1.521084e-18,2.503123e-21,4.176447e-44,-3.047369e-18,-1.523702e-18,-1.550313e-18,-3.776444e-33,-9.143089e-24,-1.521149e-18,-2.504437e-21,-3.775796e-33,0.000000e+00,0.000000e+00,0.000000e+00,0.000000e+00,0.000000e+00,0.000000e+00,0.000000e+00,0.000000e+00,3.063316e-20,2.693115e-20,5.437961e-22,9.114192e-34,-1.983949e-27,-6.508682e-23,-1.313468e-24,-3.775796e-33
3690.1332,200.00,329.2419,5.618165e+01,8.683642e-03,C,6.737318e-02,1.333333e-01,6.5154%,7.210695e-03,6.474736e-03,3.736239e-04,1.726131e-16,1.140933e-10,3.075612e-05,3.499652e-07,0.000000e+00,0.000000e+00,1.550633e-18,0.000000e+00,0.000000e+00,0.000000e+00,0.000000e+00,0.000000e+00,0.000000e+00,3.078285e-18,7.892590e-33,1.551077e-18,4.683777e-33,9.140193e-24,1.521317e-18,2.502262e-21,8.352894e-44,-3.047835e-18,-1.523934e-18,-1.550524e-18,-3.776631e-33,-9.138618e-24,-1.521382e-18,-2.503582e-21,-3.775978e-33,0.000000e+00,0.000000e+00,0.000000e+00,0.000000e+00,0.000000e+00,0.000000e+00,0.000000e+00,0.000000e+00,3.044988e-20,2.669844e-20,5.523733e-22,9.071458e-34,1.575185e-27,-6.549286e-23,-1.319861e-24,-3.775978e-33
3710.1332,200.00,329.2542,5.627955e+01,8.662789e-03,C,6.742506e-02,1.333333e-01,6.5202%,7.229901e-03,6.491590e-03,3.738818e-04,1.734213e-16,1.141757e-10,3.072625e-05,3.492068e-07,0.000000e+00,0.000000e+00,1.550633e-18,0.000000e+00,0.000000e+00,0.000000e+00,0.000000e+00,0.000000e+00,0.000000e+00,3.078237e-18,1.004511e-32,1.551133e-18,4.678666e-33,9.139133e-24,1.521391e-18,2.501071e-21,-6.264671e-43,-3.047962e-18,-1.523998e-18,-1.550794e-18,-3.776791e-33,-9.139020e-24,-1.521447e-18,-2.502251e-21,-3.776151e-33,0.000000e+00,0.000000e+00,0.000000e+00,0.000000e+00,0.000000e+00,0.000000e+00,0.000000e+00,0.000000e+00,3.027502e-20,2.663488e-20,3.389077e-22,9.018746e-34,1.131949e-28,-5.631516e-23,-1.179490e-24,-3.776151e-33
3730.1332,200.00,329.2664,5.637674e+01,8.582033e-03,C,6.747662e-02,1.333333e-01,6.5250%,7.248993e-03,6.508340e-03,3.741403e-04,1.741946e-16,1.142680e-10,3.069782e-05,3.484592e-07,0.000000e+00,0.000000e+00,1.550633e-18,0.000000e+00,0.000000e+00,0.000000e+00,0.000000e+00,0.000000e+00,0.000000e+00,3.078549e-18,1.148013e-32,1.551367e-18,4.674771e-33,9.138265e-24,1.521637e-18,2.500255e-21,-2.923513e-43,-3.048454e-18,-1.524244e-18,-1.551017e-18,-3.777056e-33,-9.138155e-24,-1.521694e-18,-2.501446e-21,-3.776395e-33,0.000000e+00,0.000000e+00,0.000000e+00,0.000000e+00,0.000000e+00,0.000000e+00,0.000000e+00,0.000000e+00,3.009510e-20,2.638870e-20,3.495209e-22,8.977149e-34,1.104045e-28,-5.697451e-23,-1.191295e-24,-3.776395e-33
3750.1332,200.00,329.2786,5.647359e+01,8.554308e-03,C,6.752802e-02,1.333333e-01,6.5298%,7.267967e-03,6.524987e-03,3.743957e-04,1.751220e-16,1.143586e-10,3.066876e-05,3.477189e-07,0.000000e+00,0.000000e+00,1.550633e-18,0.000000e+00,0.000000e+00,0.000000e+00,0.000000e+00,0.000000e+00,0.000000e+00,3.078532e-18,7.175082e-33,1.551437e-18,4.669848e-33,9.137257e-24,1.521724e-18,2.499108e-21,-1.252934e-43,-3.048623e-18,-1.524329e-18,-1.551099e-18,-3.776957e-33,-9.137150e-24,-1.521779e-18,-2.500262e-21,-3.776292e-33,0.000000e+00,0.000000e+00,0.000000e+00,0.000000e+00,0.000000e+00,0.000000e+00,0.000000e+00,0.000000e+00,2.990891e-20,2.630417e-20,3.374377e-22,8.928904e-34,1.069495e-28,-5.532392e-23,-1.154082e-24,-3.776292e-33
3770.1332,200.00,329.2907,5.657009e+01,8.467262e-03,C,6.757924e-02,1.333333e-01,6.5346%,7.286829e-03,6.541535e-03,3.746499e-04,1.760455e-16,1.144497e-10,3.064122e-05,3.469907e-07,0.000000e+00,0.000000e+00,1.550633e-18,0.000000e+00,0.000000e+00,0.000000e+00,0.000000e+00,0.000000e+00,0.000000e+00,3.078887e-18,1.004511e-32,1.551691e-18,4.666159e-33,9.136427e-24,1.521989e-18,2.498350e-21,6.264671e-43,-3.049154e-18,-1.524594e-18,-1.551340e-18,-3.777266e-33,-9.136314e-24,-1.522045e-18,-2.499522e-21,-3.776603e-33,0.000000e+00,0.000000e+00,0.000000e+00,0.000000e+00,0.000000e+00,0.000000e+00,0.000000e+00,0.000000e+00,2.973330e-20,2.603875e-20,3.514911e-22,8.888924e-34,1.128392e-28,-5.598066e-23,-1.172370e-24,-3.776603e-33
3790.1332,200.00,329.3028,5.666596e+01,8.435182e-03,C,6.763023e-02,1.333333e-01,6.5394%,7.305574e-03,6.557980e-03,3.749027e-04,1.767791e-16,1.145399e-10,3.061295e-05,3.462679e-07,0.000000e+00,0.000000e+00,1.550633e-18,0.000000e+00,0.000000e+00,0.000000e+00,0.000000e+00,0.000000e+00,0.000000e+00,3.078900e-18,1.004511e-32,1.551775e-18,4.661416e-33,9.135466e-24,1.522090e-18,2.497247e-21,6.264671e-43,-3.049349e-18,-1.524692e-18,-1.551433e-18,-3.777224e-33,-9.135356e-24,-1.522144e-18,-2.498388e-21,-3.776553e-33,0.000000e+00,0.000000e+00,0.000000e+00,0.000000e+00,0.000000e+00,0.000000e+00,0.000000e+00,0.000000e+00,2.955044e-20,2.594093e-20,3.416848e-22,8.841919e-34,1.101015e-28,-5.455911e-23,-1.140568e-24,-3.776553e-33
3810.1332,200.00,329.3148,5.676145e+01,8.399425e-03,C,6.768105e-02,1.333333e-01,6.5441%,7.324206e-03,6.574326e-03,3.751547e-04,1.775563e-16,1.146301e-10,3.058508e-05,3.455539e-07,0.000000e+00,0.000000e+00,1.550633e-18,0.000000e+00,0.000000e+00,0.000000e+00,0.000000e+00,0.000000e+00,0.000000e+00,3.078922e-18,9.327606e-33,1.551862e-18,4.656745e-33,9.134537e-24,1.522194e-18,2.496160e-21,4.176447e-44,-3.049567e-18,-1.524801e-18,-1.551330e-18,-3.776858e-33,-9.134334e-24,-1.522254e-18,-2.497367e-21,-3.776188e-33,0.000000e+00,0.000000e+00,0.000000e+00,0.000000e+00,0.000000e+00,0.000000e+00,0.000000e+00,0.000000e+00,2.935458e-20,2.583188e-20,5.326112e-22,8.798870e-34,2.033594e-28,-6.038107e-23,-1.207247e-24,-3.776188e-33
3830.1332,200.00,329.3267,5.685646e+01,8.309164e-03,C,6.773155e-02,1.333333e-01,6.5489%,7.342728e-03,6.590573e-03,3.754058e-04,1.783378e-16,1.147207e-10,3.055867e-05,3.448510e-07,0.000000e+00,0.000000e+00,1.550633e-18,0.000000e+00,0.000000e+00,0.000000e+00,0.000000e+00,0.000000e+00,0.000000e+00,3.079314e-18,1.148013e-32,1.552133e-18,4.653310e-33,9.133779e-24,1.522475e-18,2.495459e-21,4.176447e-43,-3.050118e-18,-1.525076e-18,-1.551785e-18,-3.777590e-33,-9.133667e-24,-1.522530e-18,-2.496596e-21,-3.776908e-33,0.000000e+00,0.000000e+00,0.000000e+00,0.000000e+00,0.000000e+00,0.000000e+00,0.000000e+00,0.000000e+00,2.919655e-20,2.555657e-20,3.487065e-22,8.757201e-34,1.120977e-28,-5.497609e-23,-1.136475e-24,-3.776908e-33
3850.1332,200.00,329.3386,5.695070e+01,8.268048e-03,C,6.778177e-02,1.333333e-01,6.5536%,7.361137e-03,6.606718e-03,3.756530e-04,1.791054e-16,1.148093e-10,3.053161e-05,3.441543e-07,0.000000e+00,0.000000e+00,1.550633e-18,0.000000e+00,0.000000e+00,0.000000e+00,0.000000e+00,0.000000e+00,0.000000e+00,3.079389e-18,1.578518e-32,1.552246e-18,4.648879e-33,9.132874e-24,1.522603e-18,2.494442e-21,-5.429381e-43,-3.050368e-18,-1.525202e-18,-1.551902e-18,-3.777647e-33,-9.132762e-24,-1.522657e-18,-2.495556e-21,-3.776968e-33,0.000000e+00,0.000000e+00,0.000000e+00,0.000000e+00,0.000000e+00,0.000000e+00,0.000000e+00,0.000000e+00,2.902074e-20,2.543115e-20,3.441540e-22,8.712325e-34,1.122635e-28,-5.322279e-23,-1.113721e-24,-3.776968e-33
3870.1332,200.00,329.3503,5.704441e+01,8.224938e-03,C,6.783170e-02,1.333333e-01,6.5582%,7.379434e-03,6.622767e-03,3.759006e-04,1.799088e-16,1.148986e-10,3.050488e-05,3.434653e-07,0.000000e+00,0.000000e+00,1.550633e-18,0.000000e+00,0.000000e+00,0.000000e+00,0.000000e+00,0.000000e+00,0.000000e+00,3.079461e-18,1.291515e-32,1.552357e-18,4.644489e-33,9.132008e-24,1.522729e-18,2.493426e-21,6.264671e-43,-3.050631e-18,-1.525333e-18,-1.551818e-18,-3.777366e-33,-9.131801e-24,-1.522789e-18,-2.494614e-21,-3.776685e-33,0.000000e+00,0.000000e+00,0.000000e+00,0.000000e+00,0.000000e+00,0.000000e+00,0.000000e+00,0.000000e+00,2.882931e-20,2.529963e-20,5.389588e-22,8.671229e-34,2.072410e-28,-5.974580e-23,-1.188435e-24,-3.776685e-33
3890.1332,200.00,329.3621,5.713817e+01,8.183638e-03,C,6.788170e-02,1.333333e-01,6.5629%,7.397621e-03,6.638720e-03,3.761461e-04,1.805353e-16,1.149871e-10,3.047855e-05,3.427851e-07,0.000000e+00,0.000000e+00,1.550633e-18,0.000000e+00,0.000000e+00,0.000000e+00,0.000000e+00,0.000000e+00,0.000000e+00,3.079552e-18,1.291515e-32,1.552477e-18,4.640191e-33,9.131158e-24,1.522864e-18,2.492437e-21,7.099960e-43,-3.050883e-18,-1.525459e-18,-1.552142e-18,-3.777798e-33,-9.131048e-24,-1.522916e-18,-2.493511e-21,-3.777115e-33,0.000000e+00,0.000000e+00,0.000000e+00,0.000000e+00,0.000000e+00,0.000000e+00,0.000000e+00,0.000000e+00,2.866904e-20,2.517362e-20,3.345627e-22,8.623927e-34,1.092478e-28,-5.185268e-23,-1.074379e-24,-3.777115e-33
3910.1332,200.00,329.3738,5.723127e+01,8.136923e-03,C,6.793137e-02,1.333333e-01,6.5675%,7.415699e-03,6.654575e-03,3.763898e-04,1.811304e-16,1.150752e-10,3.045260e-05,3.421130e-07,0.000000e+00,0.000000e+00,1.550633e-18,0.000000e+00,0.000000e+00,0.000000e+00,0.000000e+00,0.000000e+00,0.000000e+00,3.079665e-18,1.650269e-32,1.552606e-18,4.635995e-33,9.130325e-24,1.523008e-18,2.491476e-21,-5.011737e-43,-3.051168e-18,-1.525602e-18,-1.552274e-18,-3.777917e-33,-9.130215e-24,-1.523059e-18,-2.492536e-21,-3.777233e-33,0.000000e+00,0.000000e+00,0.000000e+00,0.000000e+00,0.000000e+00,0.000000e+00,0.000000e+00,0.000000e+00,2.849653e-20,2.503108e-20,3.323584e-22,8.580784e-34,1.097841e-28,-5.103431e-23,-1.059474e-24,-3.777233e-33
3930.1332,200.00,329.3855,5.732393e+01,8.086658e-03,C,6.798087e-02,1.333333e-01,6.5722%,7.433669e-03,6.670334e-03,3.766330e-04,1.817051e-16,1.151633e-10,3.042697e-05,3.414482e-07,0.000000e+00,0.000000e+00,1.550633e-18,0.000000e+00,0.000000e+00,0.000000e+00,0.000000e+00,0.000000e+00,0.000000e+00,3.079786e-18,1.219764e-32,1.552740e-18,4.631873e-33,9.129509e-24,1.523156e-18,2.490530e-21,1.670579e-43,-3.051475e-18,-1.525755e-18,-1.552208e-18,-3.777671e-33,-9.133668e-24,-1.523213e-18,-2.491672e-21,-3.776187e-33,0.000000e+00,0.000000e+00,0.000000e+00,0.000000e+00,0.000000e+00,0.000000e+00,0.000000e+00,0.000000e+00,2.831062e-20,2.487770e-20,5.314384e-22,8.542022e-34,-4.159357e-27,-5.757348e-23,-1.141896e-24,-3.776187e-33
3950.1332,200.00,329.3970,5.741579e+01,8.035817e-03,C,6.802995e-02,1.333333e-01,6.5768%,7.451530e-03,6.685997e-03,3.768744e-04,1.823318e-16,1.152510e-10,3.040170e-05,3.407912e-07,0.000000e+00,0.000000e+00,1.550633e-18,0.000000e+00,0.000000e+00,0.000000e+00,0.000000e+00,0.000000e+00,0.000000e+00,3.079926e-18,1.291515e-32,1.552882e-18,4.627851e-33,9.128730e-24,1.523312e-18,2.489611e-21,4.176447e-43,-3.051785e-18,-1.525910e-18,-1.552351e-18,-3.777890e-33,-9.128523e-24,-1.523369e-18,-2.490743e-21,-3.777200e-33,0.000000e+00,0.000000e+00,0.000000e+00,0.000000e+00,0.000000e+00,0.000000e+00,0.000000e+00,0.000000e+00,2.814072e-20,2.472254e-20,5.311886e-22,8.499604e-34,2.069630e-28,-5.724770e-23,-1.131654e-24,-3.777200e-33
3970.1332,200.00,329.4085,5.750742e+01,7.984453e-03,C,6.807896e-02,1.333333e-01,6.5813%,7.469285e-03,6.701567e-03,3.771137e-04,1.828836e-16,1.153380e-10,3.037681e-05,3.401423e-07,0.000000e+00,0.000000e+00,1.550633e-18,0.000000e+00,0.000000e+00,0.000000e+00,0.000000e+00,0.000000e+00,0.000000e+00,3.080086e-18,7.892590e-33,1.553034e-18,4.623922e-33,9.127954e-24,1.523477e-18,2.488719e-21,-2.505868e-43,-3.052099e-18,-1.526067e-18,-1.552702e-18,-3.778436e-33,-9.127844e-24,-1.523527e-18,-2.489748e-21,-3.777741e-33,0.000000e+00,0.000000e+00,0.000000e+00,0.000000e+00,0.000000e+00,0.000000e+00,0.000000e+00,0.000000e+00,2.798747e-20,2.456577e-20,3.314837e-22,8.454860e-34,1.107986e-28,-4.964094e-23,-1.029037e-24,-3.777741e-33
3990.1332,200.00,329.4200,5.759875e+01,7.929504e-03,C,6.812780e-02,1.333333e-01,6.5859%,7.486934e-03,6.717043e-03,3.773525e-04,1.835128e-16,1.160312e-10,3.035224e-05,3.395006e-07,0.000000e+00,0.000000e+00,1.550633e-18,0.000000e+00,0.000000e+00,0.000000e+00,0.000000e+00,0.000000e+00,0.000000e+00,3.080255e-18,1.435016e-32,1.553189e-18,4.620062e-33,9.127206e-24,1.523646e-18,2.487841e-21,8.352894e-44,-3.052434e-18,-1.526235e-18,-1.552856e-18,-3.778655e-33,-9.031190e-24,-1.523696e-18,-2.488865e-21,-3.777961e-33,0.000000e+00,0.000000e+00,0.000000e+00,0.000000e+00,0.000000e+00,0.000000e+00,0.000000e+00,0.000000e+00,2.782098e-20,2.439803e-20,3.332652e-22,8.414061e-34,9.601602e-26,-4.940979e-23,-1.023436e-24,-3.777961e-33
4010.1332,200.00,329.4314,5.768943e+01,7.871646e-03,C,6.817634e-02,1.333333e-01,6.5904%,7.504477e-03,6.732425e-03,3.775894e-04,1.844842e-16,1.155116e-10,3.032802e-05,3.388664e-07,0.000000e+00,0.000000e+00,1.550633e-18,0.000000e+00,0.000000e+00,0.000000e+00,0.000000e+00,0.000000e+00,0.000000e+00,3.080443e-18,9.327606e-33,1.553354e-18,4.616301e-33,9.126471e-24,1.523824e-18,2.486991e-21,3.758802e-43,-3.052787e-18,-1.526412e-18,-1.553018e-18,-3.778906e-33,-9.126352e-24,-1.523873e-18,-2.488011e-21,-3.778208e-33,0.000000e+00,0.000000e+00,0.000000e+00,0.000000e+00,0.000000e+00,0.000000e+00,0.000000e+00,0.000000e+00,2.765587e-20,2.422140e-20,3.364454e-22,8.373956e-34,1.196966e-28,-4.928208e-23,-1.020721e-24,-3.778208e-33
4030.1332,200.00,329.4428,5.777994e+01,7.812521e-03,C,6.822485e-02,1.333333e-01,6.5950%,7.521915e-03,6.747715e-03,3.778256e-04,1.852303e-16,1.155981e-10,3.030412e-05,3.382395e-07,0.000000e+00,0.000000e+00,1.550633e-18,0.000000e+00,0.000000e+00,0.000000e+00,0.000000e+00,0.000000e+00,0.000000e+00,3.080639e-18,1.076262e-32,1.553522e-18,4.612603e-33,9.125762e-24,1.524004e-18,2.486153e-21,-8.352894e-44,-3.053148e-18,-1.526592e-18,-1.553182e-18,-3.779171e-33,-9.125648e-24,-1.524054e-18,-2.487174e-21,-3.778467e-33,0.000000e+00,0.000000e+00,0.000000e+00,0.000000e+00,0.000000e+00,0.000000e+00,0.000000e+00,0.000000e+00,2.749138e-20,2.404088e-20,3.398931e-22,8.334329e-34,1.146873e-28,-4.964017e-23,-1.020498e-24,-3.778467e-33
4050.1332,200.00,329.4540,5.786947e+01,7.806926e-03,C,6.827286e-02,1.333333e-01,6.5994%,7.539247e-03,6.762912e-03,3.780591e-04,1.859029e-16,1.156832e-10,3.027947e-05,3.376170e-07,0.000000e+00,0.000000e+00,1.550633e-18,0.000000e+00,0.000000e+00,0.000000e+00,0.000000e+00,0.000000e+00,0.000000e+00,3.080504e-18,1.004511e-32,1.553525e-18,4.607864e-33,9.124921e-24,1.524025e-18,2.484985e-21,-5.011737e-43,-3.053182e-18,-1.526609e-18,-1.553204e-18,-3.779084e-33,-9.124812e-24,-1.524072e-18,-2.485958e-21,-3.778382e-33,0.000000e+00,0.000000e+00,0.000000e+00,0.000000e+00,0.000000e+00,0.000000e+00,0.000000e+00,0.000000e+00,2.732190e-20,2.402380e-20,3.215105e-22,8.287795e-34,1.091811e-28,-4.716321e-23,-9.730934e-25,-3.778382e-33
4070.1332,200.00,329.4653,5.795893e+01,7.741601e-03,C,6.832085e-02,1.333333e-01,6.6039%,7.556478e-03,6.778018e-03,3.782931e-04,1.868058e-16,1.157767e-10,3.025620e-05,3.370037e-07,0.000000e+00,0.000000e+00,1.550633e-18,0.000000e+00,0.000000e+00,0.000000e+00,0.000000e+00,0.000000e+00,0.000000e+00,3.080728e-18,1.291515e-32,1.553706e-18,4.604333e-33,9.124249e-24,1.524218e-18,2.484188e-21,1.670579e-43,-3.053581e-18,-1.526809e-18,-1.553177e-18,-3.779051e-33,-9.123667e-24,-1.524272e-18,-2.485259e-21,-3.778345e-33,0.000000e+00,0.000000e+00,0.000000e+00,0.000000e+00,0.000000e+00,0.000000e+00,0.000000e+00,0.000000e+00,2.714681e-20,2.382432e-20,5.290472e-22,8.252814e-34,5.821168e-28,-5.443385e-23,-1.070782e-24,-3.778345e-33
4090.1332,200.00,329.4765,5.804801e+01,7.678275e-03,C,6.836866e-02,1.333333e-01,6.6084%,7.573607e-03,6.793034e-03,3.785251e-04,1.873484e-16,1.158547e-10,3.023328e-05,3.363980e-07,0.000000e+00,0.000000e+00,1.550633e-18,0.000000e+00,0.000000e+00,0.000000e+00,0.000000e+00,0.000000e+00,0.000000e+00,3.080970e-18,1.435016e-32,1.553896e-18,4.600888e-33,9.123593e-24,1.524419e-18,2.483417e-21,-3.341158e-43,-3.053968e-18,-1.527002e-18,-1.553561e-18,-3.779737e-33,-9.123479e-24,-1.524466e-18,-2.484399e-21,-3.779029e-33,0.000000e+00,0.000000e+00,0.000000e+00,0.000000e+00,0.000000e+00,0.000000e+00,0.000000e+00,0.000000e+00,2.700256e-20,2.363093e-20,3.345721e-22,8.211508e-34,1.142937e-28,-4.739462e-23,-9.816407e-25,-3.779029e-33
4110.1332,200.00,329.4876,5.813655e+01,7.664983e-03,C,6.841621e-02,1.333333e-01,6.6128%,7.590631e-03,6.807961e-03,3.787554e-04,1.879096e-16,1.159393e-10,3.020958e-05,3.357964e-07,0.000000e+00,0.000000e+00,1.550633e-18,0.000000e+00,0.000000e+00,0.000000e+00,0.000000e+00,0.000000e+00,0.000000e+00,3.080870e-18,1.506767e-32,1.553914e-18,4.596366e-33,9.122818e-24,1.524455e-18,2.482302e-21,3.341158e-43,-3.054049e-18,-1.527043e-18,-1.553394e-18,-3.779358e-33,-9.122610e-24,-1.524508e-18,-2.483338e-21,-3.778649e-33,0.000000e+00,0.000000e+00,0.000000e+00,0.000000e+00,0.000000e+00,0.000000e+00,0.000000e+00,0.000000e+00,2.682137e-20,2.359033e-20,5.202768e-22,8.170080e-34,2.076824e-28,-5.306413e-23,-1.036111e-24,-3.778649e-33
4130.1332,200.00,329.4986,5.822445e+01,7.595880e-03,C,6.846343e-02,1.333333e-01,6.6172%,7.607556e-03,6.822797e-03,3.789838e-04,1.886970e-16,1.160236e-10,3.018730e-05,3.352044e-07,0.000000e+00,0.000000e+00,1.550633e-18,0.000000e+00,0.000000e+00,0.000000e+00,0.000000e+00,0.000000e+00,0.000000e+00,3.081151e-18,1.793770e-32,1.554122e-18,4.593110e-33,9.122185e-24,1.524673e-18,2.481584e-21,1.670579e-43,-3.054471e-18,-1.527254e-18,-1.553794e-18,-3.780105e-33,-9.122072e-24,-1.524720e-18,-2.482537e-21,-3.779387e-33,0.000000e+00,0.000000e+00,0.000000e+00,0.000000e+00,0.000000e+00,0.000000e+00,0.000000e+00,0.000000e+00,2.668039e-20,2.337926e-20,3.282966e-22,8.130050e-34,1.130411e-28,-4.628038e-23,-9.528401e-25,-3.779387e-33
4150.1332,200.00,329.5097,5.831248e+01,7.581203e-03,C,6.851082e-02,1.333333e-01,6.6217%,7.624379e-03,6.837547e-03,3.792115e-04,1.892699e-16,1.161076e-10,3.016421e-05,3.346164e-07,0.000000e+00,0.000000e+00,1.550633e-18,0.000000e+00,0.000000e+00,0.000000e+00,0.000000e+00,0.000000e+00,0.000000e+00,3.081078e-18,1.865521e-32,1.554153e-18,4.588739e-33,9.121446e-24,1.524721e-18,2.480508e-21,3.758802e-43,-3.054560e-18,-1.527298e-18,-1.553839e-18,-3.780117e-33,-9.121338e-24,-1.524766e-18,-2.481425e-21,-3.779400e-33,0.000000e+00,0.000000e+00,0.000000e+00,0.000000e+00,0.000000e+00,0.000000e+00,0.000000e+00,0.000000e+00,2.651716e-20,2.333442e-20,3.142177e-22,8.086220e-34,1.086723e-28,-4.466595e-23,-9.171665e-25,-3.779400e-33
4170.1332,200.00,329.5206,5.839944e+01,7.505244e-03,C,6.855759e-02,1.333333e-01,6.6260%,7.641104e-03,6.852205e-03,3.794389e-04,1.897800e-16,1.161921e-10,3.014249e-05,3.340366e-07,0.000000e+00,0.000000e+00,1.550633e-18,0.000000e+00,0.000000e+00,0.000000e+00,0.000000e+00,0.000000e+00,0.000000e+00,3.081374e-18,1.865521e-32,1.554367e-18,4.585612e-33,9.120862e-24,1.524946e-18,2.479815e-21,5.429381e-43,-3.055024e-18,-1.527531e-18,-1.553840e-18,-3.780191e-33,-9.120650e-24,-1.524998e-18,-2.480840e-21,-3.779473e-33,0.000000e+00,0.000000e+00,0.000000e+00,0.000000e+00,0.000000e+00,0.000000e+00,0.000000e+00,0.000000e+00,2.634917e-20,2.310237e-20,5.274736e-22,8.054210e-34,2.116162e-28,-5.258976e-23,-1.024846e-24,-3.779473e-33
4190.1332,200.00,329.5316,5.848657e+01,7.487327e-03,C,6.860440e-02,1.333333e-01,6.6304%,7.657727e-03,6.866779e-03,3.796631e-04,1.903966e-16,1.162749e-10,3.012003e-05,3.334619e-07,0.000000e+00,0.000000e+00,1.550633e-18,0.000000e+00,0.000000e+00,0.000000e+00,0.000000e+00,0.000000e+00,0.000000e+00,3.081338e-18,1.722020e-32,1.554416e-18,4.581421e-33,9.120148e-24,1.525010e-18,2.478791e-21,7.099960e-43,-3.055134e-18,-1.527585e-18,-1.554102e-18,-3.780584e-33,-9.120038e-24,-1.525054e-18,-2.479692e-21,-3.779889e-33,0.000000e+00,0.000000e+00,0.000000e+00,0.000000e+00,0.000000e+00,0.000000e+00,0.000000e+00,0.000000e+00,2.620387e-20,2.304763e-20,3.138532e-22,8.008369e-34,1.094387e-28,-4.396501e-23,-9.008088e-25,-3.779889e-33
4210.1332,200.00,329.5424,5.857279e+01,7.409989e-03,C,6.865097e-02,1.333333e-01,6.6348%,7.674255e-03,6.881264e-03,3.798881e-04,1.910238e-16,1.163588e-10,3.009889e-05,3.328950e-07,0.000000e+00,0.000000e+00,1.550633e-18,0.000000e+00,0.000000e+00,0.000000e+00,0.000000e+00,0.000000e+00,0.000000e+00,3.081660e-18,1.722020e-32,1.554642e-18,4.578444e-33,9.119592e-24,1.525246e-18,2.478137e-21,-5.429381e-43,-3.055606e-18,-1.527822e-18,-1.554315e-18,-2.537163e-33,-9.121185e-24,-1.525291e-18,-2.479055e-21,-3.780353e-33,0.000000e+00,0.000000e+00,0.000000e+00,0.000000e+00,0.000000e+00,0.000000e+00,0.000000e+00,0.000000e+00,2.605344e-20,2.281132e-20,3.267345e-22,2.041281e-33,-1.592728e-27,-4.474257e-23,-9.179978e-25,-3.780353e-33
4230.1332,200.00,329.5532,5.865869e+01,7.385867e-03,C,6.869727e-02,1.333333e-01,6.6391%,7.690683e-03,6.895663e-03,3.801101e-04,1.917419e-16,1.164412e-10,3.007698e-05,3.323323e-07,0.000000e+00,0.000000e+00,1.550633e-18,0.000000e+00,0.000000e+00,0.000000e+00,0.000000e+00,0.000000e+00,0.000000e+00,3.081650e-18,1.650269e-32,1.554703e-18,4.574410e-33,9.118918e-24,1.525322e-18,2.477151e-21,1.670579e-43,-3.055754e-18,-1.527895e-18,-1.554385e-18,-3.781185e-33,-9.118806e-24,-1.525365e-18,-2.478043e-21,-3.780461e-33,0.000000e+00,0.000000e+00,0.000000e+00,0.000000e+00,0.000000e+00,0.000000e+00,0.000000e+00,0.000000e+00,2.589622e-20,2.273760e-20,3.172796e-22,7.932248e-34,1.113375e-28,-4.358040e-23,-8.921627e-25,-3.780461e-33
4250.1332,200.00,329.5640,5.874449e+01,7.360673e-03,C,6.874354e-02,1.333333e-01,6.6434%,7.707015e-03,6.909978e-03,3.803325e-04,1.923898e-16,1.165275e-10,3.005643e-05,3.317782e-07,0.000000e+00,0.000000e+00,1.550633e-18,0.000000e+00,0.000000e+00,0.000000e+00,0.000000e+00,0.000000e+00,0.000000e+00,3.081999e-18,1.793770e-32,1.554941e-18,4.571578e-33,9.118400e-24,1.525570e-18,2.476536e-21,-4.594092e-43,-3.055908e-18,-1.527972e-18,-1.554458e-18,-3.781306e-33,-9.117671e-24,-1.525443e-18,-2.477045e-21,-3.780579e-33,0.000000e+00,0.000000e+00,0.000000e+00,0.000000e+00,0.000000e+00,0.000000e+00,0.000000e+00,0.000000e+00,2.609125e-20,2.266061e-20,4.830444e-22,7.902715e-34,7.291559e-28,1.264215e-22,-5.096138e-25,-3.780579e-33
4270.1332,200.00,329.5746,5.882909e+01,7.275034e-03,C,6.878919e-02,1.333333e-01,6.6477%,7.723250e-03,6.924204e-03,3.805512e-04,1.929272e-16,1.166107e-10,3.003510e-05,3.312276e-07,0.000000e+00,0.000000e+00,1.550633e-18,0.000000e+00,0.000000e+00,0.000000e+00,0.000000e+00,0.000000e+00,0.000000e+00,3.082025e-18,2.009023e-32,1.555019e-18,4.567725e-33,9.117743e-24,1.525662e-18,2.475601e-21,-8.770539e-43,-3.056431e-18,-1.528234e-18,-1.554694e-18,-3.781853e-33,-9.116861e-24,-1.525705e-18,-2.476493e-21,-3.781123e-33,0.000000e+00,0.000000e+00,0.000000e+00,0.000000e+00,0.000000e+00,0.000000e+00,0.000000e+00,0.000000e+00,2.559447e-20,2.239886e-20,3.252030e-22,7.858715e-34,8.821435e-28,-4.360462e-23,-8.924481e-25,-3.781123e-33
4290.1332,200.00,329.5853,5.891399e+01,7.246238e-03,C,6.883508e-02,1.333333e-01,6.6519%,7.739388e-03,6.938349e-03,3.807703e-04,1.934609e-16,1.166876e-10,3.001402e-05,3.306830e-07,0.000000e+00,0.000000e+00,1.550633e-18,0.000000e+00,0.000000e+00,0.000000e+00,0.000000e+00,0.000000e+00,0.000000e+00,3.082048e-18,1.937272e-32,1.555094e-18,4.563892e-33,9.117120e-24,1.525752e-18,2.474664e-21,-2.923513e-43,-3.056607e-18,-1.528322e-18,-1.554776e-18,-3.782013e-33,-9.117008e-24,-1.525794e-18,-2.475536e-21,-3.781282e-33,0.000000e+00,0.000000e+00,0.000000e+00,0.000000e+00,0.000000e+00,0.000000e+00,0.000000e+00,0.000000e+00,2.544116e-20,2.231084e-20,3.181578e-22,7.818790e-34,1.127485e-28,-4.266587e-23,-8.717281e-25,-3.781282e-33
4310.1332,200.00,329.5959,5.899842e+01,7.214599e-03,C,6.888070e-02,1.333333e-01,6.6562%,7.755431e-03,6.952411e-03,3.809874e-04,1.940262e-16,1.167689e-10,2.999324e-05,3.301446e-07,0.000000e+00,0.000000e+00,1.550633e-18,0.000000e+00,0.000000e+00,0.000000e+00,0.000000e+00,0.000000e+00,0.000000e+00,3.082090e-18,1.793770e-32,1.555179e-18,4.560146e-33,9.116509e-24,1.525850e-18,2.473754e-21,4.176447e-44,-3.056800e-18,-1.528419e-18,-1.554866e-18,-3.782198e-33,-9.116398e-24,-1.525892e-18,-2.474607e-21,-3.781464e-33,0.000000e+00,0.000000e+00,0.000000e+00,0.000000e+00,0.000000e+00,0.000000e+00,0.000000e+00,0.000000e+00,2.528935e-20,2.221412e-20,3.124417e-22,7.779477e-34,1.112099e-28,-4.187839e-23,-8.537748e-25,-3.781464e-33
4330.1332,200.00,329.6064,5.908226e+01,7.182134e-03,C,6.892602e-02,1.333333e-01,6.6604%,7.771380e-03,6.966388e-03,3.812042e-04,1.947534e-16,1.168502e-10,2.997268e-05,3.296114e-07,0.000000e+00,0.000000e+00,1.550633e-18,0.000000e+00,0.000000e+00,0.000000e+00,0.000000e+00,0.000000e+00,0.000000e+00,3.082137e-18,2.080774e-32,1.555266e-18,4.556459e-33,9.115919e-24,1.525951e-18,2.472855e-21,6.682315e-43,-3.056999e-18,-1.528518e-18,-1.554959e-18,-3.782398e-33,-9.115810e-24,-1.525992e-18,-2.473692e-21,-3.781626e-33,0.000000e+00,0.000000e+00,0.000000e+00,0.000000e+00,0.000000e+00,0.000000e+00,0.000000e+00,0.000000e+00,2.513836e-20,2.211488e-20,3.070091e-22,7.740609e-34,1.089161e-28,-4.131436e-23,-8.370469e-25,-3.781626e-33
4350.1332,200.00,329.6170,5.916601e+01,7.090773e-03,C,6.897135e-02,1.333333e-01,6.6647%,7.787237e-03,6.980283e-03,3.814203e-04,1.953501e-16,1.169318e-10,2.995349e-05,3.290866e-07,0.000000e+00,0.000000e+00,1.550633e-18,0.000000e+00,0.000000e+00,0.000000e+00,0.000000e+00,0.000000e+00,0.000000e+00,3.082554e-18,1.363265e-32,1.555536e-18,4.554007e-33,9.115472e-24,1.526229e-18,2.472338e-21,7.099960e-43,-3.057557e-18,-1.528797e-18,-1.555209e-18,-3.782993e-33,-9.115356e-24,-1.526272e-18,-2.473206e-21,-3.782173e-33,0.000000e+00,0.000000e+00,0.000000e+00,0.000000e+00,0.000000e+00,0.000000e+00,0.000000e+00,0.000000e+00,2.499715e-20,2.183554e-20,3.264439e-22,7.710136e-34,1.164945e-28,-4.289570e-23,-8.679477e-25,-3.782173e-33
4370.1332,200.00,329.6274,5.924891e+01,7.052952e-03,C,6.901626e-02,1.333333e-01,6.6688%,7.802999e-03,6.994094e-03,3.816337e-04,1.962765e-16,1.170120e-10,2.993349e-05,3.285650e-07,0.000000e+00,0.000000e+00,1.550633e-18,0.000000e+00,0.000000e+00,0.000000e+00,0.000000e+00,0.000000e+00,0.000000e+00,3.082639e-18,1.937272e-32,1.555640e-18,4.550496e-33,9.114901e-24,1.526346e-18,2.471489e-21,-4.176447e-43,-3.057788e-18,-1.528913e-18,-1.555316e-18,-3.783252e-33,-9.114785e-24,-1.526388e-18,-2.472344e-21,-3.782508e-33,0.000000e+00,0.000000e+00,0.000000e+00,0.000000e+00,0.000000e+00,0.000000e+00,0.000000e+00,0.000000e+00,2.485048e-20,2.171989e-20,3.242019e-22,7.672442e-34,1.162141e-28,-4.189799e-23,-8.549659e-25,-3.782508e-33
4390.1332,200.00,329.6378,5.933180e+01,7.016006e-03,C,6.906112e-02,1.333333e-01,6.6730%,7.818668e-03,7.007827e-03,3.818475e-04,1.969201e-16,1.170927e-10,2.991371e-05,3.280486e-07,0.000000e+00,0.000000e+00,1.550633e-18,0.000000e+00,0.000000e+00,0.000000e+00,0.000000e+00,0.000000e+00,0.000000e+00,3.082718e-18,1.435016e-32,1.555741e-18,4.547004e-33,9.114362e-24,1.526460e-18,2.470638e-21,2.088224e-43,-3.058014e-18,-1.529026e-18,-1.555420e-18,-3.783499e-33,-9.114242e-24,-1.526502e-18,-2.471480e-21,-3.782751e-33,0.000000e+00,0.000000e+00,0.000000e+00,0.000000e+00,0.000000e+00,0.000000e+00,0.000000e+00,0.000000e+00,2.470356e-20,2.160690e-20,3.212204e-22,7.635043e-34,1.203735e-28,-4.140106e-23,-8.426802e-25,-3.782751e-33
4410.1332,200.00,329.6481,5.941392e+01,6.974437e-03,C,6.910566e-02,1.333333e-01,6.6772%,7.834246e-03,7.021476e-03,3.820586e-04,1.979330e-16,1.171853e-10,2.989421e-05,3.275381e-07,0.000000e+00,0.000000e+00,1.550633e-18,0.000000e+00,0.000000e+00,0.000000e+00,0.000000e+00,0.000000e+00,0.000000e+00,3.082827e-18,2.296026e-32,1.555857e-18,4.543632e-33,9.113821e-24,1.526589e-18,2.469825e-21,2.088224e-43,-3.058268e-18,-1.529153e-18,-1.555537e-18,-3.783786e-33,-9.111645e-24,-1.526630e-18,-2.470660e-21,-3.783037e-33,0.000000e+00,0.000000e+00,0.000000e+00,0.000000e+00,0.000000e+00,0.000000e+00,0.000000e+00,0.000000e+00,2.455855e-20,2.147977e-20,3.203519e-22,7.598462e-34,2.176551e-27,-4.104189e-23,-8.343961e-25,-3.783037e-33
4430.1332,200.00,329.6584,5.949582e+01,6.932047e-03,C,6.915006e-02,1.333333e-01,6.6813%,7.849732e-03,7.035045e-03,3.822691e-04,1.984151e-16,1.172519e-10,2.987495e-05,3.270327e-07,0.000000e+00,0.000000e+00,1.550633e-18,0.000000e+00,0.000000e+00,0.000000e+00,0.000000e+00,0.000000e+00,0.000000e+00,3.082942e-18,1.650269e-32,1.555975e-18,4.540311e-33,9.113301e-24,1.526719e-18,2.469024e-21,3.341158e-43,-3.058528e-18,-1.529283e-18,-1.555655e-18,-3.784081e-33,-9.113185e-24,-1.526760e-18,-2.469851e-21,-3.783330e-33,0.000000e+00,0.000000e+00,0.000000e+00,0.000000e+00,0.000000e+00,0.000000e+00,0.000000e+00,0.000000e+00,2.441467e-20,2.135012e-20,3.199579e-22,7.562301e-34,1.158651e-28,-4.071808e-23,-8.270821e-25,-3.783330e-33
4450.1332,200.00,329.6686,5.957720e+01,6.886891e-03,C,6.919422e-02,1.333333e-01,6.6855%,7.865127e-03,7.048535e-03,3.824779e-04,1.995936e-16,1.173309e-10,2.985597e-05,3.265329e-07,0.000000e+00,0.000000e+00,1.550633e-18,0.000000e+00,0.000000e+00,0.000000e+00,0.000000e+00,0.000000e+00,0.000000e+00,3.083076e-18,2.296026e-32,1.556102e-18,4.537077e-33,9.112784e-24,1.526858e-18,2.468247e-21,-3.758802e-43,-3.058804e-18,-1.529421e-18,-1.555781e-18,-3.784402e-33,-9.114442e-24,-1.526899e-18,-2.469069e-21,-3.783647e-33,0.000000e+00,0.000000e+00,0.000000e+00,0.000000e+00,0.000000e+00,0.000000e+00,0.000000e+00,0.000000e+00,2.427225e-20,2.121199e-20,3.208518e-22,7.526745e-34,-1.658107e-27,-4.050445e-23,-8.222367e-25,-3.783647e-33
4470.1332,200.00,329.6789,5.965872e+01,6.842694e-03,C,6.923850e-02,1.333333e-01,6.6896%,7.880433e-03,7.061946e-03,3.826872e-04,2.002998e-16,1.174105e-10,2.983717e-05,3.260379e-07,0.000000e+00,0.000000e+00,1.550633e-18,0.000000e+00,0.000000e+00,0.000000e+00,0.000000e+00,0.000000e+00,0.000000e+00,3.083204e-18,2.009023e-32,1.556226e-18,4.533860e-33,9.112308e-24,1.526994e-18,2.467467e-21,-1.252934e-43,-3.059074e-18,-1.529556e-18,-1.555905e-18,-3.784721e-33,-9.112191e-24,-1.527035e-18,-2.468285e-21,-3.783959e-33,0.000000e+00,0.000000e+00,0.000000e+00,0.000000e+00,0.000000e+00,0.000000e+00,0.000000e+00,0.000000e+00,2.412969e-20,2.107679e-20,3.210370e-22,7.491393e-34,1.167959e-28,-4.067859e-23,-8.179392e-25,-3.783959e-33
4490.1332,200.00,329.6890,5.973923e+01,6.850171e-03,C,6.928223e-02,1.333333e-01,6.6937%,7.895646e-03,7.075277e-03,3.828928e-04,2.009065e-16,1.174882e-10,2.981758e-05,3.255459e-07,0.000000e+00,0.000000e+00,1.550633e-18,0.000000e+00,0.000000e+00,0.000000e+00,0.000000e+00,0.000000e+00,0.000000e+00,3.083011e-18,1.650269e-32,1.556190e-18,4.529609e-33,9.111696e-24,1.526975e-18,2.466370e-21,7.099960e-43,-3.059028e-18,-1.529533e-18,-1.555889e-18,-3.771385e-33,-9.111578e-24,-1.527013e-18,-2.467142e-21,-3.771859e-33,0.000000e+00,0.000000e+00,0.000000e+00,0.000000e+00,0.000000e+00,0.000000e+00,0.000000e+00,0.000000e+00,2.398244e-20,2.109967e-20,3.006822e-22,7.582236e-34,1.186496e-28,-3.828063e-23,-7.725969e-25,-3.771859e-33
4510.1332,200.00,329.6991,5.981966e+01,6.800678e-03,C,6.932596e-02,1.333333e-01,6.6977%,7.910773e-03,7.088531e-03,3.830986e-04,2.016486e-16,1.175666e-10,2.979929e-05,3.250615e-07,0.000000e+00,0.000000e+00,1.550633e-18,0.000000e+00,0.000000e+00,0.000000e+00,0.000000e+00,0.000000e+00,0.000000e+00,3.083175e-18,2.367777e-32,1.556330e-18,4.526558e-33,9.111232e-24,1.527127e-18,2.465639e-21,3.758802e-43,-3.059331e-18,-1.529685e-18,-1.556026e-18,-3.785054e-33,-9.111120e-24,-1.527165e-18,-2.466411e-21,-3.784290e-33,0.000000e+00,0.000000e+00,0.000000e+00,0.000000e+00,0.000000e+00,0.000000e+00,0.000000e+00,0.000000e+00,2.384349e-20,2.094825e-20,3.037529e-22,7.415039e-34,1.117780e-28,-3.825388e-23,-7.720836e-25,-3.784290e-33
4530.1332,200.00,329.7091,5.989930e+01,6.748587e-03,C,6.936930e-02,1.333333e-01,6.7018%,7.925813e-03,7.101705e-03,3.833032e-04,2.024792e-16,1.176446e-10,2.978123e-05,3.245816e-07,0.000000e+00,0.000000e+00,1.550633e-18,0.000000e+00,0.000000e+00,0.000000e+00,0.000000e+00,0.000000e+00,0.000000e+00,3.083356e-18,2.367777e-32,1.556479e-18,4.523596e-33,9.110775e-24,1.527287e-18,2.464932e-21,-2.505868e-43,-3.059650e-18,-1.529844e-18,-1.556171e-18,-3.785444e-33,-9.110662e-24,-1.527325e-18,-2.465706e-21,-3.784678e-33,0.000000e+00,0.000000e+00,0.000000e+00,0.000000e+00,0.000000e+00,0.000000e+00,0.000000e+00,0.000000e+00,2.370621e-20,2.078887e-20,3.080767e-22,7.381520e-34,1.135568e-28,-3.828861e-23,-7.738380e-25,-3.784678e-33
4550.1332,200.00,329.7191,5.997886e+01,6.695690e-03,C,6.941257e-02,1.333333e-01,6.7058%,7.940764e-03,7.114803e-03,3.835070e-04,2.030136e-16,1.177225e-10,2.976339e-05,3.241069e-07,0.000000e+00,0.000000e+00,1.550633e-18,0.000000e+00,0.000000e+00,0.000000e+00,0.000000e+00,0.000000e+00,0.000000e+00,3.083543e-18,2.224275e-32,1.556631e-18,4.520680e-33,9.110337e-24,1.527449e-18,2.464236e-21,-8.352894e-44,-3.059973e-18,-1.530006e-18,-1.556318e-18,-3.785842e-33,-9.110216e-24,-1.527487e-18,-2.465013e-21,-3.785073e-33,0.000000e+00,0.000000e+00,0.000000e+00,0.000000e+00,0.000000e+00,0.000000e+00,0.000000e+00,0.000000e+00,2.356972e-20,2.062700e-20,3.127479e-22,7.348377e-34,1.207510e-28,-3.848124e-23,-7.764166e-25,-3.785073e-33
4570.1332,200.00,329.7291,6.005838e+01,6.641865e-03,C,6.945587e-02,1.333333e-01,6.7099%,7.955628e-03,7.127827e-03,3.837101e-04,2.036564e-16,1.178003e-10,2.974578e-05,3.236373e-07,0.000000e+00,0.000000e+00,1.550633e-18,0.000000e+00,0.000000e+00,0.000000e+00,0.000000e+00,0.000000e+00,0.000000e+00,3.083736e-18,1.937272e-32,1.556785e-18,4.517809e-33,9.109917e-24,1.527614e-18,2.463550e-21,-2.088224e-43,-3.060303e-18,-1.530171e-18,-1.556467e-18,-3.786246e-33,-9.109796e-24,-1.527653e-18,-2.464331e-21,-3.785475e-33,0.000000e+00,0.000000e+00,0.000000e+00,0.000000e+00,0.000000e+00,0.000000e+00,0.000000e+00,0.000000e+00,2.343360e-20,2.046228e-20,3.175621e-22,7.315632e-34,1.208439e-28,-3.903596e-23,-7.809074e-25,-3.785475e-33
4590.1332,200.00,329.7390,6.013700e+01,6.641612e-03,C,6.949875e-02,1.333333e-01,6.7139%,7.970403e-03,7.140771e-03,3.839109e-04,2.041239e-16,1.178769e-10,2.972731e-05,3.231695e-07,0.000000e+00,0.000000e+00,1.550633e-18,0.000000e+00,0.000000e+00,0.000000e+00,0.000000e+00,0.000000e+00,0.000000e+00,3.083596e-18,1.793770e-32,1.556773e-18,4.513874e-33,9.109376e-24,1.527617e-18,2.462533e-21,-4.176447e-44,-3.060304e-18,-1.530171e-18,-1.556471e-18,-3.786295e-33,-9.110798e-24,-1.527654e-18,-2.463277e-21,-3.785520e-33,0.000000e+00,0.000000e+00,0.000000e+00,0.000000e+00,0.000000e+00,0.000000e+00,0.000000e+00,0.000000e+00,2.329221e-20,2.046151e-20,3.011014e-22,7.275789e-34,-1.421901e-27,-3.699120e-23,-7.436546e-25,-3.785520e-33
4610.1332,200.00,329.7489,6.021556e+01,6.585072e-03,C,6.954155e-02,1.333333e-01,6.7179%,7.985095e-03,7.153641e-03,3.841107e-04,2.047981e-16,1.179536e-10,2.971017e-05,3.227096e-07,0.000000e+00,0.000000e+00,1.550633e-18,0.000000e+00,0.000000e+00,0.000000e+00,0.000000e+00,0.000000e+00,0.000000e+00,3.083824e-18,2.152524e-32,1.556943e-18,4.511166e-33,9.108973e-24,1.527798e-18,2.461895e-21,6.682315e-43,-3.060650e-18,-1.530344e-18,-1.556839e-18,-3.787111e-33,-9.108960e-24,-1.527828e-18,-2.462555e-21,-3.786331e-33,0.000000e+00,0.000000e+00,0.000000e+00,0.000000e+00,0.000000e+00,0.000000e+00,0.000000e+00,0.000000e+00,2.317434e-20,2.028846e-20,1.038599e-22,7.240547e-34,1.291685e-29,-3.009824e-23,-6.598345e-25,-3.786331e-33
4630.1332,200.00,329.7587,6.029373e+01,6.524670e-03,C,6.958421e-02,1.333333e-01,6.7218%,7.999701e-03,7.166437e-03,3.843113e-04,2.052842e-16,1.180309e-10,2.969320e-05,3.222536e-07,0.000000e+00,0.000000e+00,1.550633e-18,0.000000e+00,0.000000e+00,0.000000e+00,0.000000e+00,0.000000e+00,0.000000e+00,3.084047e-18,2.726531e-32,1.557111e-18,4.508479e-33,9.108597e-24,1.527975e-18,2.461254e-21,-5.847026e-43,-3.061020e-18,-1.530529e-18,-1.556795e-18,-3.787150e-33,-9.108479e-24,-1.528013e-18,-2.462014e-21,-3.785663e-33,0.000000e+00,0.000000e+00,0.000000e+00,0.000000e+00,0.000000e+00,0.000000e+00,0.000000e+00,0.000000e+00,2.302704e-20,2.010357e-20,3.155832e-22,7.213281e-34,1.175674e-28,-3.805842e-23,-7.598954e-25,-3.785663e-33
4650.1332,200.00,329.7684,6.037103e+01,6.518432e-03,C,6.962639e-02,1.333333e-01,6.7258%,8.014221e-03,7.179155e-03,3.845083e-04,2.062563e-16,1.181063e-10,2.967540e-05,3.218001e-07,0.000000e+00,0.000000e+00,1.550633e-18,0.000000e+00,0.000000e+00,0.000000e+00,0.000000e+00,0.000000e+00,0.000000e+00,3.083947e-18,2.296026e-32,1.557117e-18,4.504753e-33,9.108087e-24,1.527997e-18,2.460294e-21,-2.088224e-43,-3.061058e-18,-1.530548e-18,-1.556815e-18,-3.787298e-33,-9.110135e-24,-1.528033e-18,-2.461022e-21,-3.786517e-33,0.000000e+00,0.000000e+00,0.000000e+00,0.000000e+00,0.000000e+00,0.000000e+00,0.000000e+00,0.000000e+00,2.288936e-20,2.008447e-20,3.019613e-22,7.174547e-34,-2.048016e-27,-3.632247e-23,-7.283257e-25,-3.786517e-33
4670.1332,200.00,329.7782,6.044881e+01,6.457741e-03,C,6.966884e-02,1.333333e-01,6.7297%,8.028659e-03,7.191804e-03,3.847052e-04,2.070344e-16,1.181823e-10,2.965891e-05,3.213542e-07,0.000000e+00,0.000000e+00,1.550633e-18,0.000000e+00,0.000000e+00,0.000000e+00,0.000000e+00,0.000000e+00,0.000000e+00,3.084204e-18,2.798282e-32,1.557301e-18,4.502217e-33,9.107727e-24,1.528190e-18,2.459700e-21,-2.923513e-43,-3.061429e-18,-1.530734e-18,-1.557195e-18,-3.788151e-33,-9.107712e-24,-1.528220e-18,-2.460348e-21,-3.787366e-33,0.000000e+00,0.000000e+00,0.000000e+00,0.000000e+00,0.000000e+00,0.000000e+00,0.000000e+00,0.000000e+00,2.277486e-20,1.989867e-20,1.064366e-22,7.140656e-34,1.441528e-29,-2.959068e-23,-6.484938e-25,-3.787366e-33
4690.1332,200.00,329.7878,6.052560e+01,6.447426e-03,C,6.971080e-02,1.333333e-01,6.7336%,8.043010e-03,7.204376e-03,3.849010e-04,2.076081e-16,1.182577e-10,2.964151e-05,3.209097e-07,0.000000e+00,0.000000e+00,1.550633e-18,0.000000e+00,0.000000e+00,0.000000e+00,0.000000e+00,0.000000e+00,0.000000e+00,3.084116e-18,2.439528e-32,1.557313e-18,4.498581e-33,9.107260e-24,1.528216e-18,2.458760e-21,2.088224e-43,-3.061493e-18,-1.530766e-18,-1.557014e-18,-3.787904e-33,-9.107147e-24,-1.528252e-18,-2.459471e-21,-3.787117e-33,0.000000e+00,0.000000e+00,0.000000e+00,0.000000e+00,0.000000e+00,0.000000e+00,0.000000e+00,0.000000e+00,2.262377e-20,1.986709e-20,2.985224e-22,7.106774e-34,1.128870e-28,-3.555641e-23,-7.113486e-25,-3.787117e-33
4710.1332,200.00,329.7974,6.060203e+01,6.381087e-03,C,6.975257e-02,1.333333e-01,6.7375%,8.057281e-03,7.216875e-03,3.850962e-04,2.084795e-16,1.183332e-10,2.962540e-05,3.204719e-07,0.000000e+00,0.000000e+00,1.550633e-18,0.000000e+00,0.000000e+00,0.000000e+00,0.000000e+00,0.000000e+00,0.000000e+00,3.084396e-18,3.013534e-32,1.557507e-18,4.496182e-33,9.106917e-24,1.528419e-18,2.458199e-21,4.594092e-43,-3.061899e-18,-1.530969e-18,-1.557197e-18,-3.788427e-33,-9.106800e-24,-1.528456e-18,-2.458925e-21,-3.787638e-33,0.000000e+00,0.000000e+00,0.000000e+00,0.000000e+00,0.000000e+00,0.000000e+00,0.000000e+00,0.000000e+00,2.249698e-20,1.966397e-20,3.096962e-22,7.077548e-34,1.173074e-28,-3.621013e-23,-7.257315e-25,-3.787638e-33
4730.1332,200.00,329.8070,6.067819e+01,6.370309e-03,C,6.979425e-02,1.333333e-01,6.7414%,8.071467e-03,7.229301e-03,3.852900e-04,2.090804e-16,1.184081e-10,2.960840e-05,3.200358e-07,0.000000e+00,0.000000e+00,1.550633e-18,0.000000e+00,0.000000e+00,0.000000e+00,0.000000e+00,0.000000e+00,0.000000e+00,3.084330e-18,2.152524e-32,1.557529e-18,4.492673e-33,9.106473e-24,1.528456e-18,2.457292e-21,5.011737e-43,-3.061965e-18,-1.531002e-18,-1.557231e-18,-3.788577e-33,-9.106360e-24,-1.528489e-18,-2.457974e-21,-3.787786e-33,0.000000e+00,0.000000e+00,0.000000e+00,0.000000e+00,0.000000e+00,0.000000e+00,0.000000e+00,0.000000e+00,2.236539e-20,1.963097e-20,2.982906e-22,7.040955e-34,1.134066e-28,-3.381642e-23,-6.812360e-25,-3.787786e-33
4750.1332,200.00,329.8166,6.075434e+01,6.300025e-03,C,6.983580e-02,1.333333e-01,6.7453%,8.085573e-03,7.241657e-03,3.854828e-04,2.098351e-16,1.184829e-10,2.959273e-05,3.196073e-07,0.000000e+00,0.000000e+00,1.550633e-18,0.000000e+00,0.000000e+00,0.000000e+00,0.000000e+00,0.000000e+00,0.000000e+00,3.084632e-18,2.583029e-32,1.557734e-18,4.490389e-33,9.106153e-24,1.528669e-18,2.456764e-21,-2.505868e-43,-3.062395e-18,-1.531217e-18,-1.557423e-18,2.546799e-32,-9.106035e-24,-1.528705e-18,-2.457483e-21,-3.788333e-33,0.000000e+00,0.000000e+00,0.000000e+00,0.000000e+00,0.000000e+00,0.000000e+00,0.000000e+00,0.000000e+00,2.223727e-20,1.941573e-20,3.105521e-22,2.995838e-32,1.179533e-28,-3.637484e-23,-7.185602e-25,-3.788333e-33
4770.1332,200.00,329.8260,6.082950e+01,6.283886e-03,C,6.987704e-02,1.333333e-01,6.7492%,8.099596e-03,7.253939e-03,3.856732e-04,2.103781e-16,1.185565e-10,2.957617e-05,3.191804e-07,0.000000e+00,0.000000e+00,1.550633e-18,0.000000e+00,0.000000e+00,0.000000e+00,0.000000e+00,0.000000e+00,0.000000e+00,3.084601e-18,2.296026e-32,1.557772e-18,4.487032e-33,9.105719e-24,1.528721e-18,2.455904e-21,-3.341158e-43,-3.062494e-18,-1.531267e-18,-1.557470e-18,-3.789318e-33,-9.105603e-24,-1.528755e-18,-2.456600e-21,-3.788521e-33,0.000000e+00,0.000000e+00,0.000000e+00,0.000000e+00,0.000000e+00,0.000000e+00,0.000000e+00,0.000000e+00,2.210722e-20,1.936631e-20,3.020892e-22,6.977133e-34,1.161662e-28,-3.471419e-23,-6.962264e-25,-3.788521e-33
4790.1332,200.00,329.8355,6.090481e+01,6.268635e-03,C,6.991833e-02,1.333333e-01,6.7530%,8.113538e-03,7.266151e-03,3.858643e-04,2.109781e-16,1.186307e-10,2.955977e-05,3.187572e-07,0.000000e+00,0.000000e+00,1.550633e-18,0.000000e+00,0.000000e+00,0.000000e+00,0.000000e+00,0.000000e+00,0.000000e+00,3.084563e-18,2.583029e-32,1.557807e-18,4.483687e-33,9.105313e-24,1.528769e-18,2.455040e-21,0.000000e+00,-3.062587e-18,-1.531313e-18,-1.557514e-18,-3.789505e-33,-9.106025e-24,-1.528803e-18,-2.455715e-21,-3.788706e-33,0.000000e+00,0.000000e+00,0.000000e+00,0.000000e+00,0.000000e+00,0.000000e+00,0.000000e+00,0.000000e+00,2.197594e-20,1.931959e-20,2.924289e-22,6.941818e-34,-7.116361e-28,-3.393874e-23,-6.748626e-25,-3.788706e-33
4810.1332,200.00,329.8449,6.097956e+01,6.195070e-03,C,6.995929e-02,1.333333e-01,6.7568%,8.127401e-03,7.278292e-03,3.860548e-04,2.114161e-16,1.187051e-10,2.954464e-05,3.183406e-07,0.000000e+00,0.000000e+00,1.550633e-18,0.000000e+00,0.000000e+00,0.000000e+00,0.000000e+00,0.000000e+00,0.000000e+00,3.084892e-18,2.224275e-32,1.558024e-18,4.481576e-33,9.105032e-24,1.528994e-18,2.454553e-21,-8.352894e-44,-3.063038e-18,-1.531539e-18,-1.557717e-18,-3.790095e-33,-9.104914e-24,-1.529028e-18,-2.455249e-21,-3.789290e-33,0.000000e+00,0.000000e+00,0.000000e+00,0.000000e+00,0.000000e+00,0.000000e+00,0.000000e+00,0.000000e+00,2.185464e-20,1.909427e-20,3.070687e-22,6.914808e-34,1.178387e-28,-3.486726e-23,-6.953138e-25,-3.789290e-33
4830.1332,200.00,329.8542,6.105372e+01,6.174826e-03,C,6.999996e-02,1.333333e-01,6.7606%,8.141183e-03,7.290362e-03,3.862427e-04,2.119264e-16,1.187781e-10,2.952865e-05,3.179258e-07,0.000000e+00,0.000000e+00,1.550633e-18,0.000000e+00,0.000000e+00,0.000000e+00,0.000000e+00,0.000000e+00,0.000000e+00,3.084888e-18,2.439528e-32,1.558074e-18,4.478384e-33,9.104637e-24,1.529057e-18,2.453735e-21,2.088224e-43,-3.063162e-18,-1.531601e-18,-1.557775e-18,-3.790323e-33,-9.104521e-24,-1.529091e-18,-2.454413e-21,-3.789520e-33,0.000000e+00,0.000000e+00,0.000000e+00,0.000000e+00,0.000000e+00,0.000000e+00,0.000000e+00,0.000000e+00,2.172637e-20,1.903225e-20,2.999164e-22,6.880615e-34,1.154354e-28,-3.408820e-23,-6.779844e-25,-3.789520e-33
4850.1332,200.00,329.8635,6.112785e+01,6.153837e-03,C,7.004062e-02,1.333333e-01,6.7644%,8.154885e-03,7.302364e-03,3.864299e-04,2.123603e-16,1.188511e-10,2.951285e-05,3.175152e-07,0.000000e+00,0.000000e+00,1.550633e-18,0.000000e+00,0.000000e+00,0.000000e+00,0.000000e+00,0.000000e+00,0.000000e+00,3.084889e-18,2.798282e-32,1.558127e-18,4.475231e-33,9.104259e-24,1.529123e-18,2.452926e-21,-2.088224e-43,-3.063290e-18,-1.531665e-18,-1.557834e-18,-3.790556e-33,-9.104146e-24,-1.529156e-18,-2.453587e-21,-3.789750e-33,0.000000e+00,0.000000e+00,0.000000e+00,0.000000e+00,0.000000e+00,0.000000e+00,0.000000e+00,0.000000e+00,2.159901e-20,1.896796e-20,2.931801e-22,6.846754e-34,1.134467e-28,-3.334761e-23,-6.615124e-25,-3.789750e-33
4870.1332,200.00,329.8728,6.120190e+01,6.132176e-03,C,7.008130e-02,1.333333e-01,6.7682%,8.168509e-03,7.314299e-03,3.866165e-04,2.132059e-16,1.189240e-10,2.949724e-05,3.171088e-07,0.000000e+00,0.000000e+00,1.550633e-18,0.000000e+00,0.000000e+00,0.000000e+00,0.000000e+00,0.000000e+00,0.000000e+00,3.084895e-18,2.798282e-32,1.558182e-18,4.472120e-33,9.103897e-24,1.529191e-18,2.452125e-21,-6.682315e-43,-3.063423e-18,-1.531731e-18,-1.557896e-18,-3.790791e-33,-9.103786e-24,-1.529223e-18,-2.452771e-21,-3.789946e-33,0.000000e+00,0.000000e+00,0.000000e+00,0.000000e+00,0.000000e+00,0.000000e+00,0.000000e+00,0.000000e+00,2.147253e-20,1.890160e-20,2.868168e-22,6.813282e-34,1.115688e-28,-3.265741e-23,-6.458342e-25,-3.789946e-33
4890.1332,200.00,329.8820,6.127518e+01,6.052188e-03,C,7.012153e-02,1.333333e-01,6.7719%,8.182056e-03,7.326162e-03,3.868029e-04,2.137416e-16,1.190295e-10,2.948287e-05,3.167082e-07,0.000000e+00,0.000000e+00,1.550633e-18,0.000000e+00,0.000000e+00,0.000000e+00,0.000000e+00,0.000000e+00,0.000000e+00,3.085268e-18,2.439528e-32,1.558420e-18,4.470248e-33,9.103653e-24,1.529435e-18,2.451703e-21,2.505868e-43,-3.063913e-18,-1.531976e-18,-1.558116e-18,-3.791439e-33,-9.098428e-24,-1.529469e-18,-2.452374e-21,-3.790629e-33,0.000000e+00,0.000000e+00,0.000000e+00,0.000000e+00,0.000000e+00,0.000000e+00,0.000000e+00,0.000000e+00,2.135568e-20,1.865653e-20,3.044750e-22,6.788096e-34,5.225076e-27,-3.380317e-23,-6.714022e-25,-3.790629e-33
4910.1332,200.00,329.8912,6.134804e+01,6.025506e-03,C,7.016163e-02,1.333333e-01,6.7757%,8.195524e-03,7.337955e-03,3.869867e-04,2.143259e-16,1.190690e-10,2.946762e-05,3.163092e-07,0.000000e+00,0.000000e+00,1.550633e-18,0.000000e+00,0.000000e+00,0.000000e+00,0.000000e+00,0.000000e+00,0.000000e+00,3.085308e-18,2.941783e-32,1.558491e-18,4.467293e-33,9.103298e-24,1.529518e-18,2.450948e-21,1.670579e-43,-3.064076e-18,-1.532058e-18,-1.558191e-18,-3.791723e-33,-9.103182e-24,-1.529551e-18,-2.451608e-21,-3.790912e-33,0.000000e+00,0.000000e+00,0.000000e+00,0.000000e+00,0.000000e+00,0.000000e+00,0.000000e+00,0.000000e+00,2.123175e-20,1.857477e-20,3.003926e-22,6.755701e-34,1.167538e-28,-3.327933e-23,-6.597288e-25,-3.790912e-33
4930.1332,200.00,329.9003,6.142061e+01,5.998223e-03,C,7.020152e-02,1.333333e-01,6.7794%,8.208914e-03,7.349681e-03,3.871699e-04,2.149172e-16,1.191408e-10,2.945255e-05,3.159141e-07,0.000000e+00,0.000000e+00,1.550633e-18,0.000000e+00,0.000000e+00,0.000000e+00,0.000000e+00,0.000000e+00,0.000000e+00,3.085352e-18,2.080774e-32,1.558564e-18,4.464377e-33,9.102960e-24,1.529603e-18,2.450202e-21,-4.176447e-44,-3.064243e-18,-1.532142e-18,-1.558267e-18,-3.792014e-33,-9.102844e-24,-1.529635e-18,-2.450851e-21,-3.791199e-33,0.000000e+00,0.000000e+00,0.000000e+00,0.000000e+00,0.000000e+00,0.000000e+00,0.000000e+00,0.000000e+00,2.110876e-20,1.849117e-20,2.966641e-22,6.723635e-34,1.157470e-28,-3.278699e-23,-6.487594e-25,-3.791199e-33
4950.1332,200.00,329.9094,6.149300e+01,5.970278e-03,C,7.024131e-02,1.333333e-01,6.7831%,8.222227e-03,7.361341e-03,3.873527e-04,2.154295e-16,1.192126e-10,2.943765e-05,3.155226e-07,0.000000e+00,0.000000e+00,1.550633e-18,0.000000e+00,0.000000e+00,0.000000e+00,0.000000e+00,0.000000e+00,0.000000e+00,3.085401e-18,2.654780e-32,1.558639e-18,4.461502e-33,9.102637e-24,1.529689e-18,2.449465e-21,3.341158e-43,-3.064415e-18,-1.532227e-18,-1.558346e-18,-2.131510e-33,-9.102522e-24,-1.529722e-18,-2.450103e-21,-3.791493e-33,0.000000e+00,0.000000e+00,0.000000e+00,0.000000e+00,0.000000e+00,0.000000e+00,0.000000e+00,0.000000e+00,2.098666e-20,1.840553e-20,2.933087e-22,2.329992e-33,1.148958e-28,-3.232737e-23,-6.385182e-25,-3.791493e-33
4970.1332,200.00,329.9184,6.156488e+01,5.939853e-03,C,7.028089e-02,1.333333e-01,6.7868%,8.235464e-03,7.372934e-03,3.875338e-04,2.159591e-16,1.193042e-10,2.942294e-05,3.151351e-07,0.000000e+00,0.000000e+00,1.550633e-18,0.000000e+00,0.000000e+00,0.000000e+00,0.000000e+00,0.000000e+00,0.000000e+00,3.085467e-18,2.941783e-32,1.558722e-18,4.458700e-33,9.102318e-24,1.529784e-18,2.448750e-21,6.682315e-43,-3.064601e-18,-1.532321e-18,-1.558431e-18,-3.792622e-33,-9.098974e-24,-1.529816e-18,-2.449380e-21,-3.791849e-33,0.000000e+00,0.000000e+00,0.000000e+00,0.000000e+00,0.000000e+00,0.000000e+00,0.000000e+00,0.000000e+00,2.086587e-20,1.831229e-20,2.910879e-22,6.660777e-34,3.343586e-27,-3.194963e-23,-6.302811e-25,-3.791849e-33
4990.1332,200.00,329.9275,6.163680e+01,5.908733e-03,C,7.032052e-02,1.333333e-01,6.7905%,8.248626e-03,7.384461e-03,3.877144e-04,2.164047e-16,1.193549e-10,2.940839e-05,3.147513e-07,0.000000e+00,0.000000e+00,1.550633e-18,0.000000e+00,0.000000e+00,0.000000e+00,0.000000e+00,0.000000e+00,0.000000e+00,3.085537e-18,2.654780e-32,1.558807e-18,4.455937e-33,9.102013e-24,1.529880e-18,2.448044e-21,1.252934e-43,-3.064792e-18,-1.532416e-18,-1.558518e-18,-3.792945e-33,-9.101899e-24,-1.529912e-18,-2.448666e-21,-3.792125e-33,0.000000e+00,0.000000e+00,0.000000e+00,0.000000e+00,0.000000e+00,0.000000e+00,0.000000e+00,0.000000e+00,2.074577e-20,1.821691e-20,2.892173e-22,6.629912e-34,1.140393e-28,-3.162039e-23,-6.227298e-25,-3.792125e-33
5010.1332,200.00,329.9364,6.170797e+01,5.877121e-03,C,7.035972e-02,1.333333e-01,6.7942%,8.261712e-03,7.395920e-03,3.878949e-04,2.172112e-16,1.194262e-10,2.939398e-05,3.143705e-07,0.000000e+00,0.000000e+00,1.550633e-18,0.000000e+00,0.000000e+00,0.000000e+00,0.000000e+00,0.000000e+00,0.000000e+00,3.085612e-18,2.870033e-32,1.558894e-18,4.453221e-33,9.101724e-24,1.529978e-18,2.447346e-21,1.002347e-42,-3.064985e-18,-1.532513e-18,-1.558606e-18,-3.793278e-33,-9.101610e-24,-1.530009e-18,-2.447962e-21,-3.792454e-33,0.000000e+00,0.000000e+00,0.000000e+00,0.000000e+00,0.000000e+00,0.000000e+00,0.000000e+00,0.000000e+00,2.062669e-20,1.812002e-20,2.876733e-22,6.599426e-34,1.137776e-28,-3.129999e-23,-6.157782e-25,-3.792454e-33
5030.1332,200.00,329.9453,6.177881e+01,5.841049e-03,C,7.039876e-02,1.333333e-01,6.7978%,8.274724e-03,7.407314e-03,3.880723e-04,2.177309e-16,1.194961e-10,2.937981e-05,3.139941e-07,0.000000e+00,0.000000e+00,1.550633e-18,0.000000e+00,0.000000e+00,0.000000e+00,0.000000e+00,0.000000e+00,0.000000e+00,3.085716e-18,3.300538e-32,1.558994e-18,4.450603e-33,9.101425e-24,1.530089e-18,2.446684e-21,-4.176447e-44,-3.065206e-18,-1.532623e-18,-1.558706e-18,-3.793639e-33,-9.101311e-24,-1.530120e-18,-2.447296e-21,-3.792812e-33,0.000000e+00,0.000000e+00,0.000000e+00,0.000000e+00,0.000000e+00,0.000000e+00,0.000000e+00,0.000000e+00,2.050913e-20,1.800945e-20,2.880438e-22,6.569638e-34,1.141698e-28,-3.113833e-23,-6.121253e-25,-3.792812e-33
5050.1332,200.00,329.9542,6.184961e+01,5.806251e-03,C,7.043784e-02,1.333333e-01,6.8014%,8.287661e-03,7.418644e-03,3.882506e-04,2.183372e-16,1.195709e-10,2.936576e-05,3.136208e-07,0.000000e+00,0.000000e+00,1.550633e-18,0.000000e+00,0.000000e+00,0.000000e+00,0.000000e+00,0.000000e+00,0.000000e+00,3.085812e-18,2.654780e-32,1.559091e-18,4.447994e-33,9.101152e-24,1.530196e-18,2.446017e-21,5.429381e-43,-3.065420e-18,-1.532730e-18,-1.558803e-18,-3.793992e-33,-9.101124e-24,-1.530227e-18,-2.446625e-21,-3.793164e-33,0.000000e+00,0.000000e+00,0.000000e+00,0.000000e+00,0.000000e+00,0.000000e+00,0.000000e+00,0.000000e+00,2.039206e-20,1.790278e-20,2.879735e-22,6.540016e-34,2.759004e-29,-3.095511e-23,-6.077914e-25,-3.793164e-33
5070.1332,200.00,329.9630,6.191983e+01,5.769111e-03,C,7.047658e-02,1.333333e-01,6.8050%,8.300524e-03,7.429908e-03,3.884273e-04,2.190549e-16,1.196366e-10,2.935189e-05,3.132512e-07,0.000000e+00,0.000000e+00,1.550633e-18,0.000000e+00,0.000000e+00,0.000000e+00,0.000000e+00,0.000000e+00,0.000000e+00,3.085924e-18,3.300538e-32,1.559196e-18,4.445458e-33,9.100884e-24,1.530311e-18,2.445372e-21,9.605828e-43,-3.065647e-18,-1.532844e-18,-1.558906e-18,-3.794368e-33,-9.100768e-24,-1.530342e-18,-2.445977e-21,-3.793539e-33,0.000000e+00,0.000000e+00,0.000000e+00,0.000000e+00,0.000000e+00,0.000000e+00,0.000000e+00,0.000000e+00,2.027661e-20,1.778892e-20,2.891892e-22,6.510894e-34,1.159618e-28,-3.065089e-23,-6.051391e-25,-3.793539e-33
5090.1332,200.00,329.9718,6.198970e+01,5.731308e-03,C,7.051513e-02,1.333333e-01,6.8086%,8.313315e-03,7.441106e-03,3.886037e-04,2.198526e-16,1.197159e-10,2.933814e-05,3.128844e-07,0.000000e+00,0.000000e+00,1.550633e-18,0.000000e+00,0.000000e+00,0.000000e+00,0.000000e+00,0.000000e+00,0.000000e+00,3.086040e-18,2.941783e-32,1.559302e-18,4.442966e-33,9.100628e-24,1.530428e-18,2.444735e-21,5.429381e-43,-3.065879e-18,-1.532960e-18,-1.559011e-18,-3.794749e-33,-9.099042e-24,-1.530458e-18,-2.445338e-21,-3.793915e-33,0.000000e+00,0.000000e+00,0.000000e+00,0.000000e+00,0.000000e+00,0.000000e+00,0.000000e+00,0.000000e+00,2.016122e-20,1.767302e-20,2.903147e-22,6.482166e-34,1.586008e-27,-3.076283e-23,-6.033859e-25,-3.793915e-33
5110.1332,200.00,329.9806,6.205955e+01,5.690928e-03,C,7.055376e-02,1.333333e-01,6.8122%,8.326032e-03,7.452243e-03,3.887783e-04,2.204178e-16,1.197759e-10,2.932462e-05,3.125219e-07,0.000000e+00,0.000000e+00,1.550633e-18,0.000000e+00,0.000000e+00,0.000000e+00,0.000000e+00,0.000000e+00,0.000000e+00,3.086174e-18,3.157036e-32,1.559416e-18,4.440536e-33,9.100375e-24,1.530552e-18,2.444120e-21,0.000000e+00,-3.066127e-18,-1.533084e-18,-1.559123e-18,-3.795147e-33,-9.100257e-24,-1.530583e-18,-2.444723e-21,-3.794311e-33,0.000000e+00,0.000000e+00,0.000000e+00,0.000000e+00,0.000000e+00,0.000000e+00,0.000000e+00,0.000000e+00,2.004738e-20,1.754921e-20,2.928004e-22,6.453884e-34,1.183077e-28,-3.076906e-23,-6.034277e-25,-3.794311e-33
5130.1332,200.00,329.9893,6.212893e+01,5.650162e-03,C,7.059208e-02,1.333333e-01,6.8158%,8.338677e-03,7.463316e-03,3.889525e-04,2.211383e-16,1.198452e-10,2.931122e-05,3.121625e-07,0.000000e+00,0.000000e+00,1.550633e-18,0.000000e+00,0.000000e+00,0.000000e+00,0.000000e+00,0.000000e+00,0.000000e+00,3.086311e-18,3.300538e-32,1.559532e-18,4.438147e-33,9.100135e-24,1.530678e-18,2.443512e-21,-1.252934e-43,-3.066377e-18,-1.533209e-18,-1.559236e-18,-3.795549e-33,-9.100016e-24,-1.530708e-18,-2.444116e-21,-3.794711e-33,0.000000e+00,0.000000e+00,0.000000e+00,0.000000e+00,0.000000e+00,0.000000e+00,0.000000e+00,0.000000e+00,1.993480e-20,1.742421e-20,2.957670e-22,6.425978e-34,1.189841e-28,-3.059008e-23,-6.037703e-25,-3.794711e-33
5150.1332,200.00,329.9980,6.219816e+01,5.608695e-03,C,7.063034e-02,1.333333e-01,6.8194%,8.351250e-03,7.474327e-03,3.891263e-04,2.217292e-16,1.199409e-10,2.929797e-05,3.118063e-07,0.000000e+00,0.000000e+00,1.550633e-18,0.000000e+00,0.000000e+00,0.000000e+00,0.000000e+00,0.000000e+00,0.000000e+00,3.086453e-18,3.085285e-32,1.559650e-18,4.435794e-33,9.099902e-24,1.530805e-18,2.442913e-21,-7.517605e-43,-3.066631e-18,-1.533336e-18,-1.559351e-18,-3.795961e-33,-9.098157e-24,-1.530836e-18,-2.443518e-21,-3.795118e-33,0.000000e+00,0.000000e+00,0.000000e+00,0.000000e+00,0.000000e+00,0.000000e+00,0.000000e+00,0.000000e+00,1.982222e-20,1.729704e-20,2.986367e-22,6.398334e-34,1.745036e-27,-3.084673e-23,-6.050047e-25,-3.795118e-33
5170.1332,200.00,330.0066,6.226677e+01,5.620612e-03,C,7.066831e-02,1.333333e-01,6.8229%,8.363749e-03,7.485273e-03,3.892975e-04,2.221325e-16,1.199891e-10,2.928383e-05,3.114511e-07,0.000000e+00,0.000000e+00,1.550633e-18,0.000000e+00,0.000000e+00,0.000000e+00,0.000000e+00,0.000000e+00,0.000000e+00,3.086261e-18,2.583029e-32,1.559601e-18,4.432348e-33,9.099581e-24,1.530771e-18,2.441982e-21,7.517605e-43,-3.066558e-18,-1.533299e-18,-1.559321e-18,-3.796007e-33,-9.098430e-24,-1.530800e-18,-2.442553e-21,-3.795162e-33,0.000000e+00,0.000000e+00,0.000000e+00,0.000000e+00,0.000000e+00,0.000000e+00,0.000000e+00,0.000000e+00,1.970302e-20,1.733359e-20,2.802115e-22,6.363409e-34,1.151228e-27,-2.929559e-23,-5.707210e-25,-3.795162e-33
5190.1332,200.00,330.0152,6.233491e+01,5.574331e-03,C,7.070604e-02,1.333333e-01,6.8264%,8.376180e-03,7.496155e-03,3.894685e-04,2.230066e-16,1.200508e-10,2.927091e-05,3.111013e-07,0.000000e+00,0.000000e+00,1.550633e-18,0.000000e+00,0.000000e+00,0.000000e+00,0.000000e+00,0.000000e+00,0.000000e+00,3.086435e-18,3.085285e-32,1.559734e-18,4.430143e-33,9.099358e-24,1.530913e-18,2.441426e-21,4.176447e-43,-3.066841e-18,-1.533441e-18,-1.559449e-18,-2.059332e-33,-9.099225e-24,-1.530943e-18,-2.442002e-21,-3.795612e-33,0.000000e+00,0.000000e+00,0.000000e+00,0.000000e+00,0.000000e+00,0.000000e+00,0.000000e+00,0.000000e+00,1.959314e-20,1.719165e-20,2.854447e-22,2.370811e-33,1.328922e-28,-2.953089e-23,-5.754807e-25,-3.795612e-33
5210.1332,200.00,330.0238,6.240311e+01,5.529900e-03,C,7.074368e-02,1.333333e-01,6.8299%,8.388540e-03,7.506978e-03,3.896387e-04,2.237054e-16,1.201188e-10,2.925814e-05,3.107550e-07,0.000000e+00,0.000000e+00,1.550633e-18,0.000000e+00,0.000000e+00,0.000000e+00,0.000000e+00,0.000000e+00,0.000000e+00,3.086612e-18,3.587541e-32,1.559869e-18,4.427967e-33,9.099147e-24,1.531057e-18,2.440878e-21,-4.176447e-44,-3.067114e-18,-1.533578e-18,-1.559786e-18,-3.797288e-33,-9.099136e-24,-1.531079e-18,-2.441370e-21,-3.796440e-33,0.000000e+00,0.000000e+00,0.000000e+00,0.000000e+00,0.000000e+00,0.000000e+00,0.000000e+00,0.000000e+00,1.949840e-20,1.705537e-20,8.305991e-23,6.306785e-34,1.128039e-29,-2.269618e-23,-4.916290e-25,-3.796440e-33
5230.1332,200.00,330.0323,6.247095e+01,5.482502e-03,C,7.078137e-02,1.333333e-01,6.8334%,8.400830e-03,7.517740e-03,3.898086e-04,2.243958e-16,1.201868e-10,2.924552e-05,3.104118e-07,0.000000e+00,0.000000e+00,1.550633e-18,0.000000e+00,0.000000e+00,0.000000e+00,0.000000e+00,0.000000e+00,0.000000e+00,3.086795e-18,3.013534e-32,1.560006e-18,4.425828e-33,9.098950e-24,1.531202e-18,2.440338e-21,7.099960e-43,-3.067405e-18,-1.533723e-18,-1.559917e-18,-3.797747e-33,-9.098937e-24,-1.531225e-18,-2.440835e-21,-3.796895e-33,0.000000e+00,0.000000e+00,0.000000e+00,0.000000e+00,0.000000e+00,0.000000e+00,0.000000e+00,0.000000e+00,1.939050e-20,1.690999e-20,8.896292e-23,6.280809e-34,1.333007e-29,-2.277940e-23,-4.974520e-25,-3.796895e-33
5250.1332,200.00,330.0408,6.253832e+01,5.487962e-03,C,7.081863e-02,1.333333e-01,6.8369%,8.413049e-03,7.528439e-03,3.899772e-04,2.253748e-16,1.202766e-10,2.923194e-05,3.100689e-07,0.000000e+00,0.000000e+00,1.550633e-18,0.000000e+00,0.000000e+00,0.000000e+00,0.000000e+00,0.000000e+00,0.000000e+00,3.086631e-18,3.300538e-32,1.559970e-18,4.422568e-33,9.098659e-24,1.531180e-18,2.439452e-21,3.758802e-43,-3.067371e-18,-1.533706e-18,-1.559689e-18,-3.797454e-33,-9.097758e-24,-1.531209e-18,-2.440008e-21,-3.796597e-33,0.000000e+00,0.000000e+00,0.000000e+00,0.000000e+00,0.000000e+00,0.000000e+00,0.000000e+00,0.000000e+00,1.926003e-20,1.692674e-20,2.803937e-22,6.251146e-34,9.007752e-28,-2.875240e-23,-5.560417e-25,-3.796597e-33
