t_Myr,dt_kyr,T,P_CO2,rel_change,slowest,Da,A_reactive,supply_efficiency,Y_Alkalinity,Y_C,Y_Si,Y_Al,Y_Fe,Y_Ca,Y_Mg,Y_Na,F_out_Alkalinity,F_out_C,F_out_Si,F_out_Al,F_out_Fe,F_out_Ca,F_out_Mg,F_out_Na,F_diss_Alkalinity,F_diss_C,F_diss_Si,F_diss_Al,F_diss_Fe,F_diss_Ca,F_diss_Mg,F_diss_Na,F_prec_Alkalinity,F_prec_C,F_prec_Si,F_prec_Al,F_prec_Fe,F_prec_Ca,F_prec_Mg,F_prec_Na,F_cont_Alkalinity,F_cont_C,F_cont_Si,F_cont_Al,F_cont_Fe,F_cont_Ca,F_cont_Mg,F_cont_Na,F_net_Alkalinity,F_net_C,F_net_Si,F_net_Al,F_net_Fe,F_net_Ca,F_net_Mg,F_net_Na
2.0200,20.00,275.0000,1.636553e+00,9.999970e-01,Mg,2.810834e-03,1.035826e+00,0.2807%,8.805596e-04,8.182311e-04,4.443245e-05,3.023971e-18,4.765464e-11,2.165975e-04,2.583903e-06,0.000000e+00,0.000000e+00,1.550633e-17,0.000000e+00,0.000000e+00,0.000000e+00,0.000000e+00,0.000000e+00,0.000000e+00,2.262878e-17,7.521207e-27,9.122487e-18,7.424734e-32,6.482679e-23,6.790114e-18,4.974220e-20,5.137030e-40,-1.412145e-17,-7.060705e-18,-9.136371e-18,-1.451795e-32,-6.449603e-23,-7.060688e-18,-7.411257e-26,-1.451792e-32,0.000000e+00,0.000000e+00,0.000000e+00,0.000000e+00,0.000000e+00,0.000000e+00,0.000000e+00,0.000000e+00,8.507323e-18,8.445624e-18,-1.388386e-20,5.972939e-32,3.307594e-25,-2.705732e-19,4.974212e-20,-1.451792e-32
4.4200,24.00,275.0000,2.880508e+00,7.601070e-01,P_CO2,2.709778e-03,1.035826e+00,0.2706%,1.467915e-03,1.375904e-03,4.587987e-05,8.456712e-18,6.529031e-11,1.409729e-04,4.635951e-06,0.000000e+00,0.000000e+00,1.550633e-17,0.000000e+00,0.000000e+00,0.000000e+00,0.000000e+00,0.000000e+00,0.000000e+00,2.460355e-17,4.645758e-27,9.870281e-18,9.112686e-32,7.794483e-23,7.313058e-18,5.330671e-20,5.295735e-40,-1.691195e-17,-8.455953e-18,-9.855732e-18,-1.410329e-32,-7.792825e-23,-8.365641e-18,-9.027709e-20,-1.410708e-32,0.000000e+00,0.000000e+00,0.000000e+00,0.000000e+00,0.000000e+00,0.000000e+00,0.000000e+00,0.000000e+00,7.691599e-18,7.050376e-18,1.454966e-20,7.702357e-32,1.658308e-26,-1.052584e-18,-3.697038e-20,-1.410708e-32
7.3000,28.80,275.0000,3.180649e+00,3.263475e-01,C,2.709159e-03,1.035826e+00,0.2705%,2.216992e-03,2.048430e-03,4.854092e-05,1.546658e-17,7.469172e-11,8.087263e-05,2.498080e-06,0.000000e+00,0.000000e+00,1.550633e-17,0.000000e+00,0.000000e+00,0.000000e+00,0.000000e+00,0.000000e+00,0.000000e+00,2.431272e-17,1.625656e-26,9.978486e-18,8.889282e-32,7.716352e-23,7.425255e-18,6.197116e-20,2.697150e-39,-1.575137e-17,-7.875672e-18,-9.964858e-18,-1.427231e-32,-7.715931e-23,-7.800454e-18,-7.516141e-20,-1.427318e-32,0.000000e+00,0.000000e+00,0.000000e+00,0.000000e+00,0.000000e+00,0.000000e+00,0.000000e+00,0.000000e+00,8.561350e-18,7.630657e-18,1.362792e-20,7.462051e-32,4.208521e-27,-3.751996e-19,-1.319025e-20,-1.427318e-32
10.7560,34.56,275.0000,3.764752e+00,3.331323e-01,C,2.694862e-03,1.035826e+00,0.2691%,3.164256e-03,2.893447e-03,5.129583e-05,2.365353e-17,8.928934e-11,5.804259e-05,1.662770e-06,0.000000e+00,0.000000e+00,1.550633e-17,0.000000e+00,0.000000e+00,0.000000e+00,0.000000e+00,0.000000e+00,0.000000e+00,2.417518e-17,1.668465e-27,1.016645e-17,8.900806e-32,7.891813e-23,7.554415e-18,6.780082e-20,3.215864e-40,-1.551334e-17,-7.756671e-18,-1.015874e-17,-1.507719e-32,-7.888814e-23,-7.684219e-18,-7.236718e-20,-1.507684e-32,0.000000e+00,0.000000e+00,0.000000e+00,0.000000e+00,0.000000e+00,0.000000e+00,0.000000e+00,0.000000e+00,8.661841e-18,7.749658e-18,7.704989e-21,7.393086e-32,2.998808e-26,-1.298041e-19,-4.566358e-21,-1.507684e-32
14.2120,34.56,275.0000,4.538709e+00,3.292133e-01,C,2.673451e-03,1.035826e+00,0.2670%,4.104076e-03,3.736560e-03,5.194506e-05,3.230629e-17,9.329912e-11,4.820157e-05,1.316653e-06,0.000000e+00,0.000000e+00,1.550633e-17,0.000000e+00,0.000000e+00,0.000000e+00,0.000000e+00,0.000000e+00,0.000000e+00,2.418850e-17,-5.022557e-32,1.038062e-17,9.131244e-32,8.247092e-23,7.687287e-18,7.299572e-20,1.670579e-42,-1.565050e-17,-7.825260e-18,-1.037611e-17,-1.558996e-32,-8.242998e-23,-7.749945e-18,-7.519984e-20,-1.559221e-32,0.000000e+00,0.000000e+00,0.000000e+00,0.000000e+00,0.000000e+00,0.000000e+00,0.000000e+00,0.000000e+00,8.538005e-18,7.681069e-18,4.514729e-21,7.572248e-32,4.094694e-26,-6.265848e-20,-2.204119e-21,-1.559221e-32
18.3592,41.47,275.0000,5.602831e+00,3.225945e-01,C,2.647515e-03,1.035826e+00,0.2644%,5.213192e-03,4.737392e-03,5.453368e-05,4.295888e-17,1.167222e-10,4.389990e-05,1.125759e-06,0.000000e+00,0.000000e+00,1.550633e-17,0.000000e+00,0.000000e+00,0.000000e+00,0.000000e+00,0.000000e+00,0.000000e+00,2.422777e-17,1.021445e-28,1.061682e-17,9.501662e-32,8.743180e-23,7.829469e-18,7.876159e-20,2.046459e-41,-1.588399e-17,-7.942020e-18,-1.061400e-17,-1.589568e-32,-8.737466e-23,-7.861974e-18,-7.989670e-20,-1.589496e-32,0.000000e+00,0.000000e+00,0.000000e+00,0.000000e+00,0.000000e+00,0.000000e+00,0.000000e+00,0.000000e+00,8.343779e-18,7.564309e-18,2.816286e-21,7.912094e-32,5.714089e-26,-3.250563e-20,-1.135117e-21,-1.589496e-32
23.3358,49.77,275.0000,7.043809e+00,3.147414e-01,C,2.618335e-03,1.035826e+00,0.2615%,6.510477e-03,5.918002e-03,5.757130e-05,5.581204e-17,1.491569e-10,4.216293e-05,1.017124e-06,0.000000e+00,0.000000e+00,1.550633e-17,0.000000e+00,0.000000e+00,0.000000e+00,0.000000e+00,0.000000e+00,0.000000e+00,2.427678e-17,1.937272e-31,1.086765e-17,1.002189e-31,9.400200e-23,7.978545e-18,8.542593e-20,3.758802e-42,-1.616409e-17,-8.082081e-18,-1.086575e-17,-1.596322e-32,-9.392436e-23,-7.995876e-18,-8.601714e-20,-1.596233e-32,0.000000e+00,0.000000e+00,0.000000e+00,0.000000e+00,0.000000e+00,0.000000e+00,0.000000e+00,0.000000e+00,8.112697e-18,7.424249e-18,1.903644e-21,8.425565e-32,7.763969e-26,-1.733103e-20,-5.912168e-22,-1.596233e-32
29.3078,59.72,275.0000,8.995998e+00,3.062709e-01,C,2.586584e-03,1.035826e+00,0.2583%,8.021413e-03,7.307037e-03,6.122239e-05,7.301362e-17,1.943014e-10,4.225757e-05,9.646883e-07,0.000000e+00,0.000000e+00,1.550633e-17,0.000000e+00,0.000000e+00,0.000000e+00,0.000000e+00,0.000000e+00,0.000000e+00,2.432895e-17,3.874544e-31,1.112673e-17,1.072103e-31,1.025396e-22,8.132020e-18,9.325760e-20,2.505868e-42,-1.646997e-17,-8.235039e-18,-1.112551e-17,-1.579377e-32,-1.024498e-22,-8.141255e-18,-9.355475e-20,-1.579262e-32,0.000000e+00,0.000000e+00,0.000000e+00,0.000000e+00,0.000000e+00,0.000000e+00,0.000000e+00,0.000000e+00,7.858975e-18,7.271290e-18,1.219327e-21,9.141655e-32,8.983187e-26,-9.234943e-21,-2.971541e-22,-1.579262e-32
36.4742,71.66,275.0000,1.166083e+01,2.974719e-01,C,2.552635e-03,1.035826e+00,0.2549%,9.775876e-03,8.938366e-03,6.566799e-05,9.514142e-17,2.578597e-10,4.385697e-05,9.573550e-07,0.000000e+00,0.000000e+00,1.550633e-17,0.000000e+00,0.000000e+00,0.000000e+00,0.000000e+00,0.000000e+00,0.000000e+00,2.438648e-17,7.318583e-31,1.138960e-17,1.165273e-31,1.136393e-22,8.288416e-18,1.025878e-19,-8.352894e-42,-1.679195e-17,-8.396045e-18,-1.138873e-17,-1.539633e-32,-1.135251e-22,-8.293060e-18,-1.027122e-19,-1.539487e-32,0.000000e+00,0.000000e+00,0.000000e+00,0.000000e+00,0.000000e+00,0.000000e+00,0.000000e+00,0.000000e+00,7.594524e-18,7.110284e-18,8.621367e-22,1.011309e-31,1.142005e-25,-4.643650e-21,-1.243732e-22,-1.539487e-32
45.0738,86.00,275.0000,1.533090e+01,3.147350e-01,P_CO2,2.516963e-03,1.035826e+00,0.2514%,1.180903e-02,1.085159e-02,7.111615e-05,1.244031e-16,3.485029e-10,4.684172e-05,9.922978e-07,0.000000e+00,0.000000e+00,1.550633e-17,0.000000e+00,0.000000e+00,0.000000e+00,0.000000e+00,0.000000e+00,0.000000e+00,2.445250e-17,7.749088e-31,1.165182e-17,1.288997e-31,1.281063e-22,8.446252e-18,1.137870e-19,4.176447e-43,-1.712380e-17,-8.561982e-18,-1.165067e-17,-1.479434e-32,-1.279284e-22,-8.447888e-18,-1.137753e-19,-1.479251e-32,0.000000e+00,0.000000e+00,0.000000e+00,0.000000e+00,0.000000e+00,0.000000e+00,0.000000e+00,0.000000e+00,7.328699e-18,6.944347e-18,1.149600e-21,1.141053e-31,1.779388e-25,-1.635885e-21,1.171648e-23,-1.479251e-32
53.6734,86.00,275.0000,1.952178e+01,2.807505e-01,C,2.486019e-03,1.035826e+00,0.2483%,1.376900e-02,1.271817e-02,7.133323e-05,1.580871e-16,3.915681e-10,4.654959e-05,1.000069e-06,0.000000e+00,0.000000e+00,1.550633e-17,0.000000e+00,0.000000e+00,0.000000e+00,0.000000e+00,0.000000e+00,0.000000e+00,2.452136e-17,7.318583e-31,1.187409e-17,1.424522e-31,1.439501e-22,8.582093e-18,1.252083e-19,5.847026e-42,-1.741604e-17,-8.708112e-18,-1.187341e-17,-1.416256e-32,-1.437751e-22,-8.582599e-18,-1.251548e-19,-1.416033e-32,0.000000e+00,0.000000e+00,0.000000e+00,0.000000e+00,0.000000e+00,0.000000e+00,0.000000e+00,0.000000e+00,7.105321e-18,6.798217e-18,6.858065e-22,1.282896e-31,1.750022e-25,-5.053199e-22,5.350711e-23,-1.416033e-32
63.9930,103.20,275.0000,2.523738e+01,2.927807e-01,P_CO2,2.453902e-03,1.035826e+00,0.2451%,1.605678e-02,1.491552e-02,7.805744e-05,2.029064e-16,5.354796e-10,5.128121e-05,1.099033e-06,0.000000e+00,0.000000e+00,1.550633e-17,0.000000e+00,0.000000e+00,0.000000e+00,0.000000e+00,0.000000e+00,0.000000e+00,2.459447e-17,2.296026e-31,1.209091e-17,1.600406e-31,1.641041e-22,8.717797e-18,1.387058e-19,-2.505868e-42,-1.771244e-17,-8.856324e-18,-1.209021e-17,-1.342633e-32,-1.639082e-22,-8.717324e-18,-1.386021e-19,-1.342361e-32,0.000000e+00,0.000000e+00,0.000000e+00,0.000000e+00,0.000000e+00,0.000000e+00,0.000000e+00,0.000000e+00,6.882025e-18,6.650005e-18,6.957880e-22,1.466143e-31,1.959499e-25,4.733156e-22,1.036640e-22,-1.342361e-32
74.3126,103.20,275.0000,3.172109e+01,2.660824e-01,C,2.426242e-03,1.035826e+00,0.2423%,1.826990e-02,1.706182e-02,7.828837e-05,2.540320e-16,6.074460e-10,5.152961e-05,1.139378e-06,0.000000e+00,0.000000e+00,1.550633e-17,0.000000e+00,0.000000e+00,0.000000e+00,0.000000e+00,0.000000e+00,0.000000e+00,2.467460e-17,2.296026e-31,1.227669e-17,1.791670e-31,1.861730e-22,8.836663e-18,1.525633e-19,2.505868e-42,-1.797707e-17,-8.988646e-18,-1.227613e-17,-1.275813e-32,-1.859600e-22,-8.835775e-18,-1.524374e-19,-1.275490e-32,0.000000e+00,0.000000e+00,0.000000e+00,0.000000e+00,0.000000e+00,0.000000e+00,0.000000e+00,0.000000e+00,6.697522e-18,6.517683e-18,5.600951e-22,1.664088e-31,2.130503e-25,8.879797e-22,1.258269e-22,-1.275490e-32
86.6960,123.83,275.0000,4.048292e+01,2.762145e-01,P_CO2,2.397886e-03,1.035826e+00,0.2395%,2.086375e-02,1.959176e-02,8.660757e-05,3.240174e-16,8.378076e-10,5.781520e-05,1.304579e-06,0.000000e+00,0.000000e+00,1.550633e-17,0.000000e+00,0.000000e+00,0.000000e+00,0.000000e+00,0.000000e+00,0.000000e+00,2.476039e-17,2.870033e-31,1.245756e-17,2.037103e-31,2.140144e-22,8.956268e-18,1.688380e-19,6.264671e-42,-1.824772e-17,-9.123974e-18,-1.245677e-17,-1.206480e-32,-2.137240e-22,-8.954843e-18,-1.686609e-19,-1.206090e-32,0.000000e+00,0.000000e+00,0.000000e+00,0.000000e+00,0.000000e+00,0.000000e+00,0.000000e+00,0.000000e+00,6.512668e-18,6.382355e-18,7.893627e-22,1.916455e-31,2.903694e-25,1.425536e-21,1.771413e-22,-1.206090e-32
99.0795,123.83,275.0000,5.033233e+01,2.528916e-01,C,2.373825e-03,1.035826e+00,0.2371%,2.338076e-02,2.206458e-02,8.689109e-05,4.042733e-16,9.563113e-10,5.839422e-05,1.375663e-06,0.000000e+00,0.000000e+00,1.550633e-17,0.000000e+00,0.000000e+00,0.000000e+00,0.000000e+00,0.000000e+00,0.000000e+00,2.485003e-17,1.607218e-30,1.261400e-17,2.299965e-31,2.442920e-22,9.062249e-18,1.854994e-19,3.341158e-42,-1.849284e-17,-9.246538e-18,-1.261332e-17,-1.149645e-32,-2.439766e-22,-9.060720e-18,-1.853127e-19,-1.149182e-32,0.000000e+00,0.000000e+00,0.000000e+00,0.000000e+00,0.000000e+00,0.000000e+00,0.000000e+00,0.000000e+00,6.357185e-18,6.259791e-18,6.764241e-22,2.185000e-31,3.154558e-25,1.528653e-21,1.866481e-22,-1.149182e-32
113.9397,148.60,275.0000,6.349994e+01,2.616132e-01,P_CO2,2.349477e-03,1.035826e+00,0.2347%,2.634045e-02,2.498189e-02,9.714207e-05,5.147114e-16,1.325073e-09,6.632149e-05,1.623556e-06,0.000000e+00,0.000000e+00,1.550633e-17,0.000000e+00,0.000000e+00,0.000000e+00,0.000000e+00,0.000000e+00,0.000000e+00,2.494504e-17,2.106604e-29,1.276635e-17,2.633404e-31,2.820869e-22,9.169568e-18,2.048619e-19,5.011737e-42,-1.874557e-17,-9.372904e-18,-1.276547e-17,-1.097162e-32,-2.816657e-22,-9.167735e-18,-2.046248e-19,-1.096601e-32,0.000000e+00,0.000000e+00,0.000000e+00,0.000000e+00,0.000000e+00,0.000000e+00,0.000000e+00,0.000000e+00,6.199463e-18,6.133425e-18,8.820173e-22,2.523688e-31,4.211718e-25,1.832861e-21,2.371628e-22,-1.096601e-32
128.7998,148.60,275.0000,7.815207e+01,2.407295e-01,C,2.329080e-03,1.035826e+00,0.2326%,2.921877e-02,2.783395e-02,9.749640e-05,6.416264e-16,1.517278e-09,6.714575e-05,1.729691e-06,0.000000e+00,0.000000e+00,1.550633e-17,0.000000e+00,0.000000e+00,0.000000e+00,0.000000e+00,0.000000e+00,0.000000e+00,2.504193e-17,2.744899e-28,1.290006e-17,2.986515e-31,3.229963e-22,9.265848e-18,2.246414e-19,2.213517e-41,-1.897813e-17,-9.489174e-18,-1.289943e-17,-1.059783e-32,-3.226095e-22,-9.264177e-18,-2.244303e-19,-1.059086e-32,0.000000e+00,0.000000e+00,0.000000e+00,0.000000e+00,0.000000e+00,0.000000e+00,0.000000e+00,0.000000e+00,6.063802e-18,6.017155e-18,6.257547e-22,2.880537e-31,3.867292e-25,1.670586e-21,2.111053e-22,-1.059086e-32
146.6320,178.32,275.0000,9.752701e+01,2.479133e-01,P_CO2,2.308731e-03,1.035826e+00,0.2306%,3.261072e-02,3.120017e-02,1.100698e-04,8.162882e-16,2.104715e-09,7.693739e-05,2.087488e-06,0.000000e+00,0.000000e+00,1.550633e-17,0.000000e+00,0.000000e+00,0.000000e+00,0.000000e+00,0.000000e+00,0.000000e+00,2.514243e-17,3.675192e-27,1.303051e-17,3.428685e-31,3.733605e-22,9.363794e-18,2.473018e-19,3.178276e-40,-1.921896e-17,-9.609599e-18,-1.302970e-17,-1.033683e-32,-3.728318e-22,-9.361919e-18,-2.470381e-19,-1.032841e-32,0.000000e+00,0.000000e+00,0.000000e+00,0.000000e+00,0.000000e+00,0.000000e+00,0.000000e+00,0.000000e+00,5.923471e-18,5.896730e-18,8.108933e-22,3.325317e-31,5.286561e-25,1.874530e-21,2.637639e-22,-1.032841e-32
164.4642,178.32,275.0000,1.188675e+02,2.292852e-01,C,2.291874e-03,1.035826e+00,0.2289%,3.591322e-02,3.449044e-02,1.105058e-04,1.016859e-15,2.411318e-09,7.797050e-05,2.236780e-06,0.000000e+00,0.000000e+00,1.550633e-17,0.000000e+00,0.000000e+00,0.000000e+00,0.000000e+00,0.000000e+00,0.000000e+00,2.524420e-17,2.993932e-26,1.314715e-17,3.892890e-31,4.277199e-22,9.452772e-18,2.704352e-19,2.282428e-39,-1.944350e-17,-9.721875e-18,-1.314644e-17,-1.023629e-32,-4.271805e-22,-9.450996e-18,-2.701762e-19,-1.022590e-32,0.000000e+00,0.000000e+00,0.000000e+00,0.000000e+00,0.000000e+00,0.000000e+00,0.000000e+00,0.000000e+00,5.800694e-18,5.784454e-18,7.085818e-22,3.790527e-31,5.393778e-25,1.776127e-21,2.589656e-22,-1.022590e-32
184.4642,200.00,275.0000,1.448799e+02,2.238945e-01,C,2.276268e-03,1.035826e+00,0.2274%,3.955131e-02,3.811802e-02,1.199941e-04,1.273241e-15,3.098620e-09,8.563308e-05,2.601516e-06,0.000000e+00,0.000000e+00,1.550633e-17,0.000000e+00,0.000000e+00,0.000000e+00,0.000000e+00,0.000000e+00,0.000000e+00,2.534417e-17,2.024394e-25,1.325634e-17,4.430595e-31,4.900074e-22,9.539075e-18,2.952176e-19,1.381652e-38,-1.966572e-17,-9.832994e-18,-1.325560e-17,-1.029247e-32,-4.893753e-22,-9.537277e-18,-2.949358e-19,-1.027940e-32,0.000000e+00,0.000000e+00,0.000000e+00,0.000000e+00,0.000000e+00,0.000000e+00,0.000000e+00,0.000000e+00,5.678448e-18,5.673336e-18,7.387292e-22,4.327670e-31,6.320603e-25,1.798643e-21,2.817293e-22,-1.027939e-32
204.4642,200.00,275.0000,1.730968e+02,2.189015e-01,C,2.263346e-03,1.035826e+00,0.2261%,4.310456e-02,4.166993e-02,1.204484e-04,1.564408e-15,3.517723e-09,8.674821e-05,2.781331e-06,0.000000e+00,0.000000e+00,1.550633e-17,0.000000e+00,0.000000e+00,0.000000e+00,0.000000e+00,0.000000e+00,0.000000e+00,2.544237e-17,9.792632e-25,1.335481e-17,4.988277e-31,5.561946e-22,9.617845e-18,3.201874e-19,6.081951e-38,-1.987330e-17,-9.936793e-18,-1.335404e-17,-1.049067e-32,-5.554338e-22,-9.616045e-18,-3.198780e-19,-1.047431e-32,0.000000e+00,0.000000e+00,0.000000e+00,0.000000e+00,0.000000e+00,0.000000e+00,0.000000e+00,0.000000e+00,5.569067e-18,5.569537e-18,7.710495e-22,4.883370e-31,7.607901e-25,1.800143e-21,3.094314e-22,-1.047425e-32
224.4642,200.00,275.0000,2.032828e+02,2.143469e-01,C,2.252592e-03,1.035826e+00,0.2250%,4.659126e-02,4.515899e-02,1.208572e-04,1.891070e-15,3.950103e-09,8.780565e-05,2.957229e-06,0.000000e+00,0.000000e+00,1.550633e-17,0.000000e+00,0.000000e+00,0.000000e+00,0.000000e+00,0.000000e+00,0.000000e+00,2.553200e-17,-1.148013e-31,1.344169e-17,5.558960e-31,6.244423e-22,9.688641e-18,3.445763e-19,-3.758802e-42,-2.006412e-17,-1.003222e-17,-1.344103e-17,-1.080775e-32,-6.236971e-22,-9.686963e-18,-3.442848e-19,-1.078737e-32,0.000000e+00,0.000000e+00,0.000000e+00,0.000000e+00,0.000000e+00,0.000000e+00,0.000000e+00,0.000000e+00,5.467885e-18,5.474110e-18,6.632672e-22,5.450883e-31,7.451314e-25,1.677988e-21,2.915205e-22,-1.078737e-32
244.4642,200.00,275.0000,2.353589e+02,2.101541e-01,C,2.243547e-03,1.035826e+00,0.2241%,5.001671e-02,4.859004e-02,1.212299e-04,2.253977e-15,4.394986e-09,8.881497e-05,3.129442e-06,0.000000e+00,0.000000e+00,1.550633e-17,0.000000e+00,0.000000e+00,0.000000e+00,0.000000e+00,0.000000e+00,0.000000e+00,2.561548e-17,2.296026e-31,1.351949e-17,6.141757e-31,6.946086e-22,9.753014e-18,3.684223e-19,-2.088224e-42,-2.024105e-17,-1.012070e-17,-1.351893e-17,-1.122377e-32,-6.939107e-22,-9.751462e-18,-3.681567e-19,-1.119857e-32,0.000000e+00,0.000000e+00,0.000000e+00,0.000000e+00,0.000000e+00,0.000000e+00,0.000000e+00,0.000000e+00,5.374430e-18,5.385625e-18,5.535083e-22,6.029519e-31,6.979016e-25,1.551802e-21,2.655996e-22,-1.119857e-32
264.4642,200.00,275.0000,2.692194e+02,2.062684e-01,C,2.235871e-03,1.035826e+00,0.2233%,5.338555e-02,5.196710e-02,1.215736e-04,2.653807e-15,4.851673e-09,8.978116e-05,3.298126e-06,0.000000e+00,0.000000e+00,1.550633e-17,0.000000e+00,0.000000e+00,0.000000e+00,0.000000e+00,0.000000e+00,0.000000e+00,2.569444e-17,1.377616e-30,1.359001e-17,6.736068e-31,7.665858e-22,9.812112e-18,3.917631e-19,3.758802e-42,-2.040609e-17,-1.020325e-17,-1.358943e-17,-1.172201e-32,-7.657808e-22,-9.810563e-18,-3.914784e-19,-1.169105e-32,0.000000e+00,0.000000e+00,0.000000e+00,0.000000e+00,0.000000e+00,0.000000e+00,0.000000e+00,0.000000e+00,5.288349e-18,5.303076e-18,5.763191e-22,6.618848e-31,8.049652e-25,1.549096e-21,2.847214e-22,-1.169105e-32
284.4642,200.00,275.0000,3.047715e+02,2.026408e-01,C,2.229324e-03,1.035826e+00,0.2227%,5.670157e-02,5.529361e-02,1.218927e-04,3.091140e-15,5.318636e-09,9.070818e-05,3.463185e-06,0.000000e+00,0.000000e+00,1.550633e-17,0.000000e+00,0.000000e+00,0.000000e+00,0.000000e+00,0.000000e+00,0.000000e+00,2.576911e-17,5.453062e-30,1.365448e-17,7.340030e-31,8.401175e-22,9.866708e-18,4.145885e-19,-2.088224e-42,-2.056113e-17,-1.028080e-17,-1.365389e-17,-1.228890e-32,-8.392106e-22,-9.865166e-18,-4.142865e-19,-1.225118e-32,0.000000e+00,0.000000e+00,0.000000e+00,0.000000e+00,0.000000e+00,0.000000e+00,0.000000e+00,0.000000e+00,5.207978e-18,5.225526e-18,5.969509e-22,7.217141e-31,9.069225e-25,1.542417e-21,3.020198e-22,-1.225118e-32
304.4642,200.00,275.0000,3.419134e+02,1.992364e-01,C,2.223725e-03,1.035826e+00,0.2221%,5.996811e-02,5.857252e-02,1.221900e-04,3.566496e-15,5.793544e-09,9.159805e-05,3.624293e-06,0.000000e+00,0.000000e+00,1.550633e-17,0.000000e+00,0.000000e+00,0.000000e+00,0.000000e+00,0.000000e+00,0.000000e+00,2.583881e-17,2.709311e-29,1.371376e-17,7.950688e-31,9.148151e-22,9.917323e-18,4.368544e-19,4.594092e-42,-2.070747e-17,-1.035401e-17,-1.371328e-17,-1.291247e-32,-9.140205e-22,-9.915916e-18,-4.365920e-19,-1.286693e-32,0.000000e+00,0.000000e+00,0.000000e+00,0.000000e+00,0.000000e+00,0.000000e+00,0.000000e+00,0.000000e+00,5.131348e-18,5.152320e-18,4.806961e-22,7.821563e-31,7.945588e-25,1.407195e-21,2.624368e-22,-1.286693e-32
324.4642,200.00,275.0000,3.805670e+02,1.960262e-01,C,2.218901e-03,1.035826e+00,0.2216%,6.318796e-02,6.180645e-02,1.224694e-04,4.080318e-15,6.276805e-09,9.245510e-05,3.781898e-06,0.000000e+00,0.000000e+00,1.550633e-17,0.000000e+00,0.000000e+00,0.000000e+00,0.000000e+00,0.000000e+00,0.000000e+00,2.590533e-17,1.003363e-28,1.376876e-17,8.568958e-31,9.907362e-22,9.964608e-18,4.586306e-19,1.252934e-42,-2.084620e-17,-1.042342e-17,-1.376840e-17,-1.358314e-32,-9.900883e-22,-9.963343e-18,-4.584137e-19,-1.352868e-32,0.000000e+00,0.000000e+00,0.000000e+00,0.000000e+00,0.000000e+00,0.000000e+00,0.000000e+00,0.000000e+00,5.059128e-18,5.082909e-18,3.620708e-22,8.433126e-31,6.479555e-25,1.265668e-21,2.168867e-22,-1.352868e-32
344.4642,200.00,275.0000,4.206529e+02,1.929971e-01,C,2.214731e-03,1.035826e+00,0.2212%,6.636361e-02,6.499769e-02,1.227332e-04,4.633001e-15,6.767629e-09,9.328192e-05,3.936080e-06,0.000000e+00,0.000000e+00,1.550633e-17,0.000000e+00,0.000000e+00,0.000000e+00,0.000000e+00,0.000000e+00,0.000000e+00,2.596896e-17,3.305130e-28,1.382007e-17,9.193984e-31,1.067746e-21,1.000898e-17,4.799298e-19,9.605828e-42,-2.097778e-17,-1.048926e-17,-1.381970e-17,-1.429230e-32,-1.067017e-21,-1.000772e-17,-4.797013e-19,-1.422780e-32,0.000000e+00,0.000000e+00,0.000000e+00,0.000000e+00,0.000000e+00,0.000000e+00,0.000000e+00,0.000000e+00,4.991181e-18,5.017073e-18,3.771169e-22,9.051061e-31,7.294390e-25,1.257160e-21,2.284973e-22,-1.422780e-32
364.4642,200.00,275.0000,4.621009e+02,1.901250e-01,C,2.211122e-03,1.035826e+00,0.2209%,6.949725e-02,6.814831e-02,1.229829e-04,5.224891e-15,7.264623e-09,9.408068e-05,4.086782e-06,0.000000e+00,0.000000e+00,1.550633e-17,0.000000e+00,0.000000e+00,0.000000e+00,0.000000e+00,0.000000e+00,0.000000e+00,2.602953e-17,9.686934e-28,1.386813e-17,9.824226e-31,1.145617e-21,1.005072e-17,5.007414e-19,2.380575e-41,-2.110314e-17,-1.055199e-17,-1.386774e-17,-1.503313e-32,-1.144812e-21,-1.004947e-17,-5.005028e-19,-1.495747e-32,0.000000e+00,0.000000e+00,0.000000e+00,0.000000e+00,0.000000e+00,0.000000e+00,0.000000e+00,0.000000e+00,4.926382e-18,4.954339e-18,3.907401e-22,9.673894e-31,8.058798e-25,1.249950e-21,2.385588e-22,-1.495747e-32
384.4642,200.00,275.0000,5.048226e+02,1.873931e-01,C,2.207989e-03,1.035826e+00,0.2206%,7.259090e-02,7.126013e-02,1.232201e-04,5.856316e-15,7.767349e-09,9.485270e-05,4.234116e-06,0.000000e+00,0.000000e+00,1.550633e-17,0.000000e+00,0.000000e+00,0.000000e+00,0.000000e+00,0.000000e+00,0.000000e+00,2.608744e-17,2.582226e-27,1.391336e-17,1.045933e-30,1.224263e-21,1.009014e-17,5.210866e-19,4.051154e-41,-2.122294e-17,-1.061195e-17,-1.391295e-17,-1.579893e-32,-1.223380e-21,-1.008890e-17,-5.208370e-19,-1.571095e-32,0.000000e+00,0.000000e+00,0.000000e+00,0.000000e+00,0.000000e+00,0.000000e+00,0.000000e+00,0.000000e+00,4.864499e-18,4.894384e-18,4.035900e-22,1.030134e-30,8.831602e-25,1.243122e-21,2.495264e-22,-1.571095e-32
404.4642,200.00,275.0000,5.487730e+02,1.847825e-01,C,2.205261e-03,1.035826e+00,0.2203%,7.564627e-02,7.433483e-02,1.234467e-04,6.527539e-15,8.276341e-09,9.560120e-05,4.378448e-06,0.000000e+00,0.000000e+00,1.550633e-17,0.000000e+00,0.000000e+00,0.000000e+00,0.000000e+00,0.000000e+00,0.000000e+00,2.614364e-17,6.334851e-27,1.395614e-17,1.110017e-30,1.303752e-21,1.012755e-17,5.410163e-19,9.856415e-41,-2.133792e-17,-1.066950e-17,-1.395573e-17,-1.658559e-32,-1.302789e-21,-1.012632e-17,-5.407576e-19,-1.648406e-32,0.000000e+00,0.000000e+00,0.000000e+00,0.000000e+00,0.000000e+00,0.000000e+00,0.000000e+00,0.000000e+00,4.805723e-18,4.836834e-18,4.157439e-22,1.093432e-30,9.624210e-25,1.230010e-21,2.587048e-22,-1.648406e-32
424.4642,200.00,275.0000,5.938898e+02,1.822807e-01,C,2.202893e-03,1.035826e+00,0.2200%,7.866496e-02,7.737395e-02,1.236626e-04,7.238810e-15,8.788916e-09,9.632682e-05,4.519407e-06,0.000000e+00,0.000000e+00,1.550633e-17,0.000000e+00,0.000000e+00,0.000000e+00,0.000000e+00,0.000000e+00,0.000000e+00,2.619694e-17,1.445957e-26,1.399662e-17,1.174352e-30,1.383649e-21,1.016302e-17,5.604706e-19,2.150870e-40,-2.144853e-17,-1.072489e-17,-1.399634e-17,-1.740754e-32,-1.382961e-21,-1.016194e-17,-5.602750e-19,-1.728211e-32,0.000000e+00,0.000000e+00,0.000000e+00,0.000000e+00,0.000000e+00,0.000000e+00,0.000000e+00,0.000000e+00,4.748414e-18,4.781444e-18,2.865847e-22,1.156944e-30,6.880910e-25,1.080910e-21,1.956450e-22,-1.728211e-32
444.4642,200.00,275.0000,6.401100e+02,1.799010e-01,C,2.200836e-03,1.035826e+00,0.2198%,8.164845e-02,8.037886e-02,1.238691e-04,7.990363e-15,9.304969e-09,9.703091e-05,4.657160e-06,0.000000e+00,0.000000e+00,1.550633e-17,0.000000e+00,0.000000e+00,0.000000e+00,0.000000e+00,0.000000e+00,0.000000e+00,2.624772e-17,3.099142e-26,1.403504e-17,1.238925e-30,1.463920e-21,1.019674e-17,5.794754e-19,4.523092e-40,-2.155423e-17,-1.077779e-17,-1.403474e-17,-1.820481e-32,-1.463158e-21,-1.019566e-17,-5.792717e-19,-1.807168e-32,0.000000e+00,0.000000e+00,0.000000e+00,0.000000e+00,0.000000e+00,0.000000e+00,0.000000e+00,0.000000e+00,4.693483e-18,4.728540e-18,2.959891e-22,1.220721e-30,7.618513e-25,1.078388e-21,2.037446e-22,-1.807168e-32
464.4642,200.00,275.0000,6.873765e+02,1.776058e-01,C,2.199038e-03,1.035826e+00,0.2197%,8.459811e-02,8.335084e-02,1.240681e-04,8.782408e-15,9.827126e-09,9.771590e-05,4.792435e-06,0.000000e+00,0.000000e+00,1.550633e-17,0.000000e+00,0.000000e+00,0.000000e+00,0.000000e+00,0.000000e+00,0.000000e+00,2.629796e-17,6.285130e-26,1.407180e-17,1.304117e-30,1.544984e-21,1.022906e-17,5.981447e-19,8.849891e-40,-2.165654e-17,-1.082902e-17,-1.407149e-17,-1.903135e-32,-1.544170e-21,-1.022799e-17,-5.979348e-19,-1.887944e-32,0.000000e+00,0.000000e+00,0.000000e+00,0.000000e+00,0.000000e+00,0.000000e+00,0.000000e+00,0.000000e+00,4.641423e-18,4.677311e-18,3.051715e-22,1.285086e-30,8.138309e-25,1.063821e-21,2.098907e-22,-1.887943e-32
484.4642,200.00,275.0000,7.356582e+02,1.754006e-01,C,2.197480e-03,1.035826e+00,0.2195%,8.751511e-02,8.629107e-02,1.242591e-04,9.615109e-15,1.035216e-08,9.838250e-05,4.924736e-06,0.000000e+00,0.000000e+00,1.550633e-17,0.000000e+00,0.000000e+00,0.000000e+00,0.000000e+00,0.000000e+00,0.000000e+00,2.634603e-17,1.213367e-25,1.410687e-17,1.369505e-30,1.626295e-21,1.025992e-17,6.163939e-19,1.647191e-39,-2.175514e-17,-1.087843e-17,-1.410655e-17,-1.988915e-32,-1.625418e-21,-1.025886e-17,-6.161780e-19,-1.970362e-32,0.000000e+00,0.000000e+00,0.000000e+00,0.000000e+00,0.000000e+00,0.000000e+00,0.000000e+00,0.000000e+00,4.590898e-18,4.627903e-18,3.136822e-22,1.349616e-30,8.776964e-25,1.053516e-21,2.159490e-22,-1.970361e-32
504.4642,200.00,275.0000,7.849027e+02,1.732850e-01,C,2.196132e-03,1.035826e+00,0.2194%,9.040058e-02,8.920064e-02,1.244426e-04,1.048863e-14,1.087894e-08,9.903139e-05,5.054030e-06,0.000000e+00,0.000000e+00,1.550633e-17,0.000000e+00,0.000000e+00,0.000000e+00,0.000000e+00,0.000000e+00,0.000000e+00,2.639177e-17,2.241857e-25,1.414036e-17,1.434977e-30,1.707684e-21,1.028940e-17,6.342173e-19,2.956507e-39,-2.185010e-17,-1.092600e-17,-1.414004e-17,-2.073889e-32,-1.706744e-21,-1.028835e-17,-6.339953e-19,-2.052355e-32,0.000000e+00,0.000000e+00,0.000000e+00,0.000000e+00,0.000000e+00,0.000000e+00,0.000000e+00,0.000000e+00,4.541665e-18,4.580327e-18,3.221019e-22,1.414238e-30,9.398883e-25,1.051047e-21,2.219852e-22,-2.052355e-32
524.4642,200.00,275.0000,8.350590e+02,1.712427e-01,C,2.194965e-03,1.035826e+00,0.2193%,9.325564e-02,9.208057e-02,1.246198e-04,1.140316e-14,1.140959e-08,9.966411e-05,5.180841e-06,0.000000e+00,0.000000e+00,1.550633e-17,0.000000e+00,0.000000e+00,0.000000e+00,0.000000e+00,0.000000e+00,0.000000e+00,2.643646e-17,3.983068e-25,1.417254e-17,1.500807e-30,1.789457e-21,1.031774e-17,6.516971e-19,5.083154e-39,-2.194210e-17,-1.097209e-17,-1.417221e-17,-2.158611e-32,-1.788447e-21,-1.031670e-17,-6.514679e-19,-2.134172e-32,0.000000e+00,0.000000e+00,0.000000e+00,0.000000e+00,0.000000e+00,0.000000e+00,0.000000e+00,0.000000e+00,4.494369e-18,4.534236e-18,3.292417e-22,1.479220e-30,1.010163e-24,1.042894e-21,2.291632e-22,-2.134171e-32
544.4642,200.00,275.0000,8.860862e+02,1.692675e-01,C,2.193958e-03,1.035826e+00,0.2192%,9.608127e-02,9.493183e-02,1.247913e-04,1.235883e-14,1.194410e-08,1.002817e-04,5.305293e-06,0.000000e+00,0.000000e+00,1.550633e-17,0.000000e+00,0.000000e+00,0.000000e+00,0.000000e+00,0.000000e+00,0.000000e+00,2.648030e-17,6.831704e-25,1.420352e-17,1.567008e-30,1.871607e-21,1.034504e-17,6.688510e-19,8.487793e-39,-2.203136e-17,-1.101682e-17,-1.420318e-17,-2.243376e-32,-1.870536e-21,-1.034401e-17,-6.686164e-19,-2.215846e-32,0.000000e+00,0.000000e+00,0.000000e+00,0.000000e+00,0.000000e+00,0.000000e+00,0.000000e+00,0.000000e+00,4.448939e-18,4.489507e-18,3.372213e-22,1.544574e-30,1.070914e-24,1.031872e-21,2.345394e-22,-2.215846e-32
564.4642,200.00,275.0000,9.379549e+02,1.673631e-01,C,2.193098e-03,1.035826e+00,0.2191%,9.887838e-02,9.775530e-02,1.249568e-04,1.335577e-14,1.247988e-08,1.008844e-04,5.427051e-06,0.000000e+00,0.000000e+00,1.550633e-17,0.000000e+00,0.000000e+00,0.000000e+00,0.000000e+00,0.000000e+00,0.000000e+00,2.652223e-17,1.134907e-24,1.423327e-17,1.633266e-30,1.953711e-21,1.037125e-17,6.856227e-19,1.373842e-38,-2.211770e-17,-1.106009e-17,-1.423293e-17,-2.328109e-32,-1.952572e-21,-1.037022e-17,-6.853827e-19,-2.297247e-32,0.000000e+00,0.000000e+00,0.000000e+00,0.000000e+00,0.000000e+00,0.000000e+00,0.000000e+00,0.000000e+00,4.404534e-18,4.446239e-18,3.435090e-22,1.609985e-30,1.139029e-24,1.024565e-21,2.399322e-22,-2.297246e-32
584.4642,200.00,275.0000,9.906143e+02,1.655129e-01,C,2.192366e-03,1.035826e+00,0.2190%,1.016479e-01,1.005518e-01,1.251168e-04,1.439414e-14,1.301724e-08,1.014730e-04,5.546287e-06,0.000000e+00,0.000000e+00,1.550633e-17,0.000000e+00,0.000000e+00,0.000000e+00,0.000000e+00,0.000000e+00,0.000000e+00,2.656264e-17,1.831554e-24,1.426192e-17,1.699640e-30,2.035805e-21,1.039648e-17,7.020396e-19,2.163191e-38,-2.220184e-17,-1.110227e-17,-1.426172e-17,-2.412714e-32,-2.035117e-21,-1.039561e-17,-7.018815e-19,-2.378261e-32,0.000000e+00,0.000000e+00,0.000000e+00,0.000000e+00,0.000000e+00,0.000000e+00,0.000000e+00,0.000000e+00,4.360805e-18,4.404065e-18,2.008209e-22,1.675512e-30,6.879644e-25,8.712295e-22,1.580643e-22,-2.378258e-32
604.4642,200.00,275.0000,1.044045e+03,1.637303e-01,C,2.191749e-03,1.035826e+00,0.2189%,1.043905e-01,1.033222e-01,1.252719e-04,1.547403e-14,1.355711e-08,1.020487e-04,5.663275e-06,0.000000e+00,0.000000e+00,1.550633e-17,0.000000e+00,0.000000e+00,0.000000e+00,0.000000e+00,0.000000e+00,0.000000e+00,2.660203e-17,2.879097e-24,1.428959e-17,1.766237e-30,2.118025e-21,1.042084e-17,7.181414e-19,3.321445e-38,-2.228314e-17,-1.114303e-17,-1.428938e-17,-2.497055e-32,-2.117289e-21,-1.041997e-17,-7.179784e-19,-2.458741e-32,0.000000e+00,0.000000e+00,0.000000e+00,0.000000e+00,0.000000e+00,0.000000e+00,0.000000e+00,0.000000e+00,4.318892e-18,4.363307e-18,2.061599e-22,1.741266e-30,7.362715e-25,8.658411e-22,1.630389e-22,-2.458738e-32
624.4642,200.00,275.0000,1.098213e+03,1.619974e-01,C,2.191234e-03,1.035826e+00,0.2189%,1.071071e-01,1.060671e-01,1.254229e-04,1.659557e-14,1.410059e-08,1.026125e-04,5.778294e-06,0.000000e+00,0.000000e+00,1.550633e-17,0.000000e+00,0.000000e+00,0.000000e+00,0.000000e+00,0.000000e+00,0.000000e+00,2.664099e-17,4.418672e-24,1.431640e-17,1.833211e-30,2.200532e-21,1.044444e-17,7.339709e-19,4.986051e-38,-2.236240e-17,-1.118277e-17,-1.431619e-17,-2.581108e-32,-2.199755e-21,-1.044358e-17,-7.338062e-19,-2.538658e-32,0.000000e+00,0.000000e+00,0.000000e+00,0.000000e+00,0.000000e+00,0.000000e+00,0.000000e+00,0.000000e+00,4.278584e-18,4.323565e-18,2.111493e-22,1.807400e-30,7.767575e-25,8.546582e-22,1.646952e-22,-2.538653e-32
644.4642,200.00,275.0000,1.153078e+03,1.603276e-01,C,2.190814e-03,1.035826e+00,0.2188%,1.097984e-01,1.087873e-01,1.255684e-04,1.775887e-14,1.464227e-08,1.031634e-04,5.890550e-06,0.000000e+00,0.000000e+00,1.550633e-17,0.000000e+00,0.000000e+00,0.000000e+00,0.000000e+00,0.000000e+00,0.000000e+00,2.667745e-17,6.632643e-24,1.434218e-17,1.899909e-30,2.282468e-21,1.046711e-17,7.494024e-19,7.328913e-38,-2.243900e-17,-1.122118e-17,-1.434196e-17,-2.664689e-32,-2.281647e-21,-1.046626e-17,-7.492327e-19,-2.617819e-32,0.000000e+00,0.000000e+00,0.000000e+00,0.000000e+00,0.000000e+00,0.000000e+00,0.000000e+00,0.000000e+00,4.238458e-18,4.285158e-18,2.158487e-22,1.873263e-30,8.214707e-25,8.566191e-22,1.696919e-22,-2.617811e-32
664.4642,200.00,275.0000,1.208602e+03,1.586914e-01,C,2.190473e-03,1.035826e+00,0.2188%,1.124651e-01,1.114834e-01,1.257113e-04,1.896409e-14,1.519073e-08,1.037040e-04,6.001494e-06,0.000000e+00,0.000000e+00,1.550633e-17,0.000000e+00,0.000000e+00,0.000000e+00,0.000000e+00,0.000000e+00,0.000000e+00,2.671488e-17,9.759018e-24,1.436736e-17,1.967386e-30,2.365159e-21,1.048926e-17,7.646648e-19,1.057117e-37,-2.251424e-17,-1.125892e-17,-1.436714e-17,-2.745853e-32,-2.364298e-21,-1.048842e-17,-7.644923e-19,-2.696508e-32,0.000000e+00,0.000000e+00,0.000000e+00,0.000000e+00,0.000000e+00,0.000000e+00,0.000000e+00,0.000000e+00,4.200633e-18,4.247417e-18,2.206624e-22,1.939928e-30,8.606769e-25,8.417566e-22,1.725127e-22,-2.696497e-32
684.4642,200.00,275.0000,1.264794e+03,1.571121e-01,C,2.190209e-03,1.035826e+00,0.2188%,1.151077e-01,1.141561e-01,1.258492e-04,2.021124e-14,1.573715e-08,1.042335e-04,6.109841e-06,0.000000e+00,0.000000e+00,1.550633e-17,0.000000e+00,0.000000e+00,0.000000e+00,0.000000e+00,0.000000e+00,0.000000e+00,2.674995e-17,2.296026e-31,1.439162e-17,2.034544e-30,2.447215e-21,1.051058e-17,7.795489e-19,-5.429381e-42,-2.258705e-17,-1.129545e-17,-1.439140e-17,-2.830090e-32,-2.446309e-21,-1.050974e-17,-7.793733e-19,-2.774315e-32,0.000000e+00,0.000000e+00,0.000000e+00,0.000000e+00,0.000000e+00,0.000000e+00,0.000000e+00,0.000000e+00,4.162904e-18,4.210882e-18,2.249784e-22,2.006243e-30,9.059578e-25,8.392279e-22,1.756530e-22,-2.774315e-32
704.4642,200.00,275.0000,1.321598e+03,1.555714e-01,C,2.190013e-03,1.035826e+00,0.2188%,1.177269e-01,1.168059e-01,1.259839e-04,2.150045e-14,1.628716e-08,1.047530e-04,6.216528e-06,0.000000e+00,0.000000e+00,1.550633e-17,0.000000e+00,0.000000e+00,0.000000e+00,0.000000e+00,0.000000e+00,0.000000e+00,2.678489e-17,4.592052e-31,1.441525e-17,2.102125e-30,2.529511e-21,1.053132e-17,7.942055e-19,-2.088224e-42,-2.265828e-17,-1.133118e-17,-1.441502e-17,-2.912675e-32,-2.528566e-21,-1.053049e-17,-7.940270e-19,-2.851057e-32,0.000000e+00,0.000000e+00,0.000000e+00,0.000000e+00,0.000000e+00,0.000000e+00,0.000000e+00,0.000000e+00,4.126616e-18,4.175150e-18,2.292819e-22,2.072998e-30,9.451117e-25,8.305353e-22,1.784814e-22,-2.851057e-32
724.4642,200.00,275.0000,1.378989e+03,1.540706e-01,C,2.189878e-03,1.035826e+00,0.2187%,1.203234e-01,1.194334e-01,1.261144e-04,2.283185e-14,1.683535e-08,1.052618e-04,6.320797e-06,0.000000e+00,0.000000e+00,1.550633e-17,0.000000e+00,0.000000e+00,0.000000e+00,0.000000e+00,0.000000e+00,0.000000e+00,2.681782e-17,4.592052e-31,1.443808e-17,2.169459e-30,2.611170e-21,1.055135e-17,8.085137e-19,-2.088224e-42,-2.272783e-17,-1.136608e-17,-1.443800e-17,-2.994315e-32,-2.610825e-21,-1.055067e-17,-8.084279e-19,-2.926877e-32,0.000000e+00,0.000000e+00,0.000000e+00,0.000000e+00,0.000000e+00,0.000000e+00,0.000000e+00,0.000000e+00,4.089988e-18,4.140248e-18,7.681907e-23,2.139516e-30,3.451975e-25,6.775250e-22,8.575327e-23,-2.926877e-32
744.4642,200.00,275.0000,1.436954e+03,1.526112e-01,C,2.189798e-03,1.035826e+00,0.2187%,1.228976e-01,1.220392e-01,1.262423e-04,2.420552e-14,1.738823e-08,1.057621e-04,6.423708e-06,0.000000e+00,0.000000e+00,1.550633e-17,0.000000e+00,0.000000e+00,0.000000e+00,0.000000e+00,0.000000e+00,0.000000e+00,2.685107e-17,4.592052e-31,1.446039e-17,2.237334e-30,2.693222e-21,1.057090e-17,8.226381e-19,5.011737e-42,-2.279563e-17,-1.140011e-17,-1.446031e-17,-3.075262e-32,-2.692859e-21,-1.057024e-17,-8.225509e-19,-3.001806e-32,0.000000e+00,0.000000e+00,0.000000e+00,0.000000e+00,0.000000e+00,0.000000e+00,0.000000e+00,0.000000e+00,4.055436e-18,4.106223e-18,7.982663e-23,2.206581e-30,3.637432e-25,6.689451e-22,8.714243e-23,-3.001806e-32
764.4642,200.00,275.0000,1.495459e+03,1.511949e-01,C,2.189768e-03,1.035826e+00,0.2187%,1.254502e-01,1.246238e-01,1.263676e-04,2.562159e-14,1.794469e-08,1.062536e-04,6.525127e-06,0.000000e+00,0.000000e+00,1.550633e-17,0.000000e+00,0.000000e+00,0.000000e+00,0.000000e+00,0.000000e+00,0.000000e+00,2.688422e-17,3.444039e-30,1.448217e-17,2.305617e-30,2.775482e-21,1.058999e-17,8.365584e-19,3.758802e-42,-2.286158e-17,-1.143321e-17,-1.448193e-17,-3.155522e-32,-2.774399e-21,-1.058918e-17,-8.363718e-19,-3.075767e-32,0.000000e+00,0.000000e+00,0.000000e+00,0.000000e+00,0.000000e+00,0.000000e+00,0.000000e+00,0.000000e+00,4.022645e-18,4.073121e-18,2.411530e-22,2.274062e-30,1.083138e-24,8.105365e-22,1.866170e-22,-3.075767e-32
784.4642,200.00,275.0000,1.554502e+03,1.498124e-01,C,2.189784e-03,1.035826e+00,0.2187%,1.279815e-01,1.271877e-01,1.264890e-04,2.708012e-14,1.849897e-08,1.067360e-04,6.624315e-06,0.000000e+00,0.000000e+00,1.550633e-17,0.000000e+00,0.000000e+00,0.000000e+00,0.000000e+00,0.000000e+00,0.000000e+00,2.691551e-17,3.673642e-30,1.450325e-17,2.373641e-30,2.857035e-21,1.060844e-17,8.501541e-19,1.044112e-41,-2.292610e-17,-1.146560e-17,-1.450301e-17,-3.235207e-32,-2.855914e-21,-1.060763e-17,-8.499649e-19,-3.148835e-32,0.000000e+00,0.000000e+00,0.000000e+00,0.000000e+00,0.000000e+00,0.000000e+00,0.000000e+00,0.000000e+00,3.989412e-18,4.040730e-18,2.447828e-22,2.341289e-30,1.120727e-24,8.068099e-22,1.892309e-22,-3.148835e-32
804.4642,200.00,275.0000,1.614036e+03,1.484652e-01,C,2.189842e-03,1.035826e+00,0.2187%,1.304922e-01,1.297312e-01,1.266075e-04,2.858124e-14,1.905415e-08,1.072098e-04,6.721749e-06,0.000000e+00,0.000000e+00,1.550633e-17,0.000000e+00,0.000000e+00,0.000000e+00,0.000000e+00,0.000000e+00,0.000000e+00,2.694596e-17,5.280860e-30,1.452378e-17,2.441769e-30,2.938345e-21,1.062639e-17,8.635025e-19,3.758802e-42,-2.298911e-17,-1.149724e-17,-1.452353e-17,-3.314223e-32,-2.937179e-21,-1.062558e-17,-8.633091e-19,-3.220902e-32,0.000000e+00,0.000000e+00,0.000000e+00,0.000000e+00,0.000000e+00,0.000000e+00,0.000000e+00,0.000000e+00,3.956853e-18,4.009089e-18,2.483903e-22,2.408627e-30,1.166669e-24,8.043518e-22,1.934288e-22,-3.220902e-32
824.4642,200.00,275.0000,1.674053e+03,1.471432e-01,C,2.189938e-03,1.035826e+00,0.2188%,1.329826e-01,1.322550e-01,1.267240e-04,3.012505e-14,1.961362e-08,1.076762e-04,6.817954e-06,0.000000e+00,0.000000e+00,1.550633e-17,0.000000e+00,0.000000e+00,0.000000e+00,0.000000e+00,0.000000e+00,0.000000e+00,2.697667e-17,1.125053e-29,1.454389e-17,2.510414e-30,3.019934e-21,1.064396e-17,8.766847e-19,1.252934e-42,-2.305108e-17,-1.152836e-17,-1.454364e-17,-3.392662e-32,-3.018726e-21,-1.064317e-17,-8.764907e-19,-3.292048e-32,0.000000e+00,0.000000e+00,0.000000e+00,0.000000e+00,0.000000e+00,0.000000e+00,0.000000e+00,0.000000e+00,3.925598e-18,3.977972e-18,2.518037e-22,2.476487e-30,1.208564e-24,7.941988e-22,1.940912e-22,-3.292048e-32
844.4642,200.00,275.0000,1.734534e+03,1.458590e-01,C,2.190068e-03,1.035826e+00,0.2188%,1.354533e-01,1.347593e-01,1.268372e-04,3.171165e-14,2.017167e-08,1.081343e-04,6.912203e-06,0.000000e+00,0.000000e+00,1.550633e-17,0.000000e+00,0.000000e+00,0.000000e+00,0.000000e+00,0.000000e+00,0.000000e+00,2.700592e-17,1.262814e-29,1.456342e-17,2.578899e-30,3.100907e-21,1.066101e-17,8.895848e-19,1.252934e-42,-2.311140e-17,-1.155866e-17,-1.456317e-17,-3.470417e-32,-3.099652e-21,-1.066022e-17,-8.893867e-19,-3.362163e-32,0.000000e+00,0.000000e+00,0.000000e+00,0.000000e+00,0.000000e+00,0.000000e+00,0.000000e+00,0.000000e+00,3.894519e-18,3.947672e-18,2.552062e-22,2.544195e-30,1.255257e-24,7.911120e-22,1.981260e-22,-3.362163e-32
864.4642,200.00,275.0000,1.795457e+03,1.446023e-01,C,2.190229e-03,1.035826e+00,0.2188%,1.379046e-01,1.372447e-01,1.269481e-04,3.334114e-14,2.073189e-08,1.085851e-04,7.005033e-06,0.000000e+00,0.000000e+00,1.550633e-17,0.000000e+00,0.000000e+00,0.000000e+00,0.000000e+00,0.000000e+00,0.000000e+00,2.703484e-17,2.387867e-29,1.458252e-17,2.647662e-30,3.181814e-21,1.067766e-17,9.022869e-19,-2.923513e-42,-2.317055e-17,-1.158837e-17,-1.458226e-17,-3.547585e-32,-3.180518e-21,-1.067688e-17,-9.020865e-19,-3.431344e-32,0.000000e+00,0.000000e+00,0.000000e+00,0.000000e+00,0.000000e+00,0.000000e+00,0.000000e+00,0.000000e+00,3.864282e-18,3.917957e-18,2.584369e-22,2.612186e-30,1.296088e-24,7.857305e-22,2.004071e-22,-3.431344e-32
884.4642,200.00,275.0000,1.856822e+03,1.433743e-01,C,2.190419e-03,1.035826e+00,0.2188%,1.403369e-01,1.397115e-01,1.270566e-04,3.501363e-14,2.129334e-08,1.090290e-04,7.096367e-06,0.000000e+00,0.000000e+00,1.550633e-17,0.000000e+00,0.000000e+00,0.000000e+00,0.000000e+00,0.000000e+00,0.000000e+00,2.706316e-17,3.466999e-29,1.460117e-17,2.716594e-30,3.262497e-21,1.069391e-17,9.147769e-19,-4.176447e-42,-2.322848e-17,-1.161747e-17,-1.460091e-17,-3.624094e-32,-3.261166e-21,-1.069313e-17,-9.145742e-19,-3.499480e-32,0.000000e+00,0.000000e+00,0.000000e+00,0.000000e+00,0.000000e+00,0.000000e+00,0.000000e+00,0.000000e+00,3.834679e-18,3.888855e-18,2.615714e-22,2.680353e-30,1.330718e-24,7.804802e-22,2.026229e-22,-3.499480e-32
904.4642,200.00,275.0000,1.918608e+03,1.421757e-01,C,2.190635e-03,1.035826e+00,0.2188%,1.427506e-01,1.421602e-01,1.271627e-04,3.672923e-14,2.185507e-08,1.094659e-04,7.186120e-06,0.000000e+00,0.000000e+00,1.550633e-17,0.000000e+00,0.000000e+00,0.000000e+00,0.000000e+00,0.000000e+00,0.000000e+00,2.709063e-17,5.556383e-29,1.461936e-17,2.785576e-30,3.342793e-21,1.070975e-17,9.270408e-19,-6.682315e-42,-2.328512e-17,-1.164594e-17,-1.461910e-17,-3.700019e-32,-3.341420e-21,-1.070897e-17,-9.268360e-19,-3.566675e-32,0.000000e+00,0.000000e+00,0.000000e+00,0.000000e+00,0.000000e+00,0.000000e+00,0.000000e+00,0.000000e+00,3.805517e-18,3.860394e-18,2.645752e-22,2.748576e-30,1.372571e-24,7.775503e-22,2.048515e-22,-3.566675e-32
924.4642,200.00,275.0000,1.980778e+03,1.409965e-01,C,2.190873e-03,1.035826e+00,0.2188%,1.451462e-01,1.445909e-01,1.272661e-04,3.848805e-14,2.241601e-08,1.098956e-04,7.274191e-06,0.000000e+00,0.000000e+00,1.550633e-17,0.000000e+00,0.000000e+00,0.000000e+00,0.000000e+00,0.000000e+00,0.000000e+00,2.711703e-17,8.564177e-29,1.463708e-17,2.854501e-30,3.422516e-21,1.072516e-17,9.390637e-19,-1.670579e-42,-2.334095e-17,-1.167400e-17,-1.463698e-17,-3.775365e-32,-3.421926e-21,-1.072454e-17,-9.389652e-19,-3.632916e-32,0.000000e+00,0.000000e+00,0.000000e+00,0.000000e+00,0.000000e+00,0.000000e+00,0.000000e+00,0.000000e+00,3.776075e-18,3.832331e-18,1.024329e-22,2.816748e-30,5.905783e-25,6.200663e-22,9.850410e-23,-3.632916e-32
944.4642,200.00,275.0000,2.043327e+03,1.398485e-01,C,2.191134e-03,1.035826e+00,0.2189%,1.475240e-01,1.470042e-01,1.273679e-04,4.029023e-14,2.298054e-08,1.103193e-04,7.361196e-06,0.000000e+00,0.000000e+00,1.550633e-17,0.000000e+00,0.000000e+00,0.000000e+00,0.000000e+00,0.000000e+00,0.000000e+00,2.714357e-17,1.276591e-28,1.465449e-17,2.923896e-30,3.502380e-21,1.074028e-17,9.509417e-19,1.252934e-42,-2.339541e-17,-1.170137e-17,-1.465439e-17,-3.850064e-32,-3.501775e-21,-1.073967e-17,-9.508405e-19,-3.698130e-32,0.000000e+00,0.000000e+00,0.000000e+00,0.000000e+00,0.000000e+00,0.000000e+00,0.000000e+00,0.000000e+00,3.748153e-18,3.804957e-18,1.040125e-22,2.885395e-30,6.047994e-25,6.146849e-22,1.012609e-22,-3.698130e-32
964.4642,200.00,275.0000,2.106254e+03,1.387212e-01,C,2.191416e-03,1.035826e+00,0.2189%,1.498843e-01,1.494004e-01,1.274680e-04,4.213586e-14,2.354804e-08,1.107372e-04,7.447074e-06,0.000000e+00,0.000000e+00,1.550633e-17,0.000000e+00,0.000000e+00,0.000000e+00,0.000000e+00,0.000000e+00,0.000000e+00,2.717005e-17,1.924070e-28,1.467158e-17,2.993680e-30,3.582250e-21,1.075512e-17,9.626633e-19,2.505868e-42,-2.344899e-17,-1.172831e-17,-1.467148e-17,-3.924233e-32,-3.581609e-21,-1.075451e-17,-9.625627e-19,-3.762429e-32,0.000000e+00,0.000000e+00,0.000000e+00,0.000000e+00,0.000000e+00,0.000000e+00,0.000000e+00,0.000000e+00,3.721059e-18,3.778022e-18,1.059390e-22,2.954438e-30,6.411744e-25,6.067879e-22,1.005862e-22,-3.762429e-32
984.4642,200.00,275.0000,2.169534e+03,1.376268e-01,C,2.191714e-03,1.035826e+00,0.2189%,1.522275e-01,1.517797e-01,1.275653e-04,4.402506e-14,2.411202e-08,1.111483e-04,7.531082e-06,0.000000e+00,0.000000e+00,1.550633e-17,0.000000e+00,0.000000e+00,0.000000e+00,0.000000e+00,0.000000e+00,0.000000e+00,2.719484e-17,2.808040e-28,1.468817e-17,3.063107e-30,3.661133e-21,1.076951e-17,9.741110e-19,-1.670579e-42,-2.350110e-17,-1.175451e-17,-1.468807e-17,-3.997758e-32,-3.660483e-21,-1.076890e-17,-9.740075e-19,-3.825695e-32,0.000000e+00,0.000000e+00,0.000000e+00,0.000000e+00,0.000000e+00,0.000000e+00,0.000000e+00,0.000000e+00,3.693740e-18,3.751822e-18,1.078652e-22,3.023129e-30,6.503472e-25,6.086162e-22,1.034559e-22,-3.825695e-32
1004.4642,200.00,275.0000,2.233148e+03,1.365432e-01,C,2.192032e-03,1.035826e+00,0.2190%,1.545539e-01,1.541425e-01,1.276618e-04,4.595799e-14,2.468313e-08,1.115544e-04,7.614517e-06,0.000000e+00,0.000000e+00,1.550633e-17,0.000000e+00,0.000000e+00,0.000000e+00,0.000000e+00,0.000000e+00,0.000000e+00,2.722065e-17,4.091518e-28,1.470459e-17,3.133426e-30,3.740645e-21,1.078374e-17,9.854901e-19,-3.341158e-42,-2.355278e-17,-1.178050e-17,-1.470448e-17,-4.070816e-32,-3.739968e-21,-1.078314e-17,-9.853858e-19,-3.888095e-32,0.000000e+00,0.000000e+00,0.000000e+00,0.000000e+00,0.000000e+00,0.000000e+00,0.000000e+00,0.000000e+00,3.667867e-18,3.725831e-18,1.098177e-22,3.092718e-30,6.767073e-25,5.987151e-22,1.043019e-22,-3.888095e-32
1024.4642,200.00,275.0000,2.297103e+03,1.354936e-01,C,2.192364e-03,1.035826e+00,0.2190%,1.568638e-01,1.564892e-01,1.277563e-04,4.793475e-14,2.525493e-08,1.119551e-04,7.696669e-06,0.000000e+00,0.000000e+00,1.550633e-17,0.000000e+00,0.000000e+00,0.000000e+00,0.000000e+00,0.000000e+00,0.000000e+00,2.724588e-17,5.861755e-28,1.472067e-17,3.203900e-30,3.819833e-21,1.079765e-17,9.966861e-19,-3.758802e-42,-2.360293e-17,-1.180572e-17,-1.472039e-17,-4.143262e-32,-3.818192e-21,-1.079690e-17,-9.964695e-19,-3.949486e-32,0.000000e+00,0.000000e+00,0.000000e+00,0.000000e+00,0.000000e+00,0.000000e+00,0.000000e+00,0.000000e+00,3.642947e-18,3.700609e-18,2.811153e-22,3.162467e-30,1.641176e-24,7.521674e-22,2.166597e-22,-3.949486e-32
1044.4642,200.00,275.0000,2.361362e+03,1.344561e-01,C,2.192706e-03,1.035826e+00,0.2190%,1.591575e-01,1.588199e-01,1.278478e-04,4.995549e-14,2.582078e-08,1.123489e-04,7.776745e-06,0.000000e+00,0.000000e+00,1.550633e-17,0.000000e+00,0.000000e+00,0.000000e+00,0.000000e+00,0.000000e+00,0.000000e+00,2.726888e-17,8.297838e-28,1.473622e-17,3.273726e-30,3.897569e-21,1.081110e-17,1.007575e-18,-7.935250e-42,-2.365259e-17,-1.183070e-17,-1.473611e-17,-4.215248e-32,-3.896847e-21,-1.081050e-17,-1.007469e-18,-4.010006e-32,0.000000e+00,0.000000e+00,0.000000e+00,0.000000e+00,0.000000e+00,0.000000e+00,0.000000e+00,0.000000e+00,3.616297e-18,3.675630e-18,1.133160e-22,3.231574e-30,7.220122e-25,5.951013e-22,1.063991e-22,-4.010006e-32
1064.4642,200.00,275.0000,2.425918e+03,1.334425e-01,C,2.193068e-03,1.035826e+00,0.2191%,1.614354e-01,1.611350e-01,1.279395e-04,5.202036e-14,2.639795e-08,1.127390e-04,7.856830e-06,0.000000e+00,0.000000e+00,1.550633e-17,0.000000e+00,0.000000e+00,0.000000e+00,0.000000e+00,0.000000e+00,0.000000e+00,2.729391e-17,1.168677e-27,1.475175e-17,3.344975e-30,3.976622e-21,1.082452e-17,1.018485e-18,-1.252934e-42,-2.370118e-17,-1.185515e-17,-1.475146e-17,-4.286693e-32,-3.974898e-21,-1.082378e-17,-1.018265e-18,-4.069575e-32,0.000000e+00,0.000000e+00,0.000000e+00,0.000000e+00,0.000000e+00,0.000000e+00,0.000000e+00,0.000000e+00,3.592734e-18,3.651182e-18,2.860736e-22,3.302108e-30,1.723924e-24,7.444230e-22,2.201899e-22,-4.069575e-32
1084.4642,200.00,275.0000,2.490769e+03,1.324418e-01,C,2.193434e-03,1.035826e+00,0.2191%,1.636976e-01,1.634348e-01,1.280279e-04,5.412947e-14,2.696764e-08,1.131226e-04,7.934744e-06,0.000000e+00,0.000000e+00,1.550633e-17,0.000000e+00,0.000000e+00,0.000000e+00,0.000000e+00,0.000000e+00,0.000000e+00,2.731643e-17,1.620076e-27,1.476674e-17,3.415405e-30,4.053973e-21,1.083746e-17,1.029072e-18,-5.429381e-42,-2.374923e-17,-1.187932e-17,-1.476662e-17,-4.357726e-32,-4.053206e-21,-1.083688e-17,-1.028963e-18,-4.128311e-32,0.000000e+00,0.000000e+00,0.000000e+00,0.000000e+00,0.000000e+00,0.000000e+00,0.000000e+00,0.000000e+00,3.567200e-18,3.627005e-18,1.167312e-22,3.371828e-30,7.676065e-25,5.839311e-22,1.081351e-22,-4.128311e-32
1104.4642,200.00,275.0000,2.555900e+03,1.314660e-01,C,2.193813e-03,1.035826e+00,0.2191%,1.659446e-01,1.657195e-01,1.281153e-04,5.628300e-14,2.754138e-08,1.135016e-04,8.011877e-06,0.000000e+00,0.000000e+00,1.550633e-17,0.000000e+00,0.000000e+00,0.000000e+00,0.000000e+00,0.000000e+00,0.000000e+00,2.733923e-17,2.225768e-27,1.478153e-17,3.486410e-30,4.131490e-21,1.085021e-17,1.039553e-18,3.758802e-42,-2.379616e-17,-1.190294e-17,-1.478141e-17,-4.428244e-32,-4.130694e-21,-1.084963e-17,-1.039444e-18,-4.186110e-32,0.000000e+00,0.000000e+00,0.000000e+00,0.000000e+00,0.000000e+00,0.000000e+00,0.000000e+00,0.000000e+00,3.543073e-18,3.603388e-18,1.183340e-22,3.442128e-30,7.962062e-25,5.812641e-22,1.090678e-22,-4.186110e-32
1124.4642,200.00,275.0000,2.621304e+03,1.305042e-01,C,2.194204e-03,1.035826e+00,0.2192%,1.681764e-01,1.679893e-01,1.282015e-04,5.848109e-14,2.811886e-08,1.138762e-04,8.088188e-06,0.000000e+00,0.000000e+00,1.550633e-17,0.000000e+00,0.000000e+00,0.000000e+00,0.000000e+00,0.000000e+00,0.000000e+00,2.736220e-17,3.031214e-27,1.479610e-17,3.557945e-30,4.209073e-21,1.086278e-17,1.049923e-18,2.088224e-42,-2.384249e-17,-1.192626e-17,-1.479598e-17,-4.498367e-32,-4.208255e-21,-1.086220e-17,-1.049813e-18,-4.243082e-32,0.000000e+00,0.000000e+00,0.000000e+00,0.000000e+00,0.000000e+00,0.000000e+00,0.000000e+00,0.000000e+00,3.519705e-18,3.580068e-18,1.199476e-22,3.512962e-30,8.173450e-25,5.745102e-22,1.098272e-22,-4.243082e-32
1144.4642,200.00,275.0000,2.686977e+03,1.295682e-01,C,2.194600e-03,1.035826e+00,0.2192%,1.703935e-01,1.702446e-01,1.282855e-04,6.072389e-14,2.869283e-08,1.142454e-04,8.162925e-06,0.000000e+00,0.000000e+00,1.550633e-17,0.000000e+00,0.000000e+00,0.000000e+00,0.000000e+00,0.000000e+00,0.000000e+00,2.738373e-17,4.090830e-27,1.481029e-17,3.629174e-30,4.285627e-21,1.087499e-17,1.060060e-18,-4.176447e-43,-2.388765e-17,-1.194899e-17,-1.481017e-17,-4.568006e-32,-4.284780e-21,-1.087442e-17,-1.059949e-18,-4.299140e-32,0.000000e+00,0.000000e+00,0.000000e+00,0.000000e+00,0.000000e+00,0.000000e+00,0.000000e+00,0.000000e+00,3.496079e-18,3.557336e-18,1.214141e-22,3.583494e-30,8.475502e-25,5.757754e-22,1.108442e-22,-4.299140e-32
1164.4642,200.00,275.0000,2.752875e+03,1.286353e-01,C,2.195010e-03,1.035826e+00,0.2193%,1.725960e-01,1.724856e-01,1.283694e-04,6.301160e-14,2.927629e-08,1.146110e-04,8.237479e-06,0.000000e+00,0.000000e+00,1.550633e-17,0.000000e+00,0.000000e+00,0.000000e+00,0.000000e+00,0.000000e+00,0.000000e+00,2.740667e-17,5.473267e-27,1.482443e-17,3.701614e-30,4.363101e-21,1.088716e-17,1.070189e-18,8.352894e-43,-2.393272e-17,-1.197169e-17,-1.482431e-17,-4.637341e-32,-4.362227e-21,-1.088660e-17,-1.070077e-18,-4.354446e-32,0.000000e+00,0.000000e+00,0.000000e+00,0.000000e+00,0.000000e+00,0.000000e+00,0.000000e+00,0.000000e+00,3.473950e-18,3.534644e-18,1.230205e-22,3.655241e-30,8.737081e-25,5.638797e-22,1.113777e-22,-4.354446e-32
1184.4642,200.00,275.0000,2.819017e+03,1.277291e-01,C,2.195422e-03,1.035826e+00,0.2193%,1.747842e-01,1.747125e-01,1.284509e-04,6.534436e-14,2.985501e-08,1.149712e-04,8.310385e-06,0.000000e+00,0.000000e+00,1.550633e-17,0.000000e+00,0.000000e+00,0.000000e+00,0.000000e+00,0.000000e+00,0.000000e+00,2.742795e-17,7.263019e-27,1.483817e-17,3.773624e-30,4.439357e-21,1.089897e-17,1.080073e-18,1.252934e-42,-2.397657e-17,-1.199377e-17,-1.483805e-17,-4.706172e-32,-4.438463e-21,-1.089841e-17,-1.079961e-18,-4.408820e-32,0.000000e+00,0.000000e+00,0.000000e+00,0.000000e+00,0.000000e+00,0.000000e+00,0.000000e+00,0.000000e+00,3.451384e-18,3.512563e-18,1.244593e-22,3.726563e-30,8.936924e-25,5.617848e-22,1.122308e-22,-4.408820e-32
1204.4642,200.00,275.0000,2.885359e+03,1.268384e-01,C,2.195842e-03,1.035826e+00,0.2193%,1.769584e-01,1.769255e-01,1.285312e-04,6.772238e-14,3.043530e-08,1.153268e-04,8.382318e-06,0.000000e+00,0.000000e+00,1.550633e-17,0.000000e+00,0.000000e+00,0.000000e+00,0.000000e+00,0.000000e+00,0.000000e+00,2.744896e-17,9.567770e-27,1.485168e-17,3.845945e-30,4.515341e-21,1.091057e-17,1.089822e-18,1.294699e-41,-2.401973e-17,-1.201550e-17,-1.485156e-17,-4.774210e-32,-4.514425e-21,-1.091002e-17,-1.089709e-18,-4.462102e-32,0.000000e+00,0.000000e+00,0.000000e+00,0.000000e+00,0.000000e+00,0.000000e+00,0.000000e+00,0.000000e+00,3.429225e-18,3.490826e-18,1.258707e-22,3.798203e-30,9.154124e-25,5.592878e-22,1.130489e-22,-4.462102e-32
1224.4642,200.00,275.0000,2.952013e+03,1.259636e-01,C,2.196267e-03,1.035826e+00,0.2194%,1.791186e-01,1.791248e-01,1.286100e-04,7.014573e-14,3.101689e-08,1.156792e-04,8.453305e-06,0.000000e+00,0.000000e+00,1.550633e-17,0.000000e+00,0.000000e+00,0.000000e+00,0.000000e+00,0.000000e+00,0.000000e+00,2.746959e-17,1.250508e-26,1.486496e-17,3.918524e-30,4.590973e-21,1.092196e-17,1.099432e-18,2.505868e-42,-2.406219e-17,-1.203689e-17,-1.486483e-17,-4.841693e-32,-4.590026e-21,-1.092141e-17,-1.099318e-18,-4.514489e-32,0.000000e+00,0.000000e+00,0.000000e+00,0.000000e+00,0.000000e+00,0.000000e+00,0.000000e+00,0.000000e+00,3.407402e-18,3.469443e-18,1.272428e-22,3.870107e-30,9.471702e-25,5.571006e-22,1.138532e-22,-4.514489e-32
1244.4642,200.00,275.0000,3.018851e+03,1.251050e-01,C,2.196696e-03,1.035826e+00,0.2194%,1.812652e-01,1.813108e-01,1.286876e-04,7.261470e-14,3.159904e-08,1.160271e-04,8.523261e-06,0.000000e+00,0.000000e+00,1.550633e-17,0.000000e+00,0.000000e+00,0.000000e+00,0.000000e+00,0.000000e+00,0.000000e+00,2.748975e-17,1.623382e-26,1.487799e-17,3.991314e-30,4.666175e-21,1.093314e-17,1.108896e-18,1.085876e-41,-2.410392e-17,-1.205791e-17,-1.487786e-17,-4.908357e-32,-4.665198e-21,-1.093258e-17,-1.108782e-18,-4.565707e-32,0.000000e+00,0.000000e+00,0.000000e+00,0.000000e+00,0.000000e+00,0.000000e+00,0.000000e+00,0.000000e+00,3.385834e-18,3.448423e-18,1.285708e-22,3.942230e-30,9.768787e-25,5.560357e-22,1.146770e-22,-4.565707e-32
1264.4642,200.00,275.0000,3.085885e+03,1.242506e-01,C,2.197136e-03,1.035826e+00,0.2195%,1.833985e-01,1.834835e-01,1.287648e-04,7.512948e-14,3.218889e-08,1.163716e-04,8.592917e-06,0.000000e+00,0.000000e+00,1.550633e-17,0.000000e+00,0.000000e+00,0.000000e+00,0.000000e+00,0.000000e+00,0.000000e+00,2.751086e-17,2.093218e-26,1.489096e-17,4.065144e-30,4.741993e-21,1.094425e-17,1.118330e-18,1.545285e-41,-2.414549e-17,-1.207885e-17,-1.489083e-17,-4.978532e-32,-4.740998e-21,-1.094370e-17,-1.118215e-18,-4.618645e-32,0.000000e+00,0.000000e+00,0.000000e+00,0.000000e+00,0.000000e+00,0.000000e+00,0.000000e+00,0.000000e+00,3.365369e-18,3.427476e-18,1.299752e-22,4.015359e-30,9.945015e-25,5.459770e-22,1.151633e-22,-4.618645e-32
1284.4642,200.00,275.0000,3.153111e+03,1.234249e-01,C,2.197572e-03,1.035826e+00,0.2195%,1.855185e-01,1.856432e-01,1.288395e-04,7.769023e-14,3.277077e-08,1.167109e-04,8.660754e-06,0.000000e+00,0.000000e+00,1.550633e-17,0.000000e+00,0.000000e+00,0.000000e+00,0.000000e+00,0.000000e+00,0.000000e+00,2.752982e-17,2.680633e-26,1.490349e-17,4.138210e-30,4.816111e-21,1.095498e-17,1.127491e-18,1.795872e-41,-2.418572e-17,-1.209913e-17,-1.490336e-17,-5.045793e-32,-4.815094e-21,-1.095443e-17,-1.127375e-18,-4.669109e-32,0.000000e+00,0.000000e+00,0.000000e+00,0.000000e+00,0.000000e+00,0.000000e+00,0.000000e+00,0.000000e+00,3.344097e-18,3.407202e-18,1.311952e-22,4.087752e-30,1.017648e-24,5.492051e-22,1.161001e-22,-4.669109e-32
1304.4642,200.00,275.0000,3.220526e+03,1.226046e-01,C,2.198017e-03,1.035826e+00,0.2196%,1.876256e-01,1.877900e-01,1.289138e-04,8.029718e-14,3.335965e-08,1.170471e-04,8.728249e-06,0.000000e+00,0.000000e+00,1.550633e-17,0.000000e+00,0.000000e+00,0.000000e+00,0.000000e+00,0.000000e+00,0.000000e+00,2.754957e-17,3.412147e-26,1.491596e-17,4.212241e-30,4.890719e-21,1.096564e-17,1.136613e-18,2.380575e-41,-2.422575e-17,-1.211930e-17,-1.491582e-17,-5.112886e-32,-4.889678e-21,-1.096509e-17,-1.136497e-18,-4.718916e-32,0.000000e+00,0.000000e+00,0.000000e+00,0.000000e+00,0.000000e+00,0.000000e+00,0.000000e+00,0.000000e+00,3.323811e-18,3.387028e-18,1.324758e-22,4.161112e-30,1.040711e-24,5.447420e-22,1.167451e-22,-4.718916e-32
1324.4642,200.00,275.0000,3.288118e+03,1.218015e-01,C,2.198463e-03,1.035826e+00,0.2196%,1.897198e-01,1.899242e-01,1.289867e-04,8.295053e-14,3.394727e-08,1.173791e-04,8.794624e-06,0.000000e+00,0.000000e+00,1.550633e-17,0.000000e+00,0.000000e+00,0.000000e+00,0.000000e+00,0.000000e+00,0.000000e+00,2.756851e-17,4.317195e-26,1.492816e-17,4.286299e-30,4.964607e-21,1.097607e-17,1.145573e-18,2.798220e-41,-2.426499e-17,-1.213908e-17,-1.492803e-17,-5.179692e-32,-4.963598e-21,-1.097553e-17,-1.145454e-18,-4.767950e-32,0.000000e+00,0.000000e+00,0.000000e+00,0.000000e+00,0.000000e+00,0.000000e+00,0.000000e+00,0.000000e+00,3.303520e-18,3.367252e-18,1.337783e-22,4.234502e-30,1.008687e-24,5.440138e-22,1.191261e-22,-4.767950e-32
1344.4642,200.00,275.0000,3.355898e+03,1.210041e-01,C,2.198916e-03,1.035826e+00,0.2196%,1.918014e-01,1.920460e-01,1.290591e-04,8.565049e-14,3.454126e-08,1.177083e-04,8.860626e-06,0.000000e+00,0.000000e+00,1.550633e-17,0.000000e+00,0.000000e+00,0.000000e+00,0.000000e+00,0.000000e+00,0.000000e+00,2.758809e-17,5.431916e-26,1.494028e-17,4.361271e-30,5.038892e-21,1.098642e-17,1.154488e-18,3.842331e-41,-2.430400e-17,-1.215874e-17,-1.494015e-17,-5.246384e-32,-5.037801e-21,-1.098589e-17,-1.154370e-18,-4.816368e-32,0.000000e+00,0.000000e+00,0.000000e+00,0.000000e+00,0.000000e+00,0.000000e+00,0.000000e+00,0.000000e+00,3.284091e-18,3.347588e-18,1.349447e-22,4.308807e-30,1.090121e-24,5.367527e-22,1.180141e-22,-4.816368e-32
1364.4642,200.00,275.0000,3.423841e+03,1.202245e-01,C,2.199369e-03,1.035826e+00,0.2197%,1.938706e-01,1.941555e-01,1.291300e-04,8.839730e-14,3.513318e-08,1.180334e-04,8.925466e-06,0.000000e+00,0.000000e+00,1.550633e-17,0.000000e+00,0.000000e+00,0.000000e+00,0.000000e+00,0.000000e+00,0.000000e+00,2.760673e-17,6.796008e-26,1.495214e-17,4.436190e-30,5.112327e-21,1.099654e-17,1.163233e-18,4.552327e-41,-2.434219e-17,-1.217799e-17,-1.495200e-17,-5.312817e-32,-5.111213e-21,-1.099601e-17,-1.163114e-18,-4.864030e-32,0.000000e+00,0.000000e+00,0.000000e+00,0.000000e+00,0.000000e+00,0.000000e+00,0.000000e+00,0.000000e+00,3.264544e-18,3.328335e-18,1.361236e-22,4.383062e-30,1.114354e-24,5.343166e-22,1.186781e-22,-4.864030e-32
1384.4642,200.00,275.0000,3.491945e+03,1.194512e-01,C,2.199827e-03,1.035826e+00,0.2197%,1.959276e-01,1.962529e-01,1.292004e-04,9.119119e-14,3.573090e-08,1.183556e-04,8.989891e-06,0.000000e+00,0.000000e+00,1.550633e-17,0.000000e+00,0.000000e+00,0.000000e+00,0.000000e+00,0.000000e+00,0.000000e+00,2.762588e-17,8.457825e-26,1.496391e-17,4.511973e-30,5.186059e-21,1.100658e-17,1.171926e-18,6.473493e-41,-2.438012e-17,-1.219712e-17,-1.496377e-17,-5.379140e-32,-5.184916e-21,-1.100605e-17,-1.171807e-18,-4.911068e-32,0.000000e+00,0.000000e+00,0.000000e+00,0.000000e+00,0.000000e+00,0.000000e+00,0.000000e+00,0.000000e+00,3.245759e-18,3.309210e-18,1.373331e-22,4.458182e-30,1.142965e-24,5.265602e-22,1.191348e-22,-4.911068e-32
1404.4642,200.00,275.0000,3.560193e+03,1.186960e-01,C,2.200284e-03,1.035826e+00,0.2198%,1.979725e-01,1.983384e-01,1.292692e-04,9.403240e-14,3.632562e-08,1.186736e-04,9.053112e-06,0.000000e+00,0.000000e+00,1.550633e-17,0.000000e+00,0.000000e+00,0.000000e+00,0.000000e+00,0.000000e+00,0.000000e+00,2.764394e-17,1.047139e-25,1.497540e-17,4.587618e-30,5.258811e-21,1.101637e-17,1.180443e-18,7.642898e-41,-2.441720e-17,-1.221582e-17,-1.497527e-17,-5.445222e-32,-5.257641e-21,-1.101585e-17,-1.180324e-18,-4.957357e-32,0.000000e+00,0.000000e+00,0.000000e+00,0.000000e+00,0.000000e+00,0.000000e+00,0.000000e+00,0.000000e+00,3.226745e-18,3.290509e-18,1.384591e-22,4.533166e-30,1.170159e-24,5.245607e-22,1.197810e-22,-4.957357e-32
1424.4642,200.00,275.0000,3.628604e+03,1.179594e-01,C,2.200738e-03,1.035826e+00,0.2198%,2.000055e-01,2.004122e-01,1.293363e-04,9.692115e-14,3.691682e-08,1.189880e-04,9.115114e-06,0.000000e+00,0.000000e+00,1.550633e-17,0.000000e+00,0.000000e+00,0.000000e+00,0.000000e+00,0.000000e+00,0.000000e+00,2.766087e-17,1.289926e-25,1.498662e-17,4.663069e-30,5.330500e-21,1.102592e-17,1.188780e-18,9.104655e-41,-2.445341e-17,-1.223409e-17,-1.498648e-17,-5.511109e-32,-5.329383e-21,-1.102539e-17,-1.188658e-18,-5.002936e-32,0.000000e+00,0.000000e+00,0.000000e+00,0.000000e+00,0.000000e+00,0.000000e+00,0.000000e+00,0.000000e+00,3.207457e-18,3.272242e-18,1.395845e-22,4.607958e-30,1.116924e-24,5.287338e-22,1.222439e-22,-5.002936e-32
1444.4642,200.00,275.0000,3.697158e+03,1.172176e-01,C,2.201205e-03,1.035826e+00,0.2199%,2.020268e-01,2.024743e-01,1.294041e-04,9.985772e-14,3.752153e-08,1.193005e-04,9.177431e-06,0.000000e+00,0.000000e+00,1.550633e-17,0.000000e+00,0.000000e+00,0.000000e+00,0.000000e+00,0.000000e+00,0.000000e+00,2.767965e-17,1.581866e-25,1.499793e-17,4.740306e-30,5.403600e-21,1.103554e-17,1.197179e-18,1.039935e-40,-2.448993e-17,-1.225251e-17,-1.499778e-17,-5.577073e-32,-5.402380e-21,-1.103502e-17,-1.197058e-18,-5.048045e-32,0.000000e+00,0.000000e+00,0.000000e+00,0.000000e+00,0.000000e+00,0.000000e+00,0.000000e+00,0.000000e+00,3.189720e-18,3.253824e-18,1.406645e-22,4.684535e-30,1.219990e-24,5.184621e-22,1.209510e-22,-5.048045e-32
1464.4642,200.00,275.0000,3.765849e+03,1.164947e-01,C,2.201659e-03,1.035826e+00,0.2199%,2.040366e-01,2.045250e-01,1.294691e-04,1.028423e-13,3.811364e-08,1.196081e-04,9.237698e-06,0.000000e+00,0.000000e+00,1.550633e-17,0.000000e+00,0.000000e+00,0.000000e+00,0.000000e+00,0.000000e+00,0.000000e+00,2.769564e-17,1.930444e-25,1.500876e-17,4.816257e-30,5.474206e-21,1.104475e-17,1.205267e-18,1.303052e-40,-2.452555e-17,-1.227048e-17,-1.500880e-17,-5.642849e-32,-5.474289e-21,-1.104439e-17,-1.205271e-18,-5.092440e-32,0.000000e+00,0.000000e+00,0.000000e+00,0.000000e+00,0.000000e+00,0.000000e+00,0.000000e+00,0.000000e+00,3.170083e-18,3.235850e-18,-4.180856e-23,4.759828e-30,-8.291457e-26,3.560254e-22,-3.993467e-24,-5.092440e-32
1484.4642,200.00,275.0000,3.834669e+03,1.157909e-01,C,2.202124e-03,1.035826e+00,0.2200%,2.060349e-01,2.065645e-01,1.295346e-04,1.058753e-13,3.871779e-08,1.199139e-04,9.298274e-06,0.000000e+00,0.000000e+00,1.550633e-17,0.000000e+00,0.000000e+00,0.000000e+00,0.000000e+00,0.000000e+00,0.000000e+00,2.771338e-17,2.346024e-25,1.501968e-17,4.893968e-30,5.546222e-21,1.105403e-17,1.213416e-18,1.582873e-40,-2.456027e-17,-1.228800e-17,-1.501954e-17,-5.708443e-32,-5.545046e-21,-1.105350e-17,-1.213292e-18,-5.136121e-32,0.000000e+00,0.000000e+00,0.000000e+00,0.000000e+00,0.000000e+00,0.000000e+00,0.000000e+00,0.000000e+00,3.153103e-18,3.218330e-18,1.433469e-22,4.836884e-30,1.176290e-24,5.207206e-22,1.238967e-22,-5.136121e-32
1504.4642,200.00,275.0000,3.903616e+03,1.150823e-01,C,2.202593e-03,1.035826e+00,0.2200%,2.080220e-01,2.085928e-01,1.295995e-04,1.089569e-13,3.932653e-08,1.202169e-04,9.358338e-06,0.000000e+00,0.000000e+00,1.550633e-17,0.000000e+00,0.000000e+00,0.000000e+00,0.000000e+00,0.000000e+00,0.000000e+00,2.773128e-17,2.839114e-25,1.503049e-17,4.972407e-30,5.618235e-21,1.106321e-17,1.221496e-18,1.971283e-40,-2.459527e-17,-1.230566e-17,-1.503035e-17,-5.774164e-32,-5.616940e-21,-1.106270e-17,-1.221373e-18,-5.179362e-32,0.000000e+00,0.000000e+00,0.000000e+00,0.000000e+00,0.000000e+00,0.000000e+00,0.000000e+00,0.000000e+00,3.136010e-18,3.200668e-18,1.438000e-22,4.914665e-30,1.294545e-24,5.105429e-22,1.226365e-22,-5.179362e-32
1524.4642,200.00,275.0000,3.972682e+03,1.143932e-01,C,2.203056e-03,1.035826e+00,0.2201%,2.099980e-01,2.106102e-01,1.296627e-04,1.120874e-13,3.992983e-08,1.205162e-04,9.417095e-06,0.000000e+00,0.000000e+00,1.550633e-17,0.000000e+00,0.000000e+00,0.000000e+00,0.000000e+00,0.000000e+00,0.000000e+00,2.774777e-17,3.421194e-25,1.504101e-17,5.050475e-30,5.688897e-21,1.107213e-17,1.229382e-18,2.263634e-40,-2.462935e-17,-1.232286e-17,-1.504087e-17,-5.839733e-32,-5.687573e-21,-1.107162e-17,-1.229258e-18,-5.221905e-32,0.000000e+00,0.000000e+00,0.000000e+00,0.000000e+00,0.000000e+00,0.000000e+00,0.000000e+00,0.000000e+00,3.118427e-18,3.183471e-18,1.447890e-22,4.992077e-30,1.324101e-24,5.097701e-22,1.232380e-22,-5.221905e-32
1544.4642,200.00,275.0000,4.041862e+03,1.137118e-01,C,2.203520e-03,1.035826e+00,0.2201%,2.119631e-01,2.126167e-01,1.297253e-04,1.152671e-13,4.053649e-08,1.208127e-04,9.475320e-06,0.000000e+00,0.000000e+00,1.550633e-17,0.000000e+00,0.000000e+00,0.000000e+00,0.000000e+00,0.000000e+00,0.000000e+00,2.776434e-17,4.106484e-25,1.505142e-17,5.129211e-30,5.759486e-21,1.108095e-17,1.237195e-18,2.660397e-40,-2.466308e-17,-1.233989e-17,-1.505127e-17,-5.905308e-32,-5.758144e-21,-1.108045e-17,-1.237071e-18,-5.263889e-32,0.000000e+00,0.000000e+00,0.000000e+00,0.000000e+00,0.000000e+00,0.000000e+00,0.000000e+00,0.000000e+00,3.101255e-18,3.166443e-18,1.457770e-22,5.070158e-30,1.342044e-24,5.070975e-22,1.237581e-22,-5.263889e-32
1564.4642,200.00,275.0000,4.111157e+03,1.130381e-01,C,2.203978e-03,1.035826e+00,0.2202%,2.139173e-01,2.146125e-01,1.297860e-04,1.184962e-13,4.113745e-08,1.211056e-04,9.532196e-06,0.000000e+00,0.000000e+00,1.550633e-17,0.000000e+00,0.000000e+00,0.000000e+00,0.000000e+00,0.000000e+00,0.000000e+00,2.777938e-17,4.909395e-25,1.506153e-17,5.207484e-30,5.828553e-21,1.108952e-17,1.244806e-18,3.278511e-40,-2.469647e-17,-1.235674e-17,-1.506157e-17,-5.970914e-32,-5.828591e-21,-1.108918e-17,-1.244810e-18,-5.305328e-32,0.000000e+00,0.000000e+00,0.000000e+00,0.000000e+00,0.000000e+00,0.000000e+00,0.000000e+00,0.000000e+00,3.082911e-18,3.149588e-18,-3.935144e-23,5.147774e-30,-3.825361e-26,3.421499e-22,-3.650227e-24,-5.305328e-32
1584.4642,200.00,275.0000,4.180563e+03,1.123843e-01,C,2.204445e-03,1.035826e+00,0.2202%,2.158609e-01,2.165978e-01,1.298473e-04,1.217751e-13,4.174945e-08,1.213968e-04,9.589337e-06,0.000000e+00,0.000000e+00,1.550633e-17,0.000000e+00,0.000000e+00,0.000000e+00,0.000000e+00,0.000000e+00,0.000000e+00,2.779595e-17,5.848846e-25,1.507171e-17,5.287494e-30,5.898906e-21,1.109814e-17,1.252470e-18,3.825626e-40,-2.472890e-17,-1.237312e-17,-1.507156e-17,-6.036413e-32,-5.897619e-21,-1.109763e-17,-1.252344e-18,-5.346096e-32,0.000000e+00,0.000000e+00,0.000000e+00,0.000000e+00,0.000000e+00,0.000000e+00,0.000000e+00,0.000000e+00,3.067052e-18,3.133212e-18,1.477266e-22,5.227130e-30,1.287509e-24,5.076565e-22,1.265707e-22,-5.346096e-32
1604.4642,200.00,275.0000,4.250060e+03,1.117266e-01,C,2.204913e-03,1.035826e+00,0.2202%,2.177940e-01,2.185727e-01,1.299079e-04,1.251042e-13,4.236475e-08,1.216853e-04,9.645900e-06,0.000000e+00,0.000000e+00,1.550633e-17,0.000000e+00,0.000000e+00,0.000000e+00,0.000000e+00,0.000000e+00,0.000000e+00,2.781246e-17,6.943224e-25,1.508178e-17,5.368127e-30,5.969045e-21,1.110666e-17,1.260055e-18,4.543974e-40,-2.476156e-17,-1.238961e-17,-1.508163e-17,-6.102104e-32,-5.967629e-21,-1.110615e-17,-1.259929e-18,-5.386451e-32,0.000000e+00,0.000000e+00,0.000000e+00,0.000000e+00,0.000000e+00,0.000000e+00,0.000000e+00,0.000000e+00,3.050897e-18,3.116717e-18,1.491604e-22,5.307106e-30,1.415885e-24,5.025913e-22,1.252733e-22,-5.386451e-32
1624.4642,200.00,275.0000,4.319659e+03,1.110769e-01,C,2.205372e-03,1.035826e+00,0.2203%,2.197168e-01,2.205372e-01,1.299667e-04,1.284836e-13,4.297337e-08,1.219703e-04,9.701076e-06,0.000000e+00,0.000000e+00,1.550633e-17,0.000000e+00,0.000000e+00,0.000000e+00,0.000000e+00,0.000000e+00,0.000000e+00,2.782732e-17,7.653027e-25,1.509153e-17,5.448204e-30,6.037502e-21,1.111490e-17,1.267430e-18,4.861384e-40,-2.479386e-17,-1.240592e-17,-1.509157e-17,-6.167871e-32,-6.037511e-21,-1.111457e-17,-1.267434e-18,-5.426285e-32,0.000000e+00,0.000000e+00,0.000000e+00,0.000000e+00,0.000000e+00,0.000000e+00,0.000000e+00,0.000000e+00,3.033461e-18,3.100407e-18,-3.800046e-23,5.386525e-30,-8.511986e-27,3.327692e-22,-3.522698e-24,-5.426285e-32
1644.4642,200.00,275.0000,4.389363e+03,1.104476e-01,C,2.205841e-03,1.035826e+00,0.2203%,2.216292e-01,2.224917e-01,1.300259e-04,1.319138e-13,4.359247e-08,1.222538e-04,9.756495e-06,0.000000e+00,0.000000e+00,1.550633e-17,0.000000e+00,0.000000e+00,0.000000e+00,0.000000e+00,0.000000e+00,0.000000e+00,2.784360e-17,4.200906e-25,1.510136e-17,5.530014e-30,6.107191e-21,1.112321e-17,1.274854e-18,2.384751e-40,-2.482518e-17,-1.242174e-17,-1.510121e-17,-6.233580e-32,-6.105725e-21,-1.112271e-17,-1.274728e-18,-5.465474e-32,0.000000e+00,0.000000e+00,0.000000e+00,0.000000e+00,0.000000e+00,0.000000e+00,0.000000e+00,0.000000e+00,3.018423e-18,3.084588e-18,1.504247e-22,5.467679e-30,1.466575e-24,4.971633e-22,1.262727e-22,-5.465474e-32
1664.4642,200.00,275.0000,4.459136e+03,1.098147e-01,C,2.206299e-03,1.035826e+00,0.2204%,2.235316e-01,2.244360e-01,1.300832e-04,1.353952e-13,4.420492e-08,1.225335e-04,9.810484e-06,0.000000e+00,0.000000e+00,1.550633e-17,0.000000e+00,0.000000e+00,0.000000e+00,0.000000e+00,0.000000e+00,0.000000e+00,2.785814e-17,2.299309e-25,1.511087e-17,5.611204e-30,6.175056e-21,1.113124e-17,1.282064e-18,1.135994e-40,-2.485671e-17,-1.243767e-17,-1.511091e-17,-6.299518e-32,-6.175046e-21,-1.113091e-17,-1.282067e-18,-5.504263e-32,0.000000e+00,0.000000e+00,0.000000e+00,0.000000e+00,0.000000e+00,0.000000e+00,0.000000e+00,0.000000e+00,3.001438e-18,3.068662e-18,-3.715586e-23,5.548209e-30,1.027373e-26,3.277659e-22,-3.404759e-24,-5.504263e-32
1684.4642,200.00,275.0000,4.529007e+03,1.092024e-01,C,2.206767e-03,1.035826e+00,0.2204%,2.254239e-01,2.263705e-01,1.301410e-04,1.389279e-13,4.482757e-08,1.228119e-04,9.864702e-06,0.000000e+00,0.000000e+00,1.550633e-17,0.000000e+00,0.000000e+00,0.000000e+00,0.000000e+00,0.000000e+00,0.000000e+00,2.787403e-17,1.255426e-25,1.512045e-17,5.694134e-30,6.244109e-21,1.113932e-17,1.289319e-18,5.679968e-41,-2.488723e-17,-1.245309e-17,-1.512029e-17,-6.365424e-32,-6.242721e-21,-1.113883e-17,-1.289190e-18,-5.542420e-32,0.000000e+00,0.000000e+00,0.000000e+00,0.000000e+00,0.000000e+00,0.000000e+00,0.000000e+00,0.000000e+00,2.986799e-18,3.053236e-18,1.522559e-22,5.630480e-30,1.387968e-24,4.928572e-22,1.288071e-22,-5.542420e-32
1704.4642,200.00,275.0000,4.598928e+03,1.085866e-01,C,2.207223e-03,1.035826e+00,0.2205%,2.273064e-01,2.282952e-01,1.301968e-04,1.425125e-13,4.544270e-08,1.230864e-04,9.917461e-06,0.000000e+00,0.000000e+00,1.550633e-17,0.000000e+00,0.000000e+00,0.000000e+00,0.000000e+00,0.000000e+00,0.000000e+00,2.788811e-17,6.837244e-26,1.512971e-17,5.776373e-30,6.311239e-21,1.114713e-17,1.296355e-18,2.965277e-41,-2.491797e-17,-1.246862e-17,-1.512974e-17,-6.431578e-32,-6.311207e-21,-1.114680e-17,-1.296359e-18,-5.580181e-32,0.000000e+00,0.000000e+00,0.000000e+00,0.000000e+00,0.000000e+00,0.000000e+00,0.000000e+00,0.000000e+00,2.970142e-18,3.037705e-18,-3.635541e-23,5.712058e-30,3.195683e-26,3.235826e-22,-3.270318e-24,-5.580181e-32
1724.4642,200.00,275.0000,4.668953e+03,1.079917e-01,C,2.207688e-03,1.035826e+00,0.2205%,2.291791e-01,2.302102e-01,1.302531e-04,1.461493e-13,4.606782e-08,1.233597e-04,9.970442e-06,0.000000e+00,0.000000e+00,1.550633e-17,0.000000e+00,0.000000e+00,0.000000e+00,0.000000e+00,0.000000e+00,0.000000e+00,2.790348e-17,3.716532e-26,1.513903e-17,5.860352e-30,6.379512e-21,1.115498e-17,1.303435e-18,1.461756e-41,-2.494769e-17,-1.248365e-17,-1.513887e-17,-6.497744e-32,-6.378081e-21,-1.115449e-17,-1.303306e-18,-5.617335e-32,0.000000e+00,0.000000e+00,0.000000e+00,0.000000e+00,0.000000e+00,0.000000e+00,0.000000e+00,0.000000e+00,2.955786e-18,3.022684e-18,1.539320e-22,5.795374e-30,1.431042e-24,4.902960e-22,1.297438e-22,-5.617335e-32
1744.4642,200.00,275.0000,4.739047e+03,1.073934e-01,C,2.208151e-03,1.035826e+00,0.2206%,2.310422e-01,2.321157e-01,1.303086e-04,1.498386e-13,4.669465e-08,1.236305e-04,1.002278e-05,0.000000e+00,0.000000e+00,1.550633e-17,0.000000e+00,0.000000e+00,0.000000e+00,0.000000e+00,0.000000e+00,0.000000e+00,2.791853e-17,2.015865e-26,1.514821e-17,5.944836e-30,6.447311e-21,1.116272e-17,1.310424e-18,1.085876e-41,-2.497761e-17,-1.249877e-17,-1.514806e-17,-6.564224e-32,-6.445718e-21,-1.116224e-17,-1.310295e-18,-5.654138e-32,0.000000e+00,0.000000e+00,0.000000e+00,0.000000e+00,0.000000e+00,0.000000e+00,0.000000e+00,0.000000e+00,2.940917e-18,3.007564e-18,1.547016e-22,5.879194e-30,1.592474e-24,4.852811e-22,1.284591e-22,-5.654138e-32
1764.4642,200.00,275.0000,4.809202e+03,1.068042e-01,C,2.208613e-03,1.035826e+00,0.2206%,2.328958e-01,2.340117e-01,1.303634e-04,1.535808e-13,4.732220e-08,1.238988e-04,1.007448e-05,0.000000e+00,0.000000e+00,1.550633e-17,0.000000e+00,0.000000e+00,0.000000e+00,0.000000e+00,0.000000e+00,0.000000e+00,2.793323e-17,1.091485e-26,1.515727e-17,6.029810e-30,6.514630e-21,1.117035e-17,1.317321e-18,-8.352894e-43,-2.500710e-17,-1.251367e-17,-1.515712e-17,-6.630864e-32,-6.513015e-21,-1.116987e-17,-1.317192e-18,-5.690447e-32,0.000000e+00,0.000000e+00,0.000000e+00,0.000000e+00,0.000000e+00,0.000000e+00,0.000000e+00,0.000000e+00,2.926126e-18,2.992655e-18,1.555272e-22,5.963501e-30,1.615363e-24,4.814610e-22,1.288151e-22,-5.690447e-32
1784.4642,200.00,275.0000,4.879422e+03,1.062240e-01,C,2.209071e-03,1.035826e+00,0.2207%,2.347400e-01,2.358984e-01,1.304173e-04,1.573764e-13,4.795017e-08,1.241647e-04,1.012553e-05,0.000000e+00,0.000000e+00,1.550633e-17,0.000000e+00,0.000000e+00,0.000000e+00,0.000000e+00,0.000000e+00,0.000000e+00,2.794756e-17,5.896654e-27,1.516619e-17,6.115254e-30,6.581437e-21,1.117786e-17,1.324124e-18,-3.758802e-42,-2.503617e-17,-1.252837e-17,-1.516604e-17,-6.697686e-32,-6.579797e-21,-1.117738e-17,-1.323995e-18,-5.726279e-32,0.000000e+00,0.000000e+00,0.000000e+00,0.000000e+00,0.000000e+00,0.000000e+00,0.000000e+00,0.000000e+00,2.911385e-18,2.977958e-18,1.563275e-22,6.048278e-30,1.640550e-24,4.789874e-22,1.292090e-22,-5.726279e-32
1804.4642,200.00,275.0000,4.949699e+03,1.056530e-01,C,2.209527e-03,1.035826e+00,0.2207%,2.365749e-01,2.377758e-01,1.304704e-04,1.612257e-13,4.857819e-08,1.244281e-04,1.017592e-05,0.000000e+00,0.000000e+00,1.550633e-17,0.000000e+00,0.000000e+00,0.000000e+00,0.000000e+00,0.000000e+00,0.000000e+00,2.796148e-17,3.183211e-27,1.517498e-17,6.201148e-30,6.647695e-21,1.118524e-17,1.330834e-18,-4.594092e-42,-2.506481e-17,-1.254285e-17,-1.517482e-17,-6.764699e-32,-6.646028e-21,-1.118476e-17,-1.330704e-18,-5.761632e-32,0.000000e+00,0.000000e+00,0.000000e+00,0.000000e+00,0.000000e+00,0.000000e+00,0.000000e+00,0.000000e+00,2.896672e-18,2.963480e-18,1.576495e-22,6.133501e-30,1.667014e-24,4.794356e-22,1.296236e-22,-5.761632e-32
1824.4642,200.00,275.0000,5.020054e+03,1.050912e-01,C,2.209980e-03,1.035826e+00,0.2208%,2.384005e-01,2.396441e-01,1.305227e-04,1.651292e-13,4.920622e-08,1.246893e-04,1.022565e-05,0.000000e+00,0.000000e+00,1.550633e-17,0.000000e+00,0.000000e+00,0.000000e+00,0.000000e+00,0.000000e+00,0.000000e+00,2.797497e-17,1.715131e-27,1.518363e-17,6.287481e-30,6.713362e-21,1.119251e-17,1.337447e-18,-1.670579e-42,-2.509301e-17,-1.255711e-17,-1.518347e-17,-6.831948e-32,-6.711835e-21,-1.119203e-17,-1.337315e-18,-5.796537e-32,0.000000e+00,0.000000e+00,0.000000e+00,0.000000e+00,0.000000e+00,0.000000e+00,0.000000e+00,0.000000e+00,2.881962e-18,2.949220e-18,1.584720e-22,6.219162e-30,1.527350e-24,4.802520e-22,1.317074e-22,-5.796537e-32
1844.4642,200.00,275.0000,5.090428e+03,1.045264e-01,C,2.210430e-03,1.035826e+00,0.2208%,2.402172e-01,2.415034e-01,1.305742e-04,1.690873e-13,4.983471e-08,1.249477e-04,1.027469e-05,0.000000e+00,0.000000e+00,1.550633e-17,0.000000e+00,0.000000e+00,0.000000e+00,0.000000e+00,0.000000e+00,0.000000e+00,2.798799e-17,9.239209e-28,1.519214e-17,6.374226e-30,6.778367e-21,1.119965e-17,1.343962e-18,1.252934e-42,-2.512138e-17,-1.257146e-17,-1.519217e-17,-6.899556e-32,-6.778285e-21,-1.119935e-17,-1.343965e-18,-5.831093e-32,0.000000e+00,0.000000e+00,0.000000e+00,0.000000e+00,0.000000e+00,0.000000e+00,0.000000e+00,0.000000e+00,2.866607e-18,2.934871e-18,-3.378651e-23,6.305230e-30,8.124674e-26,3.074326e-22,-2.949377e-24,-5.831093e-32
1864.4642,200.00,275.0000,5.160873e+03,1.039833e-01,C,2.210886e-03,1.035826e+00,0.2208%,2.420248e-01,2.433538e-01,1.306260e-04,1.731004e-13,5.047188e-08,1.252051e-04,1.032391e-05,0.000000e+00,0.000000e+00,1.550633e-17,0.000000e+00,0.000000e+00,0.000000e+00,0.000000e+00,0.000000e+00,0.000000e+00,2.800210e-17,4.996153e-28,1.520070e-17,6.462738e-30,6.844395e-21,1.120684e-17,1.350512e-18,-2.088224e-42,-2.514869e-17,-1.258527e-17,-1.520054e-17,-6.967250e-32,-6.842824e-21,-1.120636e-17,-1.350380e-18,-5.865062e-32,0.000000e+00,0.000000e+00,0.000000e+00,0.000000e+00,0.000000e+00,0.000000e+00,0.000000e+00,0.000000e+00,2.853412e-18,2.921057e-18,1.594231e-22,6.393065e-30,1.570820e-24,4.766024e-22,1.325510e-22,-5.865062e-32
1884.4642,200.00,275.0000,5.231369e+03,1.034375e-01,C,2.211339e-03,1.035826e+00,0.2209%,2.438236e-01,2.451954e-01,1.306770e-04,1.771689e-13,5.110950e-08,1.254601e-04,1.037243e-05,0.000000e+00,0.000000e+00,1.550633e-17,0.000000e+00,0.000000e+00,0.000000e+00,0.000000e+00,0.000000e+00,0.000000e+00,2.801569e-17,2.713903e-28,1.520911e-17,6.551662e-30,6.909712e-21,1.121390e-17,1.356962e-18,5.011737e-42,-2.517616e-17,-1.259917e-17,-1.520895e-17,-7.035379e-32,-6.908118e-21,-1.121343e-17,-1.356830e-18,-5.898730e-32,0.000000e+00,0.000000e+00,0.000000e+00,0.000000e+00,0.000000e+00,0.000000e+00,0.000000e+00,0.000000e+00,2.839537e-18,2.907161e-18,1.601647e-22,6.481308e-30,1.594166e-24,4.739255e-22,1.328911e-22,-5.898730e-32
1904.4642,200.00,275.0000,5.301906e+03,1.028890e-01,C,2.211787e-03,1.035826e+00,0.2209%,2.456136e-01,2.470283e-01,1.307271e-04,1.812935e-13,5.174728e-08,1.257128e-04,1.042025e-05,0.000000e+00,0.000000e+00,1.550633e-17,0.000000e+00,0.000000e+00,0.000000e+00,0.000000e+00,0.000000e+00,0.000000e+00,2.802875e-17,1.441904e-28,1.521739e-17,6.640977e-30,6.974279e-21,1.122084e-17,1.363310e-18,-2.505868e-42,-2.520379e-17,-1.261314e-17,-1.521742e-17,-7.103955e-32,-6.974142e-21,-1.122054e-17,-1.363313e-18,-5.932097e-32,0.000000e+00,0.000000e+00,0.000000e+00,0.000000e+00,0.000000e+00,0.000000e+00,0.000000e+00,0.000000e+00,2.824958e-18,2.893185e-18,-3.277811e-23,6.569938e-30,1.373119e-25,2.989563e-22,-2.874256e-24,-5.932097e-32
1924.4642,200.00,275.0000,5.372495e+03,1.023623e-01,C,2.212242e-03,1.035826e+00,0.2210%,2.473950e-01,2.488525e-01,1.307776e-04,1.854744e-13,5.239318e-08,1.259643e-04,1.046824e-05,0.000000e+00,0.000000e+00,1.550633e-17,0.000000e+00,0.000000e+00,0.000000e+00,0.000000e+00,0.000000e+00,0.000000e+00,2.804282e-17,7.301363e-29,1.522571e-17,6.732091e-30,7.039837e-21,1.122782e-17,1.369692e-18,4.176447e-43,-2.523034e-17,-1.262658e-17,-1.522555e-17,-7.172648e-32,-7.038020e-21,-1.122735e-17,-1.369560e-18,-5.964881e-32,0.000000e+00,0.000000e+00,0.000000e+00,0.000000e+00,0.000000e+00,0.000000e+00,0.000000e+00,0.000000e+00,2.812482e-18,2.879749e-18,1.615557e-22,6.660365e-30,1.817391e-24,4.663483e-22,1.318843e-22,-5.964881e-32
1944.4642,200.00,275.0000,5.443112e+03,1.018331e-01,C,2.212682e-03,1.035826e+00,0.2210%,2.491677e-01,2.506682e-01,1.308260e-04,1.897121e-13,5.302834e-08,1.262123e-04,1.051466e-05,0.000000e+00,0.000000e+00,1.550633e-17,0.000000e+00,0.000000e+00,0.000000e+00,0.000000e+00,0.000000e+00,0.000000e+00,2.805472e-17,4.316529e-29,1.523370e-17,6.822149e-30,7.102889e-21,1.123450e-17,1.375834e-18,5.429381e-42,-2.525704e-17,-1.264009e-17,-1.523373e-17,-7.241808e-32,-7.102749e-21,-1.123421e-17,-1.375837e-18,-5.997367e-32,0.000000e+00,0.000000e+00,0.000000e+00,0.000000e+00,0.000000e+00,0.000000e+00,0.000000e+00,0.000000e+00,2.797680e-18,2.866238e-18,-3.215772e-23,6.749731e-30,1.403699e-25,2.963012e-22,-2.757363e-24,-5.997367e-32
1964.4642,200.00,275.0000,5.513762e+03,1.013137e-01,C,2.213127e-03,1.035826e+00,0.2211%,2.509320e-01,2.524755e-01,1.308747e-04,1.940073e-13,5.367233e-08,1.264591e-04,1.056121e-05,0.000000e+00,0.000000e+00,1.550633e-17,0.000000e+00,0.000000e+00,0.000000e+00,0.000000e+00,0.000000e+00,0.000000e+00,2.806759e-17,2.433788e-29,1.524172e-17,6.914002e-30,7.166844e-21,1.124122e-17,1.382007e-18,-6.264671e-42,-2.528327e-17,-1.265337e-17,-1.524176e-17,-7.311280e-32,-7.166695e-21,-1.124093e-17,-1.382010e-18,-6.029417e-32,0.000000e+00,0.000000e+00,0.000000e+00,0.000000e+00,0.000000e+00,0.000000e+00,0.000000e+00,0.000000e+00,2.784323e-18,2.852964e-18,-3.185216e-23,6.840889e-30,1.491012e-25,2.944261e-22,-2.712196e-24,-6.029417e-32
1984.4642,200.00,275.0000,5.584453e+03,1.008042e-01,C,2.213579e-03,1.035826e+00,0.2211%,2.526879e-01,2.542744e-01,1.309237e-04,1.983604e-13,5.432550e-08,1.267047e-04,1.060791e-05,0.000000e+00,0.000000e+00,1.550633e-17,0.000000e+00,0.000000e+00,0.000000e+00,0.000000e+00,0.000000e+00,0.000000e+00,2.808142e-17,1.469457e-29,1.524980e-17,7.007685e-30,7.231702e-21,1.124798e-17,1.388211e-18,-4.176447e-42,-2.530902e-17,-1.266640e-17,-1.524964e-17,-7.381090e-32,-7.230008e-21,-1.124752e-17,-1.388076e-18,-6.061045e-32,0.000000e+00,0.000000e+00,0.000000e+00,0.000000e+00,0.000000e+00,0.000000e+00,0.000000e+00,0.000000e+00,2.772401e-18,2.839929e-18,1.637011e-22,6.933874e-30,1.694528e-24,4.615328e-22,1.345074e-22,-6.061045e-32
2004.4642,200.00,275.0000,5.655167e+03,1.002923e-01,C,2.214014e-03,1.035826e+00,0.2212%,2.544355e-01,2.560651e-01,1.309705e-04,2.027718e-13,5.496678e-08,1.269470e-04,1.065302e-05,0.000000e+00,0.000000e+00,1.550633e-17,0.000000e+00,0.000000e+00,0.000000e+00,0.000000e+00,0.000000e+00,0.000000e+00,2.809300e-17,4.592052e-30,1.525753e-17,7.100231e-30,7.293938e-21,1.125444e-17,1.394171e-18,1.252934e-42,-2.533491e-17,-1.267951e-17,-1.525756e-17,-7.451426e-32,-7.293772e-21,-1.125415e-17,-1.394174e-18,-6.092396e-32,0.000000e+00,0.000000e+00,0.000000e+00,0.000000e+00,0.000000e+00,0.000000e+00,0.000000e+00,0.000000e+00,2.758086e-18,2.826821e-18,-3.125500e-23,7.025717e-30,1.661202e-25,2.903152e-22,-2.640360e-24,-6.092396e-32
2024.4642,200.00,275.0000,5.725913e+03,9.979031e-02,C,2.214455e-03,1.035826e+00,0.2212%,2.561748e-01,2.578475e-01,1.310177e-04,2.072422e-13,5.561682e-08,1.271881e-04,1.069826e-05,0.000000e+00,0.000000e+00,1.550633e-17,0.000000e+00,0.000000e+00,0.000000e+00,0.000000e+00,0.000000e+00,0.000000e+00,2.810549e-17,2.296026e-30,1.526530e-17,7.194604e-30,7.357031e-21,1.126094e-17,1.400160e-18,-2.088224e-42,-2.536032e-17,-1.269237e-17,-1.526533e-17,-7.522127e-32,-7.356854e-21,-1.126065e-17,-1.400162e-18,-6.123331e-32,0.000000e+00,0.000000e+00,0.000000e+00,0.000000e+00,0.000000e+00,0.000000e+00,0.000000e+00,0.000000e+00,2.745172e-18,2.813957e-18,-3.096495e-23,7.119383e-30,1.765539e-25,2.883585e-22,-2.603528e-24,-6.123331e-32
2044.4642,200.00,275.0000,5.796690e+03,9.929842e-02,C,2.214902e-03,1.035826e+00,0.2212%,2.579061e-01,2.596219e-01,1.310652e-04,2.117721e-13,5.627564e-08,1.274281e-04,1.074363e-05,0.000000e+00,0.000000e+00,1.550633e-17,0.000000e+00,0.000000e+00,0.000000e+00,0.000000e+00,0.000000e+00,0.000000e+00,2.811888e-17,2.296026e-30,1.527312e-17,7.290839e-30,7.420987e-21,1.126747e-17,1.406177e-18,-2.505868e-42,-2.538524e-17,-1.270499e-17,-1.527295e-17,-7.593207e-32,-7.419241e-21,-1.126701e-17,-1.406041e-18,-6.153853e-32,0.000000e+00,0.000000e+00,0.000000e+00,0.000000e+00,0.000000e+00,0.000000e+00,0.000000e+00,0.000000e+00,2.733647e-18,2.801339e-18,1.656843e-22,7.214907e-30,1.745565e-24,4.563930e-22,1.354704e-22,-6.153853e-32
2064.4642,200.00,275.0000,5.867487e+03,9.880429e-02,C,2.215331e-03,1.035826e+00,0.2213%,2.596293e-01,2.613883e-01,1.311105e-04,2.163620e-13,5.692171e-08,1.276648e-04,1.078739e-05,0.000000e+00,0.000000e+00,1.550633e-17,0.000000e+00,0.000000e+00,0.000000e+00,0.000000e+00,0.000000e+00,0.000000e+00,2.812996e-17,-1.836821e-30,1.528058e-17,7.385854e-30,7.482194e-21,1.127370e-17,1.411947e-18,-1.252934e-42,-2.541029e-17,-1.271768e-17,-1.528062e-17,-7.664871e-32,-7.481990e-21,-1.127342e-17,-1.411949e-18,-6.184117e-32,0.000000e+00,0.000000e+00,0.000000e+00,0.000000e+00,0.000000e+00,0.000000e+00,0.000000e+00,0.000000e+00,2.719671e-18,2.788653e-18,-3.040542e-23,7.309205e-30,2.044727e-25,2.852903e-22,-2.504565e-24,-6.184117e-32
2084.4642,200.00,275.0000,5.938315e+03,9.832032e-02,C,2.215765e-03,1.035826e+00,0.2213%,2.613446e-01,2.631468e-01,1.311561e-04,2.210124e-13,5.757618e-08,1.279005e-04,1.083128e-05,0.000000e+00,0.000000e+00,1.550633e-17,0.000000e+00,0.000000e+00,0.000000e+00,0.000000e+00,0.000000e+00,0.000000e+00,2.814190e-17,-1.836821e-30,1.528809e-17,7.482727e-30,7.544218e-21,1.127997e-17,1.417744e-18,0.000000e+00,-2.543484e-17,-1.273011e-17,-1.528812e-17,-7.736953e-32,-7.544003e-21,-1.127968e-17,-1.417746e-18,-6.213983e-32,0.000000e+00,0.000000e+00,0.000000e+00,0.000000e+00,0.000000e+00,0.000000e+00,0.000000e+00,0.000000e+00,2.707054e-18,2.776216e-18,-3.013709e-23,7.405358e-30,2.157400e-25,2.844197e-22,-2.433679e-24,-6.213983e-32
2104.4642,200.00,275.0000,6.009157e+03,9.784657e-02,C,2.216205e-03,1.035826e+00,0.2214%,2.630519e-01,2.648974e-01,1.312020e-04,2.257240e-13,5.823896e-08,1.281350e-04,1.087528e-05,0.000000e+00,0.000000e+00,1.550633e-17,0.000000e+00,0.000000e+00,0.000000e+00,0.000000e+00,0.000000e+00,0.000000e+00,2.815468e-17,1.377616e-30,1.529564e-17,7.581496e-30,7.607065e-21,1.128626e-17,1.423567e-18,-2.923513e-42,-2.545890e-17,-1.274230e-17,-1.529547e-17,-7.809452e-32,-7.605255e-21,-1.128581e-17,-1.423430e-18,-6.243439e-32,0.000000e+00,0.000000e+00,0.000000e+00,0.000000e+00,0.000000e+00,0.000000e+00,0.000000e+00,0.000000e+00,2.695785e-18,2.764031e-18,1.675626e-22,7.503402e-30,1.810288e-24,4.544768e-22,1.364877e-22,-6.243439e-32
2124.4642,200.00,275.0000,6.079997e+03,9.737080e-02,C,2.216638e-03,1.035826e+00,0.2214%,2.647516e-01,2.666403e-01,1.312470e-04,2.304975e-13,5.889992e-08,1.283672e-04,1.091851e-05,0.000000e+00,0.000000e+00,1.550633e-17,0.000000e+00,0.000000e+00,0.000000e+00,0.000000e+00,0.000000e+00,0.000000e+00,2.816669e-17,9.184104e-31,1.530303e-17,7.680579e-30,7.668865e-21,1.129243e-17,1.429277e-18,-1.252934e-42,-2.548307e-17,-1.275455e-17,-1.530286e-17,-7.882569e-32,-7.667034e-21,-1.129197e-17,-1.429140e-18,-6.272638e-32,0.000000e+00,0.000000e+00,0.000000e+00,0.000000e+00,0.000000e+00,0.000000e+00,0.000000e+00,0.000000e+00,2.683616e-18,2.751784e-18,1.681839e-22,7.601754e-30,1.830700e-24,4.520213e-22,1.367494e-22,-6.272638e-32
2144.4642,200.00,275.0000,6.150813e+03,9.689305e-02,C,2.217065e-03,1.035826e+00,0.2215%,2.664435e-01,2.683755e-01,1.312909e-04,2.353333e-13,5.955871e-08,1.285969e-04,1.096097e-05,0.000000e+00,0.000000e+00,1.550633e-17,0.000000e+00,0.000000e+00,0.000000e+00,0.000000e+00,0.000000e+00,0.000000e+00,2.817790e-17,-2.755231e-30,1.531026e-17,7.779955e-30,7.729579e-21,1.129845e-17,1.434873e-18,8.352894e-43,-2.550737e-17,-1.276685e-17,-1.531029e-17,-7.956305e-32,-7.729332e-21,-1.129818e-17,-1.434875e-18,-6.301568e-32,0.000000e+00,0.000000e+00,0.000000e+00,0.000000e+00,0.000000e+00,0.000000e+00,0.000000e+00,0.000000e+00,2.670528e-18,2.739475e-18,-2.932669e-23,7.700392e-30,2.472719e-25,2.766281e-22,-2.416925e-24,-6.301568e-32
2164.4642,200.00,275.0000,6.221699e+03,9.643790e-02,C,2.217496e-03,1.035826e+00,0.2215%,2.681277e-01,2.701031e-01,1.313352e-04,2.402321e-13,6.022386e-08,1.288261e-04,1.100356e-05,0.000000e+00,0.000000e+00,1.550633e-17,0.000000e+00,0.000000e+00,0.000000e+00,0.000000e+00,0.000000e+00,0.000000e+00,2.818991e-17,4.592052e-31,1.531753e-17,7.881258e-30,7.791124e-21,1.130451e-17,1.440495e-18,0.000000e+00,-2.553053e-17,-1.277859e-17,-1.531736e-17,-8.030372e-32,-7.789254e-21,-1.130406e-17,-1.440357e-18,-6.329994e-32,0.000000e+00,0.000000e+00,0.000000e+00,0.000000e+00,0.000000e+00,0.000000e+00,0.000000e+00,0.000000e+00,2.659384e-18,2.727738e-18,1.693839e-22,7.800954e-30,1.870035e-24,4.496947e-22,1.373466e-22,-6.329994e-32
2184.4642,200.00,275.0000,6.292622e+03,9.596887e-02,C,2.217920e-03,1.035826e+00,0.2215%,2.698044e-01,2.718231e-01,1.313784e-04,2.451944e-13,6.088878e-08,1.290533e-04,1.104538e-05,0.000000e+00,0.000000e+00,1.550633e-17,0.000000e+00,0.000000e+00,0.000000e+00,0.000000e+00,0.000000e+00,0.000000e+00,2.820110e-17,8.765354e-24,1.532464e-17,7.982860e-30,7.851486e-21,1.131043e-17,1.446000e-18,9.919062e-39,-2.555444e-17,-1.279070e-17,-1.532467e-17,-8.105366e-32,-7.851217e-21,-1.131015e-17,-1.446002e-18,-6.358376e-32,0.000000e+00,0.000000e+00,0.000000e+00,0.000000e+00,0.000000e+00,0.000000e+00,0.000000e+00,0.000000e+00,2.646661e-18,2.715635e-18,-2.881748e-23,7.901806e-30,2.691702e-25,2.728880e-22,-2.360923e-24,-6.358375e-32
2204.4642,200.00,275.0000,6.363540e+03,9.552221e-02,C,2.218350e-03,1.035826e+00,0.2216%,2.714736e-01,2.735357e-01,1.314219e-04,2.502211e-13,6.155939e-08,1.292793e-04,1.108730e-05,0.000000e+00,0.000000e+00,1.550633e-17,0.000000e+00,0.000000e+00,0.000000e+00,0.000000e+00,0.000000e+00,0.000000e+00,2.821305e-17,6.416654e-24,1.533179e-17,8.086413e-30,7.912662e-21,1.131637e-17,1.451530e-18,6.816797e-39,-2.557719e-17,-1.280224e-17,-1.533162e-17,-8.180645e-32,-7.910757e-21,-1.131593e-17,-1.451392e-18,-6.386198e-32,0.000000e+00,0.000000e+00,0.000000e+00,0.000000e+00,0.000000e+00,0.000000e+00,0.000000e+00,0.000000e+00,2.635858e-18,2.704098e-18,1.705652e-22,8.004606e-30,1.905113e-24,4.453788e-22,1.378496e-22,-6.386197e-32
2224.4642,200.00,275.0000,6.434439e+03,9.507376e-02,C,2.218771e-03,1.035826e+00,0.2216%,2.731354e-01,2.752409e-01,1.314644e-04,2.553127e-13,6.222734e-08,1.295031e-04,1.112844e-05,0.000000e+00,0.000000e+00,1.550633e-17,0.000000e+00,0.000000e+00,0.000000e+00,0.000000e+00,0.000000e+00,0.000000e+00,2.822414e-17,4.697582e-24,1.533877e-17,8.190249e-30,7.972659e-21,1.132218e-17,1.456943e-18,4.682215e-39,-2.560005e-17,-1.281383e-17,-1.533860e-17,-8.256629e-32,-7.970768e-21,-1.132174e-17,-1.456805e-18,-6.413779e-32,0.000000e+00,0.000000e+00,0.000000e+00,0.000000e+00,0.000000e+00,0.000000e+00,0.000000e+00,0.000000e+00,2.624082e-18,2.692504e-18,1.711325e-22,8.107683e-30,1.890819e-24,4.449774e-22,1.381383e-22,-6.413779e-32
2244.4642,200.00,275.0000,6.505342e+03,9.462360e-02,C,2.219197e-03,1.035826e+00,0.2217%,2.747899e-01,2.769388e-01,1.315072e-04,2.604700e-13,6.290471e-08,1.297258e-04,1.116966e-05,0.000000e+00,0.000000e+00,1.550633e-17,0.000000e+00,0.000000e+00,0.000000e+00,0.000000e+00,0.000000e+00,0.000000e+00,2.823596e-17,3.439868e-24,1.534579e-17,8.296090e-30,8.033351e-21,1.132802e-17,1.462377e-18,3.225470e-39,-2.562303e-17,-1.282547e-17,-1.534562e-17,-8.333364e-32,-8.031402e-21,-1.132758e-17,-1.462239e-18,-6.441144e-32,0.000000e+00,0.000000e+00,0.000000e+00,0.000000e+00,0.000000e+00,0.000000e+00,0.000000e+00,0.000000e+00,2.612934e-18,2.680858e-18,1.717234e-22,8.212756e-30,1.949901e-24,4.398290e-22,1.382864e-22,-6.441144e-32
2264.4642,200.00,275.0000,6.576262e+03,9.418398e-02,C,2.219616e-03,1.035826e+00,0.2217%,2.764371e-01,2.786295e-01,1.315489e-04,2.656935e-13,6.357717e-08,1.299466e-04,1.121011e-05,0.000000e+00,0.000000e+00,1.550633e-17,0.000000e+00,0.000000e+00,0.000000e+00,0.000000e+00,0.000000e+00,0.000000e+00,2.824690e-17,2.519199e-24,1.535265e-17,8.402209e-30,8.092869e-21,1.133372e-17,1.467695e-18,2.210176e-39,-2.564548e-17,-1.283686e-17,-1.535248e-17,-8.410673e-32,-8.090907e-21,-1.133328e-17,-1.467556e-18,-6.468146e-32,0.000000e+00,0.000000e+00,0.000000e+00,0.000000e+00,0.000000e+00,0.000000e+00,0.000000e+00,0.000000e+00,2.601423e-18,2.669474e-18,1.722779e-22,8.318102e-30,1.961910e-24,4.391108e-22,1.385699e-22,-6.468145e-32
2284.4642,200.00,275.0000,6.647168e+03,9.374266e-02,C,2.220026e-03,1.035826e+00,0.2218%,2.780772e-01,2.803129e-01,1.315897e-04,2.709841e-13,6.424639e-08,1.301652e-04,1.124976e-05,0.000000e+00,0.000000e+00,1.550633e-17,0.000000e+00,0.000000e+00,0.000000e+00,0.000000e+00,0.000000e+00,0.000000e+00,2.825694e-17,1.845219e-24,1.535934e-17,8.508583e-30,8.151126e-21,1.133927e-17,1.472893e-18,1.517721e-39,-2.566804e-17,-1.284829e-17,-1.535937e-17,-8.488758e-32,-8.150795e-21,-1.133901e-17,-1.472895e-18,-6.494927e-32,0.000000e+00,0.000000e+00,0.000000e+00,0.000000e+00,0.000000e+00,0.000000e+00,0.000000e+00,0.000000e+00,2.588899e-18,2.658038e-18,-2.762236e-23,8.423695e-30,3.310594e-25,2.649249e-22,-2.195298e-24,-6.494927e-32
2304.4642,200.00,275.0000,6.718065e+03,9.331202e-02,C,2.220440e-03,1.035826e+00,0.2218%,2.797101e-01,2.819893e-01,1.316306e-04,2.763424e-13,6.492267e-08,1.303828e-04,1.128950e-05,0.000000e+00,0.000000e+00,1.550633e-17,0.000000e+00,0.000000e+00,0.000000e+00,0.000000e+00,0.000000e+00,0.000000e+00,2.826766e-17,1.351975e-24,1.536606e-17,8.616996e-30,8.210085e-21,1.134485e-17,1.478112e-18,1.058729e-39,-2.569006e-17,-1.285946e-17,-1.536609e-17,-8.567430e-32,-8.209742e-21,-1.134459e-17,-1.478114e-18,-6.521333e-32,0.000000e+00,0.000000e+00,0.000000e+00,0.000000e+00,0.000000e+00,0.000000e+00,0.000000e+00,0.000000e+00,2.577606e-18,2.646869e-18,-2.739872e-23,8.531322e-30,3.424801e-25,2.640774e-22,-2.139218e-24,-6.521333e-32
2324.4642,200.00,275.0000,6.788960e+03,9.289209e-02,C,2.220859e-03,1.035826e+00,0.2218%,2.813360e-01,2.836586e-01,1.316718e-04,2.817693e-13,6.560603e-08,1.305994e-04,1.132933e-05,0.000000e+00,0.000000e+00,1.550633e-17,0.000000e+00,0.000000e+00,0.000000e+00,0.000000e+00,0.000000e+00,0.000000e+00,2.827908e-17,9.909121e-25,1.537282e-17,8.727492e-30,8.269748e-21,1.135046e-17,1.483352e-18,7.233606e-40,-2.571154e-17,-1.287036e-17,-1.537264e-17,-8.646713e-32,-8.267775e-21,-1.135002e-17,-1.483212e-18,-6.547371e-32,0.000000e+00,0.000000e+00,0.000000e+00,0.000000e+00,0.000000e+00,0.000000e+00,0.000000e+00,0.000000e+00,2.567536e-18,2.635970e-18,1.738982e-22,8.641025e-30,1.973246e-24,4.371404e-22,1.393799e-22,-6.547371e-32
2344.4642,200.00,275.0000,6.859863e+03,9.245826e-02,C,2.221269e-03,1.035826e+00,0.2219%,2.829548e-01,2.853209e-01,1.317120e-04,2.872654e-13,6.628804e-08,1.308141e-04,1.136834e-05,0.000000e+00,0.000000e+00,1.550633e-17,0.000000e+00,0.000000e+00,0.000000e+00,0.000000e+00,0.000000e+00,0.000000e+00,2.828954e-17,7.264475e-25,1.537941e-17,8.838257e-30,8.328045e-21,1.135593e-17,1.488469e-18,5.061854e-40,-2.573377e-17,-1.288163e-17,-1.537943e-17,-8.727081e-32,-8.327687e-21,-1.135567e-17,-1.488471e-18,-6.573390e-32,0.000000e+00,0.000000e+00,0.000000e+00,0.000000e+00,0.000000e+00,0.000000e+00,0.000000e+00,0.000000e+00,2.555779e-18,2.624701e-18,-2.693946e-23,8.750986e-30,3.580359e-25,2.584127e-22,-2.174004e-24,-6.573390e-32
2364.4642,200.00,275.0000,6.930758e+03,9.204752e-02,C,2.221684e-03,1.035826e+00,0.2219%,2.845668e-01,2.869763e-01,1.317524e-04,2.928315e-13,6.697463e-08,1.310278e-04,1.140745e-05,0.000000e+00,0.000000e+00,1.550633e-17,0.000000e+00,0.000000e+00,0.000000e+00,0.000000e+00,0.000000e+00,0.000000e+00,2.830067e-17,5.327658e-25,1.538603e-17,8.951144e-30,8.387079e-21,1.136142e-17,1.493608e-18,3.487333e-40,-2.575481e-17,-1.289231e-17,-1.538585e-17,-8.807873e-32,-8.385019e-21,-1.136098e-17,-1.493468e-18,-6.598878e-32,0.000000e+00,0.000000e+00,0.000000e+00,0.000000e+00,0.000000e+00,0.000000e+00,0.000000e+00,0.000000e+00,2.545866e-18,2.614024e-18,1.749664e-22,8.863066e-30,2.060635e-24,4.323215e-22,1.397979e-22,-6.598878e-32
2384.4642,200.00,275.0000,7.001638e+03,9.163523e-02,C,2.222089e-03,1.035826e+00,0.2220%,2.861718e-01,2.886249e-01,1.317917e-04,2.984684e-13,6.765731e-08,1.312394e-04,1.144575e-05,0.000000e+00,0.000000e+00,1.550633e-17,0.000000e+00,0.000000e+00,0.000000e+00,0.000000e+00,0.000000e+00,0.000000e+00,2.831083e-17,3.908277e-25,1.539248e-17,9.064298e-30,8.444749e-21,1.136676e-17,1.498624e-18,2.330457e-40,-2.577594e-17,-1.290303e-17,-1.539230e-17,-8.889550e-32,-8.442727e-21,-1.136633e-17,-1.498484e-18,-6.624170e-32,0.000000e+00,0.000000e+00,0.000000e+00,0.000000e+00,0.000000e+00,0.000000e+00,0.000000e+00,0.000000e+00,2.534882e-18,2.603298e-18,1.754737e-22,8.975402e-30,2.022081e-24,4.326706e-22,1.400737e-22,-6.624170e-32
2404.4642,200.00,275.0000,7.072513e+03,9.122149e-02,C,2.222499e-03,1.035826e+00,0.2220%,2.877701e-01,2.902667e-01,1.318312e-04,3.041770e-13,6.834886e-08,1.314502e-04,1.148413e-05,0.000000e+00,0.000000e+00,1.550633e-17,0.000000e+00,0.000000e+00,0.000000e+00,0.000000e+00,0.000000e+00,0.000000e+00,2.832162e-17,2.868292e-25,1.539896e-17,9.179615e-30,8.503037e-21,1.137213e-17,1.503659e-18,1.624638e-40,-2.579717e-17,-1.291380e-17,-1.539878e-17,-8.972147e-32,-8.500932e-21,-1.137170e-17,-1.503518e-18,-6.649278e-32,0.000000e+00,0.000000e+00,0.000000e+00,0.000000e+00,0.000000e+00,0.000000e+00,0.000000e+00,0.000000e+00,2.524443e-18,2.592527e-18,1.759990e-22,9.089893e-30,2.105082e-24,4.290266e-22,1.402350e-22,-6.649278e-32
2424.4642,200.00,275.0000,7.143377e+03,9.081858e-02,C,2.222899e-03,1.035826e+00,0.2220%,2.893617e-01,2.919018e-01,1.318697e-04,3.099580e-13,6.903383e-08,1.316589e-04,1.152169e-05,0.000000e+00,0.000000e+00,1.550633e-17,0.000000e+00,0.000000e+00,0.000000e+00,0.000000e+00,0.000000e+00,0.000000e+00,2.833141e-17,2.105686e-25,1.540527e-17,9.295194e-30,8.559965e-21,1.137736e-17,1.508571e-18,1.165229e-40,-2.581786e-17,-1.292430e-17,-1.540509e-17,-9.055449e-32,-8.557902e-21,-1.137693e-17,-1.508430e-18,-6.674033e-32,0.000000e+00,0.000000e+00,0.000000e+00,0.000000e+00,0.000000e+00,0.000000e+00,0.000000e+00,0.000000e+00,2.513554e-18,2.582029e-18,1.764881e-22,9.204640e-30,2.063883e-24,4.303315e-22,1.405360e-22,-6.674033e-32
2444.4642,200.00,275.0000,7.214252e+03,9.041427e-02,C,2.223303e-03,1.035826e+00,0.2221%,2.909466e-01,2.935302e-01,1.319084e-04,3.158123e-13,6.972765e-08,1.318669e-04,1.155933e-05,0.000000e+00,0.000000e+00,1.550633e-17,0.000000e+00,0.000000e+00,0.000000e+00,0.000000e+00,0.000000e+00,0.000000e+00,2.834182e-17,1.546612e-25,1.541161e-17,9.412980e-30,8.617491e-21,1.138261e-17,1.513500e-18,8.185836e-41,-2.583863e-17,-1.293484e-17,-1.541143e-17,-9.139731e-32,-8.615346e-21,-1.138218e-17,-1.513359e-18,-6.698624e-32,0.000000e+00,0.000000e+00,0.000000e+00,0.000000e+00,0.000000e+00,0.000000e+00,0.000000e+00,0.000000e+00,2.503191e-18,2.571488e-18,1.769942e-22,9.321582e-30,2.145007e-24,4.277974e-22,1.407279e-22,-6.698624e-32
2464.4642,200.00,275.0000,7.285079e+03,9.000853e-02,C,2.223698e-03,1.035826e+00,0.2221%,2.925249e-01,2.951520e-01,1.319460e-04,3.217408e-13,7.041673e-08,1.320728e-04,1.159613e-05,0.000000e+00,0.000000e+00,1.550633e-17,0.000000e+00,0.000000e+00,0.000000e+00,0.000000e+00,0.000000e+00,0.000000e+00,2.835121e-17,1.136345e-25,1.541778e-17,9.531024e-30,8.673560e-21,1.138771e-17,1.518305e-18,5.262323e-41,-2.585949e-17,-1.294543e-17,-1.541780e-17,-9.224964e-32,-8.673132e-21,-1.138746e-17,-1.518307e-18,-6.723014e-32,0.000000e+00,0.000000e+00,0.000000e+00,0.000000e+00,0.000000e+00,0.000000e+00,0.000000e+00,0.000000e+00,2.491713e-18,2.560901e-18,-2.569376e-23,9.438775e-30,4.286659e-25,2.510783e-22,-1.957869e-24,-6.723014e-32
2484.4642,200.00,275.0000,7.355888e+03,8.961377e-02,C,2.224096e-03,1.035826e+00,0.2222%,2.940966e-01,2.967672e-01,1.319839e-04,3.277444e-13,7.111199e-08,1.322777e-04,1.163301e-05,0.000000e+00,0.000000e+00,1.550633e-17,0.000000e+00,0.000000e+00,0.000000e+00,0.000000e+00,0.000000e+00,0.000000e+00,2.836118e-17,8.353632e-26,1.542397e-17,9.651320e-30,8.730258e-21,1.139283e-17,1.523127e-18,4.552327e-41,-2.587980e-17,-1.295574e-17,-1.542400e-17,-9.310962e-32,-8.729822e-21,-1.139258e-17,-1.523129e-18,-6.747055e-32,0.000000e+00,0.000000e+00,0.000000e+00,0.000000e+00,0.000000e+00,0.000000e+00,0.000000e+00,0.000000e+00,2.481386e-18,2.550593e-18,-2.549626e-23,9.558210e-30,4.354639e-25,2.497830e-22,-1.928147e-24,-6.747055e-32
2504.4642,200.00,275.0000,7.426688e+03,8.923003e-02,C,2.224499e-03,1.035826e+00,0.2222%,2.956619e-01,2.983760e-01,1.320219e-04,3.338239e-13,7.181342e-08,1.324817e-04,1.166996e-05,0.000000e+00,0.000000e+00,1.550633e-17,0.000000e+00,0.000000e+00,0.000000e+00,0.000000e+00,0.000000e+00,0.000000e+00,2.837175e-17,6.143753e-26,1.543020e-17,9.773913e-30,8.787585e-21,1.139798e-17,1.527967e-18,3.382922e-41,-2.589954e-17,-1.296576e-17,-1.543002e-17,-9.397753e-32,-8.785456e-21,-1.139756e-17,-1.527825e-18,-6.770758e-32,0.000000e+00,0.000000e+00,0.000000e+00,0.000000e+00,0.000000e+00,0.000000e+00,0.000000e+00,0.000000e+00,2.472206e-18,2.540566e-18,1.784517e-22,9.679936e-30,2.129159e-24,4.244106e-22,1.413645e-22,-6.770758e-32
2524.4642,200.00,275.0000,7.497467e+03,8.883260e-02,C,2.224891e-03,1.035826e+00,0.2222%,2.972207e-01,2.999783e-01,1.320588e-04,3.399804e-13,7.251235e-08,1.326839e-04,1.170607e-05,0.000000e+00,0.000000e+00,1.550633e-17,0.000000e+00,0.000000e+00,0.000000e+00,0.000000e+00,0.000000e+00,0.000000e+00,2.838126e-17,4.520600e-26,1.543624e-17,9.896784e-30,8.843350e-21,1.140298e-17,1.532679e-18,2.046459e-41,-2.592002e-17,-1.297616e-17,-1.543627e-17,-9.485832e-32,-8.842882e-21,-1.140273e-17,-1.532681e-18,-6.794464e-32,0.000000e+00,0.000000e+00,0.000000e+00,0.000000e+00,0.000000e+00,0.000000e+00,0.000000e+00,0.000000e+00,2.461238e-18,2.530173e-18,-2.509988e-23,9.801926e-30,4.680776e-25,2.452244e-22,-1.943655e-24,-6.794464e-32
2544.4642,200.00,275.0000,7.568235e+03,8.845857e-02,C,2.225286e-03,1.035826e+00,0.2223%,2.987731e-01,3.015742e-01,1.320960e-04,3.462146e-13,7.321457e-08,1.328852e-04,1.174226e-05,0.000000e+00,0.000000e+00,1.550633e-17,0.000000e+00,0.000000e+00,0.000000e+00,0.000000e+00,0.000000e+00,0.000000e+00,2.839133e-17,3.328687e-26,1.544232e-17,1.002200e-29,8.899779e-21,1.140800e-17,1.537409e-18,1.085876e-41,-2.593928e-17,-1.298594e-17,-1.544214e-17,-9.574506e-32,-8.897612e-21,-1.140758e-17,-1.537268e-18,-6.817662e-32,0.000000e+00,0.000000e+00,0.000000e+00,0.000000e+00,0.000000e+00,0.000000e+00,0.000000e+00,0.000000e+00,2.452046e-18,2.520386e-18,1.793966e-22,9.926255e-30,2.166933e-24,4.218711e-22,1.417692e-22,-6.817662e-32
2564.4642,200.00,275.0000,7.638965e+03,8.807090e-02,C,2.225672e-03,1.035826e+00,0.2223%,3.003193e-01,3.031639e-01,1.321320e-04,3.525277e-13,7.391396e-08,1.330845e-04,1.177761e-05,0.000000e+00,0.000000e+00,1.550633e-17,0.000000e+00,0.000000e+00,0.000000e+00,0.000000e+00,0.000000e+00,0.000000e+00,2.840032e-17,2.451375e-26,1.544822e-17,1.014749e-29,8.954600e-21,1.141287e-17,1.542011e-18,1.211170e-41,-2.595928e-17,-1.299609e-17,-1.544825e-17,-9.664507e-32,-8.954121e-21,-1.141263e-17,-1.542013e-18,-6.840861e-32,0.000000e+00,0.000000e+00,0.000000e+00,0.000000e+00,0.000000e+00,0.000000e+00,0.000000e+00,0.000000e+00,2.441045e-18,2.510234e-18,-2.473207e-23,1.005085e-29,4.789378e-25,2.442605e-22,-1.832268e-24,-6.840861e-32
2584.4642,200.00,275.0000,7.709702e+03,8.769435e-02,C,2.226061e-03,1.035826e+00,0.2224%,3.018591e-01,3.047472e-01,1.321682e-04,3.589205e-13,7.461919e-08,1.332832e-04,1.181302e-05,0.000000e+00,0.000000e+00,1.550633e-17,0.000000e+00,0.000000e+00,0.000000e+00,0.000000e+00,0.000000e+00,0.000000e+00,2.840987e-17,1.806973e-26,1.545415e-17,1.027537e-29,9.010011e-21,1.141776e-17,1.546629e-18,4.594092e-42,-2.597871e-17,-1.300596e-17,-1.545417e-17,-9.755409e-32,-9.009523e-21,-1.141752e-17,-1.546631e-18,-6.863743e-32,0.000000e+00,0.000000e+00,0.000000e+00,0.000000e+00,0.000000e+00,0.000000e+00,0.000000e+00,0.000000e+00,2.431161e-18,2.500367e-18,-2.454870e-23,1.017782e-29,4.889023e-25,2.430891e-22,-1.803180e-24,-6.863743e-32
2604.4642,200.00,275.0000,7.780385e+03,8.732895e-02,C,2.226453e-03,1.035826e+00,0.2224%,3.033928e-01,3.063244e-01,1.322046e-04,3.653941e-13,7.532986e-08,1.334808e-04,1.184849e-05,0.000000e+00,0.000000e+00,1.550633e-17,0.000000e+00,0.000000e+00,0.000000e+00,0.000000e+00,0.000000e+00,0.000000e+00,2.841995e-17,1.332476e-26,1.546010e-17,1.040570e-29,9.066016e-21,1.142268e-17,1.551263e-18,4.176447e-43,-2.599756e-17,-1.301554e-17,-1.545992e-17,-9.847178e-32,-9.063802e-21,-1.142226e-17,-1.551121e-18,-6.886271e-32,0.000000e+00,0.000000e+00,0.000000e+00,0.000000e+00,0.000000e+00,0.000000e+00,0.000000e+00,0.000000e+00,2.422385e-18,2.490785e-18,1.807691e-22,1.030723e-29,2.213955e-24,4.188365e-22,1.423753e-22,-6.886271e-32
2624.4642,200.00,275.0000,7.851047e+03,8.694997e-02,C,2.226835e-03,1.035826e+00,0.2224%,3.049203e-01,3.078953e-01,1.322399e-04,3.719496e-13,7.603756e-08,1.336765e-04,1.188311e-05,0.000000e+00,0.000000e+00,1.550633e-17,0.000000e+00,0.000000e+00,0.000000e+00,0.000000e+00,0.000000e+00,0.000000e+00,2.842892e-17,9.832043e-27,1.546587e-17,1.053632e-29,9.120356e-21,1.142744e-17,1.555767e-18,-2.088224e-42,-2.601714e-17,-1.302549e-17,-1.546590e-17,-9.940374e-32,-9.119837e-21,-1.142720e-17,-1.555769e-18,-6.908824e-32,0.000000e+00,0.000000e+00,0.000000e+00,0.000000e+00,0.000000e+00,0.000000e+00,0.000000e+00,0.000000e+00,2.411774e-18,2.480841e-18,-2.418426e-23,1.043692e-29,5.192607e-25,2.396844e-22,-1.786147e-24,-6.908824e-32
2644.4642,200.00,275.0000,7.921697e+03,8.658218e-02,C,2.227220e-03,1.035826e+00,0.2225%,3.064417e-01,3.094602e-01,1.322754e-04,3.785879e-13,7.675071e-08,1.338715e-04,1.191780e-05,0.000000e+00,0.000000e+00,1.550633e-17,0.000000e+00,0.000000e+00,0.000000e+00,0.000000e+00,0.000000e+00,0.000000e+00,2.843841e-17,7.260494e-27,1.547167e-17,1.066944e-29,9.175270e-21,1.143222e-17,1.560287e-18,1.670579e-42,-2.603615e-17,-1.303515e-17,-1.547170e-17,-1.003453e-31,-9.174730e-21,-1.143198e-17,-1.560289e-18,-6.931057e-32,0.000000e+00,0.000000e+00,0.000000e+00,0.000000e+00,0.000000e+00,0.000000e+00,0.000000e+00,0.000000e+00,2.402258e-18,2.471183e-18,-2.400365e-23,1.056909e-29,5.401329e-25,2.375538e-22,-1.794622e-24,-6.931057e-32
2664.4642,200.00,275.0000,7.992324e+03,8.622562e-02,C,2.227608e-03,1.035826e+00,0.2225%,3.079570e-01,3.110190e-01,1.323110e-04,3.853101e-13,7.746911e-08,1.340658e-04,1.195254e-05,0.000000e+00,0.000000e+00,1.550633e-17,0.000000e+00,0.000000e+00,0.000000e+00,0.000000e+00,0.000000e+00,0.000000e+00,2.844842e-17,5.362599e-27,1.547750e-17,1.080510e-29,9.230760e-21,1.143702e-17,1.564821e-18,-3.341158e-42,-2.605458e-17,-1.304452e-17,-1.547732e-17,-1.012965e-31,-9.228414e-21,-1.143661e-17,-1.564679e-18,-6.952965e-32,0.000000e+00,0.000000e+00,0.000000e+00,0.000000e+00,0.000000e+00,0.000000e+00,0.000000e+00,0.000000e+00,2.393832e-18,2.461814e-18,1.821113e-22,1.070380e-29,2.346427e-24,4.128949e-22,1.428599e-22,-6.952965e-32
2684.4642,200.00,275.0000,8.062912e+03,8.586788e-02,C,2.227985e-03,1.035826e+00,0.2226%,3.094664e-01,3.125718e-01,1.323455e-04,3.921174e-13,7.818136e-08,1.342581e-04,1.198644e-05,0.000000e+00,0.000000e+00,1.550633e-17,0.000000e+00,0.000000e+00,0.000000e+00,0.000000e+00,0.000000e+00,0.000000e+00,2.845729e-17,3.961563e-27,1.548314e-17,1.094108e-29,9.284585e-21,1.144167e-17,1.569226e-18,-2.923513e-42,-2.607309e-17,-1.305392e-17,-1.548296e-17,-1.022601e-31,-9.282299e-21,-1.144126e-17,-1.569083e-18,-6.974717e-32,0.000000e+00,0.000000e+00,0.000000e+00,0.000000e+00,0.000000e+00,0.000000e+00,0.000000e+00,0.000000e+00,2.384196e-18,2.452408e-18,1.825354e-22,1.083882e-29,2.285519e-24,4.133628e-22,1.430817e-22,-6.974717e-32
2704.4642,200.00,275.0000,8.133465e+03,8.550905e-02,C,2.228366e-03,1.035826e+00,0.2226%,3.109698e-01,3.141187e-01,1.323802e-04,3.990109e-13,7.890143e-08,1.344496e-04,1.202038e-05,0.000000e+00,0.000000e+00,1.550633e-17,0.000000e+00,0.000000e+00,0.000000e+00,0.000000e+00,0.000000e+00,0.000000e+00,2.846665e-17,2.932944e-27,1.548881e-17,1.107967e-29,9.338912e-21,1.144634e-17,1.573644e-18,5.011737e-42,-2.609167e-17,-1.306336e-17,-1.548863e-17,-1.032364e-31,-9.336524e-21,-1.144593e-17,-1.573501e-18,-6.996321e-32,0.000000e+00,0.000000e+00,0.000000e+00,0.000000e+00,0.000000e+00,0.000000e+00,0.000000e+00,0.000000e+00,2.374985e-18,2.442967e-18,1.829708e-22,1.097643e-29,2.388039e-24,4.108724e-22,1.432247e-22,-6.996321e-32
2724.4642,200.00,275.0000,8.203994e+03,8.514909e-02,C,2.228735e-03,1.035826e+00,0.2226%,3.124673e-01,3.156596e-01,1.324138e-04,4.059917e-13,7.961523e-08,1.346392e-04,1.205347e-05,0.000000e+00,0.000000e+00,1.550633e-17,0.000000e+00,0.000000e+00,0.000000e+00,0.000000e+00,0.000000e+00,0.000000e+00,2.847486e-17,2.170204e-27,1.549430e-17,1.121857e-29,9.391528e-21,1.145086e-17,1.577932e-18,7.517605e-42,-2.611032e-17,-1.307284e-17,-1.549432e-17,-1.042259e-31,-9.390950e-21,-1.145062e-17,-1.577933e-18,-7.017787e-32,0.000000e+00,0.000000e+00,0.000000e+00,0.000000e+00,0.000000e+00,0.000000e+00,0.000000e+00,0.000000e+00,2.364546e-18,2.433490e-18,-2.332437e-23,1.111435e-29,5.779563e-25,2.330752e-22,-1.690304e-24,-7.017787e-32
2744.4642,200.00,275.0000,8.274475e+03,8.480050e-02,C,2.229107e-03,1.035826e+00,0.2227%,3.139590e-01,3.171947e-01,1.324475e-04,4.130610e-13,8.033429e-08,1.348280e-04,1.208660e-05,0.000000e+00,0.000000e+00,1.550633e-17,0.000000e+00,0.000000e+00,0.000000e+00,0.000000e+00,0.000000e+00,0.000000e+00,2.848356e-17,1.604922e-27,1.549980e-17,1.136013e-29,9.444670e-21,1.145539e-17,1.582233e-18,-9.188184e-42,-2.612838e-17,-1.308202e-17,-1.549983e-17,-1.052259e-31,-9.444472e-21,-1.145516e-17,-1.582233e-18,-7.038922e-32,0.000000e+00,0.000000e+00,0.000000e+00,0.000000e+00,0.000000e+00,0.000000e+00,0.000000e+00,0.000000e+00,2.355175e-18,2.424307e-18,-2.310291e-23,1.125491e-29,1.978671e-25,2.332254e-22,-1.478523e-25,-7.038922e-32
2764.4642,200.00,275.0000,8.344943e+03,8.445076e-02,C,2.229482e-03,1.035826e+00,0.2227%,3.154448e-01,3.187239e-01,1.324813e-04,4.202199e-13,8.106004e-08,1.350162e-04,1.211979e-05,0.000000e+00,0.000000e+00,1.550633e-17,0.000000e+00,0.000000e+00,0.000000e+00,0.000000e+00,0.000000e+00,0.000000e+00,2.849272e-17,1.191638e-27,1.550534e-17,1.150441e-29,9.498317e-21,1.145994e-17,1.586547e-18,-6.264671e-42,-2.614652e-17,-1.309124e-17,-1.550536e-17,-1.062396e-31,-9.497713e-21,-1.145971e-17,-1.586549e-18,-7.059932e-32,0.000000e+00,0.000000e+00,0.000000e+00,0.000000e+00,0.000000e+00,0.000000e+00,0.000000e+00,0.000000e+00,2.346205e-18,2.415087e-18,-2.299646e-23,1.139817e-29,6.033961e-25,2.305084e-22,-1.655033e-24,-7.059932e-32
2784.4642,200.00,275.0000,8.415381e+03,8.411242e-02,C,2.229861e-03,1.035826e+00,0.2227%,3.169249e-01,3.202474e-01,1.325154e-04,4.274698e-13,8.179108e-08,1.352036e-04,1.215304e-05,0.000000e+00,0.000000e+00,1.550633e-17,0.000000e+00,0.000000e+00,0.000000e+00,0.000000e+00,0.000000e+00,0.000000e+00,2.850236e-17,8.844292e-28,1.551089e-17,1.165145e-29,9.552494e-21,1.146452e-17,1.590875e-18,8.352894e-43,-2.616407e-17,-1.310017e-17,-1.551071e-17,-1.072646e-31,-9.550030e-21,-1.146411e-17,-1.590731e-18,-7.080625e-32,0.000000e+00,0.000000e+00,0.000000e+00,0.000000e+00,0.000000e+00,0.000000e+00,0.000000e+00,0.000000e+00,2.338293e-18,2.406162e-18,1.846366e-22,1.154418e-29,2.463646e-24,4.063348e-22,1.438983e-22,-7.080625e-32
2804.4642,200.00,275.0000,8.485767e+03,8.377309e-02,C,2.230227e-03,1.035826e+00,0.2228%,3.183993e-01,3.217652e-01,1.325483e-04,4.348118e-13,8.251508e-08,1.353891e-04,1.218542e-05,0.000000e+00,0.000000e+00,1.550633e-17,0.000000e+00,0.000000e+00,0.000000e+00,0.000000e+00,0.000000e+00,0.000000e+00,2.851081e-17,6.585003e-28,1.551627e-17,1.179887e-29,9.604896e-21,1.146893e-17,1.595070e-18,-2.088224e-42,-2.618168e-17,-1.310912e-17,-1.551608e-17,-1.083035e-31,-9.602515e-21,-1.146852e-17,-1.594926e-18,-7.101173e-32,0.000000e+00,0.000000e+00,0.000000e+00,0.000000e+00,0.000000e+00,0.000000e+00,0.000000e+00,0.000000e+00,2.329129e-18,2.397205e-18,1.855643e-22,1.169056e-29,2.380709e-24,4.083680e-22,1.440603e-22,-7.101173e-32
2824.4642,200.00,275.0000,8.556117e+03,8.343266e-02,C,2.230596e-03,1.035826e+00,0.2228%,3.198680e-01,3.232773e-01,1.325813e-04,4.422472e-13,8.324685e-08,1.355738e-04,1.221784e-05,0.000000e+00,0.000000e+00,1.550633e-17,0.000000e+00,0.000000e+00,0.000000e+00,0.000000e+00,0.000000e+00,0.000000e+00,2.851970e-17,4.853799e-28,1.552166e-17,1.194912e-29,9.657761e-21,1.147337e-17,1.599277e-18,-2.088224e-42,-2.619936e-17,-1.311812e-17,-1.552147e-17,-1.093570e-31,-9.655362e-21,-1.147296e-17,-1.599133e-18,-7.121591e-32,0.000000e+00,0.000000e+00,0.000000e+00,0.000000e+00,0.000000e+00,0.000000e+00,0.000000e+00,0.000000e+00,2.320346e-18,2.388214e-18,1.854406e-22,1.183976e-29,2.399487e-24,4.045395e-22,1.442183e-22,-7.121591e-32
2844.4642,200.00,275.0000,8.626434e+03,8.309126e-02,C,2.230954e-03,1.035826e+00,0.2228%,3.213311e-01,3.247838e-01,1.326132e-04,4.497774e-13,8.397102e-08,1.357567e-04,1.224939e-05,0.000000e+00,0.000000e+00,1.550633e-17,0.000000e+00,0.000000e+00,0.000000e+00,0.000000e+00,0.000000e+00,0.000000e+00,2.852740e-17,3.664458e-28,1.552687e-17,1.209975e-29,9.708815e-21,1.147764e-17,1.603352e-18,1.670579e-42,-2.621710e-17,-1.312714e-17,-1.552689e-17,-1.104253e-31,-9.708166e-21,-1.147742e-17,-1.603353e-18,-7.141882e-32,0.000000e+00,0.000000e+00,0.000000e+00,0.000000e+00,0.000000e+00,0.000000e+00,0.000000e+00,0.000000e+00,2.310296e-18,2.379191e-18,-2.237065e-23,1.198932e-29,6.487454e-25,2.264909e-22,-1.553523e-24,-7.141882e-32
2864.4642,200.00,275.0000,8.696712e+03,8.276135e-02,C,2.231314e-03,1.035826e+00,0.2229%,3.227887e-01,3.262846e-01,1.326452e-04,4.574036e-13,8.470023e-08,1.359389e-04,1.228099e-05,0.000000e+00,0.000000e+00,1.550633e-17,0.000000e+00,0.000000e+00,0.000000e+00,0.000000e+00,0.000000e+00,0.000000e+00,2.853553e-17,2.723087e-28,1.553210e-17,1.225326e-29,9.760355e-21,1.148194e-17,1.607439e-18,-1.252934e-42,-2.623425e-17,-1.313586e-17,-1.553212e-17,-1.115058e-31,-9.760125e-21,-1.148171e-17,-1.607439e-18,-7.161859e-32,0.000000e+00,0.000000e+00,0.000000e+00,0.000000e+00,0.000000e+00,0.000000e+00,0.000000e+00,0.000000e+00,2.301281e-18,2.370466e-18,-2.216542e-23,1.214176e-29,2.294434e-25,2.273745e-22,-4.522386e-27,-7.161859e-32
2884.4642,200.00,275.0000,8.766959e+03,8.243044e-02,C,2.231677e-03,1.035826e+00,0.2229%,3.242407e-01,3.277800e-01,1.326774e-04,4.651273e-13,8.543643e-08,1.361205e-04,1.231263e-05,0.000000e+00,0.000000e+00,1.550633e-17,0.000000e+00,0.000000e+00,0.000000e+00,0.000000e+00,0.000000e+00,0.000000e+00,2.854410e-17,2.015911e-28,1.553735e-17,1.240974e-29,9.812351e-21,1.148625e-17,1.611537e-18,5.847026e-42,-2.625146e-17,-1.314462e-17,-1.553737e-17,-1.126019e-31,-9.812103e-21,-1.148602e-17,-1.611537e-18,-7.181716e-32,0.000000e+00,0.000000e+00,0.000000e+00,0.000000e+00,0.000000e+00,0.000000e+00,0.000000e+00,0.000000e+00,2.292637e-18,2.361710e-18,-2.201296e-23,1.229714e-29,2.478186e-25,2.257117e-22,-8.105535e-27,-7.181716e-32
2904.4642,200.00,275.0000,8.837167e+03,8.209856e-02,C,2.232043e-03,1.035826e+00,0.2230%,3.256873e-01,3.292698e-01,1.327097e-04,4.729498e-13,8.617945e-08,1.363013e-04,1.234431e-05,0.000000e+00,0.000000e+00,1.550633e-17,0.000000e+00,0.000000e+00,0.000000e+00,0.000000e+00,0.000000e+00,0.000000e+00,2.855310e-17,1.492417e-28,1.554262e-17,1.256923e-29,9.864805e-21,1.149058e-17,1.615647e-18,-2.923513e-42,-2.626874e-17,-1.315341e-17,-1.554264e-17,-1.137137e-31,-9.864117e-21,-1.149036e-17,-1.615648e-18,-7.201449e-32,0.000000e+00,0.000000e+00,0.000000e+00,0.000000e+00,0.000000e+00,0.000000e+00,0.000000e+00,0.000000e+00,2.284357e-18,2.352923e-18,-2.191311e-23,1.245551e-29,6.877248e-25,2.215614e-22,-1.554313e-24,-7.201449e-32
2924.4642,200.00,275.0000,8.907339e+03,8.177821e-02,C,2.232396e-03,1.035826e+00,0.2230%,3.271283e-01,3.307542e-01,1.327408e-04,4.808724e-13,8.691244e-08,1.364803e-04,1.237513e-05,0.000000e+00,0.000000e+00,1.550633e-17,0.000000e+00,0.000000e+00,0.000000e+00,0.000000e+00,0.000000e+00,0.000000e+00,2.856086e-17,1.129645e-28,1.554770e-17,1.272916e-29,9.915416e-21,1.149475e-17,1.619623e-18,2.923513e-42,-2.628541e-17,-1.316189e-17,-1.554773e-17,-1.148387e-31,-9.915166e-21,-1.149453e-17,-1.619623e-18,-7.220877e-32,0.000000e+00,0.000000e+00,0.000000e+00,0.000000e+00,0.000000e+00,0.000000e+00,0.000000e+00,0.000000e+00,2.275443e-18,2.344436e-18,-2.171787e-23,1.261432e-29,2.504616e-25,2.233361e-22,1.700645e-26,-7.220877e-32
2944.4642,200.00,275.0000,8.977464e+03,8.145693e-02,C,2.232752e-03,1.035826e+00,0.2230%,3.285640e-01,3.322331e-01,1.327721e-04,4.888968e-13,8.765205e-08,1.366587e-04,1.240598e-05,0.000000e+00,0.000000e+00,1.550633e-17,0.000000e+00,0.000000e+00,0.000000e+00,0.000000e+00,0.000000e+00,0.000000e+00,2.856903e-17,8.495297e-29,1.555281e-17,1.289218e-29,9.966466e-21,1.149894e-17,1.623610e-18,-3.758802e-42,-2.630215e-17,-1.317041e-17,-1.555283e-17,-1.159800e-31,-9.966206e-21,-1.149871e-17,-1.623610e-18,-7.240182e-32,0.000000e+00,0.000000e+00,0.000000e+00,0.000000e+00,0.000000e+00,0.000000e+00,0.000000e+00,0.000000e+00,2.266883e-18,2.335919e-18,-2.157538e-23,1.277620e-29,2.599901e-25,2.226918e-22,4.823084e-26,-7.240182e-32
2964.4642,200.00,275.0000,9.047568e+03,8.113470e-02,C,2.233110e-03,1.035826e+00,0.2231%,3.299944e-01,3.337067e-01,1.328036e-04,4.970243e-13,8.839847e-08,1.368364e-04,1.243688e-05,0.000000e+00,0.000000e+00,1.550633e-17,0.000000e+00,0.000000e+00,0.000000e+00,0.000000e+00,0.000000e+00,0.000000e+00,2.857762e-17,6.107429e-29,1.555793e-17,1.305835e-29,1.001796e-20,1.150314e-17,1.627608e-18,0.000000e+00,-2.631894e-17,-1.317896e-17,-1.555796e-17,-1.171383e-31,-1.001722e-20,-1.150292e-17,-1.627609e-18,-7.259380e-32,0.000000e+00,0.000000e+00,0.000000e+00,0.000000e+00,0.000000e+00,0.000000e+00,0.000000e+00,0.000000e+00,2.258672e-18,2.327372e-18,-2.148548e-23,1.294121e-29,7.336198e-25,2.196766e-22,-1.451272e-24,-7.259380e-32
2984.4642,200.00,275.0000,9.117556e+03,8.082408e-02,C,2.233471e-03,1.035826e+00,0.2231%,3.314195e-01,3.351750e-01,1.328351e-04,5.052566e-13,8.914892e-08,1.370131e-04,1.246780e-05,0.000000e+00,0.000000e+00,1.550633e-17,0.000000e+00,0.000000e+00,0.000000e+00,0.000000e+00,0.000000e+00,0.000000e+00,2.858660e-17,4.775734e-29,1.556308e-17,1.322774e-29,1.006992e-20,1.150736e-17,1.631617e-18,-9.188184e-42,-2.633514e-17,-1.318720e-17,-1.556289e-17,-1.183100e-31,-1.006739e-20,-1.150696e-17,-1.631472e-18,-7.278235e-32,0.000000e+00,0.000000e+00,0.000000e+00,0.000000e+00,0.000000e+00,0.000000e+00,0.000000e+00,0.000000e+00,2.251470e-18,2.319128e-18,1.884957e-22,1.310943e-29,2.525652e-24,3.967541e-22,1.454246e-22,-7.278235e-32
3004.4642,200.00,275.0000,9.187521e+03,8.051255e-02,C,2.233820e-03,1.035826e+00,0.2231%,3.328393e-01,3.366379e-01,1.328655e-04,5.135951e-13,8.989075e-08,1.371880e-04,1.249785e-05,0.000000e+00,0.000000e+00,1.550633e-17,0.000000e+00,0.000000e+00,0.000000e+00,0.000000e+00,0.000000e+00,0.000000e+00,2.859433e-17,3.857324e-29,1.556804e-17,1.339764e-29,1.011995e-20,1.151142e-17,1.635491e-18,0.000000e+00,-2.635138e-17,-1.319547e-17,-1.556785e-17,-1.194993e-31,-1.011741e-20,-1.151102e-17,-1.635346e-18,-7.296986e-32,0.000000e+00,0.000000e+00,0.000000e+00,0.000000e+00,0.000000e+00,0.000000e+00,0.000000e+00,0.000000e+00,2.242947e-18,2.310855e-18,1.888517e-22,1.327815e-29,2.537864e-24,3.975463e-22,1.456269e-22,-7.296986e-32
3024.4642,200.00,275.0000,9.257517e+03,8.020018e-02,C,2.234171e-03,1.035826e+00,0.2232%,3.342538e-01,3.380956e-01,1.328960e-04,5.220413e-13,9.064070e-08,1.373628e-04,1.252794e-05,0.000000e+00,0.000000e+00,1.550633e-17,0.000000e+00,0.000000e+00,0.000000e+00,0.000000e+00,0.000000e+00,0.000000e+00,2.860245e-17,2.525629e-29,1.557301e-17,1.357084e-29,1.017038e-20,1.151550e-17,1.639375e-18,1.670579e-42,-2.636769e-17,-1.320377e-17,-1.557282e-17,-1.207070e-31,-1.016781e-20,-1.151510e-17,-1.639229e-18,-7.315665e-32,0.000000e+00,0.000000e+00,0.000000e+00,0.000000e+00,0.000000e+00,0.000000e+00,0.000000e+00,0.000000e+00,2.234764e-18,2.302555e-18,1.892150e-22,1.345013e-29,2.564940e-24,3.961013e-22,1.457464e-22,-7.315665e-32
3044.4642,200.00,275.0000,9.327431e+03,7.988699e-02,C,2.234509e-03,1.035826e+00,0.2232%,3.356631e-01,3.395481e-01,1.329253e-04,5.305969e-13,9.138230e-08,1.375356e-04,1.255715e-05,0.000000e+00,0.000000e+00,1.550633e-17,0.000000e+00,0.000000e+00,0.000000e+00,0.000000e+00,0.000000e+00,0.000000e+00,2.860929e-17,2.020503e-29,1.557779e-17,1.374456e-29,1.021882e-20,1.151941e-17,1.643123e-18,-8.352894e-43,-2.638405e-17,-1.321210e-17,-1.557782e-17,-1.219327e-31,-1.021852e-20,-1.151920e-17,-1.643123e-18,-7.334212e-32,0.000000e+00,0.000000e+00,0.000000e+00,0.000000e+00,0.000000e+00,0.000000e+00,0.000000e+00,0.000000e+00,2.225249e-18,2.294229e-18,-2.088235e-23,1.362262e-29,2.937485e-25,2.180220e-22,1.426598e-25,-7.334212e-32
3064.4642,200.00,275.0000,9.397300e+03,7.957299e-02,C,2.234864e-03,1.035826e+00,0.2232%,3.370673e-01,3.409955e-01,1.329561e-04,5.392636e-13,9.214577e-08,1.377088e-04,1.258730e-05,0.000000e+00,0.000000e+00,1.550633e-17,0.000000e+00,0.000000e+00,0.000000e+00,0.000000e+00,0.000000e+00,0.000000e+00,2.861818e-17,1.331695e-29,1.558281e-17,1.392452e-29,1.027007e-20,1.152352e-17,1.647026e-18,1.670579e-42,-2.640046e-17,-1.322045e-17,-1.558283e-17,-1.231768e-31,-1.026928e-20,-1.152331e-17,-1.647028e-18,-7.352651e-32,0.000000e+00,0.000000e+00,0.000000e+00,0.000000e+00,0.000000e+00,0.000000e+00,0.000000e+00,0.000000e+00,2.217727e-18,2.285876e-18,-2.025989e-23,1.380134e-29,7.874783e-25,2.137842e-22,-1.493936e-24,-7.352651e-32
3084.4642,200.00,275.0000,9.467122e+03,7.927048e-02,C,2.235207e-03,1.035826e+00,0.2233%,3.384664e-01,3.424376e-01,1.329857e-04,5.480430e-13,9.289675e-08,1.378803e-04,1.261658e-05,0.000000e+00,0.000000e+00,1.550633e-17,0.000000e+00,0.000000e+00,0.000000e+00,0.000000e+00,0.000000e+00,0.000000e+00,2.862578e-17,1.285775e-29,1.558763e-17,1.410508e-29,1.031937e-20,1.152747e-17,1.650794e-18,2.505868e-42,-2.641626e-17,-1.322850e-17,-1.558765e-17,-1.244368e-31,-1.031858e-20,-1.152725e-17,-1.650796e-18,-7.370793e-32,0.000000e+00,0.000000e+00,0.000000e+00,0.000000e+00,0.000000e+00,0.000000e+00,0.000000e+00,0.000000e+00,2.209517e-18,2.277824e-18,-2.066026e-23,1.398064e-29,7.961180e-25,2.122806e-22,-1.393875e-24,-7.370793e-32
3104.4642,200.00,275.0000,9.536895e+03,7.896725e-02,C,2.235552e-03,1.035826e+00,0.2233%,3.398604e-01,3.438747e-01,1.330154e-04,5.569369e-13,9.365512e-08,1.380511e-04,1.264589e-05,0.000000e+00,0.000000e+00,1.550633e-17,0.000000e+00,0.000000e+00,0.000000e+00,0.000000e+00,0.000000e+00,0.000000e+00,2.863375e-17,9.184104e-30,1.559247e-17,1.428915e-29,1.036906e-20,1.153143e-17,1.654572e-18,-1.252934e-42,-2.643212e-17,-1.323658e-17,-1.559249e-17,-1.257160e-31,-1.036826e-20,-1.153122e-17,-1.654573e-18,-7.388827e-32,0.000000e+00,0.000000e+00,0.000000e+00,0.000000e+00,0.000000e+00,0.000000e+00,0.000000e+00,0.000000e+00,2.201632e-18,2.269749e-18,-2.052550e-23,1.416343e-29,8.063823e-25,2.103551e-22,-1.411544e-24,-7.388827e-32
3124.4642,200.00,275.0000,9.606633e+03,7.867565e-02,C,2.235899e-03,1.035826e+00,0.2233%,3.412493e-01,3.453067e-01,1.330452e-04,5.659469e-13,9.441649e-08,1.382214e-04,1.267524e-05,0.000000e+00,0.000000e+00,1.550633e-17,0.000000e+00,0.000000e+00,0.000000e+00,0.000000e+00,0.000000e+00,0.000000e+00,2.864209e-17,9.184104e-30,1.559733e-17,1.447682e-29,1.041921e-20,1.153540e-17,1.658360e-18,1.252934e-42,-2.644737e-17,-1.324435e-17,-1.559714e-17,-1.270118e-31,-1.041657e-20,-1.153501e-17,-1.658213e-18,-7.406572e-32,0.000000e+00,0.000000e+00,0.000000e+00,0.000000e+00,0.000000e+00,0.000000e+00,0.000000e+00,0.000000e+00,2.194724e-18,2.261978e-18,1.909754e-22,1.434980e-29,2.636656e-24,3.894230e-22,1.463281e-22,-7.406572e-32
3144.4642,200.00,275.0000,9.676303e+03,7.837083e-02,C,2.236233e-03,1.035826e+00,0.2234%,3.426333e-01,3.467337e-01,1.330738e-04,5.750750e-13,9.517233e-08,1.383898e-04,1.270368e-05,0.000000e+00,0.000000e+00,1.550633e-17,0.000000e+00,0.000000e+00,0.000000e+00,0.000000e+00,0.000000e+00,0.000000e+00,2.864912e-17,6.888078e-30,1.560199e-17,1.466512e-29,1.046724e-20,1.153921e-17,1.662009e-18,8.352894e-43,-2.646333e-17,-1.325248e-17,-1.560201e-17,-1.283308e-31,-1.046640e-20,-1.153901e-17,-1.662011e-18,-7.424395e-32,0.000000e+00,0.000000e+00,0.000000e+00,0.000000e+00,0.000000e+00,0.000000e+00,0.000000e+00,0.000000e+00,2.185795e-18,2.253852e-18,-2.026864e-23,1.453679e-29,8.355522e-25,2.084867e-22,-1.376823e-24,-7.424395e-32
3164.4642,200.00,275.0000,9.745926e+03,7.807768e-02,C,2.236570e-03,1.035826e+00,0.2234%,3.440123e-01,3.481557e-01,1.331026e-04,5.843230e-13,9.593087e-08,1.385576e-04,1.273216e-05,0.000000e+00,0.000000e+00,1.550633e-17,0.000000e+00,0.000000e+00,0.000000e+00,0.000000e+00,0.000000e+00,0.000000e+00,2.865651e-17,2.755231e-30,1.560667e-17,1.485711e-29,1.051571e-20,1.154304e-17,1.665669e-18,-8.352894e-43,-2.647868e-17,-1.326030e-17,-1.560669e-17,-1.296671e-31,-1.051488e-20,-1.154283e-17,-1.665670e-18,-7.441926e-32,0.000000e+00,0.000000e+00,0.000000e+00,0.000000e+00,0.000000e+00,0.000000e+00,0.000000e+00,0.000000e+00,2.177834e-18,2.246031e-18,-2.014656e-23,1.472744e-29,8.317262e-25,2.085922e-22,-1.322654e-24,-7.441926e-32
3184.4642,200.00,275.0000,9.815505e+03,7.778378e-02,C,2.236908e-03,1.035826e+00,0.2234%,3.453864e-01,3.495728e-01,1.331314e-04,5.936926e-13,9.669658e-08,1.387248e-04,1.276068e-05,0.000000e+00,0.000000e+00,1.550633e-17,0.000000e+00,0.000000e+00,0.000000e+00,0.000000e+00,0.000000e+00,0.000000e+00,2.866425e-17,2.755231e-30,1.561137e-17,1.505284e-29,1.056455e-20,1.154688e-17,1.669337e-18,2.923513e-42,-2.649407e-17,-1.326814e-17,-1.561139e-17,-1.310242e-31,-1.056369e-20,-1.154668e-17,-1.669338e-18,-7.459359e-32,0.000000e+00,0.000000e+00,0.000000e+00,0.000000e+00,0.000000e+00,0.000000e+00,0.000000e+00,0.000000e+00,2.170177e-18,2.238187e-18,-2.001812e-23,1.492182e-29,8.609029e-25,2.067512e-22,-1.339542e-24,-7.459359e-32
3204.4642,200.00,275.0000,9.885038e+03,7.750157e-02,C,2.237249e-03,1.035826e+00,0.2235%,3.467556e-01,3.509849e-01,1.331604e-04,6.031858e-13,9.746492e-08,1.388914e-04,1.278923e-05,0.000000e+00,0.000000e+00,1.550633e-17,0.000000e+00,0.000000e+00,0.000000e+00,0.000000e+00,0.000000e+00,0.000000e+00,2.867234e-17,1.377616e-30,1.561609e-17,1.525242e-29,1.061382e-20,1.155074e-17,1.673015e-18,-3.341158e-42,-2.650885e-17,-1.327568e-17,-1.561590e-17,-1.323994e-31,-1.061112e-20,-1.155035e-17,-1.672868e-18,-7.476504e-32,0.000000e+00,0.000000e+00,0.000000e+00,0.000000e+00,0.000000e+00,0.000000e+00,0.000000e+00,0.000000e+00,2.163483e-18,2.230651e-18,1.923127e-22,1.512002e-29,2.700321e-24,3.864123e-22,1.468369e-22,-7.476504e-32
3224.4642,200.00,275.0000,9.954505e+03,7.720618e-02,C,2.237576e-03,1.035826e+00,0.2235%,3.481199e-01,3.523922e-01,1.331882e-04,6.128047e-13,9.822738e-08,1.390562e-04,1.281687e-05,0.000000e+00,0.000000e+00,1.550633e-17,0.000000e+00,0.000000e+00,0.000000e+00,0.000000e+00,0.000000e+00,0.000000e+00,2.867909e-17,-1.836821e-30,1.562061e-17,1.545273e-29,1.066092e-20,1.155443e-17,1.676554e-18,-5.011737e-42,-2.652435e-17,-1.328357e-17,-1.562063e-17,-1.337997e-31,-1.066005e-20,-1.155423e-17,-1.676555e-18,-7.493736e-32,0.000000e+00,0.000000e+00,0.000000e+00,0.000000e+00,0.000000e+00,0.000000e+00,0.000000e+00,0.000000e+00,2.154745e-18,2.222758e-18,-1.977458e-23,1.531893e-29,8.724096e-25,2.053628e-22,-1.291862e-24,-7.493736e-32
3244.4642,200.00,275.0000,1.002392e+04,7.692256e-02,C,2.237905e-03,1.035826e+00,0.2235%,3.494794e-01,3.537946e-01,1.332160e-04,6.225510e-13,9.899347e-08,1.392204e-04,1.284455e-05,0.000000e+00,0.000000e+00,1.550633e-17,0.000000e+00,0.000000e+00,0.000000e+00,0.000000e+00,0.000000e+00,0.000000e+00,2.868619e-17,1.377616e-30,1.562515e-17,1.565696e-29,1.070843e-20,1.155814e-17,1.680102e-18,1.252934e-42,-2.653922e-17,-1.329115e-17,-1.562517e-17,-1.352187e-31,-1.070806e-20,-1.155793e-17,-1.680102e-18,-7.510680e-32,0.000000e+00,0.000000e+00,0.000000e+00,0.000000e+00,0.000000e+00,0.000000e+00,0.000000e+00,0.000000e+00,2.146966e-18,2.215176e-18,-1.960105e-23,1.552175e-29,3.705840e-25,2.058848e-22,1.847579e-25,-7.510680e-32
3264.4642,200.00,275.0000,1.009328e+04,7.663819e-02,C,2.238236e-03,1.035826e+00,0.2236%,3.508342e-01,3.551921e-01,1.332440e-04,6.324270e-13,9.976513e-08,1.393840e-04,1.287225e-05,0.000000e+00,0.000000e+00,1.550633e-17,0.000000e+00,0.000000e+00,0.000000e+00,0.000000e+00,0.000000e+00,0.000000e+00,2.869362e-17,-4.592052e-31,1.562971e-17,1.586521e-29,1.075630e-20,1.156186e-17,1.683658e-18,-2.923513e-42,-2.655415e-17,-1.329876e-17,-1.562973e-17,-1.366603e-31,-1.075592e-20,-1.156165e-17,-1.683658e-18,-7.527524e-32,0.000000e+00,0.000000e+00,0.000000e+00,0.000000e+00,0.000000e+00,0.000000e+00,0.000000e+00,0.000000e+00,2.139471e-18,2.207570e-18,-1.948030e-23,1.572855e-29,3.805298e-25,2.045487e-22,1.816111e-25,-7.527524e-32
3284.4642,200.00,275.0000,1.016259e+04,7.635308e-02,C,2.238569e-03,1.035826e+00,0.2236%,3.521841e-01,3.565849e-01,1.332721e-04,6.424347e-13,1.005424e-07,1.395470e-04,1.289998e-05,0.000000e+00,0.000000e+00,1.550633e-17,0.000000e+00,0.000000e+00,0.000000e+00,0.000000e+00,0.000000e+00,0.000000e+00,2.870138e-17,1.836821e-30,1.563428e-17,1.607756e-29,1.080455e-20,1.156559e-17,1.687222e-18,-2.505868e-42,-2.656912e-17,-1.330639e-17,-1.563430e-17,-1.381252e-31,-1.080363e-20,-1.156539e-17,-1.687224e-18,-7.544279e-32,0.000000e+00,0.000000e+00,0.000000e+00,0.000000e+00,0.000000e+00,0.000000e+00,0.000000e+00,0.000000e+00,2.132259e-18,2.199940e-18,-1.941208e-23,1.593944e-29,9.246845e-25,2.013887e-22,-1.292835e-24,-7.544279e-32
3304.4642,200.00,275.0000,1.023186e+04,7.607976e-02,C,2.238888e-03,1.035826e+00,0.2236%,3.535294e-01,3.579730e-01,1.332990e-04,6.525760e-13,1.013069e-07,1.397084e-04,1.292681e-05,0.000000e+00,0.000000e+00,1.550633e-17,0.000000e+00,0.000000e+00,0.000000e+00,0.000000e+00,0.000000e+00,0.000000e+00,2.870778e-17,-9.184104e-31,1.563865e-17,1.629075e-29,1.085066e-20,1.156916e-17,1.690649e-18,2.088224e-42,-2.658346e-17,-1.331371e-17,-1.563867e-17,-1.396102e-31,-1.085027e-20,-1.156895e-17,-1.690649e-18,-7.560757e-32,0.000000e+00,0.000000e+00,0.000000e+00,0.000000e+00,0.000000e+00,0.000000e+00,0.000000e+00,0.000000e+00,2.124320e-18,2.192621e-18,-1.925246e-23,1.615114e-29,3.884490e-25,2.044293e-22,2.663869e-25,-7.560757e-32
3324.4642,200.00,275.0000,1.030109e+04,7.580573e-02,C,2.239226e-03,1.035826e+00,0.2237%,3.548700e-01,3.593563e-01,1.333273e-04,6.628534e-13,1.020932e-07,1.398704e-04,1.295461e-05,0.000000e+00,0.000000e+00,1.550633e-17,0.000000e+00,0.000000e+00,0.000000e+00,0.000000e+00,0.000000e+00,0.000000e+00,2.871619e-17,3.214437e-30,1.564326e-17,1.651153e-29,1.089968e-20,1.157291e-17,1.694230e-18,7.517605e-42,-2.659786e-17,-1.332105e-17,-1.564306e-17,-1.411192e-31,-1.089688e-20,-1.157253e-17,-1.694083e-18,-7.577144e-32,0.000000e+00,0.000000e+00,0.000000e+00,0.000000e+00,0.000000e+00,0.000000e+00,0.000000e+00,0.000000e+00,2.118332e-18,2.185280e-18,1.942268e-22,1.637041e-29,2.793688e-24,3.817263e-22,1.475326e-22,-7.577144e-32
3344.4642,200.00,275.0000,1.037024e+04,7.553110e-02,C,2.239549e-03,1.035826e+00,0.2237%,3.562059e-01,3.607350e-01,1.333544e-04,6.732689e-13,1.028698e-07,1.400306e-04,1.298149e-05,0.000000e+00,0.000000e+00,1.550633e-17,0.000000e+00,0.000000e+00,0.000000e+00,0.000000e+00,0.000000e+00,0.000000e+00,2.872324e-17,2.296026e-30,1.564767e-17,1.673325e-29,1.094649e-20,1.157651e-17,1.697672e-18,4.594092e-42,-2.661229e-17,-1.332841e-17,-1.564747e-17,-1.426526e-31,-1.094373e-20,-1.157613e-17,-1.697525e-18,-7.593432e-32,0.000000e+00,0.000000e+00,0.000000e+00,0.000000e+00,0.000000e+00,0.000000e+00,0.000000e+00,0.000000e+00,2.110944e-18,2.177920e-18,1.950597e-22,1.659060e-29,2.756344e-24,3.830766e-22,1.476128e-22,-7.593432e-32
3364.4642,200.00,275.0000,1.043933e+04,7.525571e-02,C,2.239874e-03,1.035826e+00,0.2237%,3.575372e-01,3.621090e-01,1.333816e-04,6.838248e-13,1.036529e-07,1.401902e-04,1.300840e-05,0.000000e+00,0.000000e+00,1.550633e-17,0.000000e+00,0.000000e+00,0.000000e+00,0.000000e+00,0.000000e+00,0.000000e+00,2.873059e-17,5.051257e-30,1.565209e-17,1.695935e-29,1.099364e-20,1.158011e-17,1.701122e-18,1.670579e-42,-2.662678e-17,-1.333579e-17,-1.565189e-17,-1.442110e-31,-1.099081e-20,-1.157974e-17,-1.700974e-18,-7.609634e-32,0.000000e+00,0.000000e+00,0.000000e+00,0.000000e+00,0.000000e+00,0.000000e+00,0.000000e+00,0.000000e+00,2.103819e-18,2.170535e-18,1.948451e-22,1.681514e-29,2.826495e-24,3.793242e-22,1.477190e-22,-7.609634e-32
3384.4642,200.00,275.0000,1.050841e+04,7.497974e-02,C,2.240185e-03,1.035826e+00,0.2238%,3.588639e-01,3.634784e-01,1.334075e-04,6.945234e-13,1.044265e-07,1.403483e-04,1.303441e-05,0.000000e+00,0.000000e+00,1.550633e-17,0.000000e+00,0.000000e+00,0.000000e+00,0.000000e+00,0.000000e+00,0.000000e+00,2.873658e-17,-4.592052e-31,1.565631e-17,1.718639e-29,1.103854e-20,1.158356e-17,1.704432e-18,8.352894e-43,-2.664130e-17,-1.334320e-17,-1.565633e-17,-1.457952e-31,-1.103812e-20,-1.158336e-17,-1.704431e-18,-7.625763e-32,0.000000e+00,0.000000e+00,0.000000e+00,0.000000e+00,0.000000e+00,0.000000e+00,0.000000e+00,0.000000e+00,2.095286e-18,2.163130e-18,-1.879310e-23,1.704060e-29,4.232698e-25,1.992602e-22,2.513775e-25,-7.625763e-32
3404.4642,200.00,275.0000,1.057740e+04,7.471551e-02,C,2.240514e-03,1.035826e+00,0.2238%,3.601861e-01,3.648432e-01,1.334349e-04,7.053672e-13,1.052168e-07,1.405068e-04,1.306137e-05,0.000000e+00,0.000000e+00,1.550633e-17,0.000000e+00,0.000000e+00,0.000000e+00,0.000000e+00,0.000000e+00,0.000000e+00,2.874456e-17,-4.592052e-31,1.566077e-17,1.742151e-29,1.108644e-20,1.158719e-17,1.707897e-18,-1.252934e-42,-2.665520e-17,-1.335029e-17,-1.566057e-17,-1.474016e-31,-1.108358e-20,-1.158681e-17,-1.707749e-18,-7.641600e-32,0.000000e+00,0.000000e+00,0.000000e+00,0.000000e+00,0.000000e+00,0.000000e+00,0.000000e+00,0.000000e+00,2.089360e-18,2.156037e-18,1.954473e-22,1.727411e-29,2.857685e-24,3.780981e-22,1.479405e-22,-7.641600e-32
3424.4642,200.00,275.0000,1.064633e+04,7.443824e-02,C,2.240829e-03,1.035826e+00,0.2238%,3.615037e-01,3.662035e-01,1.334611e-04,7.163584e-13,1.060019e-07,1.406636e-04,1.308742e-05,0.000000e+00,0.000000e+00,1.550633e-17,0.000000e+00,0.000000e+00,0.000000e+00,0.000000e+00,0.000000e+00,0.000000e+00,2.875115e-17,3.673642e-30,1.566502e-17,1.765768e-29,1.113201e-20,1.159065e-17,1.711221e-18,3.341158e-42,-2.666981e-17,-1.335774e-17,-1.566504e-17,-1.490382e-31,-1.113100e-20,-1.159046e-17,-1.711222e-18,-7.657543e-32,0.000000e+00,0.000000e+00,0.000000e+00,0.000000e+00,0.000000e+00,0.000000e+00,0.000000e+00,0.000000e+00,2.081347e-18,2.148590e-18,-1.862013e-23,1.750864e-29,1.012631e-24,1.945719e-22,-1.223367e-24,-7.657543e-32
3444.4642,200.00,275.0000,1.071520e+04,7.417279e-02,C,2.241146e-03,1.035826e+00,0.2239%,3.628169e-01,3.675592e-01,1.334873e-04,7.274996e-13,1.067884e-07,1.408199e-04,1.311350e-05,0.000000e+00,0.000000e+00,1.550633e-17,0.000000e+00,0.000000e+00,0.000000e+00,0.000000e+00,0.000000e+00,0.000000e+00,2.875805e-17,1.836821e-30,1.566929e-17,1.789854e-29,1.117797e-20,1.159413e-17,1.714554e-18,1.670579e-42,-2.668379e-17,-1.336487e-17,-1.566931e-17,-1.506981e-31,-1.117695e-20,-1.159394e-17,-1.714555e-18,-7.673207e-32,0.000000e+00,0.000000e+00,0.000000e+00,0.000000e+00,0.000000e+00,0.000000e+00,0.000000e+00,0.000000e+00,2.074258e-18,2.141457e-18,-1.851246e-23,1.774784e-29,1.023094e-24,1.937507e-22,-1.209333e-24,-7.673207e-32
3464.4642,200.00,275.0000,1.078402e+04,7.391916e-02,C,2.241464e-03,1.035826e+00,0.2239%,3.641256e-01,3.689104e-01,1.335137e-04,7.387933e-13,1.075764e-07,1.409756e-04,1.313961e-05,0.000000e+00,0.000000e+00,1.550633e-17,0.000000e+00,0.000000e+00,0.000000e+00,0.000000e+00,0.000000e+00,0.000000e+00,2.876523e-17,2.296026e-30,1.567358e-17,1.814418e-29,1.122432e-20,1.159762e-17,1.717895e-18,-1.670579e-42,-2.669714e-17,-1.337169e-17,-1.567338e-17,-1.523818e-31,-1.122148e-20,-1.159724e-17,-1.717746e-18,-7.688594e-32,0.000000e+00,0.000000e+00,0.000000e+00,0.000000e+00,0.000000e+00,0.000000e+00,0.000000e+00,0.000000e+00,2.068091e-18,2.134639e-18,1.963320e-22,1.799180e-29,2.840446e-24,3.759214e-22,1.482476e-22,-7.688594e-32
3484.4642,200.00,275.0000,1.085278e+04,7.365251e-02,C,2.241768e-03,1.035826e+00,0.2239%,3.654298e-01,3.702572e-01,1.335387e-04,7.502420e-13,1.083589e-07,1.411296e-04,1.316479e-05,0.000000e+00,0.000000e+00,1.550633e-17,0.000000e+00,0.000000e+00,0.000000e+00,0.000000e+00,0.000000e+00,0.000000e+00,2.877102e-17,9.184104e-31,1.567766e-17,1.839095e-29,1.126829e-20,1.160094e-17,1.721093e-18,0.000000e+00,-2.671120e-17,-1.337886e-17,-1.567768e-17,-1.540975e-31,-1.126783e-20,-1.160075e-17,-1.721093e-18,-7.704094e-32,0.000000e+00,0.000000e+00,0.000000e+00,0.000000e+00,0.000000e+00,0.000000e+00,0.000000e+00,0.000000e+00,2.059824e-18,2.127467e-18,-1.825459e-23,1.823685e-29,4.607109e-25,1.952244e-22,3.104012e-25,-7.704094e-32
3504.4642,200.00,275.0000,1.092148e+04,7.339765e-02,C,2.242090e-03,1.035826e+00,0.2240%,3.667297e-01,3.715995e-01,1.335653e-04,7.618483e-13,1.091581e-07,1.412843e-04,1.319094e-05,0.000000e+00,0.000000e+00,1.550633e-17,0.000000e+00,0.000000e+00,0.000000e+00,0.000000e+00,0.000000e+00,0.000000e+00,2.877879e-17,-3.673642e-30,1.568197e-17,1.864646e-29,1.131529e-20,1.160445e-17,1.724448e-18,-2.505868e-42,-2.672463e-17,-1.338572e-17,-1.568178e-17,-1.558380e-31,-1.131242e-20,-1.160408e-17,-1.724299e-18,-7.719315e-32,0.000000e+00,0.000000e+00,0.000000e+00,0.000000e+00,0.000000e+00,0.000000e+00,0.000000e+00,0.000000e+00,2.054156e-18,2.120608e-18,1.969087e-22,1.849062e-29,2.865643e-24,3.744703e-22,1.484440e-22,-7.719315e-32
3524.4642,200.00,275.0000,1.099012e+04,7.313012e-02,C,2.242397e-03,1.035826e+00,0.2240%,3.680252e-01,3.729375e-01,1.335906e-04,7.736150e-13,1.099520e-07,1.414373e-04,1.321617e-05,0.000000e+00,0.000000e+00,1.550633e-17,0.000000e+00,0.000000e+00,0.000000e+00,0.000000e+00,0.000000e+00,0.000000e+00,2.878515e-17,1.045441e-23,1.568609e-17,1.890321e-29,1.135989e-20,1.160780e-17,1.727660e-18,1.199350e-38,-2.673877e-17,-1.339293e-17,-1.568610e-17,-1.576118e-31,-1.135883e-20,-1.160761e-17,-1.727661e-18,-7.734658e-32,0.000000e+00,0.000000e+00,0.000000e+00,0.000000e+00,0.000000e+00,0.000000e+00,0.000000e+00,0.000000e+00,2.046378e-18,2.113407e-18,-1.809271e-23,1.874560e-29,1.056268e-24,1.906060e-22,-1.154688e-24,-7.734657e-32
3544.4642,200.00,275.0000,1.105872e+04,7.287407e-02,C,2.242706e-03,1.035826e+00,0.2240%,3.693163e-01,3.742710e-01,1.336160e-04,7.855446e-13,1.107469e-07,1.415898e-04,1.324142e-05,0.000000e+00,0.000000e+00,1.550633e-17,0.000000e+00,0.000000e+00,0.000000e+00,0.000000e+00,0.000000e+00,0.000000e+00,2.879180e-17,9.131790e-24,1.569021e-17,1.916507e-29,1.140486e-20,1.161115e-17,1.730880e-18,1.018468e-38,-2.675228e-17,-1.339983e-17,-1.569023e-17,-1.594115e-31,-1.140379e-20,-1.161096e-17,-1.730881e-18,-7.749728e-32,0.000000e+00,0.000000e+00,0.000000e+00,0.000000e+00,0.000000e+00,0.000000e+00,0.000000e+00,0.000000e+00,2.039512e-18,2.106510e-18,-1.799080e-23,1.900566e-29,1.070574e-24,1.899139e-22,-1.138553e-24,-7.749727e-32
3564.4642,200.00,275.0000,1.112726e+04,7.262988e-02,C,2.243017e-03,1.035826e+00,0.2241%,3.706032e-01,3.756002e-01,1.336415e-04,7.976401e-13,1.115428e-07,1.417418e-04,1.326671e-05,0.000000e+00,0.000000e+00,1.550633e-17,0.000000e+00,0.000000e+00,0.000000e+00,0.000000e+00,0.000000e+00,0.000000e+00,2.879872e-17,7.979575e-24,1.569435e-17,1.943217e-29,1.145021e-20,1.161452e-17,1.734108e-18,8.649004e-39,-2.676516e-17,-1.340641e-17,-1.569415e-17,-1.612377e-31,-1.144730e-20,-1.161415e-17,-1.733959e-18,-7.764523e-32,0.000000e+00,0.000000e+00,0.000000e+00,0.000000e+00,0.000000e+00,0.000000e+00,0.000000e+00,0.000000e+00,2.033556e-18,2.099929e-18,1.977534e-22,1.927093e-29,2.913246e-24,3.727219e-22,1.487420e-22,-7.764522e-32
3584.4642,200.00,275.0000,1.119571e+04,7.237273e-02,C,2.243313e-03,1.035826e+00,0.2241%,3.718857e-01,3.769251e-01,1.336657e-04,8.099043e-13,1.123333e-07,1.418920e-04,1.329106e-05,0.000000e+00,0.000000e+00,1.550633e-17,0.000000e+00,0.000000e+00,0.000000e+00,0.000000e+00,0.000000e+00,0.000000e+00,2.880422e-17,6.974388e-24,1.569829e-17,1.970058e-29,1.149311e-20,1.161772e-17,1.737192e-18,7.351800e-39,-2.677875e-17,-1.341334e-17,-1.569831e-17,-1.630988e-31,-1.149281e-20,-1.161753e-17,-1.737192e-18,-7.779431e-32,0.000000e+00,0.000000e+00,0.000000e+00,0.000000e+00,0.000000e+00,0.000000e+00,0.000000e+00,0.000000e+00,2.025477e-18,2.092996e-18,-1.774584e-23,1.953748e-29,3.012299e-25,1.918850e-22,3.716420e-25,-7.779430e-32
3604.4642,200.00,275.0000,1.126412e+04,7.211498e-02,C,2.243627e-03,1.035826e+00,0.2241%,3.731640e-01,3.782457e-01,1.336913e-04,8.223400e-13,1.131450e-07,1.420429e-04,1.331638e-05,0.000000e+00,0.000000e+00,1.550633e-17,0.000000e+00,0.000000e+00,0.000000e+00,0.000000e+00,0.000000e+00,0.000000e+00,2.881169e-17,6.099086e-24,1.570246e-17,1.997846e-29,1.153901e-20,1.162111e-17,1.740431e-18,6.243788e-39,-2.679237e-17,-1.342029e-17,-1.570248e-17,-1.649918e-31,-1.153789e-20,-1.162092e-17,-1.740433e-18,-7.794272e-32,0.000000e+00,0.000000e+00,0.000000e+00,0.000000e+00,0.000000e+00,0.000000e+00,0.000000e+00,0.000000e+00,2.019319e-18,2.086043e-18,-1.768787e-23,1.981347e-29,1.121549e-24,1.868631e-22,-1.127970e-24,-7.794271e-32
3624.4642,200.00,275.0000,1.133247e+04,7.186917e-02,C,2.243926e-03,1.035826e+00,0.2241%,3.744381e-01,3.795620e-01,1.337157e-04,8.349502e-13,1.139422e-07,1.421922e-04,1.334078e-05,0.000000e+00,0.000000e+00,1.550633e-17,0.000000e+00,0.000000e+00,0.000000e+00,0.000000e+00,0.000000e+00,0.000000e+00,2.881773e-17,5.334896e-24,1.570642e-17,2.025777e-29,1.158256e-20,1.162433e-17,1.743530e-18,5.310353e-39,-2.680536e-17,-1.342693e-17,-1.570644e-17,-1.669128e-31,-1.158206e-20,-1.162414e-17,-1.743530e-18,-7.808836e-32,0.000000e+00,0.000000e+00,0.000000e+00,0.000000e+00,0.000000e+00,0.000000e+00,0.000000e+00,0.000000e+00,2.012375e-18,2.079409e-18,-1.754126e-23,2.009086e-29,5.058511e-25,1.881633e-22,3.242716e-25,-7.808836e-32
3644.4642,200.00,275.0000,1.140076e+04,7.162135e-02,C,2.244227e-03,1.035826e+00,0.2242%,3.757080e-01,3.808741e-01,1.337402e-04,8.477381e-13,1.143790e-07,1.423410e-04,1.336520e-05,0.000000e+00,0.000000e+00,1.550633e-17,0.000000e+00,0.000000e+00,0.000000e+00,0.000000e+00,0.000000e+00,0.000000e+00,2.882404e-17,4.668251e-24,1.571040e-17,2.054269e-29,1.162791e-20,1.162756e-17,1.746635e-18,4.524763e-39,-2.681842e-17,-1.343362e-17,-1.571042e-17,-1.688666e-31,-1.162809e-20,-1.162738e-17,-1.746634e-18,-7.823323e-32,0.000000e+00,0.000000e+00,0.000000e+00,0.000000e+00,0.000000e+00,0.000000e+00,0.000000e+00,0.000000e+00,2.005618e-18,2.072718e-18,-1.744619e-23,2.037382e-29,-1.866251e-25,1.880618e-22,3.577629e-25,-7.823322e-32
3664.4642,200.00,275.0000,1.146898e+04,7.137253e-02,C,2.244529e-03,1.035826e+00,0.2242%,3.769736e-01,3.821819e-01,1.337648e-04,8.607065e-13,1.146955e-07,1.424893e-04,1.338964e-05,0.000000e+00,0.000000e+00,1.550633e-17,0.000000e+00,0.000000e+00,0.000000e+00,0.000000e+00,0.000000e+00,0.000000e+00,2.883061e-17,4.086490e-24,1.571439e-17,2.083333e-29,1.167408e-20,1.163081e-17,1.749745e-18,3.853608e-39,-2.683153e-17,-1.344034e-17,-1.571441e-17,-1.708540e-31,-1.167426e-20,-1.163062e-17,-1.749745e-18,-7.837732e-32,0.000000e+00,0.000000e+00,0.000000e+00,0.000000e+00,0.000000e+00,0.000000e+00,0.000000e+00,0.000000e+00,1.999074e-18,2.065997e-18,-1.734735e-23,2.066248e-29,-1.867557e-25,1.866014e-22,3.415655e-25,-7.837732e-32
3684.4642,200.00,275.0000,1.153714e+04,7.112314e-02,C,2.244833e-03,1.035826e+00,0.2242%,3.782351e-01,3.834856e-01,1.337895e-04,8.738588e-13,1.150138e-07,1.426370e-04,1.341409e-05,0.000000e+00,0.000000e+00,1.550633e-17,0.000000e+00,0.000000e+00,0.000000e+00,0.000000e+00,0.000000e+00,0.000000e+00,2.883744e-17,3.578616e-24,1.571840e-17,2.112983e-29,1.172055e-20,1.163406e-17,1.752862e-18,3.282270e-39,-2.684468e-17,-1.344708e-17,-1.571842e-17,-1.728757e-31,-1.172081e-20,-1.163387e-17,-1.752863e-18,-7.852073e-32,0.000000e+00,0.000000e+00,0.000000e+00,0.000000e+00,0.000000e+00,0.000000e+00,0.000000e+00,0.000000e+00,1.992752e-18,2.059257e-18,-1.730011e-23,2.095696e-29,-2.608476e-25,1.837768e-22,-1.083290e-24,-7.852073e-32
3704.4642,200.00,275.0000,1.160525e+04,7.088575e-02,C,2.245122e-03,1.035826e+00,0.2243%,3.794924e-01,3.847850e-01,1.338128e-04,8.871981e-13,1.153170e-07,1.427832e-04,1.343764e-05,0.000000e+00,0.000000e+00,1.550633e-17,0.000000e+00,0.000000e+00,0.000000e+00,0.000000e+00,0.000000e+00,0.000000e+00,2.884283e-17,3.134604e-24,1.572220e-17,2.142793e-29,1.176465e-20,1.163714e-17,1.755837e-18,2.793625e-39,-2.685719e-17,-1.345349e-17,-1.572222e-17,-1.749278e-31,-1.176484e-20,-1.163695e-17,-1.755837e-18,-7.866141e-32,0.000000e+00,0.000000e+00,0.000000e+00,0.000000e+00,0.000000e+00,0.000000e+00,0.000000e+00,0.000000e+00,1.985634e-18,2.052839e-18,-1.716458e-23,2.125300e-29,-1.865136e-25,1.872648e-22,4.260317e-25,-7.866140e-32
3724.4642,200.00,275.0000,1.167329e+04,7.063533e-02,C,2.245429e-03,1.035826e+00,0.2243%,3.807456e-01,3.860803e-01,1.338377e-04,9.007277e-13,1.156387e-07,1.429300e-04,1.346213e-05,0.000000e+00,0.000000e+00,1.550633e-17,0.000000e+00,0.000000e+00,0.000000e+00,0.000000e+00,0.000000e+00,0.000000e+00,2.885017e-17,2.747150e-24,1.572623e-17,2.173647e-29,1.181173e-20,1.164041e-17,1.758966e-18,2.378069e-39,-2.687041e-17,-1.346027e-17,-1.572625e-17,-1.770202e-31,-1.181199e-20,-1.164023e-17,-1.758967e-18,-7.880347e-32,0.000000e+00,0.000000e+00,0.000000e+00,0.000000e+00,0.000000e+00,0.000000e+00,0.000000e+00,0.000000e+00,1.979753e-18,2.046065e-18,-1.711028e-23,2.155945e-29,-2.609700e-25,1.818228e-22,-1.078021e-24,-7.880347e-32
3744.4642,200.00,275.0000,1.174128e+04,7.039687e-02,C,2.245721e-03,1.035826e+00,0.2243%,3.819947e-01,3.873714e-01,1.338612e-04,9.144510e-13,1.159452e-07,1.430753e-04,1.348571e-05,0.000000e+00,0.000000e+00,1.550633e-17,0.000000e+00,0.000000e+00,0.000000e+00,0.000000e+00,0.000000e+00,0.000000e+00,2.885606e-17,2.408157e-24,1.573006e-17,2.204675e-29,1.185642e-20,1.164352e-17,1.761953e-18,2.020565e-39,-2.688299e-17,-1.346672e-17,-1.573007e-17,-1.791443e-31,-1.185668e-20,-1.164334e-17,-1.761954e-18,-7.894284e-32,0.000000e+00,0.000000e+00,0.000000e+00,0.000000e+00,0.000000e+00,0.000000e+00,0.000000e+00,0.000000e+00,1.973069e-18,2.039612e-18,-1.702277e-23,2.186760e-29,-2.597988e-25,1.826777e-22,-1.009395e-24,-7.894284e-32
3764.4642,200.00,275.0000,1.180911e+04,7.015805e-02,C,2.246014e-03,1.035826e+00,0.2243%,3.832398e-01,3.886584e-01,1.338849e-04,9.283716e-13,1.162531e-07,1.432196e-04,1.350928e-05,0.000000e+00,0.000000e+00,1.550633e-17,0.000000e+00,0.000000e+00,0.000000e+00,0.000000e+00,0.000000e+00,0.000000e+00,2.886220e-17,2.111799e-24,1.573390e-17,2.236329e-29,1.190139e-20,1.164663e-17,1.764946e-18,1.729049e-39,-2.689560e-17,-1.347318e-17,-1.573391e-17,-1.813047e-31,-1.190158e-20,-1.164645e-17,-1.764945e-18,-7.908114e-32,0.000000e+00,0.000000e+00,0.000000e+00,0.000000e+00,0.000000e+00,0.000000e+00,0.000000e+00,0.000000e+00,1.966603e-18,2.033146e-18,-1.635425e-23,2.218199e-29,-1.843467e-25,1.840768e-22,3.161637e-25,-7.908114e-32
3784.4642,200.00,275.0000,1.187703e+04,6.991848e-02,C,2.246309e-03,1.035826e+00,0.2244%,3.844807e-01,3.899413e-01,1.339086e-04,9.424924e-13,1.165630e-07,1.433642e-04,1.353291e-05,0.000000e+00,0.000000e+00,1.550633e-17,0.000000e+00,0.000000e+00,0.000000e+00,0.000000e+00,0.000000e+00,0.000000e+00,2.886859e-17,1.852641e-24,1.573775e-17,2.268623e-29,1.194666e-20,1.164976e-17,1.767944e-18,1.484727e-39,-2.690825e-17,-1.347967e-17,-1.573776e-17,-1.835042e-31,-1.194692e-20,-1.164958e-17,-1.767945e-18,-7.921943e-32,0.000000e+00,0.000000e+00,0.000000e+00,0.000000e+00,0.000000e+00,0.000000e+00,0.000000e+00,0.000000e+00,1.960339e-18,2.026657e-18,-1.683794e-23,2.250273e-29,-2.600193e-25,1.805975e-22,-1.010872e-24,-7.921943e-32
3804.4642,200.00,275.0000,1.194482e+04,6.969102e-02,C,2.246605e-03,1.035826e+00,0.2244%,3.857177e-01,3.912202e-01,1.339324e-04,9.568175e-13,1.168749e-07,1.435080e-04,1.355654e-05,0.000000e+00,0.000000e+00,1.550633e-17,0.000000e+00,0.000000e+00,0.000000e+00,0.000000e+00,0.000000e+00,0.000000e+00,2.887522e-17,1.625895e-24,1.574161e-17,2.301572e-29,1.199228e-20,1.165289e-17,1.770949e-18,1.262122e-39,-2.692025e-17,-1.348584e-17,-1.574141e-17,-1.857368e-31,-1.198968e-20,-1.165253e-17,-1.770799e-18,-7.935473e-32,0.000000e+00,0.000000e+00,0.000000e+00,0.000000e+00,0.000000e+00,0.000000e+00,0.000000e+00,0.000000e+00,1.954966e-18,2.020494e-18,2.009359e-22,2.282998e-29,2.604864e-24,3.635576e-22,1.497253e-22,-7.935473e-32
3824.4642,200.00,275.0000,1.201253e+04,6.945061e-02,C,2.246886e-03,1.035826e+00,0.2244%,3.869506e-01,3.924951e-01,1.339549e-04,9.713505e-13,1.171702e-07,1.436501e-04,1.357923e-05,0.000000e+00,0.000000e+00,1.550633e-17,0.000000e+00,0.000000e+00,0.000000e+00,0.000000e+00,0.000000e+00,0.000000e+00,2.888039e-17,1.427236e-24,1.574527e-17,2.334712e-29,1.203533e-20,1.165585e-17,1.773809e-18,1.074182e-39,-2.693296e-17,-1.349235e-17,-1.574529e-17,-1.880133e-31,-1.203551e-20,-1.165567e-17,-1.773809e-18,-7.949135e-32,0.000000e+00,0.000000e+00,0.000000e+00,0.000000e+00,0.000000e+00,0.000000e+00,0.000000e+00,0.000000e+00,1.947426e-18,2.013976e-18,-1.661080e-23,2.315910e-29,-1.837682e-25,1.810988e-22,4.241169e-25,-7.949134e-32
3844.4642,200.00,275.0000,1.208018e+04,6.922215e-02,C,2.247185e-03,1.035826e+00,0.2245%,3.881796e-01,3.937659e-01,1.339789e-04,9.860951e-13,1.174852e-07,1.437929e-04,1.360289e-05,0.000000e+00,0.000000e+00,1.550633e-17,0.000000e+00,0.000000e+00,0.000000e+00,0.000000e+00,0.000000e+00,0.000000e+00,2.888750e-17,1.253515e-24,1.574916e-17,2.369006e-29,1.208152e-20,1.165900e-17,1.776825e-18,9.255007e-40,-2.694503e-17,-1.349855e-17,-1.574895e-17,-1.903251e-31,-1.207889e-20,-1.165864e-17,-1.776675e-18,-7.962533e-32,0.000000e+00,0.000000e+00,0.000000e+00,0.000000e+00,0.000000e+00,0.000000e+00,0.000000e+00,0.000000e+00,1.942463e-18,2.007780e-18,2.014372e-22,2.349974e-29,2.623670e-24,3.617696e-22,1.498610e-22,-7.962533e-32
3864.4642,200.00,275.0000,1.214776e+04,6.898076e-02,C,2.247469e-03,1.035826e+00,0.2245%,3.894047e-01,3.950327e-01,1.340016e-04,1.001055e-12,1.177836e-07,1.439341e-04,1.362562e-05,0.000000e+00,0.000000e+00,1.550633e-17,0.000000e+00,0.000000e+00,0.000000e+00,0.000000e+00,0.000000e+00,0.000000e+00,2.889314e-17,1.101201e-24,1.575284e-17,2.403508e-29,1.212511e-20,1.166199e-17,1.779696e-18,7.860073e-40,-2.695781e-17,-1.350510e-17,-1.575285e-17,-1.926825e-31,-1.212537e-20,-1.166181e-17,-1.779697e-18,-7.976068e-32,0.000000e+00,0.000000e+00,0.000000e+00,0.000000e+00,0.000000e+00,0.000000e+00,0.000000e+00,0.000000e+00,1.935327e-18,2.001230e-18,-1.647972e-23,2.384239e-29,-2.602744e-25,1.767443e-22,-1.006811e-24,-7.976068e-32
3884.4642,200.00,275.0000,1.221528e+04,6.875137e-02,C,2.247754e-03,1.035826e+00,0.2245%,3.906258e-01,3.962956e-01,1.340243e-04,1.016234e-12,1.180841e-07,1.440749e-04,1.364836e-05,0.000000e+00,0.000000e+00,1.550633e-17,0.000000e+00,0.000000e+00,0.000000e+00,0.000000e+00,0.000000e+00,0.000000e+00,2.889901e-17,9.677484e-25,1.575653e-17,2.438709e-29,1.216904e-20,1.166498e-17,1.782574e-18,6.736609e-40,-2.696994e-17,-1.351133e-17,-1.575655e-17,-1.950766e-31,-1.216930e-20,-1.166480e-17,-1.782575e-18,-7.989340e-32,0.000000e+00,0.000000e+00,0.000000e+00,0.000000e+00,0.000000e+00,0.000000e+00,0.000000e+00,0.000000e+00,1.929068e-18,1.995004e-18,-1.639481e-23,2.419201e-29,-2.598616e-25,1.765427e-22,-9.784997e-25,-7.989340e-32
3904.4642,200.00,275.0000,1.228273e+04,6.852152e-02,C,2.248040e-03,1.035826e+00,0.2246%,3.918430e-01,3.975545e-01,1.340471e-04,1.031636e-12,1.183860e-07,1.442152e-04,1.367112e-05,0.000000e+00,0.000000e+00,1.550633e-17,0.000000e+00,0.000000e+00,0.000000e+00,0.000000e+00,0.000000e+00,0.000000e+00,2.890511e-17,8.508035e-25,1.576023e-17,2.474626e-29,1.221325e-20,1.166798e-17,1.785456e-18,5.721733e-40,-2.698210e-17,-1.351757e-17,-1.576025e-17,-1.975131e-31,-1.221351e-20,-1.166780e-17,-1.785457e-18,-8.002548e-32,0.000000e+00,0.000000e+00,0.000000e+00,0.000000e+00,0.000000e+00,0.000000e+00,0.000000e+00,0.000000e+00,1.923007e-18,1.988762e-18,-1.630681e-23,2.454875e-29,-2.601634e-25,1.751908e-22,-9.932167e-25,-8.002548e-32
3924.4642,200.00,275.0000,1.235012e+04,6.830370e-02,C,2.248328e-03,1.035826e+00,0.2246%,3.930563e-01,3.988096e-01,1.340700e-04,1.047266e-12,1.186900e-07,1.443550e-04,1.369391e-05,0.000000e+00,0.000000e+00,1.550633e-17,0.000000e+00,0.000000e+00,0.000000e+00,0.000000e+00,0.000000e+00,0.000000e+00,2.891144e-17,7.482731e-25,1.576395e-17,2.511274e-29,1.225780e-20,1.167099e-17,1.788345e-18,4.986678e-40,-2.699362e-17,-1.352349e-17,-1.576375e-17,-1.999878e-31,-1.225514e-20,-1.167063e-17,-1.788195e-18,-8.015492e-32,0.000000e+00,0.000000e+00,0.000000e+00,0.000000e+00,0.000000e+00,0.000000e+00,0.000000e+00,0.000000e+00,1.917820e-18,1.982844e-18,2.024130e-22,2.491275e-29,2.661251e-24,3.589766e-22,1.501462e-22,-8.015492e-32
3944.4642,200.00,275.0000,1.241743e+04,6.807296e-02,C,2.248600e-03,1.035826e+00,0.2246%,3.942658e-01,4.000607e-01,1.340916e-04,1.063127e-12,1.189770e-07,1.444932e-04,1.371575e-05,0.000000e+00,0.000000e+00,1.550633e-17,0.000000e+00,0.000000e+00,0.000000e+00,0.000000e+00,0.000000e+00,0.000000e+00,2.891629e-17,6.582496e-25,1.576746e-17,2.548149e-29,1.229970e-20,1.167383e-17,1.791089e-18,4.230741e-40,-2.700584e-17,-1.352976e-17,-1.576748e-17,-2.025116e-31,-1.229988e-20,-1.167365e-17,-1.791088e-18,-8.028576e-32,0.000000e+00,0.000000e+00,0.000000e+00,0.000000e+00,0.000000e+00,0.000000e+00,0.000000e+00,0.000000e+00,1.910448e-18,1.976572e-18,-1.609263e-23,2.527898e-29,-1.819535e-25,1.765074e-22,4.548806e-25,-8.028576e-32
3964.4642,200.00,275.0000,1.248469e+04,6.785420e-02,C,2.248890e-03,1.035826e+00,0.2246%,3.954715e-01,4.013080e-01,1.341147e-04,1.079223e-12,1.192841e-07,1.446322e-04,1.373856e-05,0.000000e+00,0.000000e+00,1.550633e-17,0.000000e+00,0.000000e+00,0.000000e+00,0.000000e+00,0.000000e+00,0.000000e+00,2.892306e-17,5.793480e-25,1.577120e-17,2.586301e-29,1.234478e-20,1.167685e-17,1.793988e-18,3.616803e-40,-2.701742e-17,-1.353571e-17,-1.577099e-17,-2.050752e-31,-1.234210e-20,-1.167650e-17,-1.793838e-18,-8.041399e-32,0.000000e+00,0.000000e+00,0.000000e+00,0.000000e+00,0.000000e+00,0.000000e+00,0.000000e+00,0.000000e+00,1.905645e-18,1.970624e-18,2.028871e-22,2.565793e-29,2.680149e-24,3.581777e-22,1.503034e-22,-8.041399e-32
3984.4642,200.00,275.0000,1.255186e+04,6.762253e-02,C,2.249165e-03,1.035826e+00,0.2247%,3.966734e-01,4.025514e-01,1.341365e-04,1.095560e-12,1.195740e-07,1.447695e-04,1.376043e-05,0.000000e+00,0.000000e+00,1.550633e-17,0.000000e+00,0.000000e+00,0.000000e+00,0.000000e+00,0.000000e+00,0.000000e+00,2.892835e-17,5.100356e-25,1.577473e-17,2.624697e-29,1.238720e-20,1.167971e-17,1.796741e-18,3.119806e-40,-2.702970e-17,-1.354201e-17,-1.577474e-17,-2.076898e-31,-1.238746e-20,-1.167954e-17,-1.796742e-18,-8.054367e-32,0.000000e+00,0.000000e+00,0.000000e+00,0.000000e+00,0.000000e+00,0.000000e+00,0.000000e+00,0.000000e+00,1.898651e-18,1.964322e-18,-1.597430e-23,2.603928e-29,-2.591405e-25,1.733263e-22,-9.246606e-25,-8.054367e-32
4004.4642,200.00,275.0000,1.261897e+04,6.740296e-02,C,2.249441e-03,1.035826e+00,0.2247%,3.978715e-01,4.037910e-01,1.341583e-04,1.112140e-12,1.198659e-07,1.449064e-04,1.378232e-05,0.000000e+00,0.000000e+00,1.550633e-17,0.000000e+00,0.000000e+00,0.000000e+00,0.000000e+00,0.000000e+00,0.000000e+00,2.893386e-17,4.491762e-25,1.577827e-17,2.663875e-29,1.242994e-20,1.168258e-17,1.799501e-18,2.677103e-40,-2.704133e-17,-1.354798e-17,-1.577829e-17,-2.103457e-31,-1.243012e-20,-1.168240e-17,-1.799500e-18,-8.067068e-32,0.000000e+00,0.000000e+00,0.000000e+00,0.000000e+00,0.000000e+00,0.000000e+00,0.000000e+00,0.000000e+00,1.892525e-18,1.958347e-18,-1.584297e-23,2.642841e-29,-1.813121e-25,1.738308e-22,4.517619e-25,-8.067068e-32
4024.4642,200.00,275.0000,1.268602e+04,6.718291e-02,C,2.249718e-03,1.035826e+00,0.2247%,3.990658e-01,4.050268e-01,1.341802e-04,1.128970e-12,1.201592e-07,1.450429e-04,1.380422e-05,0.000000e+00,0.000000e+00,1.550633e-17,0.000000e+00,0.000000e+00,0.000000e+00,0.000000e+00,0.000000e+00,0.000000e+00,2.893958e-17,3.957247e-25,1.578182e-17,2.703853e-29,1.247294e-20,1.168545e-17,1.802265e-18,2.347163e-40,-2.705300e-17,-1.355397e-17,-1.578184e-17,-2.130493e-31,-1.247312e-20,-1.168528e-17,-1.802264e-18,-8.079714e-32,0.000000e+00,0.000000e+00,0.000000e+00,0.000000e+00,0.000000e+00,0.000000e+00,0.000000e+00,0.000000e+00,1.886583e-18,1.952356e-18,-1.576209e-23,2.682548e-29,-1.809168e-25,1.732331e-22,4.610742e-25,-8.079714e-32
4044.4642,200.00,275.0000,1.275299e+04,6.696245e-02,C,2.249996e-03,1.035826e+00,0.2247%,4.002564e-01,4.062588e-01,1.342022e-04,1.146053e-12,1.204540e-07,1.451789e-04,1.382613e-05,0.000000e+00,0.000000e+00,1.550633e-17,0.000000e+00,0.000000e+00,0.000000e+00,0.000000e+00,0.000000e+00,0.000000e+00,2.894551e-17,3.487728e-25,1.578539e-17,2.744648e-29,1.251619e-20,1.168833e-17,1.805034e-18,1.975459e-40,-2.706469e-17,-1.355998e-17,-1.578540e-17,-2.158014e-31,-1.251637e-20,-1.168816e-17,-1.805033e-18,-8.092300e-32,0.000000e+00,0.000000e+00,0.000000e+00,0.000000e+00,0.000000e+00,0.000000e+00,0.000000e+00,0.000000e+00,1.880825e-18,1.946351e-18,-1.567885e-23,2.723068e-29,-1.812199e-25,1.715824e-22,4.317277e-25,-8.092300e-32
4064.4642,200.00,275.0000,1.281990e+04,6.675399e-02,C,2.250276e-03,1.035826e+00,0.2248%,4.014433e-01,4.074870e-01,1.342242e-04,1.163393e-12,1.207507e-07,1.453145e-04,1.384807e-05,0.000000e+00,0.000000e+00,1.550633e-17,0.000000e+00,0.000000e+00,0.000000e+00,0.000000e+00,0.000000e+00,0.000000e+00,2.895166e-17,3.074985e-25,1.578896e-17,2.786278e-29,1.255977e-20,1.169122e-17,1.807809e-18,1.754108e-40,-2.707573e-17,-1.356566e-17,-1.578876e-17,-2.185974e-31,-1.255705e-20,-1.169086e-17,-1.807658e-18,-8.104626e-32,0.000000e+00,0.000000e+00,0.000000e+00,0.000000e+00,0.000000e+00,0.000000e+00,0.000000e+00,0.000000e+00,1.875926e-18,1.940671e-18,2.040422e-22,2.764418e-29,2.726340e-24,3.556159e-22,1.506565e-22,-8.104626e-32
4084.4642,200.00,275.0000,1.288674e+04,6.653270e-02,C,2.250539e-03,1.035826e+00,0.2248%,4.026265e-01,4.087115e-01,1.342449e-04,1.180997e-12,1.210300e-07,1.454485e-04,1.386906e-05,0.000000e+00,0.000000e+00,1.550633e-17,0.000000e+00,0.000000e+00,0.000000e+00,0.000000e+00,0.000000e+00,0.000000e+00,2.895630e-17,2.711699e-25,1.579232e-17,2.828184e-29,1.260062e-20,1.169394e-17,1.810437e-18,1.516050e-40,-2.708748e-17,-1.357169e-17,-1.579234e-17,-2.214494e-31,-1.260080e-20,-1.169377e-17,-1.810437e-18,-8.117102e-32,0.000000e+00,0.000000e+00,0.000000e+00,0.000000e+00,0.000000e+00,0.000000e+00,0.000000e+00,0.000000e+00,1.868824e-18,1.934639e-18,-1.552715e-23,2.806039e-29,-1.810913e-25,1.724859e-22,5.137604e-25,-8.117102e-32
4104.4642,200.00,275.0000,1.295352e+04,6.632343e-02,C,2.250822e-03,1.035826e+00,0.2248%,4.038060e-01,4.099324e-01,1.342671e-04,1.198868e-12,1.213296e-07,1.455833e-04,1.389102e-05,0.000000e+00,0.000000e+00,1.550633e-17,0.000000e+00,0.000000e+00,0.000000e+00,0.000000e+00,0.000000e+00,0.000000e+00,2.896286e-17,2.392634e-25,1.579592e-17,2.871531e-29,1.264471e-20,1.169685e-17,1.813222e-18,1.244581e-40,-2.709858e-17,-1.357740e-17,-1.579571e-17,-2.243473e-31,-1.264196e-20,-1.169649e-17,-1.813071e-18,-8.129321e-32,0.000000e+00,0.000000e+00,0.000000e+00,0.000000e+00,0.000000e+00,0.000000e+00,0.000000e+00,0.000000e+00,1.864285e-18,1.928932e-18,2.044917e-22,2.849096e-29,2.744549e-24,3.546103e-22,1.507910e-22,-8.129321e-32
4124.4642,200.00,275.0000,1.302021e+04,6.610133e-02,C,2.251088e-03,1.035826e+00,0.2249%,4.049819e-01,4.111495e-01,1.342880e-04,1.217012e-12,1.216116e-07,1.457165e-04,1.391203e-05,0.000000e+00,0.000000e+00,1.550633e-17,0.000000e+00,0.000000e+00,0.000000e+00,0.000000e+00,0.000000e+00,0.000000e+00,2.896792e-17,2.111527e-25,1.579930e-17,2.915175e-29,1.268604e-20,1.169958e-17,1.815859e-18,1.081700e-40,-2.711038e-17,-1.358346e-17,-1.579932e-17,-2.273031e-31,-1.268622e-20,-1.169941e-17,-1.815859e-18,-8.141684e-32,0.000000e+00,0.000000e+00,0.000000e+00,0.000000e+00,0.000000e+00,0.000000e+00,0.000000e+00,0.000000e+00,1.857537e-18,1.922874e-18,-1.536611e-23,2.892444e-29,-1.795996e-25,1.693226e-22,4.696029e-25,-8.141684e-32
4144.4642,200.00,275.0000,1.308685e+04,6.589127e-02,C,2.251355e-03,1.035826e+00,0.2249%,4.061541e-01,4.123629e-01,1.343089e-04,1.235433e-12,1.218955e-07,1.458493e-04,1.393307e-05,0.000000e+00,0.000000e+00,1.550633e-17,0.000000e+00,0.000000e+00,0.000000e+00,0.000000e+00,0.000000e+00,0.000000e+00,2.897317e-17,1.864134e-25,1.580270e-17,2.959711e-29,1.272769e-20,1.170232e-17,1.818502e-18,9.814651e-41,-2.712153e-17,-1.358919e-17,-1.580272e-17,-2.303068e-31,-1.272787e-20,-1.170215e-17,-1.818502e-18,-8.153793e-32,0.000000e+00,0.000000e+00,0.000000e+00,0.000000e+00,0.000000e+00,0.000000e+00,0.000000e+00,0.000000e+00,1.851641e-18,1.917141e-18,-1.529295e-23,2.936681e-29,-1.805075e-25,1.698824e-22,5.079973e-25,-8.153793e-32
4164.4642,200.00,275.0000,1.315342e+04,6.568081e-02,C,2.251623e-03,1.035826e+00,0.2249%,4.073227e-01,4.135727e-01,1.343299e-04,1.254137e-12,1.221807e-07,1.459816e-04,1.395411e-05,0.000000e+00,0.000000e+00,1.550633e-17,0.000000e+00,0.000000e+00,0.000000e+00,0.000000e+00,0.000000e+00,0.000000e+00,2.897863e-17,1.646416e-25,1.580611e-17,3.005161e-29,1.276957e-20,1.170507e-17,1.821150e-18,8.144072e-41,-2.713271e-17,-1.359493e-17,-1.580612e-17,-2.333648e-31,-1.276975e-20,-1.170490e-17,-1.821149e-18,-8.165846e-32,0.000000e+00,0.000000e+00,0.000000e+00,0.000000e+00,0.000000e+00,0.000000e+00,0.000000e+00,0.000000e+00,1.845918e-18,1.911395e-18,-1.521757e-23,2.981824e-29,-1.800241e-25,1.694650e-22,5.219456e-25,-8.165846e-32
4184.4642,200.00,275.0000,1.321991e+04,6.546996e-02,C,2.251893e-03,1.035826e+00,0.2249%,4.084878e-01,4.147789e-01,1.343510e-04,1.273130e-12,1.224673e-07,1.461136e-04,1.397516e-05,0.000000e+00,0.000000e+00,1.550633e-17,0.000000e+00,0.000000e+00,0.000000e+00,0.000000e+00,0.000000e+00,0.000000e+00,2.898428e-17,1.454569e-25,1.580952e-17,3.051543e-29,1.281170e-20,1.170783e-17,1.823802e-18,6.431729e-41,-2.714392e-17,-1.360069e-17,-1.580954e-17,-2.364784e-31,-1.281188e-20,-1.170766e-17,-1.823802e-18,-8.177848e-32,0.000000e+00,0.000000e+00,0.000000e+00,0.000000e+00,0.000000e+00,0.000000e+00,0.000000e+00,0.000000e+00,1.840367e-18,1.905636e-18,-1.514002e-23,3.027895e-29,-1.781227e-25,1.680773e-22,5.115602e-25,-8.177848e-32
4204.4642,200.00,275.0000,1.328634e+04,6.525869e-02,C,2.252164e-03,1.035826e+00,0.2250%,4.096493e-01,4.159815e-01,1.343721e-04,1.292416e-12,1.227553e-07,1.462451e-04,1.399623e-05,0.000000e+00,0.000000e+00,1.550633e-17,0.000000e+00,0.000000e+00,0.000000e+00,0.000000e+00,0.000000e+00,0.000000e+00,2.899013e-17,1.285618e-25,1.581295e-17,3.098878e-29,1.285406e-20,1.171060e-17,1.826459e-18,6.891138e-41,-2.715515e-17,-1.360647e-17,-1.581296e-17,-2.396486e-31,-1.285432e-20,-1.171043e-17,-1.826459e-18,-8.189798e-32,0.000000e+00,0.000000e+00,0.000000e+00,0.000000e+00,0.000000e+00,0.000000e+00,0.000000e+00,0.000000e+00,1.834983e-18,1.899863e-18,-1.511235e-23,3.074913e-29,-2.581515e-25,1.657172e-22,-8.505657e-25,-8.189798e-32
4224.4642,200.00,275.0000,1.335269e+04,6.505956e-02,C,2.252436e-03,1.035826e+00,0.2250%,4.108072e-01,4.171804e-01,1.343934e-04,1.312001e-12,1.230451e-07,1.463763e-04,1.401731e-05,0.000000e+00,0.000000e+00,1.550633e-17,0.000000e+00,0.000000e+00,0.000000e+00,0.000000e+00,0.000000e+00,0.000000e+00,2.899618e-17,1.136625e-25,1.581638e-17,3.147188e-29,1.289674e-20,1.171337e-17,1.829121e-18,5.972319e-41,-2.716572e-17,-1.361191e-17,-1.581618e-17,-2.428703e-31,-1.289395e-20,-1.171302e-17,-1.828970e-18,-8.201486e-32,0.000000e+00,0.000000e+00,0.000000e+00,0.000000e+00,0.000000e+00,0.000000e+00,0.000000e+00,0.000000e+00,1.830452e-18,1.894420e-18,2.058066e-22,3.122901e-29,2.797138e-24,3.496902e-22,1.511017e-22,-8.201486e-32
4244.4642,200.00,275.0000,1.341897e+04,6.484758e-02,C,2.252691e-03,1.035826e+00,0.2250%,4.119617e-01,4.183758e-01,1.344132e-04,1.331890e-12,1.233169e-07,1.465058e-04,1.403745e-05,0.000000e+00,0.000000e+00,1.550633e-17,0.000000e+00,0.000000e+00,0.000000e+00,0.000000e+00,0.000000e+00,0.000000e+00,2.900070e-17,1.005237e-25,1.581961e-17,3.195842e-29,1.293660e-20,1.171597e-17,1.831635e-18,4.343505e-41,-2.717700e-17,-1.361771e-17,-1.581962e-17,-2.461569e-31,-1.293678e-20,-1.171581e-17,-1.831635e-18,-8.213330e-32,0.000000e+00,0.000000e+00,0.000000e+00,0.000000e+00,0.000000e+00,0.000000e+00,0.000000e+00,0.000000e+00,1.823692e-18,1.888623e-18,-1.491591e-23,3.171227e-29,-1.775629e-25,1.654708e-22,5.016479e-25,-8.213330e-32
4264.4642,200.00,275.0000,1.348519e+04,6.464766e-02,C,2.252947e-03,1.035826e+00,0.2250%,4.131126e-01,4.195677e-01,1.344332e-04,1.352090e-12,1.235906e-07,1.466350e-04,1.405760e-05,0.000000e+00,0.000000e+00,1.550633e-17,0.000000e+00,0.000000e+00,0.000000e+00,0.000000e+00,0.000000e+00,0.000000e+00,2.900541e-17,8.892509e-26,1.582284e-17,3.245495e-29,1.297676e-20,1.171858e-17,1.834155e-18,3.257629e-41,-2.718763e-17,-1.362318e-17,-1.582285e-17,-2.494974e-31,-1.297694e-20,-1.171841e-17,-1.834155e-18,-8.224919e-32,0.000000e+00,0.000000e+00,0.000000e+00,0.000000e+00,0.000000e+00,0.000000e+00,0.000000e+00,0.000000e+00,1.817776e-18,1.883154e-18,-1.485086e-23,3.220545e-29,-1.774962e-25,1.675357e-22,5.936301e-25,-8.224919e-32
4284.4642,200.00,275.0000,1.355134e+04,6.444737e-02,C,2.253223e-03,1.035826e+00,0.2251%,4.142600e-01,4.207560e-01,1.344546e-04,1.372606e-12,1.238844e-07,1.467649e-04,1.407872e-05,0.000000e+00,0.000000e+00,1.550633e-17,0.000000e+00,0.000000e+00,0.000000e+00,0.000000e+00,0.000000e+00,0.000000e+00,2.901202e-17,7.870777e-26,1.582630e-17,3.296837e-29,1.302015e-20,1.172138e-17,1.836830e-18,3.842331e-41,-2.719828e-17,-1.362866e-17,-1.582610e-17,-2.528989e-31,-1.301732e-20,-1.172103e-17,-1.836679e-18,-8.236459e-32,0.000000e+00,0.000000e+00,0.000000e+00,0.000000e+00,0.000000e+00,0.000000e+00,0.000000e+00,0.000000e+00,1.813738e-18,1.877673e-18,2.064363e-22,3.271547e-29,2.823905e-24,3.489206e-22,1.513055e-22,-8.236459e-32
4304.4642,200.00,275.0000,1.361740e+04,6.423425e-02,C,2.253482e-03,1.035826e+00,0.2251%,4.154040e-01,4.219409e-01,1.344746e-04,1.393445e-12,1.241601e-07,1.468933e-04,1.409888e-05,0.000000e+00,0.000000e+00,1.550633e-17,0.000000e+00,0.000000e+00,0.000000e+00,0.000000e+00,0.000000e+00,0.000000e+00,2.901711e-17,6.968439e-26,1.582956e-17,3.348561e-29,1.306068e-20,1.172400e-17,1.839357e-18,3.048806e-41,-2.720964e-17,-1.363449e-17,-1.582957e-17,-2.563692e-31,-1.306094e-20,-1.172384e-17,-1.839358e-18,-8.248157e-32,0.000000e+00,0.000000e+00,0.000000e+00,0.000000e+00,0.000000e+00,0.000000e+00,0.000000e+00,0.000000e+00,1.807464e-18,1.871839e-18,-1.474583e-23,3.322924e-29,-2.581103e-25,1.617502e-22,-8.461650e-25,-8.248157e-32
4324.4642,200.00,275.0000,1.368340e+04,6.403331e-02,C,2.253742e-03,1.035826e+00,0.2251%,4.165445e-01,4.231222e-01,1.344948e-04,1.414612e-12,1.244376e-07,1.470213e-04,1.411906e-05,0.000000e+00,0.000000e+00,1.550633e-17,0.000000e+00,0.000000e+00,0.000000e+00,0.000000e+00,0.000000e+00,0.000000e+00,2.902238e-17,6.171443e-26,1.583282e-17,3.401350e-29,1.310152e-20,1.172663e-17,1.841889e-18,2.714691e-41,-2.722034e-17,-1.363999e-17,-1.583283e-17,-2.598964e-31,-1.310178e-20,-1.172647e-17,-1.841890e-18,-8.259594e-32,0.000000e+00,0.000000e+00,0.000000e+00,0.000000e+00,0.000000e+00,0.000000e+00,0.000000e+00,0.000000e+00,1.802037e-18,1.866335e-18,-1.415476e-23,3.375360e-29,-2.569017e-25,1.629796e-22,-8.924437e-25,-8.259594e-32
4344.4642,200.00,275.0000,1.374934e+04,6.384435e-02,C,2.254003e-03,1.035826e+00,0.2251%,4.176816e-01,4.243001e-01,1.345150e-04,1.436113e-12,1.247168e-07,1.471489e-04,1.413926e-05,0.000000e+00,0.000000e+00,1.550633e-17,0.000000e+00,0.000000e+00,0.000000e+00,0.000000e+00,0.000000e+00,0.000000e+00,2.902783e-17,5.468032e-26,1.583609e-17,3.455227e-29,1.314266e-20,1.172927e-17,1.844427e-18,1.962930e-41,-2.723039e-17,-1.364517e-17,-1.583588e-17,-2.634819e-31,-1.313981e-20,-1.172892e-17,-1.844275e-18,-8.270780e-32,0.000000e+00,0.000000e+00,0.000000e+00,0.000000e+00,0.000000e+00,0.000000e+00,0.000000e+00,0.000000e+00,1.797443e-18,1.861159e-18,2.070553e-22,3.428878e-29,2.849795e-24,3.472136e-22,1.514673e-22,-8.270780e-32
4364.4642,200.00,275.0000,1.381520e+04,6.364271e-02,C,2.254246e-03,1.035826e+00,0.2252%,4.188153e-01,4.254745e-01,1.345338e-04,1.457955e-12,1.249777e-07,1.472750e-04,1.415851e-05,0.000000e+00,0.000000e+00,1.550633e-17,0.000000e+00,0.000000e+00,0.000000e+00,0.000000e+00,0.000000e+00,0.000000e+00,2.903174e-17,4.844523e-26,1.583915e-17,3.509502e-29,1.318092e-20,1.173173e-17,1.846816e-18,2.046459e-41,-2.724113e-17,-1.365070e-17,-1.583916e-17,-2.671398e-31,-1.318109e-20,-1.173157e-17,-1.846815e-18,-8.282123e-32,0.000000e+00,0.000000e+00,0.000000e+00,0.000000e+00,0.000000e+00,0.000000e+00,0.000000e+00,0.000000e+00,1.790614e-18,1.855632e-18,-1.397612e-23,3.482788e-29,-1.747905e-25,1.662487e-22,5.620571e-25,-8.282123e-32
4384.4642,200.00,275.0000,1.388098e+04,6.344059e-02,C,2.254510e-03,1.035826e+00,0.2252%,4.199456e-01,4.266455e-01,1.345541e-04,1.480145e-12,1.252590e-07,1.474018e-04,1.417872e-05,0.000000e+00,0.000000e+00,1.550633e-17,0.000000e+00,0.000000e+00,0.000000e+00,0.000000e+00,0.000000e+00,0.000000e+00,2.903756e-17,4.294946e-26,1.584244e-17,3.565616e-29,1.322242e-20,1.173438e-17,1.849360e-18,6.682315e-42,-2.725191e-17,-1.365624e-17,-1.584245e-17,-2.708652e-31,-1.322259e-20,-1.173422e-17,-1.849360e-18,-8.293422e-32,0.000000e+00,0.000000e+00,0.000000e+00,0.000000e+00,0.000000e+00,0.000000e+00,0.000000e+00,0.000000e+00,1.785650e-18,1.850090e-18,-1.441969e-23,3.538530e-29,-1.752048e-25,1.611491e-22,5.341378e-25,-8.293422e-32
4404.4642,200.00,275.0000,1.394670e+04,6.325061e-02,C,2.254774e-03,1.035826e+00,0.2252%,4.210726e-01,4.278130e-01,1.345745e-04,1.502688e-12,1.255420e-07,1.475283e-04,1.419894e-05,0.000000e+00,0.000000e+00,1.550633e-17,0.000000e+00,0.000000e+00,0.000000e+00,0.000000e+00,0.000000e+00,0.000000e+00,2.904355e-17,3.809750e-26,1.584574e-17,3.622892e-29,1.326422e-20,1.173704e-17,1.851909e-18,1.461756e-41,-2.726202e-17,-1.366145e-17,-1.584553e-17,-2.746523e-31,-1.326134e-20,-1.173670e-17,-1.851758e-18,-8.304463e-32,0.000000e+00,0.000000e+00,0.000000e+00,0.000000e+00,0.000000e+00,0.000000e+00,0.000000e+00,0.000000e+00,1.781524e-18,1.844880e-18,2.076631e-22,3.595427e-29,2.874974e-24,3.448317e-22,1.515969e-22,-8.304463e-32
4424.4642,200.00,275.0000,1.401234e+04,6.304788e-02,C,2.255021e-03,1.035826e+00,0.2252%,4.221962e-01,4.289772e-01,1.345936e-04,1.525593e-12,1.258065e-07,1.476532e-04,1.421822e-05,0.000000e+00,0.000000e+00,1.550633e-17,0.000000e+00,0.000000e+00,0.000000e+00,0.000000e+00,0.000000e+00,0.000000e+00,2.904799e-17,3.378832e-26,1.584882e-17,3.680607e-29,1.330311e-20,1.173953e-17,1.854310e-18,1.712343e-41,-2.727284e-17,-1.366701e-17,-1.584884e-17,-2.785162e-31,-1.330329e-20,-1.173937e-17,-1.854310e-18,-8.315668e-32,0.000000e+00,0.000000e+00,0.000000e+00,0.000000e+00,0.000000e+00,0.000000e+00,0.000000e+00,0.000000e+00,1.775152e-18,1.839317e-18,-1.428145e-23,3.652755e-29,-1.749745e-25,1.592663e-22,5.177282e-25,-8.315668e-32
4444.4642,200.00,275.0000,1.407790e+04,6.285723e-02,C,2.255269e-03,1.035826e+00,0.2253%,4.233165e-01,4.301380e-01,1.346127e-04,1.548865e-12,1.260727e-07,1.477777e-04,1.423751e-05,0.000000e+00,0.000000e+00,1.550633e-17,0.000000e+00,0.000000e+00,0.000000e+00,0.000000e+00,0.000000e+00,0.000000e+00,2.905261e-17,2.999161e-26,1.585192e-17,3.739511e-29,1.334229e-20,1.174202e-17,1.856716e-18,1.044112e-41,-2.728300e-17,-1.367224e-17,-1.585193e-17,-2.824442e-31,-1.334246e-20,-1.174186e-17,-1.856716e-18,-8.326614e-32,0.000000e+00,0.000000e+00,0.000000e+00,0.000000e+00,0.000000e+00,0.000000e+00,0.000000e+00,0.000000e+00,1.769611e-18,1.834084e-18,-1.421939e-23,3.711266e-29,-1.755124e-25,1.606205e-22,5.820566e-25,-8.326614e-32
4464.4642,200.00,275.0000,1.414339e+04,6.266626e-02,C,2.255519e-03,1.035826e+00,0.2253%,4.244334e-01,4.312955e-01,1.346318e-04,1.572511e-12,1.263400e-07,1.479018e-04,1.425680e-05,0.000000e+00,0.000000e+00,1.550633e-17,0.000000e+00,0.000000e+00,0.000000e+00,0.000000e+00,0.000000e+00,0.000000e+00,2.905740e-17,2.662013e-26,1.585502e-17,3.799630e-29,1.338167e-20,1.174452e-17,1.859126e-18,1.294699e-41,-2.729318e-17,-1.367749e-17,-1.585503e-17,-2.864449e-31,-1.338185e-20,-1.174436e-17,-1.859126e-18,-8.337515e-32,0.000000e+00,0.000000e+00,0.000000e+00,0.000000e+00,0.000000e+00,0.000000e+00,0.000000e+00,0.000000e+00,1.764221e-18,1.828841e-18,-1.415546e-23,3.770986e-29,-1.744054e-25,1.611478e-22,6.268688e-25,-8.337515e-32
4484.4642,200.00,275.0000,1.420883e+04,6.247495e-02,C,2.255769e-03,1.035826e+00,0.2253%,4.255471e-01,4.324496e-01,1.346510e-04,1.596540e-12,1.266086e-07,1.480256e-04,1.427611e-05,0.000000e+00,0.000000e+00,1.550633e-17,0.000000e+00,0.000000e+00,0.000000e+00,0.000000e+00,0.000000e+00,0.000000e+00,2.906237e-17,2.364080e-26,1.585813e-17,3.860992e-29,1.342126e-20,1.174702e-17,1.861540e-18,1.294699e-41,-2.730339e-17,-1.368274e-17,-1.585814e-17,-2.905198e-31,-1.342144e-20,-1.174686e-17,-1.861539e-18,-8.348378e-32,0.000000e+00,0.000000e+00,0.000000e+00,0.000000e+00,0.000000e+00,0.000000e+00,0.000000e+00,0.000000e+00,1.758978e-18,1.823586e-18,-1.409015e-23,3.831940e-29,-1.738859e-25,1.608648e-22,6.420237e-25,-8.348378e-32
4504.4642,200.00,275.0000,1.427418e+04,6.228333e-02,C,2.256020e-03,1.035826e+00,0.2253%,4.266575e-01,4.336004e-01,1.346703e-04,1.620957e-12,1.268784e-07,1.481491e-04,1.429542e-05,0.000000e+00,0.000000e+00,1.550633e-17,0.000000e+00,0.000000e+00,0.000000e+00,0.000000e+00,0.000000e+00,0.000000e+00,2.906750e-17,2.099945e-26,1.586125e-17,3.923622e-29,1.346107e-20,1.174954e-17,1.863957e-18,1.044112e-41,-2.731362e-17,-1.368801e-17,-1.586126e-17,-2.946701e-31,-1.346124e-20,-1.174938e-17,-1.863956e-18,-8.359194e-32,0.000000e+00,0.000000e+00,0.000000e+00,0.000000e+00,0.000000e+00,0.000000e+00,0.000000e+00,0.000000e+00,1.753882e-18,1.818320e-18,-1.402312e-23,3.894155e-29,-1.738813e-25,1.597802e-22,6.276602e-25,-8.359194e-32
4524.4642,200.00,275.0000,1.433947e+04,6.209138e-02,C,2.256273e-03,1.035826e+00,0.2254%,4.277646e-01,4.347478e-01,1.346896e-04,1.645772e-12,1.271493e-07,1.482722e-04,1.431475e-05,0.000000e+00,0.000000e+00,1.550633e-17,0.000000e+00,0.000000e+00,0.000000e+00,0.000000e+00,0.000000e+00,0.000000e+00,2.907280e-17,1.866210e-26,1.586438e-17,3.987550e-29,1.350108e-20,1.175206e-17,1.866377e-18,6.682315e-42,-2.732386e-17,-1.369328e-17,-1.586439e-17,-2.988976e-31,-1.350125e-20,-1.175190e-17,-1.866377e-18,-8.369971e-32,0.000000e+00,0.000000e+00,0.000000e+00,0.000000e+00,0.000000e+00,0.000000e+00,0.000000e+00,0.000000e+00,1.748931e-18,1.813044e-18,-1.395456e-23,3.957660e-29,-1.744389e-25,1.579098e-22,5.843569e-25,-8.369971e-32
4544.4642,200.00,275.0000,1.440469e+04,6.189906e-02,C,2.256526e-03,1.035826e+00,0.2254%,4.288685e-01,4.358920e-01,1.347090e-04,1.670991e-12,1.274215e-07,1.483949e-04,1.433408e-05,0.000000e+00,0.000000e+00,1.550633e-17,0.000000e+00,0.000000e+00,0.000000e+00,0.000000e+00,0.000000e+00,0.000000e+00,2.907826e-17,1.659200e-26,1.586752e-17,4.052803e-29,1.354129e-20,1.175458e-17,1.868802e-18,0.000000e+00,-2.733414e-17,-1.369857e-17,-1.586753e-17,-3.032036e-31,-1.354155e-20,-1.175443e-17,-1.868803e-18,-8.380703e-32,0.000000e+00,0.000000e+00,0.000000e+00,0.000000e+00,0.000000e+00,0.000000e+00,0.000000e+00,0.000000e+00,1.744123e-18,1.807756e-18,-1.393464e-23,4.022483e-29,-2.562468e-25,1.552353e-22,-7.505600e-25,-8.380703e-32
4564.4642,200.00,275.0000,1.446983e+04,6.171895e-02,C,2.256762e-03,1.035826e+00,0.2254%,4.299691e-01,4.370330e-01,1.347270e-04,1.696621e-12,1.276757e-07,1.485161e-04,1.435247e-05,0.000000e+00,0.000000e+00,1.550633e-17,0.000000e+00,0.000000e+00,0.000000e+00,0.000000e+00,0.000000e+00,0.000000e+00,2.908217e-17,1.475151e-26,1.587044e-17,4.118575e-29,1.357869e-20,1.175693e-17,1.871080e-18,8.352894e-43,-2.734375e-17,-1.370353e-17,-1.587045e-17,-3.075818e-31,-1.357886e-20,-1.175677e-17,-1.871079e-18,-8.391177e-32,0.000000e+00,0.000000e+00,0.000000e+00,0.000000e+00,0.000000e+00,0.000000e+00,0.000000e+00,0.000000e+00,1.738422e-18,1.802802e-18,-1.383134e-23,4.087817e-29,-1.723908e-25,1.588502e-22,6.680357e-25,-8.391177e-32
4584.4642,200.00,275.0000,1.453490e+04,6.152613e-02,C,2.257018e-03,1.035826e+00,0.2254%,4.310666e-01,4.381706e-01,1.347465e-04,1.722672e-12,1.279502e-07,1.486381e-04,1.437181e-05,0.000000e+00,0.000000e+00,1.550633e-17,0.000000e+00,0.000000e+00,0.000000e+00,0.000000e+00,0.000000e+00,0.000000e+00,2.908796e-17,1.312409e-26,1.587359e-17,4.186555e-29,1.361931e-20,1.175947e-17,1.873511e-18,-1.252934e-42,-2.735406e-17,-1.370883e-17,-1.587361e-17,-3.120493e-31,-1.361948e-20,-1.175931e-17,-1.873511e-18,-8.401824e-32,0.000000e+00,0.000000e+00,0.000000e+00,0.000000e+00,0.000000e+00,0.000000e+00,0.000000e+00,0.000000e+00,1.733904e-18,1.797496e-18,-1.323955e-23,4.155350e-29,-1.711546e-25,1.565686e-22,4.963547e-25,-8.401824e-32
4604.4642,200.00,275.0000,1.459990e+04,6.134528e-02,C,2.257256e-03,1.035826e+00,0.2255%,4.321609e-01,4.393051e-01,1.347647e-04,1.749152e-12,1.282066e-07,1.487586e-04,1.439022e-05,0.000000e+00,0.000000e+00,1.550633e-17,0.000000e+00,0.000000e+00,0.000000e+00,0.000000e+00,0.000000e+00,0.000000e+00,2.909219e-17,1.167759e-26,1.587653e-17,4.255085e-29,1.365710e-20,1.176183e-17,1.875796e-18,0.000000e+00,-2.736371e-17,-1.371381e-17,-1.587654e-17,-3.165922e-31,-1.365727e-20,-1.176168e-17,-1.875795e-18,-8.412217e-32,0.000000e+00,0.000000e+00,0.000000e+00,0.000000e+00,0.000000e+00,0.000000e+00,0.000000e+00,0.000000e+00,1.728478e-18,1.792518e-18,-1.370215e-23,4.223426e-29,-1.723713e-25,1.567292e-22,6.392143e-25,-8.412217e-32
4624.4642,200.00,275.0000,1.466482e+04,6.116420e-02,C,2.257513e-03,1.035826e+00,0.2255%,4.332520e-01,4.404363e-01,1.347843e-04,1.776067e-12,1.284840e-07,1.488799e-04,1.440959e-05,0.000000e+00,0.000000e+00,1.550633e-17,0.000000e+00,0.000000e+00,0.000000e+00,0.000000e+00,0.000000e+00,0.000000e+00,2.909830e-17,1.039916e-26,1.587970e-17,4.325911e-29,1.369821e-20,1.176438e-17,1.878236e-18,2.088224e-42,-2.737338e-17,-1.371880e-17,-1.587949e-17,-3.212197e-31,-1.369525e-20,-1.176404e-17,-1.878084e-18,-8.422568e-32,0.000000e+00,0.000000e+00,0.000000e+00,0.000000e+00,0.000000e+00,0.000000e+00,0.000000e+00,0.000000e+00,1.724919e-18,1.787531e-18,2.097725e-22,4.293789e-29,2.966507e-24,3.394196e-22,1.521315e-22,-8.422568e-32
4644.4642,200.00,275.0000,1.472966e+04,6.097035e-02,C,2.257753e-03,1.035826e+00,0.2255%,4.343399e-01,4.415643e-01,1.348025e-04,1.803428e-12,1.287421e-07,1.489996e-04,1.442800e-05,0.000000e+00,0.000000e+00,1.550633e-17,0.000000e+00,0.000000e+00,0.000000e+00,0.000000e+00,0.000000e+00,0.000000e+00,2.910285e-17,9.253904e-27,1.588266e-17,4.397322e-29,1.373631e-20,1.176676e-17,1.880526e-18,-4.176447e-43,-2.738376e-17,-1.372414e-17,-1.588267e-17,-3.259418e-31,-1.373657e-20,-1.176661e-17,-1.880527e-18,-8.433090e-32,0.000000e+00,0.000000e+00,0.000000e+00,0.000000e+00,0.000000e+00,0.000000e+00,0.000000e+00,0.000000e+00,1.719087e-18,1.782192e-18,-1.361706e-23,4.364728e-29,-2.561335e-25,1.516100e-22,-7.531954e-25,-8.433090e-32
4664.4642,200.00,275.0000,1.479445e+04,6.078867e-02,C,2.257994e-03,1.035826e+00,0.2255%,4.354247e-01,4.426891e-01,1.348208e-04,1.831242e-12,1.290019e-07,1.491191e-04,1.444642e-05,0.000000e+00,0.000000e+00,1.550633e-17,0.000000e+00,0.000000e+00,0.000000e+00,0.000000e+00,0.000000e+00,0.000000e+00,2.910755e-17,8.248244e-27,1.588562e-17,4.470214e-29,1.377468e-20,1.176914e-17,1.882821e-18,4.594092e-42,-2.739348e-17,-1.372914e-17,-1.588563e-17,-3.307440e-31,-1.377494e-20,-1.176899e-17,-1.882822e-18,-8.443363e-32,0.000000e+00,0.000000e+00,0.000000e+00,0.000000e+00,0.000000e+00,0.000000e+00,0.000000e+00,0.000000e+00,1.714078e-18,1.777186e-18,-1.355648e-23,4.437140e-29,-2.557565e-25,1.514468e-22,-7.338570e-25,-8.443363e-32
4684.4642,200.00,275.0000,1.485914e+04,6.060676e-02,C,2.258236e-03,1.035826e+00,0.2256%,4.365064e-01,4.438108e-01,1.348392e-04,1.859519e-12,1.292628e-07,1.492381e-04,1.446485e-05,0.000000e+00,0.000000e+00,1.550633e-17,0.000000e+00,0.000000e+00,0.000000e+00,0.000000e+00,0.000000e+00,0.000000e+00,2.911241e-17,7.354631e-27,1.588859e-17,4.544620e-29,1.381325e-20,1.177153e-17,1.885120e-18,1.044112e-41,-2.740321e-17,-1.373416e-17,-1.588860e-17,-3.356359e-31,-1.381350e-20,-1.177138e-17,-1.885120e-18,-8.453590e-32,0.000000e+00,0.000000e+00,0.000000e+00,0.000000e+00,0.000000e+00,0.000000e+00,0.000000e+00,0.000000e+00,1.709208e-18,1.772171e-18,-1.297618e-23,4.511056e-29,-2.547318e-25,1.524702e-22,-7.959506e-25,-8.453590e-32
4704.4642,200.00,275.0000,1.492378e+04,6.043689e-02,C,2.258478e-03,1.035826e+00,0.2256%,4.375850e-01,4.449293e-01,1.348576e-04,1.888267e-12,1.295253e-07,1.493569e-04,1.448330e-05,0.000000e+00,0.000000e+00,1.550633e-17,0.000000e+00,0.000000e+00,0.000000e+00,0.000000e+00,0.000000e+00,0.000000e+00,2.911743e-17,6.549185e-27,1.589157e-17,4.620572e-29,1.385209e-20,1.177392e-17,1.887423e-18,1.670579e-42,-2.741228e-17,-1.373884e-17,-1.589136e-17,-3.406108e-31,-1.384909e-20,-1.177359e-17,-1.887270e-18,-8.463566e-32,0.000000e+00,0.000000e+00,0.000000e+00,0.000000e+00,0.000000e+00,0.000000e+00,0.000000e+00,0.000000e+00,1.705151e-18,1.767487e-18,2.105001e-22,4.586511e-29,2.998838e-24,3.375459e-22,1.523074e-22,-8.463566e-32
4724.4642,200.00,275.0000,1.498832e+04,6.025434e-02,C,2.258703e-03,1.035826e+00,0.2256%,4.386605e-01,4.460447e-01,1.348747e-04,1.917496e-12,1.297683e-07,1.494740e-04,1.450079e-05,0.000000e+00,0.000000e+00,1.550633e-17,0.000000e+00,0.000000e+00,0.000000e+00,0.000000e+00,0.000000e+00,0.000000e+00,2.912086e-17,5.845682e-27,1.589433e-17,4.697153e-29,1.388787e-20,1.177614e-17,1.889576e-18,-1.252934e-42,-2.742205e-17,-1.374388e-17,-1.589434e-17,-3.456875e-31,-1.388804e-20,-1.177599e-17,-1.889575e-18,-8.473711e-32,0.000000e+00,0.000000e+00,0.000000e+00,0.000000e+00,0.000000e+00,0.000000e+00,0.000000e+00,0.000000e+00,1.698815e-18,1.762452e-18,-1.333482e-23,4.662585e-29,-1.703063e-25,1.535968e-22,6.658791e-25,-8.473711e-32
4744.4642,200.00,275.0000,1.505279e+04,6.007150e-02,C,2.258948e-03,1.035826e+00,0.2256%,4.397329e-01,4.471570e-01,1.348932e-04,1.947214e-12,1.300325e-07,1.495920e-04,1.451924e-05,0.000000e+00,0.000000e+00,1.550633e-17,0.000000e+00,0.000000e+00,0.000000e+00,0.000000e+00,0.000000e+00,0.000000e+00,2.912618e-17,5.214734e-27,1.589732e-17,4.776286e-29,1.392701e-20,1.177855e-17,1.891884e-18,-6.682315e-42,-2.743184e-17,-1.374892e-17,-1.589734e-17,-3.508596e-31,-1.392717e-20,-1.177840e-17,-1.891883e-18,-8.483823e-32,0.000000e+00,0.000000e+00,0.000000e+00,0.000000e+00,0.000000e+00,0.000000e+00,0.000000e+00,0.000000e+00,1.694340e-18,1.757407e-18,-1.326905e-23,4.741200e-29,-1.693952e-25,1.505881e-22,5.891736e-25,-8.483823e-32
4764.4642,200.00,275.0000,1.511720e+04,5.990079e-02,C,2.259193e-03,1.035826e+00,0.2257%,4.408023e-01,4.482661e-01,1.349117e-04,1.977433e-12,1.302983e-07,1.497097e-04,1.453770e-05,0.000000e+00,0.000000e+00,1.550633e-17,0.000000e+00,0.000000e+00,0.000000e+00,0.000000e+00,0.000000e+00,0.000000e+00,2.913165e-17,4.642565e-27,1.590033e-17,4.857069e-29,1.396642e-20,1.178096e-17,1.894197e-18,8.352894e-43,-2.744097e-17,-1.375363e-17,-1.590012e-17,-3.561199e-31,-1.396340e-20,-1.178062e-17,-1.894044e-18,-8.493681e-32,0.000000e+00,0.000000e+00,0.000000e+00,0.000000e+00,0.000000e+00,0.000000e+00,0.000000e+00,0.000000e+00,1.690680e-18,1.752695e-18,2.110344e-22,4.821457e-29,3.022448e-24,3.356125e-22,1.524130e-22,-8.493681e-32
4784.4642,200.00,275.0000,1.518153e+04,5.971739e-02,C,2.259421e-03,1.035826e+00,0.2257%,4.418686e-01,4.493722e-01,1.349289e-04,2.008160e-12,1.305445e-07,1.498259e-04,1.455521e-05,0.000000e+00,0.000000e+00,1.550633e-17,0.000000e+00,0.000000e+00,0.000000e+00,0.000000e+00,0.000000e+00,0.000000e+00,2.913554e-17,4.147542e-27,1.590311e-17,4.938539e-29,1.400274e-20,1.178320e-17,1.896360e-18,1.252934e-42,-2.745080e-17,-1.375870e-17,-1.590313e-17,-3.614882e-31,-1.400291e-20,-1.178305e-17,-1.896359e-18,-8.503716e-32,0.000000e+00,0.000000e+00,0.000000e+00,0.000000e+00,0.000000e+00,0.000000e+00,0.000000e+00,0.000000e+00,1.684734e-18,1.747631e-18,-1.315106e-23,4.902390e-29,-1.688003e-25,1.494165e-22,5.914910e-25,-8.503716e-32
4804.4642,200.00,275.0000,1.524579e+04,5.954612e-02,C,2.259650e-03,1.035826e+00,0.2257%,4.429319e-01,4.504752e-01,1.349462e-04,2.039407e-12,1.307922e-07,1.499418e-04,1.457273e-05,0.000000e+00,0.000000e+00,1.550633e-17,0.000000e+00,0.000000e+00,0.000000e+00,0.000000e+00,0.000000e+00,0.000000e+00,2.913957e-17,3.708541e-27,1.590590e-17,5.021700e-29,1.403933e-20,1.178544e-17,1.898527e-18,-2.923513e-42,-2.745997e-17,-1.376343e-17,-1.590592e-17,-3.669482e-31,-1.403950e-20,-1.178529e-17,-1.898526e-18,-8.513498e-32,0.000000e+00,0.000000e+00,0.000000e+00,0.000000e+00,0.000000e+00,0.000000e+00,0.000000e+00,0.000000e+00,1.679602e-18,1.742901e-18,-1.309844e-23,4.985005e-29,-1.691420e-25,1.512446e-22,6.702948e-25,-8.513498e-32
4824.4642,200.00,275.0000,1.530999e+04,5.937458e-02,C,2.259898e-03,1.035826e+00,0.2257%,4.439922e-01,4.515751e-01,1.349649e-04,2.071184e-12,1.310613e-07,1.500585e-04,1.459122e-05,0.000000e+00,0.000000e+00,1.550633e-17,0.000000e+00,0.000000e+00,0.000000e+00,0.000000e+00,0.000000e+00,0.000000e+00,2.914548e-17,3.308114e-27,1.590893e-17,5.107621e-29,1.407931e-20,1.178787e-17,1.900849e-18,3.758802e-42,-2.746915e-17,-1.376817e-17,-1.590872e-17,-3.725113e-31,-1.407626e-20,-1.178753e-17,-1.900696e-18,-8.523248e-32,0.000000e+00,0.000000e+00,0.000000e+00,0.000000e+00,0.000000e+00,0.000000e+00,0.000000e+00,0.000000e+00,1.676328e-18,1.738161e-18,2.115558e-22,5.070370e-29,3.046173e-24,3.344010e-22,1.525391e-22,-8.523248e-32
4844.4642,200.00,275.0000,1.537411e+04,5.919030e-02,C,2.260128e-03,1.035826e+00,0.2258%,4.450495e-01,4.526720e-01,1.349823e-04,2.103500e-12,1.313106e-07,1.501738e-04,1.460874e-05,0.000000e+00,0.000000e+00,1.550633e-17,0.000000e+00,0.000000e+00,0.000000e+00,0.000000e+00,0.000000e+00,0.000000e+00,2.914981e-17,2.953608e-27,1.591174e-17,5.194292e-29,1.411617e-20,1.179012e-17,1.903021e-18,-2.088224e-42,-2.747905e-17,-1.377326e-17,-1.591175e-17,-3.781890e-31,-1.411643e-20,-1.178998e-17,-1.903022e-18,-8.533182e-32,0.000000e+00,0.000000e+00,0.000000e+00,0.000000e+00,0.000000e+00,0.000000e+00,0.000000e+00,0.000000e+00,1.670760e-18,1.733068e-18,-1.302223e-23,5.156474e-29,-2.549764e-25,1.460101e-22,-7.130599e-25,-8.533182e-32
4864.4642,200.00,275.0000,1.543814e+04,5.901822e-02,C,2.260360e-03,1.035826e+00,0.2258%,4.461038e-01,4.537659e-01,1.349997e-04,2.136367e-12,1.315614e-07,1.502887e-04,1.462628e-05,0.000000e+00,0.000000e+00,1.550633e-17,0.000000e+00,0.000000e+00,0.000000e+00,0.000000e+00,0.000000e+00,0.000000e+00,2.915427e-17,2.642267e-27,1.591455e-17,5.282770e-29,1.415330e-20,1.179238e-17,1.905198e-18,1.670579e-42,-2.748827e-17,-1.377802e-17,-1.591456e-17,-3.839638e-31,-1.415356e-20,-1.179223e-17,-1.905198e-18,-8.542852e-32,0.000000e+00,0.000000e+00,0.000000e+00,0.000000e+00,0.000000e+00,0.000000e+00,0.000000e+00,0.000000e+00,1.666006e-18,1.728310e-18,-1.296644e-23,5.244373e-29,-2.546236e-25,1.458467e-22,-6.955772e-25,-8.542852e-32
4884.4642,200.00,275.0000,1.550210e+04,5.884587e-02,C,2.260592e-03,1.035826e+00,0.2258%,4.471551e-01,4.548567e-01,1.350171e-04,2.169795e-12,1.318132e-07,1.504032e-04,1.464382e-05,0.000000e+00,0.000000e+00,1.550633e-17,0.000000e+00,0.000000e+00,0.000000e+00,0.000000e+00,0.000000e+00,0.000000e+00,2.915888e-17,2.360315e-27,1.591737e-17,5.373090e-29,1.419061e-20,1.179464e-17,1.907377e-18,-3.758802e-42,-2.749751e-17,-1.378279e-17,-1.591739e-17,-3.898478e-31,-1.419086e-20,-1.179450e-17,-1.907378e-18,-8.552488e-32,0.000000e+00,0.000000e+00,0.000000e+00,0.000000e+00,0.000000e+00,0.000000e+00,0.000000e+00,0.000000e+00,1.661375e-18,1.723544e-18,-1.290901e-23,5.334105e-29,-2.546722e-25,1.450369e-22,-7.018852e-25,-8.552488e-32
4904.4642,200.00,275.0000,1.556599e+04,5.868572e-02,C,2.260825e-03,1.035826e+00,0.2258%,4.482036e-01,4.559446e-01,1.350346e-04,2.203796e-12,1.320666e-07,1.505174e-04,1.466138e-05,0.000000e+00,0.000000e+00,1.550633e-17,0.000000e+00,0.000000e+00,0.000000e+00,0.000000e+00,0.000000e+00,0.000000e+00,2.916363e-17,2.113262e-27,1.592020e-17,5.465297e-29,1.422818e-20,1.179691e-17,1.909561e-18,8.352894e-42,-2.750608e-17,-1.378722e-17,-1.591999e-17,-3.958329e-31,-1.422510e-20,-1.179658e-17,-1.909408e-18,-8.561870e-32,0.000000e+00,0.000000e+00,0.000000e+00,0.000000e+00,0.000000e+00,0.000000e+00,0.000000e+00,0.000000e+00,1.657557e-18,1.719113e-18,2.122349e-22,5.425713e-29,3.077296e-24,3.326663e-22,1.526942e-22,-8.561870e-32
4924.4642,200.00,275.0000,1.562980e+04,5.851285e-02,C,2.261040e-03,1.035826e+00,0.2258%,4.492490e-01,4.570295e-01,1.350507e-04,2.238380e-12,1.323000e-07,1.506302e-04,1.467797e-05,0.000000e+00,0.000000e+00,1.550633e-17,0.000000e+00,0.000000e+00,0.000000e+00,0.000000e+00,0.000000e+00,0.000000e+00,2.916679e-17,1.888252e-27,1.592281e-17,5.558306e-29,1.426259e-20,1.179901e-17,1.911594e-18,8.352894e-43,-2.751535e-17,-1.379200e-17,-1.592283e-17,-4.019416e-31,-1.426276e-20,-1.179886e-17,-1.911594e-18,-8.571437e-32,0.000000e+00,0.000000e+00,0.000000e+00,0.000000e+00,0.000000e+00,0.000000e+00,0.000000e+00,0.000000e+00,1.651437e-18,1.714329e-18,-1.275932e-23,5.518111e-29,-1.671222e-25,1.483309e-22,6.946872e-25,-8.571437e-32
4944.4642,200.00,275.0000,1.569353e+04,5.833971e-02,C,2.261274e-03,1.035826e+00,0.2259%,4.502916e-01,4.581114e-01,1.350683e-04,2.273560e-12,1.325549e-07,1.507437e-04,1.469553e-05,0.000000e+00,0.000000e+00,1.550633e-17,0.000000e+00,0.000000e+00,0.000000e+00,0.000000e+00,0.000000e+00,0.000000e+00,2.917182e-17,1.686202e-27,1.592566e-17,5.654389e-29,1.430043e-20,1.180129e-17,1.913783e-18,0.000000e+00,-2.752465e-17,-1.379679e-17,-1.592567e-17,-4.081658e-31,-1.430059e-20,-1.180114e-17,-1.913782e-18,-8.580964e-32,0.000000e+00,0.000000e+00,0.000000e+00,0.000000e+00,0.000000e+00,0.000000e+00,0.000000e+00,0.000000e+00,1.647171e-18,1.709536e-18,-1.269908e-23,5.613572e-29,-1.682247e-25,1.456154e-22,6.161439e-25,-8.580964e-32
4964.4642,200.00,275.0000,1.575720e+04,5.817873e-02,C,2.261510e-03,1.035826e+00,0.2259%,4.513312e-01,4.591904e-01,1.350860e-04,2.309347e-12,1.328113e-07,1.508569e-04,1.471310e-05,0.000000e+00,0.000000e+00,1.550633e-17,0.000000e+00,0.000000e+00,0.000000e+00,0.000000e+00,0.000000e+00,0.000000e+00,2.917699e-17,1.510785e-27,1.592851e-17,5.752484e-29,1.433852e-20,1.180358e-17,1.915975e-18,-8.352894e-43,-2.753327e-17,-1.380125e-17,-1.592829e-17,-4.144978e-31,-1.433542e-20,-1.180324e-17,-1.915822e-18,-8.590244e-32,0.000000e+00,0.000000e+00,0.000000e+00,0.000000e+00,0.000000e+00,0.000000e+00,0.000000e+00,0.000000e+00,1.643712e-18,1.705078e-18,2.127328e-22,5.711034e-29,3.100390e-24,3.314806e-22,1.528085e-22,-8.590244e-32
4984.4642,200.00,275.0000,1.582078e+04,5.800509e-02,C,2.261727e-03,1.035826e+00,0.2259%,4.523680e-01,4.602664e-01,1.351022e-04,2.345752e-12,1.330476e-07,1.509687e-04,1.472971e-05,0.000000e+00,0.000000e+00,1.550633e-17,0.000000e+00,0.000000e+00,0.000000e+00,0.000000e+00,0.000000e+00,0.000000e+00,2.918056e-17,1.352819e-27,1.593114e-17,5.851454e-29,1.437344e-20,1.180569e-17,1.918017e-18,-5.847026e-42,-2.754261e-17,-1.380606e-17,-1.593115e-17,-4.209606e-31,-1.437361e-20,-1.180554e-17,-1.918017e-18,-8.599705e-32,0.000000e+00,0.000000e+00,0.000000e+00,0.000000e+00,0.000000e+00,0.000000e+00,0.000000e+00,0.000000e+00,1.637950e-18,1.700268e-18,-1.259100e-23,5.809358e-29,-1.672569e-25,1.451211e-22,6.398470e-25,-8.599705e-32
5004.4642,200.00,275.0000,1.588431e+04,5.784360e-02,C,2.261964e-03,1.035826e+00,0.2259%,4.534019e-01,4.613395e-01,1.351200e-04,2.382789e-12,1.333061e-07,1.510814e-04,1.474730e-05,0.000000e+00,0.000000e+00,1.550633e-17,0.000000e+00,0.000000e+00,0.000000e+00,0.000000e+00,0.000000e+00,0.000000e+00,2.918599e-17,1.209547e-27,1.593400e-17,5.953688e-29,1.441189e-20,1.180798e-17,1.920215e-18,1.252934e-42,-2.755127e-17,-1.381054e-17,-1.593379e-17,-4.275355e-31,-1.440877e-20,-1.180765e-17,-1.920063e-18,-8.608919e-32,0.000000e+00,0.000000e+00,0.000000e+00,0.000000e+00,0.000000e+00,0.000000e+00,0.000000e+00,0.000000e+00,1.634729e-18,1.695793e-18,2.130615e-22,5.910934e-29,3.115177e-24,3.298591e-22,1.528516e-22,-8.608919e-32
5024.4642,200.00,275.0000,1.594775e+04,5.766941e-02,C,2.262183e-03,1.035826e+00,0.2260%,4.544329e-01,4.624097e-01,1.351363e-04,2.420470e-12,1.335442e-07,1.511925e-04,1.476391e-05,0.000000e+00,0.000000e+00,1.550633e-17,0.000000e+00,0.000000e+00,0.000000e+00,0.000000e+00,0.000000e+00,0.000000e+00,2.918983e-17,1.091072e-27,1.593665e-17,6.056847e-29,1.444714e-20,1.181010e-17,1.922263e-18,2.088224e-42,-2.756063e-17,-1.381536e-17,-1.593666e-17,-4.342464e-31,-1.444739e-20,-1.180996e-17,-1.922264e-18,-8.618316e-32,0.000000e+00,0.000000e+00,0.000000e+00,0.000000e+00,0.000000e+00,0.000000e+00,0.000000e+00,0.000000e+00,1.629197e-18,1.690965e-18,-1.252707e-23,6.013422e-29,-2.533269e-25,1.421623e-22,-6.487681e-25,-8.618316e-32
5044.4642,200.00,275.0000,1.601111e+04,5.750748e-02,C,2.262403e-03,1.035826e+00,0.2260%,4.554611e-01,4.634770e-01,1.351527e-04,2.458807e-12,1.337839e-07,1.513033e-04,1.478055e-05,0.000000e+00,0.000000e+00,1.550633e-17,0.000000e+00,0.000000e+00,0.000000e+00,0.000000e+00,0.000000e+00,0.000000e+00,2.919380e-17,9.707598e-28,1.593930e-17,6.162160e-29,1.448265e-20,1.181223e-17,1.924315e-18,-1.252934e-42,-2.756932e-17,-1.381985e-17,-1.593931e-17,-4.410738e-31,-1.448281e-20,-1.181209e-17,-1.924314e-18,-8.627458e-32,0.000000e+00,0.000000e+00,0.000000e+00,0.000000e+00,0.000000e+00,0.000000e+00,0.000000e+00,0.000000e+00,1.624474e-18,1.686475e-18,-1.242951e-23,6.118053e-29,-1.665704e-25,1.432012e-22,6.312172e-25,-8.627458e-32
5064.4642,200.00,275.0000,1.607441e+04,5.734525e-02,C,2.262623e-03,1.035826e+00,0.2260%,4.564865e-01,4.645415e-01,1.351692e-04,2.497814e-12,1.340245e-07,1.514139e-04,1.479718e-05,0.000000e+00,0.000000e+00,1.550633e-17,0.000000e+00,0.000000e+00,0.000000e+00,0.000000e+00,0.000000e+00,0.000000e+00,2.919790e-17,8.688163e-28,1.594196e-17,6.269674e-29,1.451831e-20,1.181436e-17,1.926369e-18,3.758802e-42,-2.757804e-17,-1.382435e-17,-1.594197e-17,-4.480315e-31,-1.451848e-20,-1.181422e-17,-1.926369e-18,-8.636571e-32,0.000000e+00,0.000000e+00,0.000000e+00,0.000000e+00,0.000000e+00,0.000000e+00,0.000000e+00,0.000000e+00,1.619863e-18,1.681975e-18,-1.237890e-23,6.224871e-29,-1.656249e-25,1.436202e-22,6.667788e-25,-8.636571e-32
5084.4642,200.00,275.0000,1.613762e+04,5.718278e-02,C,2.262845e-03,1.035826e+00,0.2260%,4.575090e-01,4.656030e-01,1.351856e-04,2.537504e-12,1.342660e-07,1.515241e-04,1.481382e-05,0.000000e+00,0.000000e+00,1.550633e-17,0.000000e+00,0.000000e+00,0.000000e+00,0.000000e+00,0.000000e+00,0.000000e+00,2.920213e-17,7.879962e-28,1.594463e-17,6.379439e-29,1.455414e-20,1.181649e-17,1.928427e-18,6.682315e-42,-2.758676e-17,-1.382886e-17,-1.594464e-17,-4.551217e-31,-1.455431e-20,-1.181635e-17,-1.928426e-18,-8.645649e-32,0.000000e+00,0.000000e+00,0.000000e+00,0.000000e+00,0.000000e+00,0.000000e+00,0.000000e+00,0.000000e+00,1.615366e-18,1.677468e-18,-1.232702e-23,6.333927e-29,-1.651037e-25,1.434493e-22,6.805770e-25,-8.645649e-32
5104.4642,200.00,275.0000,1.620078e+04,5.702007e-02,C,2.263067e-03,1.035826e+00,0.2261%,4.585287e-01,4.666617e-01,1.352022e-04,2.577890e-12,1.345086e-07,1.516341e-04,1.483047e-05,0.000000e+00,0.000000e+00,1.550633e-17,0.000000e+00,0.000000e+00,0.000000e+00,0.000000e+00,0.000000e+00,0.000000e+00,2.920649e-17,6.943183e-28,1.594730e-17,6.491503e-29,1.459014e-20,1.181864e-17,1.930486e-18,2.923513e-42,-2.759551e-17,-1.383338e-17,-1.594731e-17,-4.623475e-31,-1.459030e-20,-1.181849e-17,-1.930486e-18,-8.654699e-32,0.000000e+00,0.000000e+00,0.000000e+00,0.000000e+00,0.000000e+00,0.000000e+00,0.000000e+00,0.000000e+00,1.610982e-18,1.672952e-18,-1.227477e-23,6.445268e-29,-1.649588e-25,1.427001e-22,6.730999e-25,-8.654699e-32
5124.4642,200.00,275.0000,1.626384e+04,5.685712e-02,C,2.263290e-03,1.035826e+00,0.2261%,4.595457e-01,4.677176e-01,1.352188e-04,2.618987e-12,1.347520e-07,1.517437e-04,1.484712e-05,0.000000e+00,0.000000e+00,1.550633e-17,0.000000e+00,0.000000e+00,0.000000e+00,0.000000e+00,0.000000e+00,0.000000e+00,2.921098e-17,6.291111e-28,1.594998e-17,6.605918e-29,1.462630e-20,1.182078e-17,1.932549e-18,0.000000e+00,-2.760427e-17,-1.383790e-17,-1.594999e-17,-4.697113e-31,-1.462646e-20,-1.182064e-17,-1.932548e-18,-8.663714e-32,0.000000e+00,0.000000e+00,0.000000e+00,0.000000e+00,0.000000e+00,0.000000e+00,0.000000e+00,0.000000e+00,1.606709e-18,1.668429e-18,-1.222131e-23,6.558947e-29,-1.652249e-25,1.413797e-22,6.445380e-25,-8.663714e-32
5144.4642,200.00,275.0000,1.632685e+04,5.669394e-02,C,2.263514e-03,1.035826e+00,0.2261%,4.605598e-01,4.687706e-01,1.352354e-04,2.660808e-12,1.349964e-07,1.518531e-04,1.486378e-05,0.000000e+00,0.000000e+00,1.550633e-17,0.000000e+00,0.000000e+00,0.000000e+00,0.000000e+00,0.000000e+00,0.000000e+00,2.921560e-17,5.611488e-28,1.595266e-17,6.722735e-29,1.466262e-20,1.182293e-17,1.934614e-18,-5.847026e-42,-2.761305e-17,-1.384243e-17,-1.595267e-17,-4.772161e-31,-1.466278e-20,-1.182279e-17,-1.934614e-18,-8.672702e-32,0.000000e+00,0.000000e+00,0.000000e+00,0.000000e+00,0.000000e+00,0.000000e+00,0.000000e+00,0.000000e+00,1.602547e-18,1.663897e-18,-1.216694e-23,6.675013e-29,-1.634741e-25,1.394930e-22,6.049452e-25,-8.672702e-32
5164.4642,200.00,275.0000,1.638975e+04,5.654293e-02,C,2.263738e-03,1.035826e+00,0.2261%,4.615712e-01,4.698209e-01,1.352520e-04,2.703369e-12,1.352422e-07,1.519620e-04,1.488044e-05,0.000000e+00,0.000000e+00,1.550633e-17,0.000000e+00,0.000000e+00,0.000000e+00,0.000000e+00,0.000000e+00,0.000000e+00,2.922034e-17,5.143098e-28,1.595535e-17,6.842009e-29,1.469919e-20,1.182509e-17,1.936683e-18,8.352894e-43,-2.762115e-17,-1.384663e-17,-1.595514e-17,-4.848519e-31,-1.469602e-20,-1.182476e-17,-1.936530e-18,-8.681428e-32,0.000000e+00,0.000000e+00,0.000000e+00,0.000000e+00,0.000000e+00,0.000000e+00,0.000000e+00,0.000000e+00,1.599184e-18,1.659702e-18,2.143254e-22,6.793523e-29,3.174941e-24,3.266983e-22,1.531239e-22,-8.681428e-32
5184.4642,200.00,275.0000,1.645256e+04,5.637929e-02,C,2.263944e-03,1.035826e+00,0.2261%,4.625799e-01,4.708683e-01,1.352673e-04,2.746684e-12,1.354673e-07,1.520694e-04,1.489614e-05,0.000000e+00,0.000000e+00,1.550633e-17,0.000000e+00,0.000000e+00,0.000000e+00,0.000000e+00,0.000000e+00,0.000000e+00,2.922347e-17,4.610420e-28,1.595783e-17,6.962389e-29,1.473250e-20,1.182707e-17,1.938602e-18,-8.352894e-43,-2.762996e-17,-1.385117e-17,-1.595784e-17,-4.926463e-31,-1.473266e-20,-1.182693e-17,-1.938601e-18,-8.690340e-32,0.000000e+00,0.000000e+00,0.000000e+00,0.000000e+00,0.000000e+00,0.000000e+00,0.000000e+00,0.000000e+00,1.593501e-18,1.655155e-18,-1.207068e-23,6.913124e-29,-1.637299e-25,1.407370e-22,6.794702e-25,-8.690340e-32
5204.4642,200.00,275.0000,1.651537e+04,5.621536e-02,C,2.264170e-03,1.035826e+00,0.2262%,4.635858e-01,4.719129e-01,1.352841e-04,2.790767e-12,1.357146e-07,1.521781e-04,1.491281e-05,0.000000e+00,0.000000e+00,1.550633e-17,0.000000e+00,0.000000e+00,0.000000e+00,0.000000e+00,0.000000e+00,0.000000e+00,2.922846e-17,4.132847e-28,1.596053e-17,7.086713e-29,1.476930e-20,1.182923e-17,1.940675e-18,2.923513e-42,-2.763879e-17,-1.385573e-17,-1.596054e-17,-5.005915e-31,-1.476956e-20,-1.182910e-17,-1.940675e-18,-8.699245e-32,0.000000e+00,0.000000e+00,0.000000e+00,0.000000e+00,0.000000e+00,0.000000e+00,0.000000e+00,0.000000e+00,1.589665e-18,1.650599e-18,-1.206099e-23,7.036653e-29,-2.525318e-25,1.371622e-22,-6.396134e-25,-8.699245e-32
5224.4642,200.00,275.0000,1.657807e+04,5.606371e-02,C,2.264377e-03,1.035826e+00,0.2262%,4.645890e-01,4.729548e-01,1.352994e-04,2.835635e-12,1.359420e-07,1.522850e-04,1.492853e-05,0.000000e+00,0.000000e+00,1.550633e-17,0.000000e+00,0.000000e+00,0.000000e+00,0.000000e+00,0.000000e+00,0.000000e+00,2.923183e-17,3.783851e-28,1.596301e-17,7.212206e-29,1.480301e-20,1.183122e-17,1.942599e-18,7.099960e-42,-2.764694e-17,-1.385995e-17,-1.596303e-17,-5.086757e-31,-1.480317e-20,-1.183108e-17,-1.942599e-18,-8.707885e-32,0.000000e+00,0.000000e+00,0.000000e+00,0.000000e+00,0.000000e+00,0.000000e+00,0.000000e+00,0.000000e+00,1.584889e-18,1.646382e-18,-1.197081e-23,7.161339e-29,-1.631245e-25,1.397625e-22,6.820953e-25,-8.707885e-32
5244.4642,200.00,275.0000,1.664071e+04,5.591178e-02,C,2.264605e-03,1.035826e+00,0.2262%,4.655894e-01,4.739939e-01,1.353163e-04,2.881303e-12,1.361916e-07,1.523929e-04,1.494522e-05,0.000000e+00,0.000000e+00,1.550633e-17,0.000000e+00,0.000000e+00,0.000000e+00,0.000000e+00,0.000000e+00,0.000000e+00,2.923707e-17,3.343014e-28,1.596573e-17,7.341809e-29,1.484022e-20,1.183340e-17,1.944679e-18,-2.923513e-42,-2.765511e-17,-1.386417e-17,-1.596552e-17,-5.169155e-31,-1.483702e-20,-1.183307e-17,-1.944525e-18,-8.716500e-32,0.000000e+00,0.000000e+00,0.000000e+00,0.000000e+00,0.000000e+00,0.000000e+00,0.000000e+00,0.000000e+00,1.581959e-18,1.642157e-18,2.149342e-22,7.290117e-29,3.204094e-24,3.249608e-22,1.532414e-22,-8.716500e-32
5264.4642,200.00,275.0000,1.670325e+04,5.574730e-02,C,2.264814e-03,1.035826e+00,0.2262%,4.665872e-01,4.750303e-01,1.353317e-04,2.927787e-12,1.364203e-07,1.524994e-04,1.496094e-05,0.000000e+00,0.000000e+00,1.550633e-17,0.000000e+00,0.000000e+00,0.000000e+00,0.000000e+00,0.000000e+00,0.000000e+00,2.924069e-17,2.984834e-28,1.596823e-17,7.472647e-29,1.487414e-20,1.183539e-17,1.946607e-18,0.000000e+00,-2.766398e-17,-1.386875e-17,-1.596824e-17,-5.253269e-31,-1.487430e-20,-1.183525e-17,-1.946606e-18,-8.725302e-32,0.000000e+00,0.000000e+00,0.000000e+00,0.000000e+00,0.000000e+00,0.000000e+00,0.000000e+00,0.000000e+00,1.576707e-18,1.637581e-18,-1.135168e-23,7.420114e-29,-1.604564e-25,1.386141e-22,5.561467e-25,-8.725302e-32
5284.4642,200.00,275.0000,1.676573e+04,5.559486e-02,C,2.265023e-03,1.035826e+00,0.2262%,4.675823e-01,4.760640e-01,1.353472e-04,2.975104e-12,1.366504e-07,1.526055e-04,1.497667e-05,0.000000e+00,0.000000e+00,1.550633e-17,0.000000e+00,0.000000e+00,0.000000e+00,0.000000e+00,0.000000e+00,0.000000e+00,2.924442e-17,2.690943e-28,1.597073e-17,7.606232e-29,1.490830e-20,1.183739e-17,1.948539e-18,2.505868e-42,-2.767218e-17,-1.387299e-17,-1.597074e-17,-5.338870e-31,-1.490846e-20,-1.183726e-17,-1.948538e-18,-8.733856e-32,0.000000e+00,0.000000e+00,0.000000e+00,0.000000e+00,0.000000e+00,0.000000e+00,0.000000e+00,0.000000e+00,1.572242e-18,1.633339e-18,-1.182209e-23,7.552843e-29,-1.627329e-25,1.375900e-22,6.589026e-25,-8.733856e-32
5304.4642,200.00,275.0000,1.682814e+04,5.544227e-02,C,2.265234e-03,1.035826e+00,0.2263%,4.685747e-01,4.770949e-01,1.353627e-04,3.023271e-12,1.368814e-07,1.527113e-04,1.499240e-05,0.000000e+00,0.000000e+00,1.550633e-17,0.000000e+00,0.000000e+00,0.000000e+00,0.000000e+00,0.000000e+00,0.000000e+00,2.924828e-17,2.378683e-28,1.597324e-17,7.742628e-29,1.494261e-20,1.183940e-17,1.950474e-18,-4.594092e-42,-2.768040e-17,-1.387724e-17,-1.597325e-17,-5.426122e-31,-1.494277e-20,-1.183926e-17,-1.950473e-18,-8.742381e-32,0.000000e+00,0.000000e+00,0.000000e+00,0.000000e+00,0.000000e+00,0.000000e+00,0.000000e+00,0.000000e+00,1.567884e-18,1.629092e-18,-1.177492e-23,7.688367e-29,-1.618588e-25,1.380220e-22,6.953917e-25,-8.742381e-32
5324.4642,200.00,275.0000,1.689046e+04,5.528946e-02,C,2.265445e-03,1.035826e+00,0.2263%,4.695645e-01,4.781231e-01,1.353783e-04,3.072303e-12,1.371132e-07,1.528169e-04,1.500814e-05,0.000000e+00,0.000000e+00,1.550633e-17,0.000000e+00,0.000000e+00,0.000000e+00,0.000000e+00,0.000000e+00,0.000000e+00,2.925226e-17,2.167449e-28,1.597576e-17,7.881893e-29,1.497707e-20,1.184141e-17,1.952410e-18,0.000000e+00,-2.768863e-17,-1.388149e-17,-1.597577e-17,-5.515056e-31,-1.497723e-20,-1.184127e-17,-1.952410e-18,-8.750876e-32,0.000000e+00,0.000000e+00,0.000000e+00,0.000000e+00,0.000000e+00,0.000000e+00,0.000000e+00,0.000000e+00,1.563629e-18,1.624837e-18,-1.172888e-23,7.826743e-29,-1.612826e-25,1.379309e-22,7.082489e-25,-8.750876e-32
5344.4642,200.00,275.0000,1.695272e+04,5.513643e-02,C,2.265657e-03,1.035826e+00,0.2263%,4.705516e-01,4.791486e-01,1.353939e-04,3.121970e-12,1.373459e-07,1.529222e-04,1.502388e-05,0.000000e+00,0.000000e+00,1.550633e-17,0.000000e+00,0.000000e+00,0.000000e+00,0.000000e+00,0.000000e+00,0.000000e+00,2.925635e-17,1.937846e-28,1.597828e-17,6.891570e-29,1.501167e-20,1.184343e-17,1.954350e-18,1.670579e-42,-2.769687e-17,-1.388575e-17,-1.597829e-17,-5.605404e-31,-1.501183e-20,-1.184329e-17,-1.954349e-18,-8.759344e-32,0.000000e+00,0.000000e+00,0.000000e+00,0.000000e+00,0.000000e+00,0.000000e+00,0.000000e+00,0.000000e+00,1.559476e-18,1.620575e-18,-1.168058e-23,6.835516e-29,-1.610600e-25,1.373248e-22,7.043594e-25,-8.759344e-32
5364.4642,200.00,275.0000,1.701489e+04,5.498320e-02,C,2.265869e-03,1.035826e+00,0.2263%,4.715361e-01,4.801714e-01,1.354095e-04,3.129234e-12,1.375795e-07,1.530271e-04,1.503962e-05,0.000000e+00,0.000000e+00,1.550633e-17,0.000000e+00,0.000000e+00,0.000000e+00,0.000000e+00,0.000000e+00,0.000000e+00,2.926056e-17,1.763348e-28,1.598080e-17,-1.141602e-29,1.504643e-20,1.184545e-17,1.956292e-18,5.429381e-42,-2.770513e-17,-1.389002e-17,-1.598081e-17,-5.624106e-31,-1.504659e-20,-1.184531e-17,-1.956291e-18,-8.767780e-32,0.000000e+00,0.000000e+00,0.000000e+00,0.000000e+00,0.000000e+00,0.000000e+00,0.000000e+00,0.000000e+00,1.555425e-18,1.616305e-18,-1.163186e-23,-1.197843e-29,-1.612213e-25,1.362104e-22,6.816511e-25,-8.767780e-32
5384.4642,200.00,275.0000,1.707699e+04,5.482975e-02,C,2.266082e-03,1.035826e+00,0.2264%,4.725179e-01,4.811916e-01,1.354252e-04,3.118722e-12,1.378139e-07,1.531318e-04,1.505537e-05,0.000000e+00,0.000000e+00,1.550633e-17,0.000000e+00,0.000000e+00,0.000000e+00,0.000000e+00,0.000000e+00,0.000000e+00,2.926488e-17,1.598034e-28,1.598334e-17,-1.797802e-29,1.508134e-20,1.184747e-17,1.958236e-18,8.352894e-43,-2.771340e-17,-1.389430e-17,-1.598335e-17,-5.611559e-31,-1.508150e-20,-1.184734e-17,-1.958235e-18,-8.776189e-32,0.000000e+00,0.000000e+00,0.000000e+00,0.000000e+00,0.000000e+00,0.000000e+00,0.000000e+00,0.000000e+00,1.551474e-18,1.612029e-18,-1.158239e-23,-1.853917e-29,-1.592650e-25,1.345927e-22,6.499086e-25,-8.776189e-32
5404.4642,200.00,275.0000,1.713902e+04,5.467612e-02,C,2.266296e-03,1.035826e+00,0.2264%,4.734972e-01,4.822091e-01,1.354409e-04,3.106968e-12,1.380492e-07,1.532363e-04,1.507112e-05,0.000000e+00,0.000000e+00,1.550633e-17,0.000000e+00,0.000000e+00,0.000000e+00,0.000000e+00,0.000000e+00,0.000000e+00,2.926932e-17,1.469457e-28,1.598587e-17,-1.928230e-29,1.511640e-20,1.184950e-17,1.960182e-18,3.341158e-42,-2.772169e-17,-1.389858e-17,-1.598589e-17,-5.596778e-31,-1.511665e-20,-1.184937e-17,-1.960183e-18,-8.784570e-32,0.000000e+00,0.000000e+00,0.000000e+00,0.000000e+00,0.000000e+00,0.000000e+00,0.000000e+00,0.000000e+00,1.547626e-18,1.607746e-18,-1.106333e-23,-1.984198e-29,-2.501310e-25,1.344525e-22,-6.719693e-25,-8.784570e-32
5424.4642,200.00,275.0000,1.720097e+04,5.453463e-02,C,2.266491e-03,1.035826e+00,0.2264%,4.744739e-01,4.832240e-01,1.354553e-04,3.095229e-12,1.382642e-07,1.533392e-04,1.508592e-05,0.000000e+00,0.000000e+00,1.550633e-17,0.000000e+00,0.000000e+00,0.000000e+00,0.000000e+00,0.000000e+00,0.000000e+00,2.927212e-17,1.340879e-28,1.598819e-17,-1.658824e-29,1.514827e-20,1.185135e-17,1.961980e-18,-5.429381e-42,-2.772931e-17,-1.390253e-17,-1.598820e-17,-5.581783e-31,-1.514843e-20,-1.185122e-17,-1.961979e-18,-8.792701e-32,0.000000e+00,0.000000e+00,0.000000e+00,0.000000e+00,0.000000e+00,0.000000e+00,0.000000e+00,0.000000e+00,1.542819e-18,1.603801e-18,-1.149528e-23,-1.714642e-29,-1.592731e-25,1.364400e-22,7.436498e-25,-8.792701e-32
5444.4642,200.00,275.0000,1.726284e+04,5.438057e-02,C,2.266706e-03,1.035826e+00,0.2264%,4.754479e-01,4.842362e-01,1.354711e-04,3.083551e-12,1.385012e-07,1.534431e-04,1.510168e-05,0.000000e+00,0.000000e+00,1.550633e-17,0.000000e+00,0.000000e+00,0.000000e+00,0.000000e+00,0.000000e+00,0.000000e+00,2.927679e-17,1.166381e-28,1.599074e-17,-1.799721e-29,1.518362e-20,1.185339e-17,1.963931e-18,2.088224e-42,-2.773762e-17,-1.390683e-17,-1.599075e-17,-5.567025e-31,-1.518378e-20,-1.185326e-17,-1.963930e-18,-8.801013e-32,0.000000e+00,0.000000e+00,0.000000e+00,0.000000e+00,0.000000e+00,0.000000e+00,0.000000e+00,0.000000e+00,1.539166e-18,1.599504e-18,-1.144365e-23,-1.855391e-29,-1.582788e-25,1.333408e-22,6.572168e-25,-8.801013e-32
5464.4642,200.00,275.0000,1.732464e+04,5.423868e-02,C,2.266903e-03,1.035826e+00,0.2264%,4.764194e-01,4.852458e-01,1.354855e-04,3.071989e-12,1.387179e-07,1.535455e-04,1.511649e-05,0.000000e+00,0.000000e+00,1.550633e-17,0.000000e+00,0.000000e+00,0.000000e+00,0.000000e+00,0.000000e+00,0.000000e+00,2.927982e-17,1.001067e-28,1.599307e-17,-1.585473e-29,1.521577e-20,1.185525e-17,1.965733e-18,-2.505868e-42,-2.774526e-17,-1.391078e-17,-1.599308e-17,-5.552242e-31,-1.521593e-20,-1.185512e-17,-1.965732e-18,-8.809106e-32,0.000000e+00,0.000000e+00,0.000000e+00,0.000000e+00,0.000000e+00,0.000000e+00,0.000000e+00,0.000000e+00,1.534556e-18,1.595545e-18,-1.140517e-23,-1.640995e-29,-1.581987e-25,1.363158e-22,7.741858e-25,-8.809106e-32
5484.4642,200.00,275.0000,1.738636e+04,5.408420e-02,C,2.267119e-03,1.035826e+00,0.2265%,4.773884e-01,4.862528e-01,1.355013e-04,3.060488e-12,1.389566e-07,1.536488e-04,1.513225e-05,0.000000e+00,0.000000e+00,1.550633e-17,0.000000e+00,0.000000e+00,0.000000e+00,0.000000e+00,0.000000e+00,0.000000e+00,2.928471e-17,9.826992e-29,1.599563e-17,-1.778625e-29,1.525142e-20,1.185730e-17,1.967689e-18,4.594092e-42,-2.775361e-17,-1.391509e-17,-1.599564e-17,-5.537695e-31,-1.525157e-20,-1.185717e-17,-1.967688e-18,-8.817377e-32,0.000000e+00,0.000000e+00,0.000000e+00,0.000000e+00,0.000000e+00,0.000000e+00,0.000000e+00,0.000000e+00,1.531097e-18,1.591234e-18,-1.135221e-23,-1.834002e-29,-1.577848e-25,1.322564e-22,6.523402e-25,-8.817377e-32
5504.4642,200.00,275.0000,1.744802e+04,5.394192e-02,C,2.267317e-03,1.035826e+00,0.2265%,4.783547e-01,4.872572e-01,1.355158e-04,3.049114e-12,1.391749e-07,1.537507e-04,1.514706e-05,0.000000e+00,0.000000e+00,1.550633e-17,0.000000e+00,0.000000e+00,0.000000e+00,0.000000e+00,0.000000e+00,0.000000e+00,2.928796e-17,8.357535e-29,1.599797e-17,-1.623571e-29,1.528385e-20,1.185917e-17,1.969495e-18,2.923513e-42,-2.776128e-17,-1.391907e-17,-1.599798e-17,-5.523139e-31,-1.528400e-20,-1.185903e-17,-1.969494e-18,-8.825401e-32,0.000000e+00,0.000000e+00,0.000000e+00,0.000000e+00,0.000000e+00,0.000000e+00,0.000000e+00,0.000000e+00,1.526680e-18,1.587262e-18,-1.131227e-23,-1.678802e-29,-1.583133e-25,1.342645e-22,7.337753e-25,-8.825401e-32
5524.4642,200.00,275.0000,1.750960e+04,5.379943e-02,C,2.267535e-03,1.035826e+00,0.2265%,4.793186e-01,4.882590e-01,1.355318e-04,3.037825e-12,1.394158e-07,1.538535e-04,1.516284e-05,0.000000e+00,0.000000e+00,1.550633e-17,0.000000e+00,0.000000e+00,0.000000e+00,0.000000e+00,0.000000e+00,0.000000e+00,2.929307e-17,7.439125e-29,1.600054e-17,-1.882837e-29,1.531987e-20,1.186123e-17,1.971457e-18,-8.352894e-43,-2.776896e-17,-1.392305e-17,-1.600033e-17,-5.508728e-31,-1.531657e-20,-1.186091e-17,-1.971303e-18,-8.833401e-32,0.000000e+00,0.000000e+00,0.000000e+00,0.000000e+00,0.000000e+00,0.000000e+00,0.000000e+00,0.000000e+00,1.524106e-18,1.583284e-18,2.169481e-22,-1.937924e-29,3.303016e-24,3.196605e-22,1.536250e-22,-8.833401e-32
5544.4642,200.00,275.0000,1.757110e+04,5.364436e-02,C,2.267734e-03,1.035826e+00,0.2265%,4.802799e-01,4.892583e-01,1.355463e-04,3.026605e-12,1.396351e-07,1.539548e-04,1.517765e-05,0.000000e+00,0.000000e+00,1.550633e-17,0.000000e+00,0.000000e+00,0.000000e+00,0.000000e+00,0.000000e+00,0.000000e+00,2.929654e-17,6.612555e-29,1.600289e-17,-1.772989e-29,1.535249e-20,1.186310e-17,1.973266e-18,-8.352894e-43,-2.777735e-17,-1.392738e-17,-1.600291e-17,-5.494484e-31,-1.535265e-20,-1.186297e-17,-1.973266e-18,-8.841595e-32,0.000000e+00,0.000000e+00,0.000000e+00,0.000000e+00,0.000000e+00,0.000000e+00,0.000000e+00,0.000000e+00,1.519186e-18,1.578952e-18,-1.121672e-23,-1.827934e-29,-1.572413e-25,1.303308e-22,6.331878e-25,-8.841595e-32
5564.4642,200.00,275.0000,1.763252e+04,5.350149e-02,C,2.267934e-03,1.035826e+00,0.2265%,4.812387e-01,4.902549e-01,1.355609e-04,3.015488e-12,1.398558e-07,1.540559e-04,1.519247e-05,0.000000e+00,0.000000e+00,1.550633e-17,0.000000e+00,0.000000e+00,0.000000e+00,0.000000e+00,0.000000e+00,0.000000e+00,2.930011e-17,6.520714e-29,1.600525e-17,-1.696744e-29,1.538534e-20,1.186498e-17,1.975080e-18,-5.429381e-42,-2.778506e-17,-1.393137e-17,-1.600526e-17,-5.480235e-31,-1.538550e-20,-1.186485e-17,-1.975079e-18,-8.849539e-32,0.000000e+00,0.000000e+00,0.000000e+00,0.000000e+00,0.000000e+00,0.000000e+00,0.000000e+00,0.000000e+00,1.515052e-18,1.574961e-18,-1.117472e-23,-1.751547e-29,-1.587152e-25,1.309277e-22,6.626609e-25,-8.849539e-32
5584.4642,200.00,275.0000,1.769388e+04,5.335842e-02,C,2.268134e-03,1.035826e+00,0.2266%,4.821950e-01,4.912491e-01,1.355755e-04,3.004477e-12,1.400773e-07,1.541567e-04,1.520730e-05,0.000000e+00,0.000000e+00,1.550633e-17,0.000000e+00,0.000000e+00,0.000000e+00,0.000000e+00,0.000000e+00,0.000000e+00,2.930379e-17,5.510463e-29,1.600761e-17,-1.655751e-29,1.541832e-20,1.186687e-17,1.976895e-18,-6.682315e-42,-2.779278e-17,-1.393537e-17,-1.600762e-17,-5.466128e-31,-1.541848e-20,-1.186674e-17,-1.976894e-18,-8.857461e-32,0.000000e+00,0.000000e+00,0.000000e+00,0.000000e+00,0.000000e+00,0.000000e+00,0.000000e+00,0.000000e+00,1.511011e-18,1.570962e-18,-1.113203e-23,-1.710412e-29,-1.580714e-25,1.310614e-22,6.843260e-25,-8.857461e-32
5604.4642,200.00,275.0000,1.775516e+04,5.321515e-02,C,2.268335e-03,1.035826e+00,0.2266%,4.831488e-01,4.922407e-01,1.355902e-04,2.993551e-12,1.402996e-07,1.542573e-04,1.522212e-05,0.000000e+00,0.000000e+00,1.550633e-17,0.000000e+00,0.000000e+00,0.000000e+00,0.000000e+00,0.000000e+00,0.000000e+00,2.930758e-17,4.959416e-29,1.600998e-17,-1.640595e-29,1.545145e-20,1.186876e-17,1.978712e-18,0.000000e+00,-2.780052e-17,-1.393937e-17,-1.600999e-17,-5.452123e-31,-1.545160e-20,-1.186863e-17,-1.978712e-18,-8.865357e-32,0.000000e+00,0.000000e+00,0.000000e+00,0.000000e+00,0.000000e+00,0.000000e+00,0.000000e+00,0.000000e+00,1.507063e-18,1.566957e-18,-1.108869e-23,-1.695116e-29,-1.577087e-25,1.307381e-22,6.891527e-25,-8.865357e-32
5624.4642,200.00,275.0000,1.781636e+04,5.307170e-02,C,2.268536e-03,1.035826e+00,0.2266%,4.841002e-01,4.932297e-01,1.356049e-04,2.982688e-12,1.405227e-07,1.543576e-04,1.523695e-05,0.000000e+00,0.000000e+00,1.550633e-17,0.000000e+00,0.000000e+00,0.000000e+00,0.000000e+00,0.000000e+00,0.000000e+00,2.931148e-17,4.867575e-29,1.601235e-17,-1.642752e-29,1.548470e-20,1.187065e-17,1.980532e-18,2.505868e-42,-2.780827e-17,-1.394338e-17,-1.601236e-17,-5.438183e-31,-1.548486e-20,-1.187052e-17,-1.980531e-18,-8.873225e-32,0.000000e+00,0.000000e+00,0.000000e+00,0.000000e+00,0.000000e+00,0.000000e+00,0.000000e+00,0.000000e+00,1.503206e-18,1.562946e-18,-1.104473e-23,-1.697134e-29,-1.576222e-25,1.299641e-22,6.773816e-25,-8.873225e-32
5644.4642,200.00,275.0000,1.787749e+04,5.292806e-02,C,2.268738e-03,1.035826e+00,0.2266%,4.850490e-01,4.942162e-01,1.356196e-04,2.971928e-12,1.407465e-07,1.544577e-04,1.525179e-05,0.000000e+00,0.000000e+00,1.550633e-17,0.000000e+00,0.000000e+00,0.000000e+00,0.000000e+00,0.000000e+00,0.000000e+00,2.931548e-17,4.041006e-29,1.601473e-17,-1.678506e-29,1.551810e-20,1.187255e-17,1.982354e-18,-1.670579e-42,-2.781603e-17,-1.394740e-17,-1.601474e-17,-5.424381e-31,-1.551825e-20,-1.187242e-17,-1.982353e-18,-8.881072e-32,0.000000e+00,0.000000e+00,0.000000e+00,0.000000e+00,0.000000e+00,0.000000e+00,0.000000e+00,0.000000e+00,1.499441e-18,1.558929e-18,-1.100015e-23,-1.732750e-29,-1.553845e-25,1.287429e-22,6.582327e-25,-8.881072e-32
5664.4642,200.00,275.0000,1.793856e+04,5.278418e-02,C,2.268941e-03,1.035826e+00,0.2266%,4.859954e-01,4.952003e-01,1.356344e-04,2.961250e-12,1.409712e-07,1.545575e-04,1.526662e-05,0.000000e+00,0.000000e+00,1.550633e-17,0.000000e+00,0.000000e+00,0.000000e+00,0.000000e+00,0.000000e+00,0.000000e+00,2.931958e-17,3.306278e-29,1.601711e-17,-1.739259e-29,1.555162e-20,1.187445e-17,1.984178e-18,-4.594092e-42,-2.782381e-17,-1.395143e-17,-1.601712e-17,-5.410680e-31,-1.555187e-20,-1.187432e-17,-1.984178e-18,-8.888895e-32,0.000000e+00,0.000000e+00,0.000000e+00,0.000000e+00,0.000000e+00,0.000000e+00,0.000000e+00,0.000000e+00,1.495764e-18,1.554903e-18,-1.100057e-23,-1.793366e-29,-2.493789e-25,1.270577e-22,-5.701352e-25,-8.888895e-32
5684.4642,200.00,275.0000,1.799954e+04,5.265260e-02,C,2.269125e-03,1.035826e+00,0.2267%,4.869394e-01,4.961818e-01,1.356477e-04,2.950663e-12,1.411750e-07,1.546558e-04,1.528050e-05,0.000000e+00,0.000000e+00,1.550633e-17,0.000000e+00,0.000000e+00,0.000000e+00,0.000000e+00,0.000000e+00,0.000000e+00,2.932203e-17,3.673642e-29,1.601927e-17,-1.451130e-29,1.558187e-20,1.187617e-17,1.985852e-18,-7.517605e-42,-2.783091e-17,-1.395511e-17,-1.601928e-17,-5.396916e-31,-1.558202e-20,-1.187604e-17,-1.985851e-18,-8.896464e-32,0.000000e+00,0.000000e+00,0.000000e+00,0.000000e+00,0.000000e+00,0.000000e+00,0.000000e+00,0.000000e+00,1.491123e-18,1.551221e-18,-1.092217e-23,-1.505099e-29,-1.550028e-25,1.314424e-22,7.804733e-25,-8.896464e-32
5704.4642,200.00,275.0000,1.806043e+04,5.250840e-02,C,2.269329e-03,1.035826e+00,0.2267%,4.878809e-01,4.971609e-01,1.356626e-04,2.940132e-12,1.414012e-07,1.547550e-04,1.529534e-05,0.000000e+00,0.000000e+00,1.550633e-17,0.000000e+00,0.000000e+00,0.000000e+00,0.000000e+00,0.000000e+00,0.000000e+00,2.932634e-17,3.398119e-29,1.602166e-17,-1.555074e-29,1.561567e-20,1.187808e-17,1.987680e-18,5.847026e-42,-2.783871e-17,-1.395914e-17,-1.602168e-17,-5.383384e-31,-1.561582e-20,-1.187795e-17,-1.987679e-18,-8.904235e-32,0.000000e+00,0.000000e+00,0.000000e+00,0.000000e+00,0.000000e+00,0.000000e+00,0.000000e+00,0.000000e+00,1.487627e-18,1.547185e-18,-1.087549e-23,-1.608908e-29,-1.559860e-25,1.289061e-22,7.038167e-25,-8.904235e-32
5724.4642,200.00,275.0000,1.812126e+04,5.236485e-02,C,2.269534e-03,1.035826e+00,0.2267%,4.888200e-01,4.981375e-01,1.356774e-04,2.929701e-12,1.416281e-07,1.548541e-04,1.531019e-05,0.000000e+00,0.000000e+00,1.550633e-17,0.000000e+00,0.000000e+00,0.000000e+00,0.000000e+00,0.000000e+00,0.000000e+00,2.933075e-17,2.296026e-29,1.602406e-17,-1.691625e-29,1.564960e-20,1.188000e-17,1.989510e-18,2.088224e-42,-2.784651e-17,-1.396316e-17,-1.602407e-17,-5.367439e-31,-1.564985e-20,-1.187987e-17,-1.989511e-18,-8.911898e-32,0.000000e+00,0.000000e+00,0.000000e+00,0.000000e+00,0.000000e+00,0.000000e+00,0.000000e+00,0.000000e+00,1.484239e-18,1.543166e-18,-1.087433e-23,-1.745299e-29,-2.489082e-25,1.259292e-22,-5.589822e-25,-8.911898e-32
5744.4642,200.00,275.0000,1.818202e+04,5.223249e-02,C,2.269719e-03,1.035826e+00,0.2267%,4.897567e-01,4.991116e-01,1.356909e-04,2.919363e-12,1.418342e-07,1.549516e-04,1.532407e-05,0.000000e+00,0.000000e+00,1.550633e-17,0.000000e+00,0.000000e+00,0.000000e+00,0.000000e+00,0.000000e+00,0.000000e+00,2.933350e-17,2.938913e-29,1.602624e-17,-1.483425e-29,1.568023e-20,1.188173e-17,1.991191e-18,5.429381e-42,-2.785365e-17,-1.396687e-17,-1.602625e-17,-5.354695e-31,-1.568038e-20,-1.188160e-17,-1.991190e-18,-8.919421e-32,0.000000e+00,0.000000e+00,0.000000e+00,0.000000e+00,0.000000e+00,0.000000e+00,0.000000e+00,0.000000e+00,1.479857e-18,1.539459e-18,-1.079423e-23,-1.536972e-29,-1.548481e-25,1.289996e-22,7.390869e-25,-8.919421e-32
5764.4642,200.00,275.0000,1.824269e+04,5.208754e-02,C,2.269925e-03,1.035826e+00,0.2267%,4.906910e-01,5.000832e-01,1.357058e-04,2.909076e-12,1.420627e-07,1.550501e-04,1.533892e-05,0.000000e+00,0.000000e+00,1.550633e-17,0.000000e+00,0.000000e+00,0.000000e+00,0.000000e+00,0.000000e+00,0.000000e+00,2.933811e-17,2.204185e-29,1.602865e-17,-1.661899e-29,1.571442e-20,1.188365e-17,1.993025e-18,-6.682315e-42,-2.786149e-17,-1.397093e-17,-1.602866e-17,-5.341969e-31,-1.571467e-20,-1.188353e-17,-1.993025e-18,-8.927139e-32,0.000000e+00,0.000000e+00,0.000000e+00,0.000000e+00,0.000000e+00,0.000000e+00,0.000000e+00,0.000000e+00,1.476618e-18,1.535398e-18,-1.079149e-23,-1.715319e-29,-2.486123e-25,1.251669e-22,-5.524886e-25,-8.927139e-32
