t_Myr,dt_kyr,T,P_CO2,rel_change,slowest,Da,A_reactive,supply_efficiency,Y_Alkalinity,Y_C,Y_Si,Y_Al,Y_Fe,Y_Ca,Y_Mg,Y_Na,F_out_Alkalinity,F_out_C,F_out_Si,F_out_Al,F_out_Fe,F_out_Ca,F_out_Mg,F_out_Na,F_diss_Alkalinity,F_diss_C,F_diss_Si,F_diss_Al,F_diss_Fe,F_diss_Ca,F_diss_Mg,F_diss_Na,F_prec_Alkalinity,F_prec_C,F_prec_Si,F_prec_Al,F_prec_Fe,F_prec_Ca,F_prec_Mg,F_prec_Na,F_cont_Alkalinity,F_cont_C,F_cont_Si,F_cont_Al,F_cont_Fe,F_cont_Ca,F_cont_Mg,F_cont_Na,F_net_Alkalinity,F_net_C,F_net_Si,F_net_Al,F_net_Fe,F_net_Ca,F_net_Mg,F_net_Na
2.0200,20.00,275.0000,1.636553e+00,9.999970e-01,Mg,2.810834e-03,1.035826e+00,0.2807%,8.805596e-04,8.182311e-04,4.443245e-05,3.023971e-18,4.765464e-11,2.165975e-04,2.583903e-06,0.000000e+00,0.000000e+00,1.550633e-17,0.000000e+00,0.000000e+00,0.000000e+00,0.000000e+00,0.000000e+00,0.000000e+00,2.262878e-17,7.521207e-27,9.122487e-18,7.424734e-32,6.482679e-23,6.790114e-18,4.974220e-20,5.137030e-40,-1.412145e-17,-7.060705e-18,-9.136371e-18,-1.451795e-32,-6.449603e-23,-7.060688e-18,-7.411257e-26,-1.451792e-32,0.000000e+00,0.000000e+00,0.000000e+00,0.000000e+00,0.000000e+00,0.000000e+00,0.000000e+00,0.000000e+00,8.507323e-18,8.445624e-18,-1.388386e-20,5.972939e-32,3.307594e-25,-2.705732e-19,4.974212e-20,-1.451792e-32
4.4200,24.00,275.0000,2.880508e+00,7.601070e-01,P_CO2,2.709778e-03,1.035826e+00,0.2706%,1.467915e-03,1.375904e-03,4.587987e-05,8.456712e-18,6.529031e-11,1.409729e-04,4.635951e-06,0.000000e+00,0.000000e+00,1.550633e-17,0.000000e+00,0.000000e+00,0.000000e+00,0.000000e+00,0.000000e+00,0.000000e+00,2.460355e-17,4.645758e-27,9.870281e-18,9.112686e-32,7.794483e-23,7.313058e-18,5.330671e-20,5.295735e-40,-1.691195e-17,-8.455953e-18,-9.855732e-18,-1.410329e-32,-7.792825e-23,-8.365641e-18,-9.027709e-20,-1.410708e-32,0.000000e+00,0.000000e+00,0.000000e+00,0.000000e+00,0.000000e+00,0.000000e+00,0.000000e+00,0.000000e+00,7.691599e-18,7.050376e-18,1.454966e-20,7.702357e-32,1.658308e-26,-1.052584e-18,-3.697038e-20,-1.410708e-32
7.3000,28.80,275.0000,3.180649e+00,3.263475e-01,C,2.709159e-03,1.035826e+00,0.2705%,2.216992e-03,2.048430e-03,4.854092e-05,1.546658e-17,7.469172e-11,8.087263e-05,2.498080e-06,0.000000e+00,0.000000e+00,1.550633e-17,0.000000e+00,0.000000e+00,0.000000e+00,0.000000e+00,0.000000e+00,0.000000e+00,2.431272e-17,1.625656e-26,9.978486e-18,8.889282e-32,7.716352e-23,7.425255e-18,6.197116e-20,2.697150e-39,-1.575137e-17,-7.875672e-18,-9.964858e-18,-1.427231e-32,-7.715931e-23,-7.800454e-18,-7.516141e-20,-1.427318e-32,0.000000e+00,0.000000e+00,0.000000e+00,0.000000e+00,0.000000e+00,0.000000e+00,0.000000e+00,0.000000e+00,8.561350e-18,7.630657e-18,1.362792e-20,7.462051e-32,4.208521e-27,-3.751996e-19,-1.319025e-20,-1.427318e-32
10.7560,34.56,275.0000,3.764752e+00,3.331323e-01,C,2.694862e-03,1.035826e+00,0.2691%,3.164256e-03,2.893447e-03,5.129583e-05,2.365353e-17,8.928934e-11,5.804259e-05,1.662770e-06,0.000000e+00,0.000000e+00,1.550633e-17,0.000000e+00,0.000000e+00,0.000000e+00,0.000000e+00,0.000000e+00,0.000000e+00,2.417518e-17,1.668465e-27,1.016645e-17,8.900806e-32,7.891813e-23,7.554415e-18,6.780082e-20,3.215864e-40,-1.551334e-17,-7.756671e-18,-1.015874e-17,-1.507719e-32,-7.888814e-23,-7.684219e-18,-7.236718e-20,-1.507684e-32,0.000000e+00,0.000000e+00,0.000000e+00,0.000000e+00,0.000000e+00,0.000000e+00,0.000000e+00,0.000000e+00,8.661841e-18,7.749658e-18,7.704989e-21,7.393086e-32,2.998808e-26,-1.298041e-19,-4.566358e-21,-1.507684e-32
14.2120,34.56,275.0000,4.538709e+00,3.292133e-01,C,2.673451e-03,1.035826e+00,0.2670%,4.104076e-03,3.736560e-03,5.194506e-05,3.230629e-17,9.329912e-11,4.820157e-05,1.316653e-06,0.000000e+00,0.000000e+00,1.550633e-17,0.000000e+00,0.000000e+00,0.000000e+00,0.000000e+00,0.000000e+00,0.000000e+00,2.418850e-17,-5.022557e-32,1.038062e-17,9.131244e-32,8.247092e-23,7.687287e-18,7.299572e-20,1.670579e-42,-1.565050e-17,-7.825260e-18,-1.037611e-17,-1.558996e-32,-8.242998e-23,-7.749945e-18,-7.519984e-20,-1.559221e-32,0.000000e+00,0.000000e+00,0.000000e+00,0.000000e+00,0.000000e+00,0.000000e+00,0.000000e+00,0.000000e+00,8.538005e-18,7.681069e-18,4.514729e-21,7.572248e-32,4.094694e-26,-6.265848e-20,-2.204119e-21,-1.559221e-32
18.3592,41.47,275.0000,5.602831e+00,3.225945e-01,C,2.647515e-03,1.035826e+00,0.2644%,5.213192e-03,4.737392e-03,5.453368e-05,4.295888e-17,1.167222e-10,4.389990e-05,1.125759e-06,0.000000e+00,0.000000e+00,1.550633e-17,0.000000e+00,0.000000e+00,0.000000e+00,0.000000e+00,0.000000e+00,0.000000e+00,2.422777e-17,1.021445e-28,1.061682e-17,9.501662e-32,8.743180e-23,7.829469e-18,7.876159e-20,2.046459e-41,-1.588399e-17,-7.942020e-18,-1.061400e-17,-1.589568e-32,-8.737466e-23,-7.861974e-18,-7.989670e-20,-1.589496e-32,0.000000e+00,0.000000e+00,0.000000e+00,0.000000e+00,0.000000e+00,0.000000e+00,0.000000e+00,0.000000e+00,8.343779e-18,7.564309e-18,2.816286e-21,7.912094e-32,5.714089e-26,-3.250563e-20,-1.135117e-21,-1.589496e-32
23.3358,49.77,275.0000,7.043809e+00,3.147414e-01,C,2.618335e-03,1.035826e+00,0.2615%,6.510477e-03,5.918002e-03,5.757130e-05,5.581204e-17,1.491569e-10,4.216293e-05,1.017124e-06,0.000000e+00,0.000000e+00,1.550633e-17,0.000000e+00,0.000000e+00,0.000000e+00,0.000000e+00,0.000000e+00,0.000000e+00,2.427678e-17,1.937272e-31,1.086765e-17,1.002189e-31,9.400200e-23,7.978545e-18,8.542593e-20,3.758802e-42,-1.616409e-17,-8.082081e-18,-1.086575e-17,-1.596322e-32,-9.392436e-23,-7.995876e-18,-8.601714e-20,-1.596233e-32,0.000000e+00,0.000000e+00,0.000000e+00,0.000000e+00,0.000000e+00,0.000000e+00,0.000000e+00,0.000000e+00,8.112697e-18,7.424249e-18,1.903644e-21,8.425565e-32,7.763969e-26,-1.733103e-20,-5.912168e-22,-1.596233e-32
29.3078,59.72,275.0000,8.995998e+00,3.062709e-01,C,2.586584e-03,1.035826e+00,0.2583%,8.021413e-03,7.307037e-03,6.122239e-05,7.301362e-17,1.943014e-10,4.225757e-05,9.646883e-07,0.000000e+00,0.000000e+00,1.550633e-17,0.000000e+00,0.000000e+00,0.000000e+00,0.000000e+00,0.000000e+00,0.000000e+00,2.432895e-17,3.874544e-31,1.112673e-17,1.072103e-31,1.025396e-22,8.132020e-18,9.325760e-20,2.505868e-42,-1.646997e-17,-8.235039e-18,-1.112551e-17,-1.579377e-32,-1.024498e-22,-8.141255e-18,-9.355475e-20,-1.579262e-32,0.000000e+00,0.000000e+00,0.000000e+00,0.000000e+00,0.000000e+00,0.000000e+00,0.000000e+00,0.000000e+00,7.858975e-18,7.271290e-18,1.219327e-21,9.141655e-32,8.983187e-26,-9.234943e-21,-2.971541e-22,-1.579262e-32
36.4742,71.66,275.0000,1.166083e+01,2.974719e-01,C,2.552635e-03,1.035826e+00,0.2549%,9.775876e-03,8.938366e-03,6.566799e-05,9.514142e-17,2.578597e-10,4.385697e-05,9.573550e-07,0.000000e+00,0.000000e+00,1.550633e-17,0.000000e+00,0.000000e+00,0.000000e+00,0.000000e+00,0.000000e+00,0.000000e+00,2.438648e-17,7.318583e-31,1.138960e-17,1.165273e-31,1.136393e-22,8.288416e-18,1.025878e-19,-8.352894e-42,-1.679195e-17,-8.396045e-18,-1.138873e-17,-1.539633e-32,-1.135251e-22,-8.293060e-18,-1.027122e-19,-1.539487e-32,0.000000e+00,0.000000e+00,0.000000e+00,0.000000e+00,0.000000e+00,0.000000e+00,0.000000e+00,0.000000e+00,7.594524e-18,7.110284e-18,8.621367e-22,1.011309e-31,1.142005e-25,-4.643650e-21,-1.243732e-22,-1.539487e-32
45.0738,86.00,275.0000,1.533090e+01,3.147350e-01,P_CO2,2.516963e-03,1.035826e+00,0.2514%,1.180903e-02,1.085159e-02,7.111615e-05,1.244031e-16,3.485029e-10,4.684172e-05,9.922978e-07,0.000000e+00,0.000000e+00,1.550633e-17,0.000000e+00,0.000000e+00,0.000000e+00,0.000000e+00,0.000000e+00,0.000000e+00,2.445250e-17,7.749088e-31,1.165182e-17,1.288997e-31,1.281063e-22,8.446252e-18,1.137870e-19,4.176447e-43,-1.712380e-17,-8.561982e-18,-1.165067e-17,-1.479434e-32,-1.279284e-22,-8.447888e-18,-1.137753e-19,-1.479251e-32,0.000000e+00,0.000000e+00,0.000000e+00,0.000000e+00,0.000000e+00,0.000000e+00,0.000000e+00,0.000000e+00,7.328699e-18,6.944347e-18,1.149600e-21,1.141053e-31,1.779388e-25,-1.635885e-21,1.171648e-23,-1.479251e-32
53.6734,86.00,275.0000,1.952178e+01,2.807505e-01,C,2.486019e-03,1.035826e+00,0.2483%,1.376900e-02,1.271817e-02,7.133323e-05,1.580871e-16,3.915681e-10,4.654959e-05,1.000069e-06,0.000000e+00,0.000000e+00,1.550633e-17,0.000000e+00,0.000000e+00,0.000000e+00,0.000000e+00,0.000000e+00,0.000000e+00,2.452136e-17,7.318583e-31,1.187409e-17,1.424522e-31,1.439501e-22,8.582093e-18,1.252083e-19,5.847026e-42,-1.741604e-17,-8.708112e-18,-1.187341e-17,-1.416256e-32,-1.437751e-22,-8.582599e-18,-1.251548e-19,-1.416033e-32,0.000000e+00,0.000000e+00,0.000000e+00,0.000000e+00,0.000000e+00,0.000000e+00,0.000000e+00,0.000000e+00,7.105321e-18,6.798217e-18,6.858065e-22,1.282896e-31,1.750022e-25,-5.053199e-22,5.350711e-23,-1.416033e-32
63.9930,103.20,275.0000,2.523738e+01,2.927807e-01,P_CO2,2.453902e-03,1.035826e+00,0.2451%,1.605678e-02,1.491552e-02,7.805744e-05,2.029064e-16,5.354796e-10,5.128121e-05,1.099033e-06,0.000000e+00,0.000000e+00,1.550633e-17,0.000000e+00,0.000000e+00,0.000000e+00,0.000000e+00,0.000000e+00,0.000000e+00,2.459447e-17,2.296026e-31,1.209091e-17,1.600406e-31,1.641041e-22,8.717797e-18,1.387058e-19,-2.505868e-42,-1.771244e-17,-8.856324e-18,-1.209021e-17,-1.342633e-32,-1.639082e-22,-8.717324e-18,-1.386021e-19,-1.342361e-32,0.000000e+00,0.000000e+00,0.000000e+00,0.000000e+00,0.000000e+00,0.000000e+00,0.000000e+00,0.000000e+00,6.882025e-18,6.650005e-18,6.957880e-22,1.466143e-31,1.959499e-25,4.733156e-22,1.036640e-22,-1.342361e-32
74.3126,103.20,275.0000,3.172109e+01,2.660824e-01,C,2.426242e-03,1.035826e+00,0.2423%,1.826990e-02,1.706182e-02,7.828837e-05,2.540320e-16,6.074460e-10,5.152961e-05,1.139378e-06,0.000000e+00,0.000000e+00,1.550633e-17,0.000000e+00,0.000000e+00,0.000000e+00,0.000000e+00,0.000000e+00,0.000000e+00,2.467460e-17,2.296026e-31,1.227669e-17,1.791670e-31,1.861730e-22,8.836663e-18,1.525633e-19,2.505868e-42,-1.797707e-17,-8.988646e-18,-1.227613e-17,-1.275813e-32,-1.859600e-22,-8.835775e-18,-1.524374e-19,-1.275490e-32,0.000000e+00,0.000000e+00,0.000000e+00,0.000000e+00,0.000000e+00,0.000000e+00,0.000000e+00,0.000000e+00,6.697522e-18,6.517683e-18,5.600951e-22,1.664088e-31,2.130503e-25,8.879797e-22,1.258269e-22,-1.275490e-32
86.6960,123.83,275.0000,4.048292e+01,2.762145e-01,P_CO2,2.397886e-03,1.035826e+00,0.2395%,2.086375e-02,1.959176e-02,8.660757e-05,3.240174e-16,8.378076e-10,5.781520e-05,1.304579e-06,0.000000e+00,0.000000e+00,1.550633e-17,0.000000e+00,0.000000e+00,0.000000e+00,0.000000e+00,0.000000e+00,0.000000e+00,2.476039e-17,2.870033e-31,1.245756e-17,2.037103e-31,2.140144e-22,8.956268e-18,1.688380e-19,6.264671e-42,-1.824772e-17,-9.123974e-18,-1.245677e-17,-1.206480e-32,-2.137240e-22,-8.954843e-18,-1.686609e-19,-1.206090e-32,0.000000e+00,0.000000e+00,0.000000e+00,0.000000e+00,0.000000e+00,0.000000e+00,0.000000e+00,0.000000e+00,6.512668e-18,6.382355e-18,7.893627e-22,1.916455e-31,2.903694e-25,1.425536e-21,1.771413e-22,-1.206090e-32
99.0795,123.83,275.0000,5.033233e+01,2.528916e-01,C,2.373825e-03,1.035826e+00,0.2371%,2.338076e-02,2.206458e-02,8.689109e-05,4.042733e-16,9.563113e-10,5.839422e-05,1.375663e-06,0.000000e+00,0.000000e+00,1.550633e-17,0.000000e+00,0.000000e+00,0.000000e+00,0.000000e+00,0.000000e+00,0.000000e+00,2.485003e-17,1.607218e-30,1.261400e-17,2.299965e-31,2.442920e-22,9.062249e-18,1.854994e-19,3.341158e-42,-1.849284e-17,-9.246538e-18,-1.261332e-17,-1.149645e-32,-2.439766e-22,-9.060720e-18,-1.853127e-19,-1.149182e-32,0.000000e+00,0.000000e+00,0.000000e+00,0.000000e+00,0.000000e+00,0.000000e+00,0.000000e+00,0.000000e+00,6.357185e-18,6.259791e-18,6.764241e-22,2.185000e-31,3.154558e-25,1.528653e-21,1.866481e-22,-1.149182e-32
113.9397,148.60,275.0000,6.349994e+01,2.616132e-01,P_CO2,2.349477e-03,1.035826e+00,0.2347%,2.634045e-02,2.498189e-02,9.714207e-05,5.147114e-16,1.325073e-09,6.632149e-05,1.623556e-06,0.000000e+00,0.000000e+00,1.550633e-17,0.000000e+00,0.000000e+00,0.000000e+00,0.000000e+00,0.000000e+00,0.000000e+00,2.494504e-17,2.106604e-29,1.276635e-17,2.633404e-31,2.820869e-22,9.169568e-18,2.048619e-19,5.011737e-42,-1.874557e-17,-9.372904e-18,-1.276547e-17,-1.097162e-32,-2.816657e-22,-9.167735e-18,-2.046248e-19,-1.096601e-32,0.000000e+00,0.000000e+00,0.000000e+00,0.000000e+00,0.000000e+00,0.000000e+00,0.000000e+00,0.000000e+00,6.199463e-18,6.133425e-18,8.820173e-22,2.523688e-31,4.211718e-25,1.832861e-21,2.371628e-22,-1.096601e-32
128.7998,148.60,275.0000,7.815207e+01,2.407295e-01,C,2.329080e-03,1.035826e+00,0.2326%,2.921877e-02,2.783395e-02,9.749640e-05,6.416264e-16,1.517278e-09,6.714575e-05,1.729691e-06,0.000000e+00,0.000000e+00,1.550633e-17,0.000000e+00,0.000000e+00,0.000000e+00,0.000000e+00,0.000000e+00,0.000000e+00,2.504193e-17,2.744899e-28,1.290006e-17,2.986515e-31,3.229963e-22,9.265848e-18,2.246414e-19,2.213517e-41,-1.897813e-17,-9.489174e-18,-1.289943e-17,-1.059783e-32,-3.226095e-22,-9.264177e-18,-2.244303e-19,-1.059086e-32,0.000000e+00,0.000000e+00,0.000000e+00,0.000000e+00,0.000000e+00,0.000000e+00,0.000000e+00,0.000000e+00,6.063802e-18,6.017155e-18,6.257547e-22,2.880537e-31,3.867292e-25,1.670586e-21,2.111053e-22,-1.059086e-32
146.6320,178.32,275.0000,9.752701e+01,2.479133e-01,P_CO2,2.308731e-03,1.035826e+00,0.2306%,3.261072e-02,3.120017e-02,1.100698e-04,8.162882e-16,2.104715e-09,7.693739e-05,2.087488e-06,0.000000e+00,0.000000e+00,1.550633e-17,0.000000e+00,0.000000e+00,0.000000e+00,0.000000e+00,0.000000e+00,0.000000e+00,2.514243e-17,3.675192e-27,1.303051e-17,3.428685e-31,3.733605e-22,9.363794e-18,2.473018e-19,3.178276e-40,-1.921896e-17,-9.609599e-18,-1.302970e-17,-1.033683e-32,-3.728318e-22,-9.361919e-18,-2.470381e-19,-1.032841e-32,0.000000e+00,0.000000e+00,0.000000e+00,0.000000e+00,0.000000e+00,0.000000e+00,0.000000e+00,0.000000e+00,5.923471e-18,5.896730e-18,8.108933e-22,3.325317e-31,5.286561e-25,1.874530e-21,2.637639e-22,-1.032841e-32
164.4642,178.32,275.0000,1.188675e+02,2.292852e-01,C,2.291874e-03,1.035826e+00,0.2289%,3.591322e-02,3.449044e-02,1.105058e-04,1.016859e-15,2.411318e-09,7.797050e-05,2.236780e-06,0.000000e+00,0.000000e+00,1.550633e-17,0.000000e+00,0.000000e+00,0.000000e+00,0.000000e+00,0.000000e+00,0.000000e+00,2.524420e-17,2.993932e-26,1.314715e-17,3.892890e-31,4.277199e-22,9.452772e-18,2.704352e-19,2.282428e-39,-1.944350e-17,-9.721875e-18,-1.314644e-17,-1.023629e-32,-4.271805e-22,-9.450996e-18,-2.701762e-19,-1.022590e-32,0.000000e+00,0.000000e+00,0.000000e+00,0.000000e+00,0.000000e+00,0.000000e+00,0.000000e+00,0.000000e+00,5.800694e-18,5.784454e-18,7.085818e-22,3.790527e-31,5.393778e-25,1.776127e-21,2.589656e-22,-1.022590e-32
184.4642,200.00,275.0000,1.448799e+02,2.238945e-01,C,2.276268e-03,1.035826e+00,0.2274%,3.955131e-02,3.811802e-02,1.199941e-04,1.273241e-15,3.098620e-09,8.563308e-05,2.601516e-06,0.000000e+00,0.000000e+00,1.550633e-17,0.000000e+00,0.000000e+00,0.000000e+00,0.000000e+00,0.000000e+00,0.000000e+00,2.534417e-17,2.024394e-25,1.325634e-17,4.430595e-31,4.900074e-22,9.539075e-18,2.952176e-19,1.381652e-38,-1.966572e-17,-9.832994e-18,-1.325560e-17,-1.029247e-32,-4.893753e-22,-9.537277e-18,-2.949358e-19,-1.027940e-32,0.000000e+00,0.000000e+00,0.000000e+00,0.000000e+00,0.000000e+00,0.000000e+00,0.000000e+00,0.000000e+00,5.678448e-18,5.673336e-18,7.387292e-22,4.327670e-31,6.320603e-25,1.798643e-21,2.817293e-22,-1.027939e-32
204.4642,200.00,275.0000,1.730968e+02,2.189015e-01,C,2.263346e-03,1.035826e+00,0.2261%,4.310456e-02,4.166993e-02,1.204484e-04,1.564408e-15,3.517723e-09,8.674821e-05,2.781331e-06,0.000000e+00,0.000000e+00,1.550633e-17,0.000000e+00,0.000000e+00,0.000000e+00,0.000000e+00,0.000000e+00,0.000000e+00,2.544237e-17,9.792632e-25,1.335481e-17,4.988277e-31,5.561946e-22,9.617845e-18,3.201874e-19,6.081951e-38,-1.987330e-17,-9.936793e-18,-1.335404e-17,-1.049067e-32,-5.554338e-22,-9.616045e-18,-3.198780e-19,-1.047431e-32,0.000000e+00,0.000000e+00,0.000000e+00,0.000000e+00,0.000000e+00,0.000000e+00,0.000000e+00,0.000000e+00,5.569067e-18,5.569537e-18,7.710495e-22,4.883370e-31,7.607901e-25,1.800143e-21,3.094314e-22,-1.047425e-32
224.4642,200.00,275.0000,2.032828e+02,2.143469e-01,C,2.252592e-03,1.035826e+00,0.2250%,4.659126e-02,4.515899e-02,1.208572e-04,1.891070e-15,3.950103e-09,8.780565e-05,2.957229e-06,0.000000e+00,0.000000e+00,1.550633e-17,0.000000e+00,0.000000e+00,0.000000e+00,0.000000e+00,0.000000e+00,0.000000e+00,2.553200e-17,-1.148013e-31,1.344169e-17,5.558960e-31,6.244423e-22,9.688641e-18,3.445763e-19,-3.758802e-42,-2.006412e-17,-1.003222e-17,-1.344103e-17,-1.080775e-32,-6.236971e-22,-9.686963e-18,-3.442848e-19,-1.078737e-32,0.000000e+00,0.000000e+00,0.000000e+00,0.000000e+00,0.000000e+00,0.000000e+00,0.000000e+00,0.000000e+00,5.467885e-18,5.474110e-18,6.632672e-22,5.450883e-31,7.451314e-25,1.677988e-21,2.915205e-22,-1.078737e-32
244.4642,200.00,275.0000,2.353589e+02,2.101541e-01,C,2.243547e-03,1.035826e+00,0.2241%,5.001671e-02,4.859004e-02,1.212299e-04,2.253977e-15,4.394986e-09,8.881497e-05,3.129442e-06,0.000000e+00,0.000000e+00,1.550633e-17,0.000000e+00,0.000000e+00,0.000000e+00,0.000000e+00,0.000000e+00,0.000000e+00,2.561548e-17,2.296026e-31,1.351949e-17,6.141757e-31,6.946086e-22,9.753014e-18,3.684223e-19,-2.088224e-42,-2.024105e-17,-1.012070e-17,-1.351893e-17,-1.122377e-32,-6.939107e-22,-9.751462e-18,-3.681567e-19,-1.119857e-32,0.000000e+00,0.000000e+00,0.000000e+00,0.000000e+00,0.000000e+00,0.000000e+00,0.000000e+00,0.000000e+00,5.374430e-18,5.385625e-18,5.535083e-22,6.029519e-31,6.979016e-25,1.551802e-21,2.655996e-22,-1.119857e-32
264.4642,200.00,275.0000,2.692194e+02,2.062684e-01,C,2.235871e-03,1.035826e+00,0.2233%,5.338555e-02,5.196710e-02,1.215736e-04,2.653807e-15,4.851673e-09,8.978116e-05,3.298126e-06,0.000000e+00,0.000000e+00,1.550633e-17,0.000000e+00,0.000000e+00,0.000000e+00,0.000000e+00,0.000000e+00,0.000000e+00,2.569444e-17,1.377616e-30,1.359001e-17,6.736068e-31,7.665858e-22,9.812112e-18,3.917631e-19,3.758802e-42,-2.040609e-17,-1.020325e-17,-1.358943e-17,-1.172201e-32,-7.657808e-22,-9.810563e-18,-3.914784e-19,-1.169105e-32,0.000000e+00,0.000000e+00,0.000000e+00,0.000000e+00,0.000000e+00,0.000000e+00,0.000000e+00,0.000000e+00,5.288349e-18,5.303076e-18,5.763191e-22,6.618848e-31,8.049652e-25,1.549096e-21,2.847214e-22,-1.169105e-32
284.4642,200.00,275.0000,3.047715e+02,2.026408e-01,C,2.229324e-03,1.035826e+00,0.2227%,5.670157e-02,5.529361e-02,1.218927e-04,3.091140e-15,5.318636e-09,9.070818e-05,3.463185e-06,0.000000e+00,0.000000e+00,1.550633e-17,0.000000e+00,0.000000e+00,0.000000e+00,0.000000e+00,0.000000e+00,0.000000e+00,2.576911e-17,5.453062e-30,1.365448e-17,7.340030e-31,8.401175e-22,9.866708e-18,4.145885e-19,-2.088224e-42,-2.056113e-17,-1.028080e-17,-1.365389e-17,-1.228890e-32,-8.392106e-22,-9.865166e-18,-4.142865e-19,-1.225118e-32,0.000000e+00,0.000000e+00,0.000000e+00,0.000000e+00,0.000000e+00,0.000000e+00,0.000000e+00,0.000000e+00,5.207978e-18,5.225526e-18,5.969509e-22,7.217141e-31,9.069225e-25,1.542417e-21,3.020198e-22,-1.225118e-32
304.4642,200.00,275.0000,3.419134e+02,1.992364e-01,C,2.223725e-03,1.035826e+00,0.2221%,5.996811e-02,5.857252e-02,1.221900e-04,3.566496e-15,5.793544e-09,9.159805e-05,3.624293e-06,0.000000e+00,0.000000e+00,1.550633e-17,0.000000e+00,0.000000e+00,0.000000e+00,0.000000e+00,0.000000e+00,0.000000e+00,2.583881e-17,2.709311e-29,1.371376e-17,7.950688e-31,9.148151e-22,9.917323e-18,4.368544e-19,4.594092e-42,-2.070747e-17,-1.035401e-17,-1.371328e-17,-1.291247e-32,-9.140205e-22,-9.915916e-18,-4.365920e-19,-1.286693e-32,0.000000e+00,0.000000e+00,0.000000e+00,0.000000e+00,0.000000e+00,0.000000e+00,0.000000e+00,0.000000e+00,5.131348e-18,5.152320e-18,4.806961e-22,7.821563e-31,7.945588e-25,1.407195e-21,2.624368e-22,-1.286693e-32
324.4642,200.00,275.0000,3.805670e+02,1.960262e-01,C,2.218901e-03,1.035826e+00,0.2216%,6.318796e-02,6.180645e-02,1.224694e-04,4.080318e-15,6.276805e-09,9.245510e-05,3.781898e-06,0.000000e+00,0.000000e+00,1.550633e-17,0.000000e+00,0.000000e+00,0.000000e+00,0.000000e+00,0.000000e+00,0.000000e+00,2.590533e-17,1.003363e-28,1.376876e-17,8.568958e-31,9.907362e-22,9.964608e-18,4.586306e-19,1.252934e-42,-2.084620e-17,-1.042342e-17,-1.376840e-17,-1.358314e-32,-9.900883e-22,-9.963343e-18,-4.584137e-19,-1.352868e-32,0.000000e+00,0.000000e+00,0.000000e+00,0.000000e+00,0.000000e+00,0.000000e+00,0.000000e+00,0.000000e+00,5.059128e-18,5.082909e-18,3.620708e-22,8.433126e-31,6.479555e-25,1.265668e-21,2.168867e-22,-1.352868e-32
344.4642,200.00,275.0000,4.206529e+02,1.929971e-01,C,2.214731e-03,1.035826e+00,0.2212%,6.636361e-02,6.499769e-02,1.227332e-04,4.633001e-15,6.767629e-09,9.328192e-05,3.936080e-06,0.000000e+00,0.000000e+00,1.550633e-17,0.000000e+00,0.000000e+00,0.000000e+00,0.000000e+00,0.000000e+00,0.000000e+00,2.596896e-17,3.305130e-28,1.382007e-17,9.193984e-31,1.067746e-21,1.000898e-17,4.799298e-19,9.605828e-42,-2.097778e-17,-1.048926e-17,-1.381970e-17,-1.429230e-32,-1.067017e-21,-1.000772e-17,-4.797013e-19,-1.422780e-32,0.000000e+00,0.000000e+00,0.000000e+00,0.000000e+00,0.000000e+00,0.000000e+00,0.000000e+00,0.000000e+00,4.991181e-18,5.017073e-18,3.771169e-22,9.051061e-31,7.294390e-25,1.257160e-21,2.284973e-22,-1.422780e-32
364.4642,200.00,275.0000,4.621009e+02,1.901250e-01,C,2.211122e-03,1.035826e+00,0.2209%,6.949725e-02,6.814831e-02,1.229829e-04,5.224891e-15,7.264623e-09,9.408068e-05,4.086782e-06,0.000000e+00,0.000000e+00,1.550633e-17,0.000000e+00,0.000000e+00,0.000000e+00,0.000000e+00,0.000000e+00,0.000000e+00,2.602953e-17,9.686934e-28,1.386813e-17,9.824226e-31,1.145617e-21,1.005072e-17,5.007414e-19,2.380575e-41,-2.110314e-17,-1.055199e-17,-1.386774e-17,-1.503313e-32,-1.144812e-21,-1.004947e-17,-5.005028e-19,-1.495747e-32,0.000000e+00,0.000000e+00,0.000000e+00,0.000000e+00,0.000000e+00,0.000000e+00,0.000000e+00,0.000000e+00,4.926382e-18,4.954339e-18,3.907401e-22,9.673894e-31,8.058798e-25,1.249950e-21,2.385588e-22,-1.495747e-32
384.4642,200.00,275.0000,5.048226e+02,1.873931e-01,C,2.207989e-03,1.035826e+00,0.2206%,7.259090e-02,7.126013e-02,1.232201e-04,5.856316e-15,7.767349e-09,9.485270e-05,4.234116e-06,0.000000e+00,0.000000e+00,1.550633e-17,0.000000e+00,0.000000e+00,0.000000e+00,0.000000e+00,0.000000e+00,0.000000e+00,2.608744e-17,2.582226e-27,1.391336e-17,1.045933e-30,1.224263e-21,1.009014e-17,5.210866e-19,4.051154e-41,-2.122294e-17,-1.061195e-17,-1.391295e-17,-1.579893e-32,-1.223380e-21,-1.008890e-17,-5.208370e-19,-1.571095e-32,0.000000e+00,0.000000e+00,0.000000e+00,0.000000e+00,0.000000e+00,0.000000e+00,0.000000e+00,0.000000e+00,4.864499e-18,4.894384e-18,4.035900e-22,1.030134e-30,8.831602e-25,1.243122e-21,2.495264e-22,-1.571095e-32
404.4642,200.00,275.0000,5.487730e+02,1.847825e-01,C,2.205261e-03,1.035826e+00,0.2203%,7.564627e-02,7.433483e-02,1.234467e-04,6.527539e-15,8.276341e-09,9.560120e-05,4.378448e-06,0.000000e+00,0.000000e+00,1.550633e-17,0.000000e+00,0.000000e+00,0.000000e+00,0.000000e+00,0.000000e+00,0.000000e+00,2.614364e-17,6.334851e-27,1.395614e-17,1.110017e-30,1.303752e-21,1.012755e-17,5.410163e-19,9.856415e-41,-2.133792e-17,-1.066950e-17,-1.395573e-17,-1.658559e-32,-1.302789e-21,-1.012632e-17,-5.407576e-19,-1.648406e-32,0.000000e+00,0.000000e+00,0.000000e+00,0.000000e+00,0.000000e+00,0.000000e+00,0.000000e+00,0.000000e+00,4.805723e-18,4.836834e-18,4.157439e-22,1.093432e-30,9.624210e-25,1.230010e-21,2.587048e-22,-1.648406e-32
424.4642,200.00,275.0000,5.938898e+02,1.822807e-01,C,2.202893e-03,1.035826e+00,0.2200%,7.866496e-02,7.737395e-02,1.236626e-04,7.238810e-15,8.788916e-09,9.632682e-05,4.519407e-06,0.000000e+00,0.000000e+00,1.550633e-17,0.000000e+00,0.000000e+00,0.000000e+00,0.000000e+00,0.000000e+00,0.000000e+00,2.619694e-17,1.445957e-26,1.399662e-17,1.174352e-30,1.383649e-21,1.016302e-17,5.604706e-19,2.150870e-40,-2.144853e-17,-1.072489e-17,-1.399634e-17,-1.740754e-32,-1.382961e-21,-1.016194e-17,-5.602750e-19,-1.728211e-32,0.000000e+00,0.000000e+00,0.000000e+00,0.000000e+00,0.000000e+00,0.000000e+00,0.000000e+00,0.000000e+00,4.748414e-18,4.781444e-18,2.865847e-22,1.156944e-30,6.880910e-25,1.080910e-21,1.956450e-22,-1.728211e-32
444.4642,200.00,275.0000,6.401100e+02,1.799010e-01,C,2.200836e-03,1.035826e+00,0.2198%,8.164845e-02,8.037886e-02,1.238691e-04,7.990363e-15,9.304969e-09,9.703091e-05,4.657160e-06,0.000000e+00,0.000000e+00,1.550633e-17,0.000000e+00,0.000000e+00,0.000000e+00,0.000000e+00,0.000000e+00,0.000000e+00,2.624772e-17,3.099142e-26,1.403504e-17,1.238925e-30,1.463920e-21,1.019674e-17,5.794754e-19,4.523092e-40,-2.155423e-17,-1.077779e-17,-1.403474e-17,-1.820481e-32,-1.463158e-21,-1.019566e-17,-5.792717e-19,-1.807168e-32,0.000000e+00,0.000000e+00,0.000000e+00,0.000000e+00,0.000000e+00,0.000000e+00,0.000000e+00,0.000000e+00,4.693483e-18,4.728540e-18,2.959891e-22,1.220721e-30,7.618513e-25,1.078388e-21,2.037446e-22,-1.807168e-32
464.4642,200.00,275.0000,6.873765e+02,1.776058e-01,C,2.199038e-03,1.035826e+00,0.2197%,8.459811e-02,8.335084e-02,1.240681e-04,8.782408e-15,9.827126e-09,9.771590e-05,4.792435e-06,0.000000e+00,0.000000e+00,1.550633e-17,0.000000e+00,0.000000e+00,0.000000e+00,0.000000e+00,0.000000e+00,0.000000e+00,2.629796e-17,6.285130e-26,1.407180e-17,1.304117e-30,1.544984e-21,1.022906e-17,5.981447e-19,8.849891e-40,-2.165654e-17,-1.082902e-17,-1.407149e-17,-1.903135e-32,-1.544170e-21,-1.022799e-17,-5.979348e-19,-1.887944e-32,0.000000e+00,0.000000e+00,0.000000e+00,0.000000e+00,0.000000e+00,0.000000e+00,0.000000e+00,0.000000e+00,4.641423e-18,4.677311e-18,3.051715e-22,1.285086e-30,8.138309e-25,1.063821e-21,2.098907e-22,-1.887943e-32
484.4642,200.00,275.0000,7.356582e+02,1.754006e-01,C,2.197480e-03,1.035826e+00,0.2195%,8.751511e-02,8.629107e-02,1.242591e-04,9.615109e-15,1.035216e-08,9.838250e-05,4.924736e-06,0.000000e+00,0.000000e+00,1.550633e-17,0.000000e+00,0.000000e+00,0.000000e+00,0.000000e+00,0.000000e+00,0.000000e+00,2.634603e-17,1.213367e-25,1.410687e-17,1.369505e-30,1.626295e-21,1.025992e-17,6.163939e-19,1.647191e-39,-2.175514e-17,-1.087843e-17,-1.410655e-17,-1.988915e-32,-1.625418e-21,-1.025886e-17,-6.161780e-19,-1.970362e-32,0.000000e+00,0.000000e+00,0.000000e+00,0.000000e+00,0.000000e+00,0.000000e+00,0.000000e+00,0.000000e+00,4.590898e-18,4.627903e-18,3.136822e-22,1.349616e-30,8.776964e-25,1.053516e-21,2.159490e-22,-1.970361e-32
504.4642,200.00,275.0000,7.849027e+02,1.732850e-01,C,2.196132e-03,1.035826e+00,0.2194%,9.040058e-02,8.920064e-02,1.244426e-04,1.048863e-14,1.087894e-08,9.903139e-05,5.054030e-06,0.000000e+00,0.000000e+00,1.550633e-17,0.000000e+00,0.000000e+00,0.000000e+00,0.000000e+00,0.000000e+00,0.000000e+00,2.639177e-17,2.241857e-25,1.414036e-17,1.434977e-30,1.707684e-21,1.028940e-17,6.342173e-19,2.956507e-39,-2.185010e-17,-1.092600e-17,-1.414004e-17,-2.073889e-32,-1.706744e-21,-1.028835e-17,-6.339953e-19,-2.052355e-32,0.000000e+00,0.000000e+00,0.000000e+00,0.000000e+00,0.000000e+00,0.000000e+00,0.000000e+00,0.000000e+00,4.541665e-18,4.580327e-18,3.221019e-22,1.414238e-30,9.398883e-25,1.051047e-21,2.219852e-22,-2.052355e-32
524.4642,200.00,275.0000,8.350590e+02,1.712427e-01,C,2.194965e-03,1.035826e+00,0.2193%,9.325564e-02,9.208057e-02,1.246198e-04,1.140316e-14,1.140959e-08,9.966411e-05,5.180841e-06,0.000000e+00,0.000000e+00,1.550633e-17,0.000000e+00,0.000000e+00,0.000000e+00,0.000000e+00,0.000000e+00,0.000000e+00,2.643646e-17,3.983068e-25,1.417254e-17,1.500807e-30,1.789457e-21,1.031774e-17,6.516971e-19,5.083154e-39,-2.194210e-17,-1.097209e-17,-1.417221e-17,-2.158611e-32,-1.788447e-21,-1.031670e-17,-6.514679e-19,-2.134172e-32,0.000000e+00,0.000000e+00,0.000000e+00,0.000000e+00,0.000000e+00,0.000000e+00,0.000000e+00,0.000000e+00,4.494369e-18,4.534236e-18,3.292417e-22,1.479220e-30,1.010163e-24,1.042894e-21,2.291632e-22,-2.134171e-32
544.4642,200.00,275.0000,8.860862e+02,1.692675e-01,C,2.193958e-03,1.035826e+00,0.2192%,9.608127e-02,9.493183e-02,1.247913e-04,1.235883e-14,1.194410e-08,1.002817e-04,5.305293e-06,0.000000e+00,0.000000e+00,1.550633e-17,0.000000e+00,0.000000e+00,0.000000e+00,0.000000e+00,0.000000e+00,0.000000e+00,2.648030e-17,6.831704e-25,1.420352e-17,1.567008e-30,1.871607e-21,1.034504e-17,6.688510e-19,8.487793e-39,-2.203136e-17,-1.101682e-17,-1.420318e-17,-2.243376e-32,-1.870536e-21,-1.034401e-17,-6.686164e-19,-2.215846e-32,0.000000e+00,0.000000e+00,0.000000e+00,0.000000e+00,0.000000e+00,0.000000e+00,0.000000e+00,0.000000e+00,4.448939e-18,4.489507e-18,3.372213e-22,1.544574e-30,1.070914e-24,1.031872e-21,2.345394e-22,-2.215846e-32
564.4642,200.00,275.0000,9.379549e+02,1.673631e-01,C,2.193098e-03,1.035826e+00,0.2191%,9.887838e-02,9.775530e-02,1.249568e-04,1.335577e-14,1.247988e-08,1.008844e-04,5.427051e-06,0.000000e+00,0.000000e+00,1.550633e-17,0.000000e+00,0.000000e+00,0.000000e+00,0.000000e+00,0.000000e+00,0.000000e+00,2.652223e-17,1.134907e-24,1.423327e-17,1.633266e-30,1.953711e-21,1.037125e-17,6.856227e-19,1.373842e-38,-2.211770e-17,-1.106009e-17,-1.423293e-17,-2.328109e-32,-1.952572e-21,-1.037022e-17,-6.853827e-19,-2.297247e-32,0.000000e+00,0.000000e+00,0.000000e+00,0.000000e+00,0.000000e+00,0.000000e+00,0.000000e+00,0.000000e+00,4.404534e-18,4.446239e-18,3.435090e-22,1.609985e-30,1.139029e-24,1.024565e-21,2.399322e-22,-2.297246e-32
584.4642,200.00,275.0000,9.906143e+02,1.655129e-01,C,2.192366e-03,1.035826e+00,0.2190%,1.016479e-01,1.005518e-01,1.251168e-04,1.439414e-14,1.301724e-08,1.014730e-04,5.546287e-06,0.000000e+00,0.000000e+00,1.550633e-17,0.000000e+00,0.000000e+00,0.000000e+00,0.000000e+00,0.000000e+00,0.000000e+00,2.656264e-17,1.831554e-24,1.426192e-17,1.699640e-30,2.035805e-21,1.039648e-17,7.020396e-19,2.163191e-38,-2.220184e-17,-1.110227e-17,-1.426172e-17,-2.412714e-32,-2.035117e-21,-1.039561e-17,-7.018815e-19,-2.378261e-32,0.000000e+00,0.000000e+00,0.000000e+00,0.000000e+00,0.000000e+00,0.000000e+00,0.000000e+00,0.000000e+00,4.360805e-18,4.404065e-18,2.008209e-22,1.675512e-30,6.879644e-25,8.712295e-22,1.580643e-22,-2.378258e-32
604.4642,200.00,275.0000,1.044045e+03,1.637303e-01,C,2.191749e-03,1.035826e+00,0.2189%,1.043905e-01,1.033222e-01,1.252719e-04,1.547403e-14,1.355711e-08,1.020487e-04,5.663275e-06,0.000000e+00,0.000000e+00,1.550633e-17,0.000000e+00,0.000000e+00,0.000000e+00,0.000000e+00,0.000000e+00,0.000000e+00,2.660203e-17,2.879097e-24,1.428959e-17,1.766237e-30,2.118025e-21,1.042084e-17,7.181414e-19,3.321445e-38,-2.228314e-17,-1.114303e-17,-1.428938e-17,-2.497055e-32,-2.117289e-21,-1.041997e-17,-7.179784e-19,-2.458741e-32,0.000000e+00,0.000000e+00,0.000000e+00,0.000000e+00,0.000000e+00,0.000000e+00,0.000000e+00,0.000000e+00,4.318892e-18,4.363307e-18,2.061599e-22,1.741266e-30,7.362715e-25,8.658411e-22,1.630389e-22,-2.458738e-32
624.4642,200.00,275.0000,1.098213e+03,1.619974e-01,C,2.191234e-03,1.035826e+00,0.2189%,1.071071e-01,1.060671e-01,1.254229e-04,1.659557e-14,1.410059e-08,1.026125e-04,5.778294e-06,0.000000e+00,0.000000e+00,1.550633e-17,0.000000e+00,0.000000e+00,0.000000e+00,0.000000e+00,0.000000e+00,0.000000e+00,2.664099e-17,4.418672e-24,1.431640e-17,1.833211e-30,2.200532e-21,1.044444e-17,7.339709e-19,4.986051e-38,-2.236240e-17,-1.118277e-17,-1.431619e-17,-2.581108e-32,-2.199755e-21,-1.044358e-17,-7.338062e-19,-2.538658e-32,0.000000e+00,0.000000e+00,0.000000e+00,0.000000e+00,0.000000e+00,0.000000e+00,0.000000e+00,0.000000e+00,4.278584e-18,4.323565e-18,2.111493e-22,1.807400e-30,7.767575e-25,8.546582e-22,1.646952e-22,-2.538653e-32
644.4642,200.00,275.0000,1.153078e+03,1.603276e-01,C,2.190814e-03,1.035826e+00,0.2188%,1.097984e-01,1.087873e-01,1.255684e-04,1.775887e-14,1.464227e-08,1.031634e-04,5.890550e-06,0.000000e+00,0.000000e+00,1.550633e-17,0.000000e+00,0.000000e+00,0.000000e+00,0.000000e+00,0.000000e+00,0.000000e+00,2.667745e-17,6.632643e-24,1.434218e-17,1.899909e-30,2.282468e-21,1.046711e-17,7.494024e-19,7.328913e-38,-2.243900e-17,-1.122118e-17,-1.434196e-17,-2.664689e-32,-2.281647e-21,-1.046626e-17,-7.492327e-19,-2.617819e-32,0.000000e+00,0.000000e+00,0.000000e+00,0.000000e+00,0.000000e+00,0.000000e+00,0.000000e+00,0.000000e+00,4.238458e-18,4.285158e-18,2.158487e-22,1.873263e-30,8.214707e-25,8.566191e-22,1.696919e-22,-2.617811e-32
664.4642,200.00,275.0000,1.208602e+03,1.586914e-01,C,2.190473e-03,1.035826e+00,0.2188%,1.124651e-01,1.114834e-01,1.257113e-04,1.896409e-14,1.519073e-08,1.037040e-04,6.001494e-06,0.000000e+00,0.000000e+00,1.550633e-17,0.000000e+00,0.000000e+00,0.000000e+00,0.000000e+00,0.000000e+00,0.000000e+00,2.671488e-17,9.759018e-24,1.436736e-17,1.967386e-30,2.365159e-21,1.048926e-17,7.646648e-19,1.057117e-37,-2.251424e-17,-1.125892e-17,-1.436714e-17,-2.745853e-32,-2.364298e-21,-1.048842e-17,-7.644923e-19,-2.696508e-32,0.000000e+00,0.000000e+00,0.000000e+00,0.000000e+00,0.000000e+00,0.000000e+00,0.000000e+00,0.000000e+00,4.200633e-18,4.247417e-18,2.206624e-22,1.939928e-30,8.606769e-25,8.417566e-22,1.725127e-22,-2.696497e-32
684.4642,200.00,275.0000,1.264794e+03,1.571121e-01,C,2.190209e-03,1.035826e+00,0.2188%,1.151077e-01,1.141561e-01,1.258492e-04,2.021124e-14,1.573715e-08,1.042335e-04,6.109841e-06,0.000000e+00,0.000000e+00,1.550633e-17,0.000000e+00,0.000000e+00,0.000000e+00,0.000000e+00,0.000000e+00,0.000000e+00,2.674995e-17,2.296026e-31,1.439162e-17,2.034544e-30,2.447215e-21,1.051058e-17,7.795489e-19,-5.429381e-42,-2.258705e-17,-1.129545e-17,-1.439140e-17,-2.830090e-32,-2.446309e-21,-1.050974e-17,-7.793733e-19,-2.774315e-32,0.000000e+00,0.000000e+00,0.000000e+00,0.000000e+00,0.000000e+00,0.000000e+00,0.000000e+00,0.000000e+00,4.162904e-18,4.210882e-18,2.249784e-22,2.006243e-30,9.059578e-25,8.392279e-22,1.756530e-22,-2.774315e-32
704.4642,200.00,275.0000,1.321598e+03,1.555714e-01,C,2.190013e-03,1.035826e+00,0.2188%,1.177269e-01,1.168059e-01,1.259839e-04,2.150045e-14,1.628716e-08,1.047530e-04,6.216528e-06,0.000000e+00,0.000000e+00,1.550633e-17,0.000000e+00,0.000000e+00,0.000000e+00,0.000000e+00,0.000000e+00,0.000000e+00,2.678489e-17,4.592052e-31,1.441525e-17,2.102125e-30,2.529511e-21,1.053132e-17,7.942055e-19,-2.088224e-42,-2.265828e-17,-1.133118e-17,-1.441502e-17,-2.912675e-32,-2.528566e-21,-1.053049e-17,-7.940270e-19,-2.851057e-32,0.000000e+00,0.000000e+00,0.000000e+00,0.000000e+00,0.000000e+00,0.000000e+00,0.000000e+00,0.000000e+00,4.126616e-18,4.175150e-18,2.292819e-22,2.072998e-30,9.451117e-25,8.305353e-22,1.784814e-22,-2.851057e-32
724.4642,200.00,275.0000,1.378989e+03,1.540706e-01,C,2.189878e-03,1.035826e+00,0.2187%,1.203234e-01,1.194334e-01,1.261144e-04,2.283185e-14,1.683535e-08,1.052618e-04,6.320797e-06,0.000000e+00,0.000000e+00,1.550633e-17,0.000000e+00,0.000000e+00,0.000000e+00,0.000000e+00,0.000000e+00,0.000000e+00,2.681782e-17,4.592052e-31,1.443808e-17,2.169459e-30,2.611170e-21,1.055135e-17,8.085137e-19,-2.088224e-42,-2.272783e-17,-1.136608e-17,-1.443800e-17,-2.994315e-32,-2.610825e-21,-1.055067e-17,-8.084279e-19,-2.926877e-32,0.000000e+00,0.000000e+00,0.000000e+00,0.000000e+00,0.000000e+00,0.000000e+00,0.000000e+00,0.000000e+00,4.089988e-18,4.140248e-18,7.681907e-23,2.139516e-30,3.451975e-25,6.775250e-22,8.575327e-23,-2.926877e-32
744.4642,200.00,275.0000,1.436954e+03,1.526112e-01,C,2.189798e-03,1.035826e+00,0.2187%,1.228976e-01,1.220392e-01,1.262423e-04,2.420552e-14,1.738823e-08,1.057621e-04,6.423708e-06,0.000000e+00,0.000000e+00,1.550633e-17,0.000000e+00,0.000000e+00,0.000000e+00,0.000000e+00,0.000000e+00,0.000000e+00,2.685107e-17,4.592052e-31,1.446039e-17,2.237334e-30,2.693222e-21,1.057090e-17,8.226381e-19,5.011737e-42,-2.279563e-17,-1.140011e-17,-1.446031e-17,-3.075262e-32,-2.692859e-21,-1.057024e-17,-8.225509e-19,-3.001806e-32,0.000000e+00,0.000000e+00,0.000000e+00,0.000000e+00,0.000000e+00,0.000000e+00,0.000000e+00,0.000000e+00,4.055436e-18,4.106223e-18,7.982663e-23,2.206581e-30,3.637432e-25,6.689451e-22,8.714243e-23,-3.001806e-32
764.4642,200.00,275.0000,1.495459e+03,1.511949e-01,C,2.189768e-03,1.035826e+00,0.2187%,1.254502e-01,1.246238e-01,1.263676e-04,2.562159e-14,1.794469e-08,1.062536e-04,6.525127e-06,0.000000e+00,0.000000e+00,1.550633e-17,0.000000e+00,0.000000e+00,0.000000e+00,0.000000e+00,0.000000e+00,0.000000e+00,2.688422e-17,3.444039e-30,1.448217e-17,2.305617e-30,2.775482e-21,1.058999e-17,8.365584e-19,3.758802e-42,-2.286158e-17,-1.143321e-17,-1.448193e-17,-3.155522e-32,-2.774399e-21,-1.058918e-17,-8.363718e-19,-3.075767e-32,0.000000e+00,0.000000e+00,0.000000e+00,0.000000e+00,0.000000e+00,0.000000e+00,0.000000e+00,0.000000e+00,4.022645e-18,4.073121e-18,2.411530e-22,2.274062e-30,1.083138e-24,8.105365e-22,1.866170e-22,-3.075767e-32
784.4642,200.00,275.0000,1.554502e+03,1.498124e-01,C,2.189784e-03,1.035826e+00,0.2187%,1.279815e-01,1.271877e-01,1.264890e-04,2.708012e-14,1.849897e-08,1.067360e-04,6.624315e-06,0.000000e+00,0.000000e+00,1.550633e-17,0.000000e+00,0.000000e+00,0.000000e+00,0.000000e+00,0.000000e+00,0.000000e+00,2.691551e-17,3.673642e-30,1.450325e-17,2.373641e-30,2.857035e-21,1.060844e-17,8.501541e-19,1.044112e-41,-2.292610e-17,-1.146560e-17,-1.450301e-17,-3.235207e-32,-2.855914e-21,-1.060763e-17,-8.499649e-19,-3.148835e-32,0.000000e+00,0.000000e+00,0.000000e+00,0.000000e+00,0.000000e+00,0.000000e+00,0.000000e+00,0.000000e+00,3.989412e-18,4.040730e-18,2.447828e-22,2.341289e-30,1.120727e-24,8.068099e-22,1.892309e-22,-3.148835e-32
804.4642,200.00,275.0000,1.614036e+03,1.484652e-01,C,2.189842e-03,1.035826e+00,0.2187%,1.304922e-01,1.297312e-01,1.266075e-04,2.858124e-14,1.905415e-08,1.072098e-04,6.721749e-06,0.000000e+00,0.000000e+00,1.550633e-17,0.000000e+00,0.000000e+00,0.000000e+00,0.000000e+00,0.000000e+00,0.000000e+00,2.694596e-17,5.280860e-30,1.452378e-17,2.441769e-30,2.938345e-21,1.062639e-17,8.635025e-19,3.758802e-42,-2.298911e-17,-1.149724e-17,-1.452353e-17,-3.314223e-32,-2.937179e-21,-1.062558e-17,-8.633091e-19,-3.220902e-32,0.000000e+00,0.000000e+00,0.000000e+00,0.000000e+00,0.000000e+00,0.000000e+00,0.000000e+00,0.000000e+00,3.956853e-18,4.009089e-18,2.483903e-22,2.408627e-30,1.166669e-24,8.043518e-22,1.934288e-22,-3.220902e-32
824.4642,200.00,275.0000,1.674053e+03,1.471432e-01,C,2.189938e-03,1.035826e+00,0.2188%,1.329826e-01,1.322550e-01,1.267240e-04,3.012505e-14,1.961362e-08,1.076762e-04,6.817954e-06,0.000000e+00,0.000000e+00,1.550633e-17,0.000000e+00,0.000000e+00,0.000000e+00,0.000000e+00,0.000000e+00,0.000000e+00,2.697667e-17,1.125053e-29,1.454389e-17,2.510414e-30,3.019934e-21,1.064396e-17,8.766847e-19,1.252934e-42,-2.305108e-17,-1.152836e-17,-1.454364e-17,-3.392662e-32,-3.018726e-21,-1.064317e-17,-8.764907e-19,-3.292048e-32,0.000000e+00,0.000000e+00,0.000000e+00,0.000000e+00,0.000000e+00,0.000000e+00,0.000000e+00,0.000000e+00,3.925598e-18,3.977972e-18,2.518037e-22,2.476487e-30,1.208564e-24,7.941988e-22,1.940912e-22,-3.292048e-32
844.4642,200.00,275.0000,1.734534e+03,1.458590e-01,C,2.190068e-03,1.035826e+00,0.2188%,1.354533e-01,1.347593e-01,1.268372e-04,3.171165e-14,2.017167e-08,1.081343e-04,6.912203e-06,0.000000e+00,0.000000e+00,1.550633e-17,0.000000e+00,0.000000e+00,0.000000e+00,0.000000e+00,0.000000e+00,0.000000e+00,2.700592e-17,1.262814e-29,1.456342e-17,2.578899e-30,3.100907e-21,1.066101e-17,8.895848e-19,1.252934e-42,-2.311140e-17,-1.155866e-17,-1.456317e-17,-3.470417e-32,-3.099652e-21,-1.066022e-17,-8.893867e-19,-3.362163e-32,0.000000e+00,0.000000e+00,0.000000e+00,0.000000e+00,0.000000e+00,0.000000e+00,0.000000e+00,0.000000e+00,3.894519e-18,3.947672e-18,2.552062e-22,2.544195e-30,1.255257e-24,7.911120e-22,1.981260e-22,-3.362163e-32
864.4642,200.00,275.0000,1.795457e+03,1.446023e-01,C,2.190229e-03,1.035826e+00,0.2188%,1.379046e-01,1.372447e-01,1.269481e-04,3.334114e-14,2.073189e-08,1.085851e-04,7.005033e-06,0.000000e+00,0.000000e+00,1.550633e-17,0.000000e+00,0.000000e+00,0.000000e+00,0.000000e+00,0.000000e+00,0.000000e+00,2.703484e-17,2.387867e-29,1.458252e-17,2.647662e-30,3.181814e-21,1.067766e-17,9.022869e-19,-2.923513e-42,-2.317055e-17,-1.158837e-17,-1.458226e-17,-3.547585e-32,-3.180518e-21,-1.067688e-17,-9.020865e-19,-3.431344e-32,0.000000e+00,0.000000e+00,0.000000e+00,0.000000e+00,0.000000e+00,0.000000e+00,0.000000e+00,0.000000e+00,3.864282e-18,3.917957e-18,2.584369e-22,2.612186e-30,1.296088e-24,7.857305e-22,2.004071e-22,-3.431344e-32
884.4642,200.00,275.0000,1.856822e+03,1.433743e-01,C,2.190419e-03,1.035826e+00,0.2188%,1.403369e-01,1.397115e-01,1.270566e-04,3.501363e-14,2.129334e-08,1.090290e-04,7.096367e-06,0.000000e+00,0.000000e+00,1.550633e-17,0.000000e+00,0.000000e+00,0.000000e+00,0.000000e+00,0.000000e+00,0.000000e+00,2.706316e-17,3.466999e-29,1.460117e-17,2.716594e-30,3.262497e-21,1.069391e-17,9.147769e-19,-4.176447e-42,-2.322848e-17,-1.161747e-17,-1.460091e-17,-3.624094e-32,-3.261166e-21,-1.069313e-17,-9.145742e-19,-3.499480e-32,0.000000e+00,0.000000e+00,0.000000e+00,0.000000e+00,0.000000e+00,0.000000e+00,0.000000e+00,0.000000e+00,3.834679e-18,3.888855e-18,2.615714e-22,2.680353e-30,1.330718e-24,7.804802e-22,2.026229e-22,-3.499480e-32
904.4642,200.00,275.0000,1.918608e+03,1.421757e-01,C,2.190635e-03,1.035826e+00,0.2188%,1.427506e-01,1.421602e-01,1.271627e-04,3.672923e-14,2.185507e-08,1.094659e-04,7.186120e-06,0.000000e+00,0.000000e+00,1.550633e-17,0.000000e+00,0.000000e+00,0.000000e+00,0.000000e+00,0.000000e+00,0.000000e+00,2.709063e-17,5.556383e-29,1.461936e-17,2.785576e-30,3.342793e-21,1.070975e-17,9.270408e-19,-6.682315e-42,-2.328512e-17,-1.164594e-17,-1.461910e-17,-3.700019e-32,-3.341420e-21,-1.070897e-17,-9.268360e-19,-3.566675e-32,0.000000e+00,0.000000e+00,0.000000e+00,0.000000e+00,0.000000e+00,0.000000e+00,0.000000e+00,0.000000e+00,3.805517e-18,3.860394e-18,2.645752e-22,2.748576e-30,1.372571e-24,7.775503e-22,2.048515e-22,-3.566675e-32
924.4642,200.00,275.0000,1.980778e+03,1.409965e-01,C,2.190873e-03,1.035826e+00,0.2188%,1.451462e-01,1.445909e-01,1.272661e-04,3.848805e-14,2.241601e-08,1.098956e-04,7.274191e-06,0.000000e+00,0.000000e+00,1.550633e-17,0.000000e+00,0.000000e+00,0.000000e+00,0.000000e+00,0.000000e+00,0.000000e+00,2.711703e-17,8.564177e-29,1.463708e-17,2.854501e-30,3.422516e-21,1.072516e-17,9.390637e-19,-1.670579e-42,-2.334095e-17,-1.167400e-17,-1.463698e-17,-3.775365e-32,-3.421926e-21,-1.072454e-17,-9.389652e-19,-3.632916e-32,0.000000e+00,0.000000e+00,0.000000e+00,0.000000e+00,0.000000e+00,0.000000e+00,0.000000e+00,0.000000e+00,3.776075e-18,3.832331e-18,1.024329e-22,2.816748e-30,5.905783e-25,6.200663e-22,9.850410e-23,-3.632916e-32
944.4642,200.00,275.0000,2.043327e+03,1.398485e-01,C,2.191134e-03,1.035826e+00,0.2189%,1.475240e-01,1.470042e-01,1.273679e-04,4.029023e-14,2.298054e-08,1.103193e-04,7.361196e-06,0.000000e+00,0.000000e+00,1.550633e-17,0.000000e+00,0.000000e+00,0.000000e+00,0.000000e+00,0.000000e+00,0.000000e+00,2.714357e-17,1.276591e-28,1.465449e-17,2.923896e-30,3.502380e-21,1.074028e-17,9.509417e-19,1.252934e-42,-2.339541e-17,-1.170137e-17,-1.465439e-17,-3.850064e-32,-3.501775e-21,-1.073967e-17,-9.508405e-19,-3.698130e-32,0.000000e+00,0.000000e+00,0.000000e+00,0.000000e+00,0.000000e+00,0.000000e+00,0.000000e+00,0.000000e+00,3.748153e-18,3.804957e-18,1.040125e-22,2.885395e-30,6.047994e-25,6.146849e-22,1.012609e-22,-3.698130e-32
964.4642,200.00,275.0000,2.106254e+03,1.387212e-01,C,2.191416e-03,1.035826e+00,0.2189%,1.498843e-01,1.494004e-01,1.274680e-04,4.213586e-14,2.354804e-08,1.107372e-04,7.447074e-06,0.000000e+00,0.000000e+00,1.550633e-17,0.000000e+00,0.000000e+00,0.000000e+00,0.000000e+00,0.000000e+00,0.000000e+00,2.717005e-17,1.924070e-28,1.467158e-17,2.993680e-30,3.582250e-21,1.075512e-17,9.626633e-19,2.505868e-42,-2.344899e-17,-1.172831e-17,-1.467148e-17,-3.924233e-32,-3.581609e-21,-1.075451e-17,-9.625627e-19,-3.762429e-32,0.000000e+00,0.000000e+00,0.000000e+00,0.000000e+00,0.000000e+00,0.000000e+00,0.000000e+00,0.000000e+00,3.721059e-18,3.778022e-18,1.059390e-22,2.954438e-30,6.411744e-25,6.067879e-22,1.005862e-22,-3.762429e-32
984.4642,200.00,275.0000,2.169534e+03,1.376268e-01,C,2.191714e-03,1.035826e+00,0.2189%,1.522275e-01,1.517797e-01,1.275653e-04,4.402506e-14,2.411202e-08,1.111483e-04,7.531082e-06,0.000000e+00,0.000000e+00,1.550633e-17,0.000000e+00,0.000000e+00,0.000000e+00,0.000000e+00,0.000000e+00,0.000000e+00,2.719484e-17,2.808040e-28,1.468817e-17,3.063107e-30,3.661133e-21,1.076951e-17,9.741110e-19,-1.670579e-42,-2.350110e-17,-1.175451e-17,-1.468807e-17,-3.997758e-32,-3.660483e-21,-1.076890e-17,-9.740075e-19,-3.825695e-32,0.000000e+00,0.000000e+00,0.000000e+00,0.000000e+00,0.000000e+00,0.000000e+00,0.000000e+00,0.000000e+00,3.693740e-18,3.751822e-18,1.078652e-22,3.023129e-30,6.503472e-25,6.086162e-22,1.034559e-22,-3.825695e-32
1004.4642,200.00,275.0000,2.233148e+03,1.365432e-01,C,2.192032e-03,1.035826e+00,0.2190%,1.545539e-01,1.541425e-01,1.276618e-04,4.595799e-14,2.468313e-08,1.115544e-04,7.614517e-06,0.000000e+00,0.000000e+00,1.550633e-17,0.000000e+00,0.000000e+00,0.000000e+00,0.000000e+00,0.000000e+00,0.000000e+00,2.722065e-17,4.091518e-28,1.470459e-17,3.133426e-30,3.740645e-21,1.078374e-17,9.854901e-19,-3.341158e-42,-2.355278e-17,-1.178050e-17,-1.470448e-17,-4.070816e-32,-3.739968e-21,-1.078314e-17,-9.853858e-19,-3.888095e-32,0.000000e+00,0.000000e+00,0.000000e+00,0.000000e+00,0.000000e+00,0.000000e+00,0.000000e+00,0.000000e+00,3.667867e-18,3.725831e-18,1.098177e-22,3.092718e-30,6.767073e-25,5.987151e-22,1.043019e-22,-3.888095e-32
1024.4642,200.00,275.0000,2.297103e+03,1.354936e-01,C,2.192364e-03,1.035826e+00,0.2190%,1.568638e-01,1.564892e-01,1.277563e-04,4.793475e-14,2.525493e-08,1.119551e-04,7.696669e-06,0.000000e+00,0.000000e+00,1.550633e-17,0.000000e+00,0.000000e+00,0.000000e+00,0.000000e+00,0.000000e+00,0.000000e+00,2.724588e-17,5.861755e-28,1.472067e-17,3.203900e-30,3.819833e-21,1.079765e-17,9.966861e-19,-3.758802e-42,-2.360293e-17,-1.180572e-17,-1.472039e-17,-4.143262e-32,-3.818192e-21,-1.079690e-17,-9.964695e-19,-3.949486e-32,0.000000e+00,0.000000e+00,0.000000e+00,0.000000e+00,0.000000e+00,0.000000e+00,0.000000e+00,0.000000e+00,3.642947e-18,3.700609e-18,2.811153e-22,3.162467e-30,1.641176e-24,7.521674e-22,2.166597e-22,-3.949486e-32
1044.4642,200.00,275.0000,2.361362e+03,1.344561e-01,C,2.192706e-03,1.035826e+00,0.2190%,1.591575e-01,1.588199e-01,1.278478e-04,4.995549e-14,2.582078e-08,1.123489e-04,7.776745e-06,0.000000e+00,0.000000e+00,1.550633e-17,0.000000e+00,0.000000e+00,0.000000e+00,0.000000e+00,0.000000e+00,0.000000e+00,2.726888e-17,8.297838e-28,1.473622e-17,3.273726e-30,3.897569e-21,1.081110e-17,1.007575e-18,-7.935250e-42,-2.365259e-17,-1.183070e-17,-1.473611e-17,-4.215248e-32,-3.896847e-21,-1.081050e-17,-1.007469e-18,-4.010006e-32,0.000000e+00,0.000000e+00,0.000000e+00,0.000000e+00,0.000000e+00,0.000000e+00,0.000000e+00,0.000000e+00,3.616297e-18,3.675630e-18,1.133160e-22,3.231574e-30,7.220122e-25,5.951013e-22,1.063991e-22,-4.010006e-32
1064.4642,200.00,275.0000,2.425918e+03,1.334425e-01,C,2.193068e-03,1.035826e+00,0.2191%,1.614354e-01,1.611350e-01,1.279395e-04,5.202036e-14,2.639795e-08,1.127390e-04,7.856830e-06,0.000000e+00,0.000000e+00,1.550633e-17,0.000000e+00,0.000000e+00,0.000000e+00,0.000000e+00,0.000000e+00,0.000000e+00,2.729391e-17,1.168677e-27,1.475175e-17,3.344975e-30,3.976622e-21,1.082452e-17,1.018485e-18,-1.252934e-42,-2.370118e-17,-1.185515e-17,-1.475146e-17,-4.286693e-32,-3.974898e-21,-1.082378e-17,-1.018265e-18,-4.069575e-32,0.000000e+00,0.000000e+00,0.000000e+00,0.000000e+00,0.000000e+00,0.000000e+00,0.000000e+00,0.000000e+00,3.592734e-18,3.651182e-18,2.860736e-22,3.302108e-30,1.723924e-24,7.444230e-22,2.201899e-22,-4.069575e-32
1084.4642,200.00,275.0000,2.490769e+03,1.324418e-01,C,2.193434e-03,1.035826e+00,0.2191%,1.636976e-01,1.634348e-01,1.280279e-04,5.412947e-14,2.696764e-08,1.131226e-04,7.934744e-06,0.000000e+00,0.000000e+00,1.550633e-17,0.000000e+00,0.000000e+00,0.000000e+00,0.000000e+00,0.000000e+00,0.000000e+00,2.731643e-17,1.620076e-27,1.476674e-17,3.415405e-30,4.053973e-21,1.083746e-17,1.029072e-18,-5.429381e-42,-2.374923e-17,-1.187932e-17,-1.476662e-17,-4.357726e-32,-4.053206e-21,-1.083688e-17,-1.028963e-18,-4.128311e-32,0.000000e+00,0.000000e+00,0.000000e+00,0.000000e+00,0.000000e+00,0.000000e+00,0.000000e+00,0.000000e+00,3.567200e-18,3.627005e-18,1.167312e-22,3.371828e-30,7.676065e-25,5.839311e-22,1.081351e-22,-4.128311e-32
1104.4642,200.00,275.0000,2.555900e+03,1.314660e-01,C,2.193813e-03,1.035826e+00,0.2191%,1.659446e-01,1.657195e-01,1.281153e-04,5.628300e-14,2.754138e-08,1.135016e-04,8.011877e-06,0.000000e+00,0.000000e+00,1.550633e-17,0.000000e+00,0.000000e+00,0.000000e+00,0.000000e+00,0.000000e+00,0.000000e+00,2.733923e-17,2.225768e-27,1.478153e-17,3.486410e-30,4.131490e-21,1.085021e-17,1.039553e-18,3.758802e-42,-2.379616e-17,-1.190294e-17,-1.478141e-17,-4.428244e-32,-4.130694e-21,-1.084963e-17,-1.039444e-18,-4.186110e-32,0.000000e+00,0.000000e+00,0.000000e+00,0.000000e+00,0.000000e+00,0.000000e+00,0.000000e+00,0.000000e+00,3.543073e-18,3.603388e-18,1.183340e-22,3.442128e-30,7.962062e-25,5.812641e-22,1.090678e-22,-4.186110e-32
1124.4642,200.00,275.0000,2.621304e+03,1.305042e-01,C,2.194204e-03,1.035826e+00,0.2192%,1.681764e-01,1.679893e-01,1.282015e-04,5.848109e-14,2.811886e-08,1.138762e-04,8.088188e-06,0.000000e+00,0.000000e+00,1.550633e-17,0.000000e+00,0.000000e+00,0.000000e+00,0.000000e+00,0.000000e+00,0.000000e+00,2.736220e-17,3.031214e-27,1.479610e-17,3.557945e-30,4.209073e-21,1.086278e-17,1.049923e-18,2.088224e-42,-2.384249e-17,-1.192626e-17,-1.479598e-17,-4.498367e-32,-4.208255e-21,-1.086220e-17,-1.049813e-18,-4.243082e-32,0.000000e+00,0.000000e+00,0.000000e+00,0.000000e+00,0.000000e+00,0.000000e+00,0.000000e+00,0.000000e+00,3.519705e-18,3.580068e-18,1.199476e-22,3.512962e-30,8.173450e-25,5.745102e-22,1.098272e-22,-4.243082e-32
1144.4642,200.00,275.0000,2.686977e+03,1.295682e-01,C,2.194600e-03,1.035826e+00,0.2192%,1.703935e-01,1.702446e-01,1.282855e-04,6.072389e-14,2.869283e-08,1.142454e-04,8.162925e-06,0.000000e+00,0.000000e+00,1.550633e-17,0.000000e+00,0.000000e+00,0.000000e+00,0.000000e+00,0.000000e+00,0.000000e+00,2.738373e-17,4.090830e-27,1.481029e-17,3.629174e-30,4.285627e-21,1.087499e-17,1.060060e-18,-4.176447e-43,-2.388765e-17,-1.194899e-17,-1.481017e-17,-4.568006e-32,-4.284780e-21,-1.087442e-17,-1.059949e-18,-4.299140e-32,0.000000e+00,0.000000e+00,0.000000e+00,0.000000e+00,0.000000e+00,0.000000e+00,0.000000e+00,0.000000e+00,3.496079e-18,3.557336e-18,1.214141e-22,3.583494e-30,8.475502e-25,5.757754e-22,1.108442e-22,-4.299140e-32
1164.4642,200.00,275.0000,2.752875e+03,1.286353e-01,C,2.195010e-03,1.035826e+00,0.2193%,1.725960e-01,1.724856e-01,1.283694e-04,6.301160e-14,2.927629e-08,1.146110e-04,8.237479e-06,0.000000e+00,0.000000e+00,1.550633e-17,0.000000e+00,0.000000e+00,0.000000e+00,0.000000e+00,0.000000e+00,0.000000e+00,2.740667e-17,5.473267e-27,1.482443e-17,3.701614e-30,4.363101e-21,1.088716e-17,1.070189e-18,8.352894e-43,-2.393272e-17,-1.197169e-17,-1.482431e-17,-4.637341e-32,-4.362227e-21,-1.088660e-17,-1.070077e-18,-4.354446e-32,0.000000e+00,0.000000e+00,0.000000e+00,0.000000e+00,0.000000e+00,0.000000e+00,0.000000e+00,0.000000e+00,3.473950e-18,3.534644e-18,1.230205e-22,3.655241e-30,8.737081e-25,5.638797e-22,1.113777e-22,-4.354446e-32
1184.4642,200.00,275.0000,2.819017e+03,1.277291e-01,C,2.195422e-03,1.035826e+00,0.2193%,1.747842e-01,1.747125e-01,1.284509e-04,6.534436e-14,2.985501e-08,1.149712e-04,8.310385e-06,0.000000e+00,0.000000e+00,1.550633e-17,0.000000e+00,0.000000e+00,0.000000e+00,0.000000e+00,0.000000e+00,0.000000e+00,2.742795e-17,7.263019e-27,1.483817e-17,3.773624e-30,4.439357e-21,1.089897e-17,1.080073e-18,1.252934e-42,-2.397657e-17,-1.199377e-17,-1.483805e-17,-4.706172e-32,-4.438463e-21,-1.089841e-17,-1.079961e-18,-4.408820e-32,0.000000e+00,0.000000e+00,0.000000e+00,0.000000e+00,0.000000e+00,0.000000e+00,0.000000e+00,0.000000e+00,3.451384e-18,3.512563e-18,1.244593e-22,3.726563e-30,8.936924e-25,5.617848e-22,1.122308e-22,-4.408820e-32
1204.4642,200.00,275.0000,2.885359e+03,1.268384e-01,C,2.195842e-03,1.035826e+00,0.2193%,1.769584e-01,1.769255e-01,1.285312e-04,6.772238e-14,3.043530e-08,1.153268e-04,8.382318e-06,0.000000e+00,0.000000e+00,1.550633e-17,0.000000e+00,0.000000e+00,0.000000e+00,0.000000e+00,0.000000e+00,0.000000e+00,2.744896e-17,9.567770e-27,1.485168e-17,3.845945e-30,4.515341e-21,1.091057e-17,1.089822e-18,1.294699e-41,-2.401973e-17,-1.201550e-17,-1.485156e-17,-4.774210e-32,-4.514425e-21,-1.091002e-17,-1.089709e-18,-4.462102e-32,0.000000e+00,0.000000e+00,0.000000e+00,0.000000e+00,0.000000e+00,0.000000e+00,0.000000e+00,0.000000e+00,3.429225e-18,3.490826e-18,1.258707e-22,3.798203e-30,9.154124e-25,5.592878e-22,1.130489e-22,-4.462102e-32
1224.4642,200.00,275.0000,2.952013e+03,1.259636e-01,C,2.196267e-03,1.035826e+00,0.2194%,1.791186e-01,1.791248e-01,1.286100e-04,7.014573e-14,3.101689e-08,1.156792e-04,8.453305e-06,0.000000e+00,0.000000e+00,1.550633e-17,0.000000e+00,0.000000e+00,0.000000e+00,0.000000e+00,0.000000e+00,0.000000e+00,2.746959e-17,1.250508e-26,1.486496e-17,3.918524e-30,4.590973e-21,1.092196e-17,1.099432e-18,2.505868e-42,-2.406219e-17,-1.203689e-17,-1.486483e-17,-4.841693e-32,-4.590026e-21,-1.092141e-17,-1.099318e-18,-4.514489e-32,0.000000e+00,0.000000e+00,0.000000e+00,0.000000e+00,0.000000e+00,0.000000e+00,0.000000e+00,0.000000e+00,3.407402e-18,3.469443e-18,1.272428e-22,3.870107e-30,9.471702e-25,5.571006e-22,1.138532e-22,-4.514489e-32
1244.4642,200.00,275.0000,3.018851e+03,1.251050e-01,C,2.196696e-03,1.035826e+00,0.2194%,1.812652e-01,1.813108e-01,1.286876e-04,7.261470e-14,3.159904e-08,1.160271e-04,8.523261e-06,0.000000e+00,0.000000e+00,1.550633e-17,0.000000e+00,0.000000e+00,0.000000e+00,0.000000e+00,0.000000e+00,0.000000e+00,2.748975e-17,1.623382e-26,1.487799e-17,3.991314e-30,4.666175e-21,1.093314e-17,1.108896e-18,1.085876e-41,-2.410392e-17,-1.205791e-17,-1.487786e-17,-4.908357e-32,-4.665198e-21,-1.093258e-17,-1.108782e-18,-4.565707e-32,0.000000e+00,0.000000e+00,0.000000e+00,0.000000e+00,0.000000e+00,0.000000e+00,0.000000e+00,0.000000e+00,3.385834e-18,3.448423e-18,1.285708e-22,3.942230e-30,9.768787e-25,5.560357e-22,1.146770e-22,-4.565707e-32
1264.4642,200.00,275.0000,3.085885e+03,1.242506e-01,C,2.197136e-03,1.035826e+00,0.2195%,1.833985e-01,1.834835e-01,1.287648e-04,7.512948e-14,3.218889e-08,1.163716e-04,8.592917e-06,0.000000e+00,0.000000e+00,1.550633e-17,0.000000e+00,0.000000e+00,0.000000e+00,0.000000e+00,0.000000e+00,0.000000e+00,2.751086e-17,2.093218e-26,1.489096e-17,4.065144e-30,4.741993e-21,1.094425e-17,1.118330e-18,1.545285e-41,-2.414549e-17,-1.207885e-17,-1.489083e-17,-4.978532e-32,-4.740998e-21,-1.094370e-17,-1.118215e-18,-4.618645e-32,0.000000e+00,0.000000e+00,0.000000e+00,0.000000e+00,0.000000e+00,0.000000e+00,0.000000e+00,0.000000e+00,3.365369e-18,3.427476e-18,1.299752e-22,4.015359e-30,9.945015e-25,5.459770e-22,1.151633e-22,-4.618645e-32
1284.4642,200.00,275.0000,3.153111e+03,1.234249e-01,C,2.197572e-03,1.035826e+00,0.2195%,1.855185e-01,1.856432e-01,1.288395e-04,7.769023e-14,3.277077e-08,1.167109e-04,8.660754e-06,0.000000e+00,0.000000e+00,1.550633e-17,0.000000e+00,0.000000e+00,0.000000e+00,0.000000e+00,0.000000e+00,0.000000e+00,2.752982e-17,2.680633e-26,1.490349e-17,4.138210e-30,4.816111e-21,1.095498e-17,1.127491e-18,1.795872e-41,-2.418572e-17,-1.209913e-17,-1.490336e-17,-5.045793e-32,-4.815094e-21,-1.095443e-17,-1.127375e-18,-4.669109e-32,0.000000e+00,0.000000e+00,0.000000e+00,0.000000e+00,0.000000e+00,0.000000e+00,0.000000e+00,0.000000e+00,3.344097e-18,3.407202e-18,1.311952e-22,4.087752e-30,1.017648e-24,5.492051e-22,1.161001e-22,-4.669109e-32
1304.4642,200.00,275.0000,3.220526e+03,1.226046e-01,C,2.198017e-03,1.035826e+00,0.2196%,1.876256e-01,1.877900e-01,1.289138e-04,8.029718e-14,3.335965e-08,1.170471e-04,8.728249e-06,0.000000e+00,0.000000e+00,1.550633e-17,0.000000e+00,0.000000e+00,0.000000e+00,0.000000e+00,0.000000e+00,0.000000e+00,2.754957e-17,3.412147e-26,1.491596e-17,4.212241e-30,4.890719e-21,1.096564e-17,1.136613e-18,2.380575e-41,-2.422575e-17,-1.211930e-17,-1.491582e-17,-5.112886e-32,-4.889678e-21,-1.096509e-17,-1.136497e-18,-4.718916e-32,0.000000e+00,0.000000e+00,0.000000e+00,0.000000e+00,0.000000e+00,0.000000e+00,0.000000e+00,0.000000e+00,3.323811e-18,3.387028e-18,1.324758e-22,4.161112e-30,1.040711e-24,5.447420e-22,1.167451e-22,-4.718916e-32
1324.4642,200.00,275.0000,3.288118e+03,1.218015e-01,C,2.198463e-03,1.035826e+00,0.2196%,1.897198e-01,1.899242e-01,1.289867e-04,8.295053e-14,3.394727e-08,1.173791e-04,8.794624e-06,0.000000e+00,0.000000e+00,1.550633e-17,0.000000e+00,0.000000e+00,0.000000e+00,0.000000e+00,0.000000e+00,0.000000e+00,2.756851e-17,4.317195e-26,1.492816e-17,4.286299e-30,4.964607e-21,1.097607e-17,1.145573e-18,2.798220e-41,-2.426499e-17,-1.213908e-17,-1.492803e-17,-5.179692e-32,-4.963598e-21,-1.097553e-17,-1.145454e-18,-4.767950e-32,0.000000e+00,0.000000e+00,0.000000e+00,0.000000e+00,0.000000e+00,0.000000e+00,0.000000e+00,0.000000e+00,3.303520e-18,3.367252e-18,1.337783e-22,4.234502e-30,1.008687e-24,5.440138e-22,1.191261e-22,-4.767950e-32
1344.4642,200.00,275.0000,3.355898e+03,1.210041e-01,C,2.198916e-03,1.035826e+00,0.2196%,1.918014e-01,1.920460e-01,1.290591e-04,8.565049e-14,3.454126e-08,1.177083e-04,8.860626e-06,0.000000e+00,0.000000e+00,1.550633e-17,0.000000e+00,0.000000e+00,0.000000e+00,0.000000e+00,0.000000e+00,0.000000e+00,2.758809e-17,5.431916e-26,1.494028e-17,4.361271e-30,5.038892e-21,1.098642e-17,1.154488e-18,3.842331e-41,-2.430400e-17,-1.215874e-17,-1.494015e-17,-5.246384e-32,-5.037801e-21,-1.098589e-17,-1.154370e-18,-4.816368e-32,0.000000e+00,0.000000e+00,0.000000e+00,0.000000e+00,0.000000e+00,0.000000e+00,0.000000e+00,0.000000e+00,3.284091e-18,3.347588e-18,1.349447e-22,4.308807e-30,1.090121e-24,5.367527e-22,1.180141e-22,-4.816368e-32
1364.4642,200.00,275.0000,3.423841e+03,1.202245e-01,C,2.199369e-03,1.035826e+00,0.2197%,1.938706e-01,1.941555e-01,1.291300e-04,8.839730e-14,3.513318e-08,1.180334e-04,8.925466e-06,0.000000e+00,0.000000e+00,1.550633e-17,0.000000e+00,0.000000e+00,0.000000e+00,0.000000e+00,0.000000e+00,0.000000e+00,2.760673e-17,6.796008e-26,1.495214e-17,4.436190e-30,5.112327e-21,1.099654e-17,1.163233e-18,4.552327e-41,-2.434219e-17,-1.217799e-17,-1.495200e-17,-5.312817e-32,-5.111213e-21,-1.099601e-17,-1.163114e-18,-4.864030e-32,0.000000e+00,0.000000e+00,0.000000e+00,0.000000e+00,0.000000e+00,0.000000e+00,0.000000e+00,0.000000e+00,3.264544e-18,3.328335e-18,1.361236e-22,4.383062e-30,1.114354e-24,5.343166e-22,1.186781e-22,-4.864030e-32
1384.4642,200.00,275.0000,3.491945e+03,1.194512e-01,C,2.199827e-03,1.035826e+00,0.2197%,1.959276e-01,1.962529e-01,1.292004e-04,9.119119e-14,3.573090e-08,1.183556e-04,8.989891e-06,0.000000e+00,0.000000e+00,1.550633e-17,0.000000e+00,0.000000e+00,0.000000e+00,0.000000e+00,0.000000e+00,0.000000e+00,2.762588e-17,8.457825e-26,1.496391e-17,4.511973e-30,5.186059e-21,1.100658e-17,1.171926e-18,6.473493e-41,-2.438012e-17,-1.219712e-17,-1.496377e-17,-5.379140e-32,-5.184916e-21,-1.100605e-17,-1.171807e-18,-4.911068e-32,0.000000e+00,0.000000e+00,0.000000e+00,0.000000e+00,0.000000e+00,0.000000e+00,0.000000e+00,0.000000e+00,3.245759e-18,3.309210e-18,1.373331e-22,4.458182e-30,1.142965e-24,5.265602e-22,1.191348e-22,-4.911068e-32
1404.4642,200.00,275.0000,3.560193e+03,1.186960e-01,C,2.200284e-03,1.035826e+00,0.2198%,1.979725e-01,1.983384e-01,1.292692e-04,9.403240e-14,3.632562e-08,1.186736e-04,9.053112e-06,0.000000e+00,0.000000e+00,1.550633e-17,0.000000e+00,0.000000e+00,0.000000e+00,0.000000e+00,0.000000e+00,0.000000e+00,2.764394e-17,1.047139e-25,1.497540e-17,4.587618e-30,5.258811e-21,1.101637e-17,1.180443e-18,7.642898e-41,-2.441720e-17,-1.221582e-17,-1.497527e-17,-5.445222e-32,-5.257641e-21,-1.101585e-17,-1.180324e-18,-4.957357e-32,0.000000e+00,0.000000e+00,0.000000e+00,0.000000e+00,0.000000e+00,0.000000e+00,0.000000e+00,0.000000e+00,3.226745e-18,3.290509e-18,1.384591e-22,4.533166e-30,1.170159e-24,5.245607e-22,1.197810e-22,-4.957357e-32
1424.4642,200.00,275.0000,3.628604e+03,1.179594e-01,C,2.200738e-03,1.035826e+00,0.2198%,2.000055e-01,2.004122e-01,1.293363e-04,9.692115e-14,3.691682e-08,1.189880e-04,9.115114e-06,0.000000e+00,0.000000e+00,1.550633e-17,0.000000e+00,0.000000e+00,0.000000e+00,0.000000e+00,0.000000e+00,0.000000e+00,2.766087e-17,1.289926e-25,1.498662e-17,4.663069e-30,5.330500e-21,1.102592e-17,1.188780e-18,9.104655e-41,-2.445341e-17,-1.223409e-17,-1.498648e-17,-5.511109e-32,-5.329383e-21,-1.102539e-17,-1.188658e-18,-5.002936e-32,0.000000e+00,0.000000e+00,0.000000e+00,0.000000e+00,0.000000e+00,0.000000e+00,0.000000e+00,0.000000e+00,3.207457e-18,3.272242e-18,1.395845e-22,4.607958e-30,1.116924e-24,5.287338e-22,1.222439e-22,-5.002936e-32
1444.4642,200.00,275.0000,3.697158e+03,1.172176e-01,C,2.201205e-03,1.035826e+00,0.2199%,2.020268e-01,2.024743e-01,1.294041e-04,9.985772e-14,3.752153e-08,1.193005e-04,9.177431e-06,0.000000e+00,0.000000e+00,1.550633e-17,0.000000e+00,0.000000e+00,0.000000e+00,0.000000e+00,0.000000e+00,0.000000e+00,2.767965e-17,1.581866e-25,1.499793e-17,4.740306e-30,5.403600e-21,1.103554e-17,1.197179e-18,1.039935e-40,-2.448993e-17,-1.225251e-17,-1.499778e-17,-5.577073e-32,-5.402380e-21,-1.103502e-17,-1.197058e-18,-5.048045e-32,0.000000e+00,0.000000e+00,0.000000e+00,0.000000e+00,0.000000e+00,0.000000e+00,0.000000e+00,0.000000e+00,3.189720e-18,3.253824e-18,1.406645e-22,4.684535e-30,1.219990e-24,5.184621e-22,1.209510e-22,-5.048045e-32
1464.4642,200.00,275.0000,3.765849e+03,1.164947e-01,C,2.201659e-03,1.035826e+00,0.2199%,2.040366e-01,2.045250e-01,1.294691e-04,1.028423e-13,3.811364e-08,1.196081e-04,9.237698e-06,0.000000e+00,0.000000e+00,1.550633e-17,0.000000e+00,0.000000e+00,0.000000e+00,0.000000e+00,0.000000e+00,0.000000e+00,2.769564e-17,1.930444e-25,1.500876e-17,4.816257e-30,5.474206e-21,1.104475e-17,1.205267e-18,1.303052e-40,-2.452555e-17,-1.227048e-17,-1.500880e-17,-5.642849e-32,-5.474289e-21,-1.104439e-17,-1.205271e-18,-5.092440e-32,0.000000e+00,0.000000e+00,0.000000e+00,0.000000e+00,0.000000e+00,0.000000e+00,0.000000e+00,0.000000e+00,3.170083e-18,3.235850e-18,-4.180856e-23,4.759828e-30,-8.291457e-26,3.560254e-22,-3.993467e-24,-5.092440e-32
1484.4642,200.00,275.0000,3.834669e+03,1.157909e-01,C,2.202124e-03,1.035826e+00,0.2200%,2.060349e-01,2.065645e-01,1.295346e-04,1.058753e-13,3.871779e-08,1.199139e-04,9.298274e-06,0.000000e+00,0.000000e+00,1.550633e-17,0.000000e+00,0.000000e+00,0.000000e+00,0.000000e+00,0.000000e+00,0.000000e+00,2.771338e-17,2.346024e-25,1.501968e-17,4.893968e-30,5.546222e-21,1.105403e-17,1.213416e-18,1.582873e-40,-2.456027e-17,-1.228800e-17,-1.501954e-17,-5.708443e-32,-5.545046e-21,-1.105350e-17,-1.213292e-18,-5.136121e-32,0.000000e+00,0.000000e+00,0.000000e+00,0.000000e+00,0.000000e+00,0.000000e+00,0.000000e+00,0.000000e+00,3.153103e-18,3.218330e-18,1.433469e-22,4.836884e-30,1.176290e-24,5.207206e-22,1.238967e-22,-5.136121e-32
1504.4642,200.00,275.0000,3.903616e+03,1.150823e-01,C,2.202593e-03,1.035826e+00,0.2200%,2.080220e-01,2.085928e-01,1.295995e-04,1.089569e-13,3.932653e-08,1.202169e-04,9.358338e-06,0.000000e+00,0.000000e+00,1.550633e-17,0.000000e+00,0.000000e+00,0.000000e+00,0.000000e+00,0.000000e+00,0.000000e+00,2.773128e-17,2.839114e-25,1.503049e-17,4.972407e-30,5.618235e-21,1.106321e-17,1.221496e-18,1.971283e-40,-2.459527e-17,-1.230566e-17,-1.503035e-17,-5.774164e-32,-5.616940e-21,-1.106270e-17,-1.221373e-18,-5.179362e-32,0.000000e+00,0.000000e+00,0.000000e+00,0.000000e+00,0.000000e+00,0.000000e+00,0.000000e+00,0.000000e+00,3.136010e-18,3.200668e-18,1.438000e-22,4.914665e-30,1.294545e-24,5.105429e-22,1.226365e-22,-5.179362e-32
1524.4642,200.00,275.0000,3.972682e+03,1.143932e-01,C,2.203056e-03,1.035826e+00,0.2201%,2.099980e-01,2.106102e-01,1.296627e-04,1.120874e-13,3.992983e-08,1.205162e-04,9.417095e-06,0.000000e+00,0.000000e+00,1.550633e-17,0.000000e+00,0.000000e+00,0.000000e+00,0.000000e+00,0.000000e+00,0.000000e+00,2.774777e-17,3.421194e-25,1.504101e-17,5.050475e-30,5.688897e-21,1.107213e-17,1.229382e-18,2.263634e-40,-2.462935e-17,-1.232286e-17,-1.504087e-17,-5.839733e-32,-5.687573e-21,-1.107162e-17,-1.229258e-18,-5.221905e-32,0.000000e+00,0.000000e+00,0.000000e+00,0.000000e+00,0.000000e+00,0.000000e+00,0.000000e+00,0.000000e+00,3.118427e-18,3.183471e-18,1.447890e-22,4.992077e-30,1.324101e-24,5.097701e-22,1.232380e-22,-5.221905e-32
1544.4642,200.00,275.0000,4.041862e+03,1.137118e-01,C,2.203520e-03,1.035826e+00,0.2201%,2.119631e-01,2.126167e-01,1.297253e-04,1.152671e-13,4.053649e-08,1.208127e-04,9.475320e-06,0.000000e+00,0.000000e+00,1.550633e-17,0.000000e+00,0.000000e+00,0.000000e+00,0.000000e+00,0.000000e+00,0.000000e+00,2.776434e-17,4.106484e-25,1.505142e-17,5.129211e-30,5.759486e-21,1.108095e-17,1.237195e-18,2.660397e-40,-2.466308e-17,-1.233989e-17,-1.505127e-17,-5.905308e-32,-5.758144e-21,-1.108045e-17,-1.237071e-18,-5.263889e-32,0.000000e+00,0.000000e+00,0.000000e+00,0.000000e+00,0.000000e+00,0.000000e+00,0.000000e+00,0.000000e+00,3.101255e-18,3.166443e-18,1.457770e-22,5.070158e-30,1.342044e-24,5.070975e-22,1.237581e-22,-5.263889e-32
1564.4642,200.00,275.0000,4.111157e+03,1.130381e-01,C,2.203978e-03,1.035826e+00,0.2202%,2.139173e-01,2.146125e-01,1.297860e-04,1.184962e-13,4.113745e-08,1.211056e-04,9.532196e-06,0.000000e+00,0.000000e+00,1.550633e-17,0.000000e+00,0.000000e+00,0.000000e+00,0.000000e+00,0.000000e+00,0.000000e+00,2.777938e-17,4.909395e-25,1.506153e-17,5.207484e-30,5.828553e-21,1.108952e-17,1.244806e-18,3.278511e-40,-2.469647e-17,-1.235674e-17,-1.506157e-17,-5.970914e-32,-5.828591e-21,-1.108918e-17,-1.244810e-18,-5.305328e-32,0.000000e+00,0.000000e+00,0.000000e+00,0.000000e+00,0.000000e+00,0.000000e+00,0.000000e+00,0.000000e+00,3.082911e-18,3.149588e-18,-3.935144e-23,5.147774e-30,-3.825361e-26,3.421499e-22,-3.650227e-24,-5.305328e-32
1584.4642,200.00,275.0000,4.180563e+03,1.123843e-01,C,2.204445e-03,1.035826e+00,0.2202%,2.158609e-01,2.165978e-01,1.298473e-04,1.217751e-13,4.174945e-08,1.213968e-04,9.589337e-06,0.000000e+00,0.000000e+00,1.550633e-17,0.000000e+00,0.000000e+00,0.000000e+00,0.000000e+00,0.000000e+00,0.000000e+00,2.779595e-17,5.848846e-25,1.507171e-17,5.287494e-30,5.898906e-21,1.109814e-17,1.252470e-18,3.825626e-40,-2.472890e-17,-1.237312e-17,-1.507156e-17,-6.036413e-32,-5.897619e-21,-1.109763e-17,-1.252344e-18,-5.346096e-32,0.000000e+00,0.000000e+00,0.000000e+00,0.000000e+00,0.000000e+00,0.000000e+00,0.000000e+00,0.000000e+00,3.067052e-18,3.133212e-18,1.477266e-22,5.227130e-30,1.287509e-24,5.076565e-22,1.265707e-22,-5.346096e-32
1604.4642,200.00,275.0000,4.250060e+03,1.117266e-01,C,2.204913e-03,1.035826e+00,0.2202%,2.177940e-01,2.185727e-01,1.299079e-04,1.251042e-13,4.236475e-08,1.216853e-04,9.645900e-06,0.000000e+00,0.000000e+00,1.550633e-17,0.000000e+00,0.000000e+00,0.000000e+00,0.000000e+00,0.000000e+00,0.000000e+00,2.781246e-17,6.943224e-25,1.508178e-17,5.368127e-30,5.969045e-21,1.110666e-17,1.260055e-18,4.543974e-40,-2.476156e-17,-1.238961e-17,-1.508163e-17,-6.102104e-32,-5.967629e-21,-1.110615e-17,-1.259929e-18,-5.386451e-32,0.000000e+00,0.000000e+00,0.000000e+00,0.000000e+00,0.000000e+00,0.000000e+00,0.000000e+00,0.000000e+00,3.050897e-18,3.116717e-18,1.491604e-22,5.307106e-30,1.415885e-24,5.025913e-22,1.252733e-22,-5.386451e-32
1624.4642,200.00,275.0000,4.319659e+03,1.110769e-01,C,2.205372e-03,1.035826e+00,0.2203%,2.197168e-01,2.205372e-01,1.299667e-04,1.284836e-13,4.297337e-08,1.219703e-04,9.701076e-06,0.000000e+00,0.000000e+00,1.550633e-17,0.000000e+00,0.000000e+00,0.000000e+00,0.000000e+00,0.000000e+00,0.000000e+00,2.782732e-17,7.653027e-25,1.509153e-17,5.448204e-30,6.037502e-21,1.111490e-17,1.267430e-18,4.861384e-40,-2.479386e-17,-1.240592e-17,-1.509157e-17,-6.167871e-32,-6.037511e-21,-1.111457e-17,-1.267434e-18,-5.426285e-32,0.000000e+00,0.000000e+00,0.000000e+00,0.000000e+00,0.000000e+00,0.000000e+00,0.000000e+00,0.000000e+00,3.033461e-18,3.100407e-18,-3.800046e-23,5.386525e-30,-8.511986e-27,3.327692e-22,-3.522698e-24,-5.426285e-32
1644.4642,200.00,275.0000,4.389363e+03,1.104476e-01,C,2.205841e-03,1.035826e+00,0.2203%,2.216292e-01,2.224917e-01,1.300259e-04,1.319138e-13,4.359247e-08,1.222538e-04,9.756495e-06,0.000000e+00,0.000000e+00,1.550633e-17,0.000000e+00,0.000000e+00,0.000000e+00,0.000000e+00,0.000000e+00,0.000000e+00,2.784360e-17,4.200906e-25,1.510136e-17,5.530014e-30,6.107191e-21,1.112321e-17,1.274854e-18,2.384751e-40,-2.482518e-17,-1.242174e-17,-1.510121e-17,-6.233580e-32,-6.105725e-21,-1.112271e-17,-1.274728e-18,-5.465474e-32,0.000000e+00,0.000000e+00,0.000000e+00,0.000000e+00,0.000000e+00,0.000000e+00,0.000000e+00,0.000000e+00,3.018423e-18,3.084588e-18,1.504247e-22,5.467679e-30,1.466575e-24,4.971633e-22,1.262727e-22,-5.465474e-32
1664.4642,200.00,275.0000,4.459136e+03,1.098147e-01,C,2.206299e-03,1.035826e+00,0.2204%,2.235316e-01,2.244360e-01,1.300832e-04,1.353952e-13,4.420492e-08,1.225335e-04,9.810484e-06,0.000000e+00,0.000000e+00,1.550633e-17,0.000000e+00,0.000000e+00,0.000000e+00,0.000000e+00,0.000000e+00,0.000000e+00,2.785814e-17,2.299309e-25,1.511087e-17,5.611204e-30,6.175056e-21,1.113124e-17,1.282064e-18,1.135994e-40,-2.485671e-17,-1.243767e-17,-1.511091e-17,-6.299518e-32,-6.175046e-21,-1.113091e-17,-1.282067e-18,-5.504263e-32,0.000000e+00,0.000000e+00,0.000000e+00,0.000000e+00,0.000000e+00,0.000000e+00,0.000000e+00,0.000000e+00,3.001438e-18,3.068662e-18,-3.715586e-23,5.548209e-30,1.027373e-26,3.277659e-22,-3.404759e-24,-5.504263e-32
1684.4642,200.00,275.0000,4.529007e+03,1.092024e-01,C,2.206767e-03,1.035826e+00,0.2204%,2.254239e-01,2.263705e-01,1.301410e-04,1.389279e-13,4.482757e-08,1.228119e-04,9.864702e-06,0.000000e+00,0.000000e+00,1.550633e-17,0.000000e+00,0.000000e+00,0.000000e+00,0.000000e+00,0.000000e+00,0.000000e+00,2.787403e-17,1.255426e-25,1.512045e-17,5.694134e-30,6.244109e-21,1.113932e-17,1.289319e-18,5.679968e-41,-2.488723e-17,-1.245309e-17,-1.512029e-17,-6.365424e-32,-6.242721e-21,-1.113883e-17,-1.289190e-18,-5.542420e-32,0.000000e+00,0.000000e+00,0.000000e+00,0.000000e+00,0.000000e+00,0.000000e+00,0.000000e+00,0.000000e+00,2.986799e-18,3.053236e-18,1.522559e-22,5.630480e-30,1.387968e-24,4.928572e-22,1.288071e-22,-5.542420e-32
1704.4642,200.00,275.0000,4.598928e+03,1.085866e-01,C,2.207223e-03,1.035826e+00,0.2205%,2.273064e-01,2.282952e-01,1.301968e-04,1.425125e-13,4.544270e-08,1.230864e-04,9.917461e-06,0.000000e+00,0.000000e+00,1.550633e-17,0.000000e+00,0.000000e+00,0.000000e+00,0.000000e+00,0.000000e+00,0.000000e+00,2.788811e-17,6.837244e-26,1.512971e-17,5.776373e-30,6.311239e-21,1.114713e-17,1.296355e-18,2.965277e-41,-2.491797e-17,-1.246862e-17,-1.512974e-17,-6.431578e-32,-6.311207e-21,-1.114680e-17,-1.296359e-18,-5.580181e-32,0.000000e+00,0.000000e+00,0.000000e+00,0.000000e+00,0.000000e+00,0.000000e+00,0.000000e+00,0.000000e+00,2.970142e-18,3.037705e-18,-3.635541e-23,5.712058e-30,3.195683e-26,3.235826e-22,-3.270318e-24,-5.580181e-32
1724.4642,200.00,275.0000,4.668953e+03,1.079917e-01,C,2.207688e-03,1.035826e+00,0.2205%,2.291791e-01,2.302102e-01,1.302531e-04,1.461493e-13,4.606782e-08,1.233597e-04,9.970442e-06,0.000000e+00,0.000000e+00,1.550633e-17,0.000000e+00,0.000000e+00,0.000000e+00,0.000000e+00,0.000000e+00,0.000000e+00,2.790348e-17,3.716532e-26,1.513903e-17,5.860352e-30,6.379512e-21,1.115498e-17,1.303435e-18,1.461756e-41,-2.494769e-17,-1.248365e-17,-1.513887e-17,-6.497744e-32,-6.378081e-21,-1.115449e-17,-1.303306e-18,-5.617335e-32,0.000000e+00,0.000000e+00,0.000000e+00,0.000000e+00,0.000000e+00,0.000000e+00,0.000000e+00,0.000000e+00,2.955786e-18,3.022684e-18,1.539320e-22,5.795374e-30,1.431042e-24,4.902960e-22,1.297438e-22,-5.617335e-32
1744.4642,200.00,275.0000,4.739047e+03,1.073934e-01,C,2.208151e-03,1.035826e+00,0.2206%,2.310422e-01,2.321157e-01,1.303086e-04,1.498386e-13,4.669465e-08,1.236305e-04,1.002278e-05,0.000000e+00,0.000000e+00,1.550633e-17,0.000000e+00,0.000000e+00,0.000000e+00,0.000000e+00,0.000000e+00,0.000000e+00,2.791853e-17,2.015865e-26,1.514821e-17,5.944836e-30,6.447311e-21,1.116272e-17,1.310424e-18,1.085876e-41,-2.497761e-17,-1.249877e-17,-1.514806e-17,-6.564224e-32,-6.445718e-21,-1.116224e-17,-1.310295e-18,-5.654138e-32,0.000000e+00,0.000000e+00,0.000000e+00,0.000000e+00,0.000000e+00,0.000000e+00,0.000000e+00,0.000000e+00,2.940917e-18,3.007564e-18,1.547016e-22,5.879194e-30,1.592474e-24,4.852811e-22,1.284591e-22,-5.654138e-32
1764.4642,200.00,275.0000,4.809202e+03,1.068042e-01,C,2.208613e-03,1.035826e+00,0.2206%,2.328958e-01,2.340117e-01,1.303634e-04,1.535808e-13,4.732220e-08,1.238988e-04,1.007448e-05,0.000000e+00,0.000000e+00,1.550633e-17,0.000000e+00,0.000000e+00,0.000000e+00,0.000000e+00,0.000000e+00,0.000000e+00,2.793323e-17,1.091485e-26,1.515727e-17,6.029810e-30,6.514630e-21,1.117035e-17,1.317321e-18,-8.352894e-43,-2.500710e-17,-1.251367e-17,-1.515712e-17,-6.630864e-32,-6.513015e-21,-1.116987e-17,-1.317192e-18,-5.690447e-32,0.000000e+00,0.000000e+00,0.000000e+00,0.000000e+00,0.000000e+00,0.000000e+00,0.000000e+00,0.000000e+00,2.926126e-18,2.992655e-18,1.555272e-22,5.963501e-30,1.615363e-24,4.814610e-22,1.288151e-22,-5.690447e-32
1784.4642,200.00,275.0000,4.879422e+03,1.062240e-01,C,2.209071e-03,1.035826e+00,0.2207%,2.347400e-01,2.358984e-01,1.304173e-04,1.573764e-13,4.795017e-08,1.241647e-04,1.012553e-05,0.000000e+00,0.000000e+00,1.550633e-17,0.000000e+00,0.000000e+00,0.000000e+00,0.000000e+00,0.000000e+00,0.000000e+00,2.794756e-17,5.896654e-27,1.516619e-17,6.115254e-30,6.581437e-21,1.117786e-17,1.324124e-18,-3.758802e-42,-2.503617e-17,-1.252837e-17,-1.516604e-17,-6.697686e-32,-6.579797e-21,-1.117738e-17,-1.323995e-18,-5.726279e-32,0.000000e+00,0.000000e+00,0.000000e+00,0.000000e+00,0.000000e+00,0.000000e+00,0.000000e+00,0.000000e+00,2.911385e-18,2.977958e-18,1.563275e-22,6.048278e-30,1.640550e-24,4.789874e-22,1.292090e-22,-5.726279e-32
1804.4642,200.00,275.0000,4.949699e+03,1.056530e-01,C,2.209527e-03,1.035826e+00,0.2207%,2.365749e-01,2.377758e-01,1.304704e-04,1.612257e-13,4.857819e-08,1.244281e-04,1.017592e-05,0.000000e+00,0.000000e+00,1.550633e-17,0.000000e+00,0.000000e+00,0.000000e+00,0.000000e+00,0.000000e+00,0.000000e+00,2.796148e-17,3.183211e-27,1.517498e-17,6.201148e-30,6.647695e-21,1.118524e-17,1.330834e-18,-4.594092e-42,-2.506481e-17,-1.254285e-17,-1.517482e-17,-6.764699e-32,-6.646028e-21,-1.118476e-17,-1.330704e-18,-5.761632e-32,0.000000e+00,0.000000e+00,0.000000e+00,0.000000e+00,0.000000e+00,0.000000e+00,0.000000e+00,0.000000e+00,2.896672e-18,2.963480e-18,1.576495e-22,6.133501e-30,1.667014e-24,4.794356e-22,1.296236e-22,-5.761632e-32
1824.4642,200.00,275.0000,5.020054e+03,1.050912e-01,C,2.209980e-03,1.035826e+00,0.2208%,2.384005e-01,2.396441e-01,1.305227e-04,1.651292e-13,4.920622e-08,1.246893e-04,1.022565e-05,0.000000e+00,0.000000e+00,1.550633e-17,0.000000e+00,0.000000e+00,0.000000e+00,0.000000e+00,0.000000e+00,0.000000e+00,2.797497e-17,1.715131e-27,1.518363e-17,6.287481e-30,6.713362e-21,1.119251e-17,1.337447e-18,-1.670579e-42,-2.509301e-17,-1.255711e-17,-1.518347e-17,-6.831948e-32,-6.711835e-21,-1.119203e-17,-1.337315e-18,-5.796537e-32,0.000000e+00,0.000000e+00,0.000000e+00,0.000000e+00,0.000000e+00,0.000000e+00,0.000000e+00,0.000000e+00,2.881962e-18,2.949220e-18,1.584720e-22,6.219162e-30,1.527350e-24,4.802520e-22,1.317074e-22,-5.796537e-32
1844.4642,200.00,275.0000,5.090428e+03,1.045264e-01,C,2.210430e-03,1.035826e+00,0.2208%,2.402172e-01,2.415034e-01,1.305742e-04,1.690873e-13,4.983471e-08,1.249477e-04,1.027469e-05,0.000000e+00,0.000000e+00,1.550633e-17,0.000000e+00,0.000000e+00,0.000000e+00,0.000000e+00,0.000000e+00,0.000000e+00,2.798799e-17,9.239209e-28,1.519214e-17,6.374226e-30,6.778367e-21,1.119965e-17,1.343962e-18,1.252934e-42,-2.512138e-17,-1.257146e-17,-1.519217e-17,-6.899556e-32,-6.778285e-21,-1.119935e-17,-1.343965e-18,-5.831093e-32,0.000000e+00,0.000000e+00,0.000000e+00,0.000000e+00,0.000000e+00,0.000000e+00,0.000000e+00,0.000000e+00,2.866607e-18,2.934871e-18,-3.378651e-23,6.305230e-30,8.124674e-26,3.074326e-22,-2.949377e-24,-5.831093e-32
1864.4642,200.00,275.0000,5.160873e+03,1.039833e-01,C,2.210886e-03,1.035826e+00,0.2208%,2.420248e-01,2.433538e-01,1.306260e-04,1.731004e-13,5.047188e-08,1.252051e-04,1.032391e-05,0.000000e+00,0.000000e+00,1.550633e-17,0.000000e+00,0.000000e+00,0.000000e+00,0.000000e+00,0.000000e+00,0.000000e+00,2.800210e-17,4.996153e-28,1.520070e-17,6.462738e-30,6.844395e-21,1.120684e-17,1.350512e-18,-2.088224e-42,-2.514869e-17,-1.258527e-17,-1.520054e-17,-6.967250e-32,-6.842824e-21,-1.120636e-17,-1.350380e-18,-5.865062e-32,0.000000e+00,0.000000e+00,0.000000e+00,0.000000e+00,0.000000e+00,0.000000e+00,0.000000e+00,0.000000e+00,2.853412e-18,2.921057e-18,1.594231e-22,6.393065e-30,1.570820e-24,4.766024e-22,1.325510e-22,-5.865062e-32
1884.4642,200.00,275.0000,5.231369e+03,1.034375e-01,C,2.211339e-03,1.035826e+00,0.2209%,2.438236e-01,2.451954e-01,1.306770e-04,1.771689e-13,5.110950e-08,1.254601e-04,1.037243e-05,0.000000e+00,0.000000e+00,1.550633e-17,0.000000e+00,0.000000e+00,0.000000e+00,0.000000e+00,0.000000e+00,0.000000e+00,2.801569e-17,2.713903e-28,1.520911e-17,6.551662e-30,6.909712e-21,1.121390e-17,1.356962e-18,5.011737e-42,-2.517616e-17,-1.259917e-17,-1.520895e-17,-7.035379e-32,-6.908118e-21,-1.121343e-17,-1.356830e-18,-5.898730e-32,0.000000e+00,0.000000e+00,0.000000e+00,0.000000e+00,0.000000e+00,0.000000e+00,0.000000e+00,0.000000e+00,2.839537e-18,2.907161e-18,1.601647e-22,6.481308e-30,1.594166e-24,4.739255e-22,1.328911e-22,-5.898730e-32
1904.4642,200.00,275.0000,5.301906e+03,1.028890e-01,C,2.211787e-03,1.035826e+00,0.2209%,2.456136e-01,2.470283e-01,1.307271e-04,1.812935e-13,5.174728e-08,1.257128e-04,1.042025e-05,0.000000e+00,0.000000e+00,1.550633e-17,0.000000e+00,0.000000e+00,0.000000e+00,0.000000e+00,0.000000e+00,0.000000e+00,2.802875e-17,1.441904e-28,1.521739e-17,6.640977e-30,6.974279e-21,1.122084e-17,1.363310e-18,-2.505868e-42,-2.520379e-17,-1.261314e-17,-1.521742e-17,-7.103955e-32,-6.974142e-21,-1.122054e-17,-1.363313e-18,-5.932097e-32,0.000000e+00,0.000000e+00,0.000000e+00,0.000000e+00,0.000000e+00,0.000000e+00,0.000000e+00,0.000000e+00,2.824958e-18,2.893185e-18,-3.277811e-23,6.569938e-30,1.373119e-25,2.989563e-22,-2.874256e-24,-5.932097e-32
1924.4642,200.00,275.0000,5.372495e+03,1.023623e-01,C,2.212242e-03,1.035826e+00,0.2210%,2.473950e-01,2.488525e-01,1.307776e-04,1.854744e-13,5.239318e-08,1.259643e-04,1.046824e-05,0.000000e+00,0.000000e+00,1.550633e-17,0.000000e+00,0.000000e+00,0.000000e+00,0.000000e+00,0.000000e+00,0.000000e+00,2.804282e-17,7.301363e-29,1.522571e-17,6.732091e-30,7.039837e-21,1.122782e-17,1.369692e-18,4.176447e-43,-2.523034e-17,-1.262658e-17,-1.522555e-17,-7.172648e-32,-7.038020e-21,-1.122735e-17,-1.369560e-18,-5.964881e-32,0.000000e+00,0.000000e+00,0.000000e+00,0.000000e+00,0.000000e+00,0.000000e+00,0.000000e+00,0.000000e+00,2.812482e-18,2.879749e-18,1.615557e-22,6.660365e-30,1.817391e-24,4.663483e-22,1.318843e-22,-5.964881e-32
1944.4642,200.00,275.0000,5.443112e+03,1.018331e-01,C,2.212682e-03,1.035826e+00,0.2210%,2.491677e-01,2.506682e-01,1.308260e-04,1.897121e-13,5.302834e-08,1.262123e-04,1.051466e-05,0.000000e+00,0.000000e+00,1.550633e-17,0.000000e+00,0.000000e+00,0.000000e+00,0.000000e+00,0.000000e+00,0.000000e+00,2.805472e-17,4.316529e-29,1.523370e-17,6.822149e-30,7.102889e-21,1.123450e-17,1.375834e-18,5.429381e-42,-2.525704e-17,-1.264009e-17,-1.523373e-17,-7.241808e-32,-7.102749e-21,-1.123421e-17,-1.375837e-18,-5.997367e-32,0.000000e+00,0.000000e+00,0.000000e+00,0.000000e+00,0.000000e+00,0.000000e+00,0.000000e+00,0.000000e+00,2.797680e-18,2.866238e-18,-3.215772e-23,6.749731e-30,1.403699e-25,2.963012e-22,-2.757363e-24,-5.997367e-32
1964.4642,200.00,275.0000,5.513762e+03,1.013137e-01,C,2.213127e-03,1.035826e+00,0.2211%,2.509320e-01,2.524755e-01,1.308747e-04,1.940073e-13,5.367233e-08,1.264591e-04,1.056121e-05,0.000000e+00,0.000000e+00,1.550633e-17,0.000000e+00,0.000000e+00,0.000000e+00,0.000000e+00,0.000000e+00,0.000000e+00,2.806759e-17,2.433788e-29,1.524172e-17,6.914002e-30,7.166844e-21,1.124122e-17,1.382007e-18,-6.264671e-42,-2.528327e-17,-1.265337e-17,-1.524176e-17,-7.311280e-32,-7.166695e-21,-1.124093e-17,-1.382010e-18,-6.029417e-32,0.000000e+00,0.000000e+00,0.000000e+00,0.000000e+00,0.000000e+00,0.000000e+00,0.000000e+00,0.000000e+00,2.784323e-18,2.852964e-18,-3.185216e-23,6.840889e-30,1.491012e-25,2.944261e-22,-2.712196e-24,-6.029417e-32
1984.4642,200.00,275.0000,5.584453e+03,1.008042e-01,C,2.213579e-03,1.035826e+00,0.2211%,2.526879e-01,2.542744e-01,1.309237e-04,1.983604e-13,5.432550e-08,1.267047e-04,1.060791e-05,0.000000e+00,0.000000e+00,1.550633e-17,0.000000e+00,0.000000e+00,0.000000e+00,0.000000e+00,0.000000e+00,0.000000e+00,2.808142e-17,1.469457e-29,1.524980e-17,7.007685e-30,7.231702e-21,1.124798e-17,1.388211e-18,-4.176447e-42,-2.530902e-17,-1.266640e-17,-1.524964e-17,-7.381090e-32,-7.230008e-21,-1.124752e-17,-1.388076e-18,-6.061045e-32,0.000000e+00,0.000000e+00,0.000000e+00,0.000000e+00,0.000000e+00,0.000000e+00,0.000000e+00,0.000000e+00,2.772401e-18,2.839929e-18,1.637011e-22,6.933874e-30,1.694528e-24,4.615328e-22,1.345074e-22,-6.061045e-32
2004.4642,200.00,275.0000,5.655167e+03,1.002923e-01,C,2.214014e-03,1.035826e+00,0.2212%,2.544355e-01,2.560651e-01,1.309705e-04,2.027718e-13,5.496678e-08,1.269470e-04,1.065302e-05,0.000000e+00,0.000000e+00,1.550633e-17,0.000000e+00,0.000000e+00,0.000000e+00,0.000000e+00,0.000000e+00,0.000000e+00,2.809300e-17,4.592052e-30,1.525753e-17,7.100231e-30,7.293938e-21,1.125444e-17,1.394171e-18,1.252934e-42,-2.533491e-17,-1.267951e-17,-1.525756e-17,-7.451426e-32,-7.293772e-21,-1.125415e-17,-1.394174e-18,-6.092396e-32,0.000000e+00,0.000000e+00,0.000000e+00,0.000000e+00,0.000000e+00,0.000000e+00,0.000000e+00,0.000000e+00,2.758086e-18,2.826821e-18,-3.125500e-23,7.025717e-30,1.661202e-25,2.903152e-22,-2.640360e-24,-6.092396e-32
2024.4642,200.00,275.0000,5.725913e+03,9.979031e-02,C,2.214455e-03,1.035826e+00,0.2212%,2.561748e-01,2.578475e-01,1.310177e-04,2.072422e-13,5.561682e-08,1.271881e-04,1.069826e-05,0.000000e+00,0.000000e+00,1.550633e-17,0.000000e+00,0.000000e+00,0.000000e+00,0.000000e+00,0.000000e+00,0.000000e+00,2.810549e-17,2.296026e-30,1.526530e-17,7.194604e-30,7.357031e-21,1.126094e-17,1.400160e-18,-2.088224e-42,-2.536032e-17,-1.269237e-17,-1.526533e-17,-7.522127e-32,-7.356854e-21,-1.126065e-17,-1.400162e-18,-6.123331e-32,0.000000e+00,0.000000e+00,0.000000e+00,0.000000e+00,0.000000e+00,0.000000e+00,0.000000e+00,0.000000e+00,2.745172e-18,2.813957e-18,-3.096495e-23,7.119383e-30,1.765539e-25,2.883585e-22,-2.603528e-24,-6.123331e-32
2044.4642,200.00,275.0000,5.796690e+03,9.929842e-02,C,2.214902e-03,1.035826e+00,0.2212%,2.579061e-01,2.596219e-01,1.310652e-04,2.117721e-13,5.627564e-08,1.274281e-04,1.074363e-05,0.000000e+00,0.000000e+00,1.550633e-17,0.000000e+00,0.000000e+00,0.000000e+00,0.000000e+00,0.000000e+00,0.000000e+00,2.811888e-17,2.296026e-30,1.527312e-17,7.290839e-30,7.420987e-21,1.126747e-17,1.406177e-18,-2.505868e-42,-2.538524e-17,-1.270499e-17,-1.527295e-17,-7.593207e-32,-7.419241e-21,-1.126701e-17,-1.406041e-18,-6.153853e-32,0.000000e+00,0.000000e+00,0.000000e+00,0.000000e+00,0.000000e+00,0.000000e+00,0.000000e+00,0.000000e+00,2.733647e-18,2.801339e-18,1.656843e-22,7.214907e-30,1.745565e-24,4.563930e-22,1.354704e-22,-6.153853e-32
2064.4642,200.00,275.0000,5.867487e+03,9.880429e-02,C,2.215331e-03,1.035826e+00,0.2213%,2.596293e-01,2.613883e-01,1.311105e-04,2.163620e-13,5.692171e-08,1.276648e-04,1.078739e-05,0.000000e+00,0.000000e+00,1.550633e-17,0.000000e+00,0.000000e+00,0.000000e+00,0.000000e+00,0.000000e+00,0.000000e+00,2.812996e-17,-1.836821e-30,1.528058e-17,7.385854e-30,7.482194e-21,1.127370e-17,1.411947e-18,-1.252934e-42,-2.541029e-17,-1.271768e-17,-1.528062e-17,-7.664871e-32,-7.481990e-21,-1.127342e-17,-1.411949e-18,-6.184117e-32,0.000000e+00,0.000000e+00,0.000000e+00,0.000000e+00,0.000000e+00,0.000000e+00,0.000000e+00,0.000000e+00,2.719671e-18,2.788653e-18,-3.040542e-23,7.309205e-30,2.044727e-25,2.852903e-22,-2.504565e-24,-6.184117e-32
2084.4642,200.00,275.0000,5.938315e+03,9.832032e-02,C,2.215765e-03,1.035826e+00,0.2213%,2.613446e-01,2.631468e-01,1.311561e-04,2.210124e-13,5.757618e-08,1.279005e-04,1.083128e-05,0.000000e+00,0.000000e+00,1.550633e-17,0.000000e+00,0.000000e+00,0.000000e+00,0.000000e+00,0.000000e+00,0.000000e+00,2.814190e-17,-1.836821e-30,1.528809e-17,7.482727e-30,7.544218e-21,1.127997e-17,1.417744e-18,0.000000e+00,-2.543484e-17,-1.273011e-17,-1.528812e-17,-7.736953e-32,-7.544003e-21,-1.127968e-17,-1.417746e-18,-6.213983e-32,0.000000e+00,0.000000e+00,0.000000e+00,0.000000e+00,0.000000e+00,0.000000e+00,0.000000e+00,0.000000e+00,2.707054e-18,2.776216e-18,-3.013709e-23,7.405358e-30,2.157400e-25,2.844197e-22,-2.433679e-24,-6.213983e-32
2104.4642,200.00,275.0000,6.009157e+03,9.784657e-02,C,2.216205e-03,1.035826e+00,0.2214%,2.630519e-01,2.648974e-01,1.312020e-04,2.257240e-13,5.823896e-08,1.281350e-04,1.087528e-05,0.000000e+00,0.000000e+00,1.550633e-17,0.000000e+00,0.000000e+00,0.000000e+00,0.000000e+00,0.000000e+00,0.000000e+00,2.815468e-17,1.377616e-30,1.529564e-17,7.581496e-30,7.607065e-21,1.128626e-17,1.423567e-18,-2.923513e-42,-2.545890e-17,-1.274230e-17,-1.529547e-17,-7.809452e-32,-7.605255e-21,-1.128581e-17,-1.423430e-18,-6.243439e-32,0.000000e+00,0.000000e+00,0.000000e+00,0.000000e+00,0.000000e+00,0.000000e+00,0.000000e+00,0.000000e+00,2.695785e-18,2.764031e-18,1.675626e-22,7.503402e-30,1.810288e-24,4.544768e-22,1.364877e-22,-6.243439e-32
2124.4642,200.00,275.0000,6.079997e+03,9.737080e-02,C,2.216638e-03,1.035826e+00,0.2214%,2.647516e-01,2.666403e-01,1.312470e-04,2.304975e-13,5.889992e-08,1.283672e-04,1.091851e-05,0.000000e+00,0.000000e+00,1.550633e-17,0.000000e+00,0.000000e+00,0.000000e+00,0.000000e+00,0.000000e+00,0.000000e+00,2.816669e-17,9.184104e-31,1.530303e-17,7.680579e-30,7.668865e-21,1.129243e-17,1.429277e-18,-1.252934e-42,-2.548307e-17,-1.275455e-17,-1.530286e-17,-7.882569e-32,-7.667034e-21,-1.129197e-17,-1.429140e-18,-6.272638e-32,0.000000e+00,0.000000e+00,0.000000e+00,0.000000e+00,0.000000e+00,0.000000e+00,0.000000e+00,0.000000e+00,2.683616e-18,2.751784e-18,1.681839e-22,7.601754e-30,1.830700e-24,4.520213e-22,1.367494e-22,-6.272638e-32
2144.4642,200.00,275.0000,6.150813e+03,9.689305e-02,C,2.217065e-03,1.035826e+00,0.2215%,2.664435e-01,2.683755e-01,1.312909e-04,2.353333e-13,5.955871e-08,1.285969e-04,1.096097e-05,0.000000e+00,0.000000e+00,1.550633e-17,0.000000e+00,0.000000e+00,0.000000e+00,0.000000e+00,0.000000e+00,0.000000e+00,2.817790e-17,-2.755231e-30,1.531026e-17,7.779955e-30,7.729579e-21,1.129845e-17,1.434873e-18,8.352894e-43,-2.550737e-17,-1.276685e-17,-1.531029e-17,-7.956305e-32,-7.729332e-21,-1.129818e-17,-1.434875e-18,-6.301568e-32,0.000000e+00,0.000000e+00,0.000000e+00,0.000000e+00,0.000000e+00,0.000000e+00,0.000000e+00,0.000000e+00,2.670528e-18,2.739475e-18,-2.932669e-23,7.700392e-30,2.472719e-25,2.766281e-22,-2.416925e-24,-6.301568e-32
2164.4642,200.00,275.0000,6.221699e+03,9.643790e-02,C,2.217496e-03,1.035826e+00,0.2215%,2.681277e-01,2.701031e-01,1.313352e-04,2.402321e-13,6.022386e-08,1.288261e-04,1.100356e-05,0.000000e+00,0.000000e+00,1.550633e-17,0.000000e+00,0.000000e+00,0.000000e+00,0.000000e+00,0.000000e+00,0.000000e+00,2.818991e-17,4.592052e-31,1.531753e-17,7.881258e-30,7.791124e-21,1.130451e-17,1.440495e-18,0.000000e+00,-2.553053e-17,-1.277859e-17,-1.531736e-17,-8.030372e-32,-7.789254e-21,-1.130406e-17,-1.440357e-18,-6.329994e-32,0.000000e+00,0.000000e+00,0.000000e+00,0.000000e+00,0.000000e+00,0.000000e+00,0.000000e+00,0.000000e+00,2.659384e-18,2.727738e-18,1.693839e-22,7.800954e-30,1.870035e-24,4.496947e-22,1.373466e-22,-6.329994e-32
2184.4642,200.00,275.0000,6.292622e+03,9.596887e-02,C,2.217920e-03,1.035826e+00,0.2215%,2.698044e-01,2.718231e-01,1.313784e-04,2.451944e-13,6.088878e-08,1.290533e-04,1.104538e-05,0.000000e+00,0.000000e+00,1.550633e-17,0.000000e+00,0.000000e+00,0.000000e+00,0.000000e+00,0.000000e+00,0.000000e+00,2.820110e-17,8.765354e-24,1.532464e-17,7.982860e-30,7.851486e-21,1.131043e-17,1.446000e-18,9.919062e-39,-2.555444e-17,-1.279070e-17,-1.532467e-17,-8.105366e-32,-7.851217e-21,-1.131015e-17,-1.446002e-18,-6.358376e-32,0.000000e+00,0.000000e+00,0.000000e+00,0.000000e+00,0.000000e+00,0.000000e+00,0.000000e+00,0.000000e+00,2.646661e-18,2.715635e-18,-2.881748e-23,7.901806e-30,2.691702e-25,2.728880e-22,-2.360923e-24,-6.358375e-32
2204.4642,200.00,275.0000,6.363540e+03,9.552221e-02,C,2.218350e-03,1.035826e+00,0.2216%,2.714736e-01,2.735357e-01,1.314219e-04,2.502211e-13,6.155939e-08,1.292793e-04,1.108730e-05,0.000000e+00,0.000000e+00,1.550633e-17,0.000000e+00,0.000000e+00,0.000000e+00,0.000000e+00,0.000000e+00,0.000000e+00,2.821305e-17,6.416654e-24,1.533179e-17,8.086413e-30,7.912662e-21,1.131637e-17,1.451530e-18,6.816797e-39,-2.557719e-17,-1.280224e-17,-1.533162e-17,-8.180645e-32,-7.910757e-21,-1.131593e-17,-1.451392e-18,-6.386198e-32,0.000000e+00,0.000000e+00,0.000000e+00,0.000000e+00,0.000000e+00,0.000000e+00,0.000000e+00,0.000000e+00,2.635858e-18,2.704098e-18,1.705652e-22,8.004606e-30,1.905113e-24,4.453788e-22,1.378496e-22,-6.386197e-32
2224.4642,200.00,275.0000,6.434439e+03,9.507376e-02,C,2.218771e-03,1.035826e+00,0.2216%,2.731354e-01,2.752409e-01,1.314644e-04,2.553127e-13,6.222734e-08,1.295031e-04,1.112844e-05,0.000000e+00,0.000000e+00,1.550633e-17,0.000000e+00,0.000000e+00,0.000000e+00,0.000000e+00,0.000000e+00,0.000000e+00,2.822414e-17,4.697582e-24,1.533877e-17,8.190249e-30,7.972659e-21,1.132218e-17,1.456943e-18,4.682215e-39,-2.560005e-17,-1.281383e-17,-1.533860e-17,-8.256629e-32,-7.970768e-21,-1.132174e-17,-1.456805e-18,-6.413779e-32,0.000000e+00,0.000000e+00,0.000000e+00,0.000000e+00,0.000000e+00,0.000000e+00,0.000000e+00,0.000000e+00,2.624082e-18,2.692504e-18,1.711325e-22,8.107683e-30,1.890819e-24,4.449774e-22,1.381383e-22,-6.413779e-32
2244.4642,200.00,275.0000,6.505342e+03,9.462360e-02,C,2.219197e-03,1.035826e+00,0.2217%,2.747899e-01,2.769388e-01,1.315072e-04,2.604700e-13,6.290471e-08,1.297258e-04,1.116966e-05,0.000000e+00,0.000000e+00,1.550633e-17,0.000000e+00,0.000000e+00,0.000000e+00,0.000000e+00,0.000000e+00,0.000000e+00,2.823596e-17,3.439868e-24,1.534579e-17,8.296090e-30,8.033351e-21,1.132802e-17,1.462377e-18,3.225470e-39,-2.562303e-17,-1.282547e-17,-1.534562e-17,-8.333364e-32,-8.031402e-21,-1.132758e-17,-1.462239e-18,-6.441144e-32,0.000000e+00,0.000000e+00,0.000000e+00,0.000000e+00,0.000000e+00,0.000000e+00,0.000000e+00,0.000000e+00,2.612934e-18,2.680858e-18,1.717234e-22,8.212756e-30,1.949901e-24,4.398290e-22,1.382864e-22,-6.441144e-32
2264.4642,200.00,275.0000,6.576262e+03,9.418398e-02,C,2.219616e-03,1.035826e+00,0.2217%,2.764371e-01,2.786295e-01,1.315489e-04,2.656935e-13,6.357717e-08,1.299466e-04,1.121011e-05,0.000000e+00,0.000000e+00,1.550633e-17,0.000000e+00,0.000000e+00,0.000000e+00,0.000000e+00,0.000000e+00,0.000000e+00,2.824690e-17,2.519199e-24,1.535265e-17,8.402209e-30,8.092869e-21,1.133372e-17,1.467695e-18,2.210176e-39,-2.564548e-17,-1.283686e-17,-1.535248e-17,-8.410673e-32,-8.090907e-21,-1.133328e-17,-1.467556e-18,-6.468146e-32,0.000000e+00,0.000000e+00,0.000000e+00,0.000000e+00,0.000000e+00,0.000000e+00,0.000000e+00,0.000000e+00,2.601423e-18,2.669474e-18,1.722779e-22,8.318102e-30,1.961910e-24,4.391108e-22,1.385699e-22,-6.468145e-32
2284.4642,200.00,275.0000,6.647168e+03,9.374266e-02,C,2.220026e-03,1.035826e+00,0.2218%,2.780772e-01,2.803129e-01,1.315897e-04,2.709841e-13,6.424639e-08,1.301652e-04,1.124976e-05,0.000000e+00,0.000000e+00,1.550633e-17,0.000000e+00,0.000000e+00,0.000000e+00,0.000000e+00,0.000000e+00,0.000000e+00,2.825694e-17,1.845219e-24,1.535934e-17,8.508583e-30,8.151126e-21,1.133927e-17,1.472893e-18,1.517721e-39,-2.566804e-17,-1.284829e-17,-1.535937e-17,-8.488758e-32,-8.150795e-21,-1.133901e-17,-1.472895e-18,-6.494927e-32,0.000000e+00,0.000000e+00,0.000000e+00,0.000000e+00,0.000000e+00,0.000000e+00,0.000000e+00,0.000000e+00,2.588899e-18,2.658038e-18,-2.762236e-23,8.423695e-30,3.310594e-25,2.649249e-22,-2.195298e-24,-6.494927e-32
2304.4642,200.00,275.0000,6.718065e+03,9.331202e-02,C,2.220440e-03,1.035826e+00,0.2218%,2.797101e-01,2.819893e-01,1.316306e-04,2.763424e-13,6.492267e-08,1.303828e-04,1.128950e-05,0.000000e+00,0.000000e+00,1.550633e-17,0.000000e+00,0.000000e+00,0.000000e+00,0.000000e+00,0.000000e+00,0.000000e+00,2.826766e-17,1.351975e-24,1.536606e-17,8.616996e-30,8.210085e-21,1.134485e-17,1.478112e-18,1.058729e-39,-2.569006e-17,-1.285946e-17,-1.536609e-17,-8.567430e-32,-8.209742e-21,-1.134459e-17,-1.478114e-18,-6.521333e-32,0.000000e+00,0.000000e+00,0.000000e+00,0.000000e+00,0.000000e+00,0.000000e+00,0.000000e+00,0.000000e+00,2.577606e-18,2.646869e-18,-2.739872e-23,8.531322e-30,3.424801e-25,2.640774e-22,-2.139218e-24,-6.521333e-32
2324.4642,200.00,275.0000,6.788960e+03,9.289209e-02,C,2.220859e-03,1.035826e+00,0.2218%,2.813360e-01,2.836586e-01,1.316718e-04,2.817693e-13,6.560603e-08,1.305994e-04,1.132933e-05,0.000000e+00,0.000000e+00,1.550633e-17,0.000000e+00,0.000000e+00,0.000000e+00,0.000000e+00,0.000000e+00,0.000000e+00,2.827908e-17,9.909121e-25,1.537282e-17,8.727492e-30,8.269748e-21,1.135046e-17,1.483352e-18,7.233606e-40,-2.571154e-17,-1.287036e-17,-1.537264e-17,-8.646713e-32,-8.267775e-21,-1.135002e-17,-1.483212e-18,-6.547371e-32,0.000000e+00,0.000000e+00,0.000000e+00,0.000000e+00,0.000000e+00,0.000000e+00,0.000000e+00,0.000000e+00,2.567536e-18,2.635970e-18,1.738982e-22,8.641025e-30,1.973246e-24,4.371404e-22,1.393799e-22,-6.547371e-32
2344.4642,200.00,275.0000,6.859863e+03,9.245826e-02,C,2.221269e-03,1.035826e+00,0.2219%,2.829548e-01,2.853209e-01,1.317120e-04,2.872654e-13,6.628804e-08,1.308141e-04,1.136834e-05,0.000000e+00,0.000000e+00,1.550633e-17,0.000000e+00,0.000000e+00,0.000000e+00,0.000000e+00,0.000000e+00,0.000000e+00,2.828954e-17,7.264475e-25,1.537941e-17,8.838257e-30,8.328045e-21,1.135593e-17,1.488469e-18,5.061854e-40,-2.573377e-17,-1.288163e-17,-1.537943e-17,-8.727081e-32,-8.327687e-21,-1.135567e-17,-1.488471e-18,-6.573390e-32,0.000000e+00,0.000000e+00,0.000000e+00,0.000000e+00,0.000000e+00,0.000000e+00,0.000000e+00,0.000000e+00,2.555779e-18,2.624701e-18,-2.693946e-23,8.750986e-30,3.580359e-25,2.584127e-22,-2.174004e-24,-6.573390e-32
2364.4642,200.00,275.0000,6.930758e+03,9.204752e-02,C,2.221684e-03,1.035826e+00,0.2219%,2.845668e-01,2.869763e-01,1.317524e-04,2.928315e-13,6.697463e-08,1.310278e-04,1.140745e-05,0.000000e+00,0.000000e+00,1.550633e-17,0.000000e+00,0.000000e+00,0.000000e+00,0.000000e+00,0.000000e+00,0.000000e+00,2.830067e-17,5.327658e-25,1.538603e-17,8.951144e-30,8.387079e-21,1.136142e-17,1.493608e-18,3.487333e-40,-2.575481e-17,-1.289231e-17,-1.538585e-17,-8.807873e-32,-8.385019e-21,-1.136098e-17,-1.493468e-18,-6.598878e-32,0.000000e+00,0.000000e+00,0.000000e+00,0.000000e+00,0.000000e+00,0.000000e+00,0.000000e+00,0.000000e+00,2.545866e-18,2.614024e-18,1.749664e-22,8.863066e-30,2.060635e-24,4.323215e-22,1.397979e-22,-6.598878e-32
2384.4642,200.00,275.0000,7.001638e+03,9.163523e-02,C,2.222089e-03,1.035826e+00,0.2220%,2.861718e-01,2.886249e-01,1.317917e-04,2.984684e-13,6.765731e-08,1.312394e-04,1.144575e-05,0.000000e+00,0.000000e+00,1.550633e-17,0.000000e+00,0.000000e+00,0.000000e+00,0.000000e+00,0.000000e+00,0.000000e+00,2.831083e-17,3.908277e-25,1.539248e-17,9.064298e-30,8.444749e-21,1.136676e-17,1.498624e-18,2.330457e-40,-2.577594e-17,-1.290303e-17,-1.539230e-17,-8.889550e-32,-8.442727e-21,-1.136633e-17,-1.498484e-18,-6.624170e-32,0.000000e+00,0.000000e+00,0.000000e+00,0.000000e+00,0.000000e+00,0.000000e+00,0.000000e+00,0.000000e+00,2.534882e-18,2.603298e-18,1.754737e-22,8.975402e-30,2.022081e-24,4.326706e-22,1.400737e-22,-6.624170e-32
2404.4642,200.00,275.0000,7.072513e+03,9.122149e-02,C,2.222499e-03,1.035826e+00,0.2220%,2.877701e-01,2.902667e-01,1.318312e-04,3.041770e-13,6.834886e-08,1.314502e-04,1.148413e-05,0.000000e+00,0.000000e+00,1.550633e-17,0.000000e+00,0.000000e+00,0.000000e+00,0.000000e+00,0.000000e+00,0.000000e+00,2.832162e-17,2.868292e-25,1.539896e-17,9.179615e-30,8.503037e-21,1.137213e-17,1.503659e-18,1.624638e-40,-2.579717e-17,-1.291380e-17,-1.539878e-17,-8.972147e-32,-8.500932e-21,-1.137170e-17,-1.503518e-18,-6.649278e-32,0.000000e+00,0.000000e+00,0.000000e+00,0.000000e+00,0.000000e+00,0.000000e+00,0.000000e+00,0.000000e+00,2.524443e-18,2.592527e-18,1.759990e-22,9.089893e-30,2.105082e-24,4.290266e-22,1.402350e-22,-6.649278e-32
2424.4642,200.00,275.0000,7.143377e+03,9.081858e-02,C,2.222899e-03,1.035826e+00,0.2220%,2.893617e-01,2.919018e-01,1.318697e-04,3.099580e-13,6.903383e-08,1.316589e-04,1.152169e-05,0.000000e+00,0.000000e+00,1.550633e-17,0.000000e+00,0.000000e+00,0.000000e+00,0.000000e+00,0.000000e+00,0.000000e+00,2.833141e-17,2.105686e-25,1.540527e-17,9.295194e-30,8.559965e-21,1.137736e-17,1.508571e-18,1.165229e-40,-2.581786e-17,-1.292430e-17,-1.540509e-17,-9.055449e-32,-8.557902e-21,-1.137693e-17,-1.508430e-18,-6.674033e-32,0.000000e+00,0.000000e+00,0.000000e+00,0.000000e+00,0.000000e+00,0.000000e+00,0.000000e+00,0.000000e+00,2.513554e-18,2.582029e-18,1.764881e-22,9.204640e-30,2.063883e-24,4.303315e-22,1.405360e-22,-6.674033e-32
2444.4642,200.00,275.0000,7.214252e+03,9.041427e-02,C,2.223303e-03,1.035826e+00,0.2221%,2.909466e-01,2.935302e-01,1.319084e-04,3.158123e-13,6.972765e-08,1.318669e-04,1.155933e-05,0.000000e+00,0.000000e+00,1.550633e-17,0.000000e+00,0.000000e+00,0.000000e+00,0.000000e+00,0.000000e+00,0.000000e+00,2.834182e-17,1.546612e-25,1.541161e-17,9.412980e-30,8.617491e-21,1.138261e-17,1.513500e-18,8.185836e-41,-2.583863e-17,-1.293484e-17,-1.541143e-17,-9.139731e-32,-8.615346e-21,-1.138218e-17,-1.513359e-18,-6.698624e-32,0.000000e+00,0.000000e+00,0.000000e+00,0.000000e+00,0.000000e+00,0.000000e+00,0.000000e+00,0.000000e+00,2.503191e-18,2.571488e-18,1.769942e-22,9.321582e-30,2.145007e-24,4.277974e-22,1.407279e-22,-6.698624e-32
2464.4642,200.00,275.0000,7.285079e+03,9.000853e-02,C,2.223698e-03,1.035826e+00,0.2221%,2.925249e-01,2.951520e-01,1.319460e-04,3.217408e-13,7.041673e-08,1.320728e-04,1.159613e-05,0.000000e+00,0.000000e+00,1.550633e-17,0.000000e+00,0.000000e+00,0.000000e+00,0.000000e+00,0.000000e+00,0.000000e+00,2.835121e-17,1.136345e-25,1.541778e-17,9.531024e-30,8.673560e-21,1.138771e-17,1.518305e-18,5.262323e-41,-2.585949e-17,-1.294543e-17,-1.541780e-17,-9.224964e-32,-8.673132e-21,-1.138746e-17,-1.518307e-18,-6.723014e-32,0.000000e+00,0.000000e+00,0.000000e+00,0.000000e+00,0.000000e+00,0.000000e+00,0.000000e+00,0.000000e+00,2.491713e-18,2.560901e-18,-2.569376e-23,9.438775e-30,4.286659e-25,2.510783e-22,-1.957869e-24,-6.723014e-32
2484.4642,200.00,275.0000,7.355888e+03,8.961377e-02,C,2.224096e-03,1.035826e+00,0.2222%,2.940966e-01,2.967672e-01,1.319839e-04,3.277444e-13,7.111199e-08,1.322777e-04,1.163301e-05,0.000000e+00,0.000000e+00,1.550633e-17,0.000000e+00,0.000000e+00,0.000000e+00,0.000000e+00,0.000000e+00,0.000000e+00,2.836118e-17,8.353632e-26,1.542397e-17,9.651320e-30,8.730258e-21,1.139283e-17,1.523127e-18,4.552327e-41,-2.587980e-17,-1.295574e-17,-1.542400e-17,-9.310962e-32,-8.729822e-21,-1.139258e-17,-1.523129e-18,-6.747055e-32,0.000000e+00,0.000000e+00,0.000000e+00,0.000000e+00,0.000000e+00,0.000000e+00,0.000000e+00,0.000000e+00,2.481386e-18,2.550593e-18,-2.549626e-23,9.558210e-30,4.354639e-25,2.497830e-22,-1.928147e-24,-6.747055e-32
2504.4642,200.00,275.0000,7.426688e+03,8.923003e-02,C,2.224499e-03,1.035826e+00,0.2222%,2.956619e-01,2.983760e-01,1.320219e-04,3.338239e-13,7.181342e-08,1.324817e-04,1.166996e-05,0.000000e+00,0.000000e+00,1.550633e-17,0.000000e+00,0.000000e+00,0.000000e+00,0.000000e+00,0.000000e+00,0.000000e+00,2.837175e-17,6.143753e-26,1.543020e-17,9.773913e-30,8.787585e-21,1.139798e-17,1.527967e-18,3.382922e-41,-2.589954e-17,-1.296576e-17,-1.543002e-17,-9.397753e-32,-8.785456e-21,-1.139756e-17,-1.527825e-18,-6.770758e-32,0.000000e+00,0.000000e+00,0.000000e+00,0.000000e+00,0.000000e+00,0.000000e+00,0.000000e+00,0.000000e+00,2.472206e-18,2.540566e-18,1.784517e-22,9.679936e-30,2.129159e-24,4.244106e-22,1.413645e-22,-6.770758e-32
2524.4642,200.00,275.0000,7.497467e+03,8.883260e-02,C,2.224891e-03,1.035826e+00,0.2222%,2.972207e-01,2.999783e-01,1.320588e-04,3.399804e-13,7.251235e-08,1.326839e-04,1.170607e-05,0.000000e+00,0.000000e+00,1.550633e-17,0.000000e+00,0.000000e+00,0.000000e+00,0.000000e+00,0.000000e+00,0.000000e+00,2.838126e-17,4.520600e-26,1.543624e-17,9.896784e-30,8.843350e-21,1.140298e-17,1.532679e-18,2.046459e-41,-2.592002e-17,-1.297616e-17,-1.543627e-17,-9.485832e-32,-8.842882e-21,-1.140273e-17,-1.532681e-18,-6.794464e-32,0.000000e+00,0.000000e+00,0.000000e+00,0.000000e+00,0.000000e+00,0.000000e+00,0.000000e+00,0.000000e+00,2.461238e-18,2.530173e-18,-2.509988e-23,9.801926e-30,4.680776e-25,2.452244e-22,-1.943655e-24,-6.794464e-32
2544.4642,200.00,275.0000,7.568235e+03,8.845857e-02,C,2.225286e-03,1.035826e+00,0.2223%,2.987731e-01,3.015742e-01,1.320960e-04,3.462146e-13,7.321457e-08,1.328852e-04,1.174226e-05,0.000000e+00,0.000000e+00,1.550633e-17,0.000000e+00,0.000000e+00,0.000000e+00,0.000000e+00,0.000000e+00,0.000000e+00,2.839133e-17,3.328687e-26,1.544232e-17,1.002200e-29,8.899779e-21,1.140800e-17,1.537409e-18,1.085876e-41,-2.593928e-17,-1.298594e-17,-1.544214e-17,-9.574506e-32,-8.897612e-21,-1.140758e-17,-1.537268e-18,-6.817662e-32,0.000000e+00,0.000000e+00,0.000000e+00,0.000000e+00,0.000000e+00,0.000000e+00,0.000000e+00,0.000000e+00,2.452046e-18,2.520386e-18,1.793966e-22,9.926255e-30,2.166933e-24,4.218711e-22,1.417692e-22,-6.817662e-32
2564.4642,200.00,275.0000,7.638965e+03,8.807090e-02,C,2.225672e-03,1.035826e+00,0.2223%,3.003193e-01,3.031639e-01,1.321320e-04,3.525277e-13,7.391396e-08,1.330845e-04,1.177761e-05,0.000000e+00,0.000000e+00,1.550633e-17,0.000000e+00,0.000000e+00,0.000000e+00,0.000000e+00,0.000000e+00,0.000000e+00,2.840032e-17,2.451375e-26,1.544822e-17,1.014749e-29,8.954600e-21,1.141287e-17,1.542011e-18,1.211170e-41,-2.595928e-17,-1.299609e-17,-1.544825e-17,-9.664507e-32,-8.954121e-21,-1.141263e-17,-1.542013e-18,-6.840861e-32,0.000000e+00,0.000000e+00,0.000000e+00,0.000000e+00,0.000000e+00,0.000000e+00,0.000000e+00,0.000000e+00,2.441045e-18,2.510234e-18,-2.473207e-23,1.005085e-29,4.789378e-25,2.442605e-22,-1.832268e-24,-6.840861e-32
2584.4642,200.00,275.2686,7.779975e+03,8.721787e-02,C,2.226620e-03,1.035826e+00,0.2224%,3.018701e-01,3.047438e-01,1.322205e-04,3.589440e-13,7.521472e-08,1.332348e-04,1.184533e-05,0.000000e+00,0.000000e+00,1.550633e-17,0.000000e+00,0.000000e+00,0.000000e+00,0.000000e+00,0.000000e+00,0.000000e+00,2.847493e-17,1.812988e-26,1.546233e-17,1.036178e-29,9.093165e-21,1.142461e-17,1.552266e-18,-1.252934e-42,-2.600379e-17,-1.301846e-17,-1.546214e-17,-9.752446e-32,-9.090812e-21,-1.142452e-17,-1.552137e-18,-6.861511e-32,0.000000e+00,0.000000e+00,0.000000e+00,0.000000e+00,0.000000e+00,0.000000e+00,0.000000e+00,0.000000e+00,2.471135e-18,2.487871e-18,1.826961e-22,1.026425e-29,2.352392e-24,8.276369e-23,1.285588e-22,-6.861511e-32
2604.4642,200.00,275.4925,7.882265e+03,8.663891e-02,C,2.227238e-03,1.035826e+00,0.2225%,3.034345e-01,3.063109e-01,1.322790e-04,3.654864e-13,7.595805e-08,1.331848e-04,1.188552e-05,0.000000e+00,0.000000e+00,1.550633e-17,0.000000e+00,0.000000e+00,0.000000e+00,0.000000e+00,0.000000e+00,0.000000e+00,2.851015e-17,1.331098e-26,1.547153e-17,1.052917e-29,9.183557e-21,1.143224e-17,1.559158e-18,-1.252934e-42,-2.603407e-17,-1.303366e-17,-1.547155e-17,-9.811963e-32,-9.183493e-21,-1.143247e-17,-1.559176e-18,-6.861056e-32,0.000000e+00,0.000000e+00,0.000000e+00,0.000000e+00,0.000000e+00,0.000000e+00,0.000000e+00,0.000000e+00,2.476077e-18,2.472673e-18,-2.200381e-23,1.043105e-29,6.393155e-26,-2.297693e-22,-1.881353e-23,-6.861056e-32
2624.4642,200.00,275.6695,7.963150e+03,8.622000e-02,C,2.227705e-03,1.035826e+00,0.2225%,3.049983e-01,3.078700e-01,1.323237e-04,3.721260e-13,7.646448e-08,1.330766e-04,1.191434e-05,0.000000e+00,0.000000e+00,1.550633e-17,0.000000e+00,0.000000e+00,0.000000e+00,0.000000e+00,0.000000e+00,0.000000e+00,2.852773e-17,9.757192e-27,1.547850e-17,1.067582e-29,9.251952e-21,1.143801e-17,1.564517e-18,0.000000e+00,-2.605598e-17,-1.304466e-17,-1.547831e-17,-9.862626e-32,-9.250112e-21,-1.143809e-17,-1.564392e-18,-6.853660e-32,0.000000e+00,0.000000e+00,0.000000e+00,0.000000e+00,0.000000e+00,0.000000e+00,0.000000e+00,0.000000e+00,2.471748e-18,2.461666e-18,1.840639e-22,1.057719e-29,1.840289e-24,-8.672712e-23,1.245435e-22,-6.853660e-32
2644.4642,200.00,275.8358,8.039117e+03,8.582482e-02,C,2.228119e-03,1.035826e+00,0.2226%,3.065574e-01,3.094225e-01,1.323635e-04,3.788552e-13,7.689988e-08,1.329533e-04,1.193927e-05,0.000000e+00,0.000000e+00,1.550633e-17,0.000000e+00,0.000000e+00,0.000000e+00,0.000000e+00,0.000000e+00,0.000000e+00,2.853925e-17,7.147988e-27,1.548467e-17,1.081644e-29,9.312439e-21,1.144310e-17,1.569322e-18,-1.252934e-42,-2.607667e-17,-1.305505e-17,-1.548469e-17,-9.912038e-32,-9.312414e-21,-1.144338e-17,-1.569342e-18,-6.844745e-32,0.000000e+00,0.000000e+00,0.000000e+00,0.000000e+00,0.000000e+00,0.000000e+00,0.000000e+00,0.000000e+00,2.462582e-18,2.451275e-18,-2.092657e-23,1.071732e-29,2.518719e-26,-2.711389e-22,-2.027088e-23,-6.844745e-32
2664.4642,200.00,275.9994,8.113859e+03,8.545316e-02,C,2.228522e-03,1.035826e+00,0.2226%,3.081111e-01,3.109686e-01,1.324021e-04,3.856735e-13,7.731457e-08,1.328262e-04,1.196330e-05,0.000000e+00,0.000000e+00,1.550633e-17,0.000000e+00,0.000000e+00,0.000000e+00,0.000000e+00,0.000000e+00,0.000000e+00,2.854964e-17,5.243205e-27,1.549066e-17,1.095757e-29,9.371443e-21,1.144805e-17,1.574001e-18,-3.341158e-42,-2.609614e-17,-1.306483e-17,-1.549068e-17,-9.961300e-32,-9.371439e-21,-1.144832e-17,-1.574021e-18,-6.835098e-32,0.000000e+00,0.000000e+00,0.000000e+00,0.000000e+00,0.000000e+00,0.000000e+00,0.000000e+00,0.000000e+00,2.453504e-18,2.441496e-18,-2.129537e-23,1.085795e-29,3.682433e-27,-2.728812e-22,-2.017720e-23,-6.835098e-32
2684.4642,200.00,276.1627,8.188474e+03,8.509288e-02,C,2.228928e-03,1.035826e+00,0.2226%,3.096591e-01,3.125086e-01,1.324409e-04,3.925813e-13,7.772839e-08,1.326986e-04,1.198739e-05,0.000000e+00,0.000000e+00,1.550633e-17,0.000000e+00,0.000000e+00,0.000000e+00,0.000000e+00,0.000000e+00,0.000000e+00,2.856054e-17,3.845384e-27,1.549668e-17,1.110145e-29,9.431075e-21,1.145302e-17,1.578695e-18,-2.088224e-42,-2.611502e-17,-1.307432e-17,-1.549649e-17,-1.001098e-31,-9.429286e-21,-1.145311e-17,-1.578570e-18,-6.825112e-32,0.000000e+00,0.000000e+00,0.000000e+00,0.000000e+00,0.000000e+00,0.000000e+00,0.000000e+00,0.000000e+00,2.445518e-18,2.432010e-18,1.854157e-22,1.100135e-29,1.789074e-24,-9.551083e-23,1.248783e-22,-6.825112e-32
2704.4642,200.00,276.3257,8.262953e+03,8.471918e-02,C,2.229323e-03,1.035826e+00,0.2227%,3.112014e-01,3.140425e-01,1.324786e-04,3.995800e-13,7.813219e-08,1.325694e-04,1.201063e-05,0.000000e+00,0.000000e+00,1.550633e-17,0.000000e+00,0.000000e+00,0.000000e+00,0.000000e+00,0.000000e+00,0.000000e+00,2.857030e-17,2.822275e-27,1.550252e-17,1.124584e-29,9.488997e-21,1.145783e-17,1.583257e-18,8.352894e-43,-2.613463e-17,-1.308417e-17,-1.550254e-17,-1.006160e-31,-9.488997e-21,-1.145811e-17,-1.583277e-18,-6.815139e-32,0.000000e+00,0.000000e+00,0.000000e+00,0.000000e+00,0.000000e+00,0.000000e+00,0.000000e+00,0.000000e+00,2.435667e-18,2.422163e-18,-2.097264e-23,1.114522e-29,-1.688911e-28,-2.738275e-22,-2.008674e-23,-6.815139e-32
2724.4642,200.00,276.4887,8.337427e+03,8.435682e-02,C,2.229721e-03,1.035826e+00,0.2227%,3.127382e-01,3.155703e-01,1.325165e-04,4.066707e-13,7.853518e-08,1.324400e-04,1.203395e-05,0.000000e+00,0.000000e+00,1.550633e-17,0.000000e+00,0.000000e+00,0.000000e+00,0.000000e+00,0.000000e+00,0.000000e+00,2.858055e-17,2.074689e-27,1.550838e-17,1.139305e-29,9.547526e-21,1.146266e-17,1.587834e-18,2.505868e-42,-2.615366e-17,-1.309372e-17,-1.550840e-17,-1.011270e-31,-9.547525e-21,-1.146294e-17,-1.587854e-18,-6.804852e-32,0.000000e+00,0.000000e+00,0.000000e+00,0.000000e+00,0.000000e+00,0.000000e+00,0.000000e+00,0.000000e+00,2.426890e-18,2.412609e-18,-2.081298e-23,1.129193e-29,5.533241e-28,-2.744830e-22,-2.004933e-23,-6.804852e-32
2744.4642,200.00,276.6517,8.411886e+03,8.400589e-02,C,2.230123e-03,1.035826e+00,0.2228%,3.142695e-01,3.170921e-01,1.325545e-04,4.138548e-13,7.893731e-08,1.323102e-04,1.205734e-05,0.000000e+00,0.000000e+00,1.550633e-17,0.000000e+00,0.000000e+00,0.000000e+00,0.000000e+00,0.000000e+00,0.000000e+00,2.859128e-17,1.525021e-27,1.551426e-17,1.154316e-29,9.606663e-21,1.146752e-17,1.592425e-18,2.088224e-42,-2.617209e-17,-1.310298e-17,-1.551408e-17,-1.016426e-31,-9.604844e-21,-1.146761e-17,-1.592300e-18,-6.794247e-32,0.000000e+00,0.000000e+00,0.000000e+00,0.000000e+00,0.000000e+00,0.000000e+00,0.000000e+00,0.000000e+00,2.419187e-18,2.403350e-18,1.872181e-22,1.144152e-29,1.818214e-24,-9.557839e-23,1.254187e-22,-6.794247e-32
2764.4642,200.00,276.8146,8.486316e+03,8.364147e-02,C,2.230513e-03,1.035826e+00,0.2228%,3.157952e-01,3.186079e-01,1.325913e-04,4.211335e-13,7.932953e-08,1.321792e-04,1.207988e-05,0.000000e+00,0.000000e+00,1.550633e-17,0.000000e+00,0.000000e+00,0.000000e+00,0.000000e+00,0.000000e+00,0.000000e+00,2.860085e-17,1.121838e-27,1.551996e-17,1.169380e-29,9.664032e-21,1.147221e-17,1.596884e-18,9.605828e-42,-2.619126e-17,-1.311260e-17,-1.551998e-17,-1.021686e-31,-9.664029e-21,-1.147249e-17,-1.596904e-18,-6.783692e-32,0.000000e+00,0.000000e+00,0.000000e+00,0.000000e+00,0.000000e+00,0.000000e+00,0.000000e+00,0.000000e+00,2.409589e-18,2.393729e-18,-2.049805e-23,1.159163e-29,2.633713e-27,-2.759248e-22,-1.998155e-23,-6.783692e-32
2784.4642,200.00,276.9776,8.560796e+03,8.328851e-02,C,2.230906e-03,1.035826e+00,0.2228%,3.173155e-01,3.201178e-01,1.326283e-04,4.285081e-13,7.972087e-08,1.320482e-04,1.210250e-05,0.000000e+00,0.000000e+00,1.550633e-17,0.000000e+00,0.000000e+00,0.000000e+00,0.000000e+00,0.000000e+00,0.000000e+00,2.861088e-17,8.265694e-28,1.552569e-17,1.184741e-29,9.721989e-21,1.147693e-17,1.601356e-18,1.252934e-42,-2.620983e-17,-1.312192e-17,-1.552571e-17,-1.026998e-31,-9.721975e-21,-1.147721e-17,-1.601376e-18,-6.772843e-32,0.000000e+00,0.000000e+00,0.000000e+00,0.000000e+00,0.000000e+00,0.000000e+00,0.000000e+00,0.000000e+00,2.401053e-18,2.384405e-18,-2.034312e-23,1.174471e-29,1.391824e-26,-2.766344e-22,-1.994852e-23,-6.772843e-32
2804.4642,200.00,277.1405,8.635238e+03,8.294698e-02,C,2.231302e-03,1.035826e+00,0.2229%,3.188304e-01,3.216219e-01,1.326655e-04,4.359801e-13,8.011133e-08,1.319170e-04,1.212519e-05,0.000000e+00,0.000000e+00,1.550633e-17,0.000000e+00,0.000000e+00,0.000000e+00,0.000000e+00,0.000000e+00,0.000000e+00,2.862139e-17,6.107429e-28,1.553144e-17,1.200404e-29,9.780538e-21,1.148167e-17,1.605842e-18,5.429381e-42,-2.622782e-17,-1.313095e-17,-1.553125e-17,-1.032363e-31,-9.778612e-21,-1.148176e-17,-1.605716e-18,-6.761693e-32,0.000000e+00,0.000000e+00,0.000000e+00,0.000000e+00,0.000000e+00,0.000000e+00,0.000000e+00,0.000000e+00,2.393570e-18,2.375376e-18,1.879233e-22,1.190080e-29,1.925465e-24,-9.887708e-23,1.260112e-22,-6.761693e-32
2824.4642,200.00,277.3034,8.709656e+03,8.259212e-02,C,2.231687e-03,1.035826e+00,0.2229%,3.203399e-01,3.231202e-01,1.327015e-04,4.435509e-13,8.049157e-08,1.317845e-04,1.214702e-05,0.000000e+00,0.000000e+00,1.550633e-17,0.000000e+00,0.000000e+00,0.000000e+00,0.000000e+00,0.000000e+00,0.000000e+00,2.863069e-17,4.458883e-28,1.553700e-17,1.216125e-29,9.837257e-21,1.148624e-17,1.610194e-18,0.000000e+00,-2.624652e-17,-1.314034e-17,-1.553702e-17,-1.037833e-31,-9.837248e-21,-1.148652e-17,-1.610214e-18,-6.750580e-32,0.000000e+00,0.000000e+00,0.000000e+00,0.000000e+00,0.000000e+00,0.000000e+00,0.000000e+00,0.000000e+00,2.384176e-18,2.365989e-18,-2.003937e-23,1.205747e-29,9.173411e-27,-2.778076e-22,-1.987551e-23,-6.750580e-32
2844.4642,200.00,277.4663,8.784097e+03,8.226113e-02,C,2.232074e-03,1.035826e+00,0.2230%,3.218441e-01,3.246127e-01,1.327377e-04,4.512218e-13,8.086796e-08,1.316521e-04,1.216894e-05,0.000000e+00,0.000000e+00,1.550633e-17,0.000000e+00,0.000000e+00,0.000000e+00,0.000000e+00,0.000000e+00,0.000000e+00,2.864045e-17,3.347606e-28,1.554259e-17,1.232156e-29,9.894608e-21,1.149084e-17,1.614561e-18,-1.252934e-42,-2.626397e-17,-1.314910e-17,-1.554240e-17,-1.043334e-31,-9.892733e-21,-1.149094e-17,-1.614434e-18,-6.739011e-32,0.000000e+00,0.000000e+00,0.000000e+00,0.000000e+00,0.000000e+00,0.000000e+00,0.000000e+00,0.000000e+00,2.376482e-18,2.357228e-18,1.892386e-22,1.221723e-29,1.875280e-24,-9.545528e-23,1.264175e-22,-6.739011e-32
2864.4642,200.00,277.6294,8.858591e+03,8.191680e-02,C,2.232450e-03,1.035826e+00,0.2230%,3.233430e-01,3.260995e-01,1.327727e-04,4.589944e-13,8.123444e-08,1.315184e-04,1.219000e-05,0.000000e+00,0.000000e+00,1.550633e-17,0.000000e+00,0.000000e+00,0.000000e+00,0.000000e+00,0.000000e+00,0.000000e+00,2.864900e-17,2.415419e-28,1.554799e-17,1.248246e-29,9.950076e-21,1.149528e-17,1.618793e-18,8.352894e-43,-2.628215e-17,-1.315822e-17,-1.554801e-17,-1.048944e-31,-9.950450e-21,-1.149555e-17,-1.618811e-18,-6.727490e-32,0.000000e+00,0.000000e+00,0.000000e+00,0.000000e+00,0.000000e+00,0.000000e+00,0.000000e+00,0.000000e+00,2.366857e-18,2.348108e-18,-1.971221e-23,1.237757e-29,-3.740054e-25,-2.731375e-22,-1.814454e-23,-6.727490e-32
2884.4642,200.00,277.7922,8.932990e+03,8.158396e-02,C,2.232843e-03,1.035826e+00,0.2230%,3.248367e-01,3.275806e-01,1.328092e-04,4.668702e-13,8.161422e-08,1.313859e-04,1.221205e-05,0.000000e+00,0.000000e+00,1.550633e-17,0.000000e+00,0.000000e+00,0.000000e+00,0.000000e+00,0.000000e+00,0.000000e+00,2.865964e-17,1.800084e-28,1.555362e-17,1.264915e-29,1.000845e-20,1.149991e-17,1.623182e-18,0.000000e+00,-2.629973e-17,-1.316704e-17,-1.555343e-17,-1.054613e-31,-1.000656e-20,-1.150001e-17,-1.623055e-18,-6.715685e-32,0.000000e+00,0.000000e+00,0.000000e+00,0.000000e+00,0.000000e+00,0.000000e+00,0.000000e+00,0.000000e+00,2.359918e-18,2.339287e-18,1.894907e-22,1.254369e-29,1.894572e-24,-9.701157e-23,1.268282e-22,-6.715685e-32
2904.4642,200.00,277.9551,9.007417e+03,8.125027e-02,C,2.233224e-03,1.035826e+00,0.2231%,3.263251e-01,3.290561e-01,1.328444e-04,4.748506e-13,8.198105e-08,1.312522e-04,1.223325e-05,0.000000e+00,0.000000e+00,1.550633e-17,0.000000e+00,0.000000e+00,0.000000e+00,0.000000e+00,0.000000e+00,0.000000e+00,2.866906e-17,1.308735e-28,1.555906e-17,1.281651e-29,1.006498e-20,1.150439e-17,1.627438e-18,-3.758802e-42,-2.631736e-17,-1.317589e-17,-1.555887e-17,-1.060368e-31,-1.006308e-20,-1.150448e-17,-1.627311e-18,-6.703761e-32,0.000000e+00,0.000000e+00,0.000000e+00,0.000000e+00,0.000000e+00,0.000000e+00,0.000000e+00,0.000000e+00,2.351698e-18,2.330438e-18,1.898740e-22,1.271047e-29,1.901329e-24,-9.668989e-23,1.270237e-22,-6.703761e-32
2924.4642,200.00,278.1181,9.081875e+03,8.091574e-02,C,2.233608e-03,1.035826e+00,0.2231%,3.278085e-01,3.305261e-01,1.328799e-04,4.829373e-13,8.234983e-08,1.311186e-04,1.225451e-05,0.000000e+00,0.000000e+00,1.550633e-17,0.000000e+00,0.000000e+00,0.000000e+00,0.000000e+00,0.000000e+00,0.000000e+00,2.867890e-17,9.826992e-29,1.556453e-17,1.298718e-29,1.012200e-20,1.150888e-17,1.631704e-18,-7.517605e-42,-2.633506e-17,-1.318477e-17,-1.556434e-17,-1.066212e-31,-1.012002e-20,-1.150898e-17,-1.631577e-18,-6.691724e-32,0.000000e+00,0.000000e+00,0.000000e+00,0.000000e+00,0.000000e+00,0.000000e+00,0.000000e+00,0.000000e+00,2.343845e-18,2.321561e-18,1.902678e-22,1.288056e-29,1.987379e-24,-9.866504e-23,1.271482e-22,-6.691724e-32
2944.4642,200.00,278.2806,9.156144e+03,8.058035e-02,C,2.233979e-03,1.035826e+00,0.2231%,3.292866e-01,3.319905e-01,1.329141e-04,4.911318e-13,8.270499e-08,1.309838e-04,1.227492e-05,0.000000e+00,0.000000e+00,1.550633e-17,0.000000e+00,0.000000e+00,0.000000e+00,0.000000e+00,0.000000e+00,0.000000e+00,2.868751e-17,7.439125e-29,1.556981e-17,1.315854e-29,1.017714e-20,1.151321e-17,1.635836e-18,-4.176447e-42,-2.635281e-17,-1.319367e-17,-1.556982e-17,-1.072144e-31,-1.017716e-20,-1.151349e-17,-1.635856e-18,-6.679569e-32,0.000000e+00,0.000000e+00,0.000000e+00,0.000000e+00,0.000000e+00,0.000000e+00,0.000000e+00,0.000000e+00,2.334694e-18,2.312656e-18,-1.918946e-23,1.305133e-29,-1.509413e-26,-2.768395e-22,-1.951061e-23,-6.679569e-32
2964.4642,200.00,278.4434,9.230531e+03,8.025650e-02,C,2.234353e-03,1.035826e+00,0.2232%,3.307598e-01,3.334494e-01,1.329485e-04,4.994358e-13,8.305909e-08,1.308492e-04,1.229539e-05,0.000000e+00,0.000000e+00,1.550633e-17,0.000000e+00,0.000000e+00,0.000000e+00,0.000000e+00,0.000000e+00,0.000000e+00,2.869652e-17,4.821655e-29,1.557510e-17,1.333330e-29,1.023282e-20,1.151756e-17,1.639980e-18,4.594092e-42,-2.636997e-17,-1.320228e-17,-1.557512e-17,-1.078141e-31,-1.023283e-20,-1.151784e-17,-1.640000e-18,-6.667143e-32,0.000000e+00,0.000000e+00,0.000000e+00,0.000000e+00,0.000000e+00,0.000000e+00,0.000000e+00,0.000000e+00,2.326555e-18,2.304052e-18,-1.905850e-23,1.322548e-29,-8.104118e-27,-2.756911e-22,-1.941634e-23,-6.667143e-32
2984.4642,200.00,278.6063,9.304936e+03,7.993187e-02,C,2.234730e-03,1.035826e+00,0.2232%,3.322278e-01,3.349028e-01,1.329830e-04,5.078509e-13,8.341502e-08,1.307146e-04,1.231593e-05,0.000000e+00,0.000000e+00,1.550633e-17,0.000000e+00,0.000000e+00,0.000000e+00,0.000000e+00,0.000000e+00,0.000000e+00,2.870594e-17,3.489960e-29,1.558042e-17,1.351153e-29,1.028897e-20,1.152192e-17,1.644134e-18,1.670579e-42,-2.638718e-17,-1.321091e-17,-1.558044e-17,-1.084231e-31,-1.028897e-20,-1.152220e-17,-1.644154e-18,-6.654600e-32,0.000000e+00,0.000000e+00,0.000000e+00,0.000000e+00,0.000000e+00,0.000000e+00,0.000000e+00,0.000000e+00,2.318768e-18,2.295422e-18,-1.891674e-23,1.340311e-29,-3.668219e-27,-2.767096e-22,-1.940120e-23,-6.654600e-32
3004.4642,200.00,278.7690,9.379283e+03,7.961882e-02,C,2.235110e-03,1.035826e+00,0.2233%,3.336909e-01,3.363509e-01,1.330177e-04,5.163790e-13,8.377000e-08,1.305801e-04,1.233655e-05,0.000000e+00,0.000000e+00,1.550633e-17,0.000000e+00,0.000000e+00,0.000000e+00,0.000000e+00,0.000000e+00,0.000000e+00,2.871577e-17,2.984834e-29,1.558576e-17,1.369333e-29,1.034565e-20,1.152631e-17,1.648300e-18,-2.088224e-42,-2.640378e-17,-1.321923e-17,-1.558557e-17,-1.090388e-31,-1.034369e-20,-1.152640e-17,-1.648172e-18,-6.641790e-32,0.000000e+00,0.000000e+00,0.000000e+00,0.000000e+00,0.000000e+00,0.000000e+00,0.000000e+00,0.000000e+00,2.311987e-18,2.287095e-18,1.917547e-22,1.358429e-29,1.958831e-24,-9.795053e-23,1.278580e-22,-6.641790e-32
3024.4642,200.00,278.9319,9.453705e+03,7.930495e-02,C,2.235476e-03,1.035826e+00,0.2233%,3.351490e-01,3.377936e-01,1.330512e-04,5.250216e-13,8.411100e-08,1.304447e-04,1.235630e-05,0.000000e+00,0.000000e+00,1.550633e-17,0.000000e+00,0.000000e+00,0.000000e+00,0.000000e+00,0.000000e+00,0.000000e+00,2.872433e-17,2.296026e-29,1.559091e-17,1.387590e-29,1.040039e-20,1.153053e-17,1.652330e-18,2.505868e-42,-2.642044e-17,-1.322759e-17,-1.559071e-17,-1.096642e-31,-1.039842e-20,-1.153062e-17,-1.652202e-18,-6.628881e-32,0.000000e+00,0.000000e+00,0.000000e+00,0.000000e+00,0.000000e+00,0.000000e+00,0.000000e+00,0.000000e+00,2.303886e-18,2.278742e-18,1.921036e-22,1.376624e-29,1.967600e-24,-9.554779e-23,1.281126e-22,-6.628881e-32
3044.4642,200.00,279.0944,9.527953e+03,7.897797e-02,C,2.235846e-03,1.035826e+00,0.2233%,3.366022e-01,3.392310e-01,1.330848e-04,5.337806e-13,8.445672e-08,1.303094e-04,1.237611e-05,0.000000e+00,0.000000e+00,1.550633e-17,0.000000e+00,0.000000e+00,0.000000e+00,0.000000e+00,0.000000e+00,0.000000e+00,2.873327e-17,1.607218e-29,1.559607e-17,1.406212e-29,1.045551e-20,1.153476e-17,1.656369e-18,3.758802e-42,-2.643781e-17,-1.323630e-17,-1.559609e-17,-1.103021e-31,-1.045552e-20,-1.153504e-17,-1.656388e-18,-6.616026e-32,0.000000e+00,0.000000e+00,0.000000e+00,0.000000e+00,0.000000e+00,0.000000e+00,0.000000e+00,0.000000e+00,2.295461e-18,2.270034e-18,-1.851378e-23,1.395182e-29,-5.764808e-27,-2.772165e-22,-1.926721e-23,-6.616026e-32
3064.4642,200.00,279.2569,9.602194e+03,7.867497e-02,C,2.236217e-03,1.035826e+00,0.2234%,3.380506e-01,3.406631e-01,1.331185e-04,5.426580e-13,8.479841e-08,1.301741e-04,1.239599e-05,0.000000e+00,0.000000e+00,1.550633e-17,0.000000e+00,0.000000e+00,0.000000e+00,0.000000e+00,0.000000e+00,0.000000e+00,2.874261e-17,1.377616e-29,1.560126e-17,1.425207e-29,1.051122e-20,1.153902e-17,1.660419e-18,8.352894e-43,-2.645392e-17,-1.324437e-17,-1.560107e-17,-1.109442e-31,-1.050924e-20,-1.153911e-17,-1.660291e-18,-6.602730e-32,0.000000e+00,0.000000e+00,0.000000e+00,0.000000e+00,0.000000e+00,0.000000e+00,0.000000e+00,0.000000e+00,2.288689e-18,2.261960e-18,1.928303e-22,1.414113e-29,1.986207e-24,-9.681657e-23,1.283960e-22,-6.602730e-32
3084.4642,200.00,279.4193,9.676403e+03,7.835889e-02,C,2.236576e-03,1.035826e+00,0.2234%,3.394940e-01,3.420899e-01,1.331511e-04,5.516553e-13,8.512883e-08,1.300379e-04,1.241500e-05,0.000000e+00,0.000000e+00,1.550633e-17,0.000000e+00,0.000000e+00,0.000000e+00,0.000000e+00,0.000000e+00,0.000000e+00,2.875065e-17,6.888078e-30,1.560625e-17,1.444287e-29,1.056487e-20,1.154311e-17,1.664332e-18,3.758802e-42,-2.647073e-17,-1.325280e-17,-1.560627e-17,-1.115994e-31,-1.056488e-20,-1.154338e-17,-1.664351e-18,-6.589510e-32,0.000000e+00,0.000000e+00,0.000000e+00,0.000000e+00,0.000000e+00,0.000000e+00,0.000000e+00,0.000000e+00,2.279921e-18,2.253533e-18,-1.773724e-23,1.433127e-29,-1.705939e-26,-2.737522e-22,-1.913028e-23,-6.589510e-32
3104.4642,200.00,279.5820,9.750726e+03,7.805440e-02,C,2.236937e-03,1.035826e+00,0.2234%,3.409327e-01,3.435116e-01,1.331837e-04,5.607747e-13,8.545870e-08,1.299020e-04,1.243408e-05,0.000000e+00,0.000000e+00,1.550633e-17,0.000000e+00,0.000000e+00,0.000000e+00,0.000000e+00,0.000000e+00,0.000000e+00,2.875907e-17,4.592052e-30,1.561127e-17,1.463748e-29,1.061899e-20,1.154721e-17,1.668256e-18,-2.088224e-42,-2.648694e-17,-1.326092e-17,-1.561129e-17,-1.122621e-31,-1.061940e-20,-1.154749e-17,-1.668273e-18,-6.576029e-32,0.000000e+00,0.000000e+00,0.000000e+00,0.000000e+00,0.000000e+00,0.000000e+00,0.000000e+00,0.000000e+00,2.272134e-18,2.245410e-18,-1.808851e-23,1.452522e-29,-4.013961e-25,-2.734122e-22,-1.756520e-23,-6.576029e-32
3124.4642,200.00,279.7447,9.825075e+03,7.774920e-02,C,2.237300e-03,1.035826e+00,0.2235%,3.423665e-01,3.449282e-01,1.332165e-04,5.700180e-13,8.579004e-08,1.297664e-04,1.245323e-05,0.000000e+00,0.000000e+00,1.550633e-17,0.000000e+00,0.000000e+00,0.000000e+00,0.000000e+00,0.000000e+00,0.000000e+00,2.876786e-17,9.184104e-31,1.561630e-17,1.483600e-29,1.067357e-20,1.155133e-17,1.672188e-18,-7.517605e-42,-2.650320e-17,-1.326907e-17,-1.561632e-17,-1.129356e-31,-1.067397e-20,-1.155161e-17,-1.672206e-18,-6.562470e-32,0.000000e+00,0.000000e+00,0.000000e+00,0.000000e+00,0.000000e+00,0.000000e+00,0.000000e+00,0.000000e+00,2.264667e-18,2.237264e-18,-1.796095e-23,1.472307e-29,-3.969162e-25,-2.735392e-22,-1.752443e-23,-6.562470e-32
3144.4642,200.00,279.9073,9.899349e+03,7.744327e-02,C,2.237666e-03,1.035826e+00,0.2235%,3.437957e-01,3.463396e-01,1.332494e-04,5.793873e-13,8.612255e-08,1.296308e-04,1.247243e-05,0.000000e+00,0.000000e+00,1.550633e-17,0.000000e+00,0.000000e+00,0.000000e+00,0.000000e+00,0.000000e+00,0.000000e+00,2.877702e-17,7.347283e-30,1.562135e-17,1.503853e-29,1.072859e-20,1.155547e-17,1.676130e-18,1.252934e-42,-2.651951e-17,-1.327724e-17,-1.562137e-17,-1.136194e-31,-1.072861e-20,-1.155574e-17,-1.676149e-18,-6.548799e-32,0.000000e+00,0.000000e+00,0.000000e+00,0.000000e+00,0.000000e+00,0.000000e+00,0.000000e+00,0.000000e+00,2.257512e-18,2.229093e-18,-1.788251e-23,1.492491e-29,-1.849537e-26,-2.755149e-22,-1.896277e-23,-6.548799e-32
3164.4642,200.00,280.0698,9.973592e+03,7.714907e-02,C,2.238019e-03,1.035826e+00,0.2236%,3.452201e-01,3.477459e-01,1.332811e-04,5.888845e-13,8.643863e-08,1.294944e-04,1.249077e-05,0.000000e+00,0.000000e+00,1.550633e-17,0.000000e+00,0.000000e+00,0.000000e+00,0.000000e+00,0.000000e+00,0.000000e+00,2.878486e-17,1.836821e-30,1.562621e-17,1.524202e-29,1.078159e-20,1.155944e-17,1.679936e-18,2.505868e-42,-2.653520e-17,-1.328510e-17,-1.562622e-17,-1.143114e-31,-1.078198e-20,-1.155972e-17,-1.679953e-18,-6.534873e-32,0.000000e+00,0.000000e+00,0.000000e+00,0.000000e+00,0.000000e+00,0.000000e+00,0.000000e+00,0.000000e+00,2.249665e-18,2.221232e-18,-1.772013e-23,1.512770e-29,-3.970210e-25,-2.720444e-22,-1.738117e-23,-6.534873e-32
3184.4642,200.00,280.1363,1.001559e+04,7.702570e-02,C,2.238166e-03,1.035826e+00,0.2236%,3.466368e-01,3.491481e-01,1.332953e-04,5.985023e-13,8.652097e-08,1.293645e-04,1.249800e-05,0.000000e+00,0.000000e+00,1.550633e-17,0.000000e+00,0.000000e+00,0.000000e+00,0.000000e+00,0.000000e+00,0.000000e+00,2.877145e-17,1.836821e-30,1.562832e-17,1.540824e-29,1.080334e-20,1.156115e-17,1.681863e-18,-4.176447e-43,-2.654173e-17,-1.328840e-17,-1.562813e-17,-1.150142e-31,-1.080120e-20,-1.156115e-17,-1.681730e-18,-6.520904e-32,0.000000e+00,0.000000e+00,0.000000e+00,0.000000e+00,0.000000e+00,0.000000e+00,0.000000e+00,0.000000e+00,2.229724e-18,2.217934e-18,1.942336e-22,1.529322e-29,2.135432e-24,3.777522e-24,1.329479e-22,-6.520904e-32
3204.4642,200.00,280.1592,1.005632e+04,7.689894e-02,C,2.238284e-03,1.035826e+00,0.2236%,3.480381e-01,3.505488e-01,1.333065e-04,6.082177e-13,8.665299e-08,1.293071e-04,1.250612e-05,0.000000e+00,0.000000e+00,1.550633e-17,0.000000e+00,0.000000e+00,0.000000e+00,0.000000e+00,0.000000e+00,0.000000e+00,2.875536e-17,5.051257e-30,1.563004e-17,1.557061e-29,1.082012e-20,1.156253e-17,1.683505e-18,-2.923513e-42,-2.654838e-17,-1.329178e-17,-1.563006e-17,-1.158781e-31,-1.082038e-20,-1.156261e-17,-1.683516e-18,-6.515461e-32,0.000000e+00,0.000000e+00,0.000000e+00,0.000000e+00,0.000000e+00,0.000000e+00,0.000000e+00,0.000000e+00,2.206974e-18,2.214545e-18,-1.813985e-23,1.545473e-29,-2.593193e-25,-7.489161e-23,-1.023573e-23,-6.515461e-32
3224.4642,200.00,280.1891,1.010959e+04,7.670804e-02,C,2.238500e-03,1.035826e+00,0.2236%,3.494279e-01,3.519469e-01,1.333255e-04,6.180432e-13,8.695177e-08,1.293042e-04,1.252154e-05,0.000000e+00,0.000000e+00,1.550633e-17,0.000000e+00,0.000000e+00,0.000000e+00,0.000000e+00,0.000000e+00,0.000000e+00,2.874982e-17,-5.510463e-30,1.563306e-17,1.575505e-29,1.085175e-20,1.156499e-17,1.686029e-18,-2.923513e-42,-2.655844e-17,-1.329689e-17,-1.563308e-17,-1.168683e-31,-1.085187e-20,-1.156501e-17,-1.686037e-18,-6.516330e-32,0.000000e+00,0.000000e+00,0.000000e+00,0.000000e+00,0.000000e+00,0.000000e+00,0.000000e+00,0.000000e+00,2.191383e-18,2.209439e-18,-1.889492e-23,1.563818e-29,-1.221720e-25,-2.024189e-23,-8.107343e-24,-6.516330e-32
3244.4642,200.00,280.2231,1.017015e+04,7.647852e-02,C,2.238765e-03,1.035826e+00,0.2236%,3.508091e-01,3.533414e-01,1.333485e-04,6.279890e-13,8.734153e-08,1.293320e-04,1.254075e-05,0.000000e+00,0.000000e+00,1.550633e-17,0.000000e+00,0.000000e+00,0.000000e+00,0.000000e+00,0.000000e+00,0.000000e+00,2.874975e-17,-4.132847e-30,1.563674e-17,1.595263e-29,1.089095e-20,1.156798e-17,1.688997e-18,4.594092e-42,-2.657054e-17,-1.330303e-17,-1.563676e-17,-1.179406e-31,-1.089105e-20,-1.156797e-17,-1.689004e-18,-6.520844e-32,0.000000e+00,0.000000e+00,0.000000e+00,0.000000e+00,0.000000e+00,0.000000e+00,0.000000e+00,0.000000e+00,2.179210e-18,2.203297e-18,-1.897825e-23,1.583469e-29,-9.472074e-26,1.187676e-23,-6.896529e-24,-6.520844e-32
3264.4642,200.00,280.2596,1.023504e+04,7.623540e-02,C,2.239065e-03,1.035826e+00,0.2237%,3.521832e-01,3.547318e-01,1.333742e-04,6.380619e-13,8.778749e-08,1.293779e-04,1.256243e-05,0.000000e+00,0.000000e+00,1.550633e-17,0.000000e+00,0.000000e+00,0.000000e+00,0.000000e+00,0.000000e+00,0.000000e+00,2.875343e-17,-9.184104e-31,1.564086e-17,1.616057e-29,1.093542e-20,1.157134e-17,1.692265e-18,-4.594092e-42,-2.658337e-17,-1.330954e-17,-1.564066e-17,-1.190670e-31,-1.093302e-20,-1.157113e-17,-1.692124e-18,-6.527338e-32,0.000000e+00,0.000000e+00,0.000000e+00,0.000000e+00,0.000000e+00,0.000000e+00,0.000000e+00,0.000000e+00,2.170062e-18,2.196789e-18,1.941194e-22,1.604150e-29,2.400732e-24,2.104932e-22,1.409725e-22,-6.527338e-32
3284.4642,200.00,280.2974,1.030241e+04,7.596661e-02,C,2.239367e-03,1.035826e+00,0.2237%,3.535512e-01,3.561178e-01,1.334000e-04,6.482670e-13,8.825385e-08,1.294328e-04,1.258447e-05,0.000000e+00,0.000000e+00,1.550633e-17,0.000000e+00,0.000000e+00,0.000000e+00,0.000000e+00,0.000000e+00,0.000000e+00,2.875748e-17,5.051257e-30,1.564499e-17,1.637253e-29,1.098005e-20,1.157471e-17,1.695539e-18,6.264671e-42,-2.659758e-17,-1.331674e-17,-1.564501e-17,-1.202378e-31,-1.098010e-20,-1.157467e-17,-1.695545e-18,-6.535192e-32,0.000000e+00,0.000000e+00,0.000000e+00,0.000000e+00,0.000000e+00,0.000000e+00,0.000000e+00,0.000000e+00,2.159906e-18,2.189591e-18,-1.893738e-23,1.625229e-29,-5.027772e-26,4.151537e-23,-5.731987e-24,-6.535192e-32
3304.4642,200.00,280.3360,1.037117e+04,7.569697e-02,C,2.239688e-03,1.035826e+00,0.2237%,3.549139e-01,3.574994e-01,1.334272e-04,6.586082e-13,8.874537e-08,1.294936e-04,1.260765e-05,0.000000e+00,0.000000e+00,1.550633e-17,0.000000e+00,0.000000e+00,0.000000e+00,0.000000e+00,0.000000e+00,0.000000e+00,2.876355e-17,-9.184104e-31,1.564936e-17,1.659203e-29,1.102756e-20,1.157827e-17,1.698967e-18,-7.099960e-42,-2.661183e-17,-1.332396e-17,-1.564938e-17,-1.214389e-31,-1.102761e-20,-1.157822e-17,-1.698973e-18,-6.543586e-32,0.000000e+00,0.000000e+00,0.000000e+00,0.000000e+00,0.000000e+00,0.000000e+00,0.000000e+00,0.000000e+00,2.151723e-18,2.182366e-18,-1.885938e-23,1.647059e-29,-4.499630e-26,4.659025e-23,-5.504174e-24,-6.543586e-32
3324.4642,200.00,280.3751,1.044082e+04,7.542655e-02,C,2.240010e-03,1.035826e+00,0.2238%,3.562715e-01,3.588763e-01,1.334544e-04,6.690888e-13,8.924378e-08,1.295572e-04,1.263098e-05,0.000000e+00,0.000000e+00,1.550633e-17,0.000000e+00,0.000000e+00,0.000000e+00,0.000000e+00,0.000000e+00,0.000000e+00,2.876996e-17,0.000000e+00,1.565374e-17,1.681588e-29,1.107542e-20,1.158185e-17,1.702403e-18,3.341158e-42,-2.662613e-17,-1.333121e-17,-1.565376e-17,-1.226667e-31,-1.107545e-20,-1.158180e-17,-1.702409e-18,-6.552288e-32,0.000000e+00,0.000000e+00,0.000000e+00,0.000000e+00,0.000000e+00,0.000000e+00,0.000000e+00,0.000000e+00,2.143828e-18,2.175116e-18,-1.877234e-23,1.669321e-29,-3.501978e-26,5.000259e-23,-5.337170e-24,-6.552288e-32
3344.4642,200.00,280.4145,1.051095e+04,7.515543e-02,C,2.240334e-03,1.035826e+00,0.2238%,3.576242e-01,3.602487e-01,1.334818e-04,6.797116e-13,8.974743e-08,1.296221e-04,1.265440e-05,0.000000e+00,0.000000e+00,1.550633e-17,0.000000e+00,0.000000e+00,0.000000e+00,0.000000e+00,0.000000e+00,0.000000e+00,2.877669e-17,1.377616e-30,1.565814e-17,1.704418e-29,1.112362e-20,1.158543e-17,1.705847e-18,-3.758802e-42,-2.664048e-17,-1.333848e-17,-1.565816e-17,-1.239187e-31,-1.112365e-20,-1.158538e-17,-1.705852e-18,-6.561128e-32,0.000000e+00,0.000000e+00,0.000000e+00,0.000000e+00,0.000000e+00,0.000000e+00,0.000000e+00,0.000000e+00,2.136213e-18,2.167844e-18,-1.867684e-23,1.692026e-29,-2.897179e-26,5.182912e-23,-5.228215e-24,-6.561128e-32
3364.4642,200.00,280.4540,1.058133e+04,7.488363e-02,C,2.240661e-03,1.035826e+00,0.2238%,3.589722e-01,3.616165e-01,1.335093e-04,6.904794e-13,9.025554e-08,1.296875e-04,1.267788e-05,0.000000e+00,0.000000e+00,1.550633e-17,0.000000e+00,0.000000e+00,0.000000e+00,0.000000e+00,0.000000e+00,0.000000e+00,2.878374e-17,3.214437e-30,1.566256e-17,1.727703e-29,1.117217e-20,1.158903e-17,1.709298e-18,-7.517605e-42,-2.665487e-17,-1.334578e-17,-1.566258e-17,-1.251938e-31,-1.117220e-20,-1.158898e-17,-1.709303e-18,-6.570021e-32,0.000000e+00,0.000000e+00,0.000000e+00,0.000000e+00,0.000000e+00,0.000000e+00,0.000000e+00,0.000000e+00,2.128872e-18,2.160551e-18,-1.857328e-23,1.715184e-29,-2.427544e-26,5.212496e-23,-5.175318e-24,-6.570021e-32
3384.4642,200.00,280.4936,1.065185e+04,7.461120e-02,C,2.240989e-03,1.035826e+00,0.2238%,3.603156e-01,3.629796e-01,1.335368e-04,7.013950e-13,9.076743e-08,1.297530e-04,1.270141e-05,0.000000e+00,0.000000e+00,1.550633e-17,0.000000e+00,0.000000e+00,0.000000e+00,0.000000e+00,0.000000e+00,0.000000e+00,2.879110e-17,2.755231e-30,1.566699e-17,1.751455e-29,1.122107e-20,1.159264e-17,1.712757e-18,-3.341158e-42,-2.666930e-17,-1.335309e-17,-1.566701e-17,-1.264912e-31,-1.122110e-20,-1.159259e-17,-1.712762e-18,-6.578906e-32,0.000000e+00,0.000000e+00,0.000000e+00,0.000000e+00,0.000000e+00,0.000000e+00,0.000000e+00,0.000000e+00,2.121800e-18,2.153236e-18,-1.846201e-23,1.738806e-29,-2.990616e-26,5.093715e-23,-5.176781e-24,-6.578906e-32
3404.4642,200.00,280.5333,1.072248e+04,7.433813e-02,C,2.241319e-03,1.035826e+00,0.2239%,3.616545e-01,3.643382e-01,1.335645e-04,7.124607e-13,9.128245e-08,1.298184e-04,1.272498e-05,0.000000e+00,0.000000e+00,1.550633e-17,0.000000e+00,0.000000e+00,0.000000e+00,0.000000e+00,0.000000e+00,0.000000e+00,2.879877e-17,-5.969668e-30,1.567144e-17,1.775684e-29,1.127034e-20,1.159627e-17,1.716223e-18,2.923513e-42,-2.668377e-17,-1.336043e-17,-1.567146e-17,-1.278112e-31,-1.126995e-20,-1.159622e-17,-1.716229e-18,-6.587767e-32,0.000000e+00,0.000000e+00,0.000000e+00,0.000000e+00,0.000000e+00,0.000000e+00,0.000000e+00,0.000000e+00,2.114994e-18,2.145901e-18,-1.787388e-23,1.762903e-29,3.889373e-25,4.970803e-23,-6.651555e-24,-6.587767e-32
3424.4642,200.00,280.5729,1.079308e+04,7.407679e-02,C,2.241635e-03,1.035826e+00,0.2239%,3.629889e-01,3.656922e-01,1.335909e-04,7.236794e-13,9.178149e-08,1.298823e-04,1.274766e-05,0.000000e+00,0.000000e+00,1.550633e-17,0.000000e+00,0.000000e+00,0.000000e+00,0.000000e+00,0.000000e+00,0.000000e+00,2.880505e-17,-9.184104e-31,1.567569e-17,1.800032e-29,1.131739e-20,1.159972e-17,1.719550e-18,-5.429381e-42,-2.669762e-17,-1.336745e-17,-1.567570e-17,-1.291502e-31,-1.131741e-20,-1.159967e-17,-1.719555e-18,-6.596406e-32,0.000000e+00,0.000000e+00,0.000000e+00,0.000000e+00,0.000000e+00,0.000000e+00,0.000000e+00,0.000000e+00,2.107431e-18,2.138877e-18,-1.825777e-23,1.787117e-29,-2.212721e-26,5.109387e-23,-5.089016e-24,-6.596406e-32
3444.4642,200.00,280.6126,1.086369e+04,7.381485e-02,C,2.241969e-03,1.035826e+00,0.2239%,3.643188e-01,3.670417e-01,1.336188e-04,7.350536e-13,9.229971e-08,1.299468e-04,1.277129e-05,0.000000e+00,0.000000e+00,1.550633e-17,0.000000e+00,0.000000e+00,0.000000e+00,0.000000e+00,0.000000e+00,0.000000e+00,2.881332e-17,-1.377616e-30,1.568016e-17,1.825244e-29,1.136742e-20,1.160337e-17,1.723031e-18,5.847026e-42,-2.671151e-17,-1.337450e-17,-1.567997e-17,-1.305117e-31,-1.136488e-20,-1.160314e-17,-1.722888e-18,-6.604974e-32,0.000000e+00,0.000000e+00,0.000000e+00,0.000000e+00,0.000000e+00,0.000000e+00,0.000000e+00,0.000000e+00,2.101808e-18,2.131834e-18,1.966961e-22,1.812192e-29,2.537057e-24,2.292257e-22,1.428523e-22,-6.604974e-32
3464.4642,200.00,280.6522,1.093425e+04,7.355232e-02,C,2.242288e-03,1.035826e+00,0.2240%,3.656444e-01,3.683867e-01,1.336454e-04,7.465861e-13,9.280429e-08,1.300097e-04,1.279401e-05,0.000000e+00,0.000000e+00,1.550633e-17,0.000000e+00,0.000000e+00,0.000000e+00,0.000000e+00,0.000000e+00,0.000000e+00,2.882020e-17,-1.836821e-30,1.568444e-17,1.850586e-29,1.141516e-20,1.160685e-17,1.726372e-18,8.352894e-43,-2.672544e-17,-1.338156e-17,-1.568424e-17,-1.318963e-31,-1.141263e-20,-1.160662e-17,-1.726229e-18,-6.613479e-32,0.000000e+00,0.000000e+00,0.000000e+00,0.000000e+00,0.000000e+00,0.000000e+00,0.000000e+00,0.000000e+00,2.094758e-18,2.124771e-18,1.969825e-22,1.837396e-29,2.533894e-24,2.293213e-22,1.429811e-22,-6.613479e-32
3484.4642,200.00,280.6918,1.100477e+04,7.328960e-02,C,2.242609e-03,1.035826e+00,0.2240%,3.669656e-01,3.697272e-01,1.336721e-04,7.582795e-13,9.331184e-08,1.300720e-04,1.281675e-05,0.000000e+00,0.000000e+00,1.550633e-17,0.000000e+00,0.000000e+00,0.000000e+00,0.000000e+00,0.000000e+00,0.000000e+00,2.882737e-17,1.171742e-23,1.568873e-17,1.876441e-29,1.146324e-20,1.161035e-17,1.729720e-18,1.367661e-38,-2.673941e-17,-1.338864e-17,-1.568854e-17,-1.333040e-31,-1.146069e-20,-1.161012e-17,-1.729577e-18,-6.621908e-32,0.000000e+00,0.000000e+00,0.000000e+00,0.000000e+00,0.000000e+00,0.000000e+00,0.000000e+00,0.000000e+00,2.087960e-18,2.117701e-18,1.972748e-22,1.863111e-29,2.545752e-24,2.281197e-22,1.430612e-22,-6.621906e-32
3504.4642,200.00,280.7314,1.107527e+04,7.302587e-02,C,2.242916e-03,1.035826e+00,0.2240%,3.682825e-01,3.710633e-01,1.336976e-04,7.701366e-13,9.380560e-08,1.301328e-04,1.283857e-05,0.000000e+00,0.000000e+00,1.550633e-17,0.000000e+00,0.000000e+00,0.000000e+00,0.000000e+00,0.000000e+00,0.000000e+00,2.883314e-17,1.020719e-23,1.569282e-17,1.902429e-29,1.150898e-20,1.161367e-17,1.732926e-18,1.158421e-38,-2.675342e-17,-1.339574e-17,-1.569284e-17,-1.347358e-31,-1.150907e-20,-1.161362e-17,-1.732931e-18,-6.630278e-32,0.000000e+00,0.000000e+00,0.000000e+00,0.000000e+00,0.000000e+00,0.000000e+00,0.000000e+00,0.000000e+00,2.079724e-18,2.110600e-18,-1.784486e-23,1.888955e-29,-9.784664e-26,4.847456e-23,-5.037845e-24,-6.630277e-32
3524.4642,200.00,280.7709,1.114569e+04,7.276155e-02,C,2.243241e-03,1.035826e+00,0.2241%,3.695951e-01,3.723949e-01,1.337245e-04,7.821604e-13,9.431828e-08,1.301941e-04,1.286136e-05,0.000000e+00,0.000000e+00,1.550633e-17,0.000000e+00,0.000000e+00,0.000000e+00,0.000000e+00,0.000000e+00,0.000000e+00,2.884088e-17,8.896299e-24,1.569714e-17,1.929335e-29,1.155773e-20,1.161719e-17,1.736288e-18,9.800868e-39,-2.676746e-17,-1.340286e-17,-1.569716e-17,-1.361917e-31,-1.155731e-20,-1.161714e-17,-1.736294e-18,-6.638570e-32,0.000000e+00,0.000000e+00,0.000000e+00,0.000000e+00,0.000000e+00,0.000000e+00,0.000000e+00,0.000000e+00,2.073417e-18,2.103478e-18,-1.778062e-23,1.915715e-29,4.172679e-25,4.445023e-23,-6.502909e-24,-6.638569e-32
3544.4642,200.00,280.8105,1.121611e+04,7.250911e-02,C,2.243551e-03,1.035826e+00,0.2241%,3.709034e-01,3.737222e-01,1.337501e-04,7.943536e-13,9.481416e-08,1.302537e-04,1.288323e-05,0.000000e+00,0.000000e+00,1.550633e-17,0.000000e+00,0.000000e+00,0.000000e+00,0.000000e+00,0.000000e+00,0.000000e+00,2.884721e-17,7.755546e-24,1.570126e-17,1.956387e-29,1.160419e-20,1.162054e-17,1.739509e-18,8.293171e-39,-2.678088e-17,-1.340966e-17,-1.570128e-17,-1.376688e-31,-1.160420e-20,-1.162049e-17,-1.739514e-18,-6.646622e-32,0.000000e+00,0.000000e+00,0.000000e+00,0.000000e+00,0.000000e+00,0.000000e+00,0.000000e+00,0.000000e+00,2.066336e-18,2.096673e-18,-1.763745e-23,1.942620e-29,-9.906115e-27,4.594608e-23,-5.040152e-24,-6.646621e-32
3564.4642,200.00,280.8500,1.128644e+04,7.225608e-02,C,2.243862e-03,1.035826e+00,0.2241%,3.722074e-01,3.750451e-01,1.337758e-04,8.067192e-13,9.531224e-08,1.303128e-04,1.290512e-05,0.000000e+00,0.000000e+00,1.550633e-17,0.000000e+00,0.000000e+00,0.000000e+00,0.000000e+00,0.000000e+00,0.000000e+00,2.885382e-17,6.763639e-24,1.570540e-17,1.983988e-29,1.165097e-20,1.162390e-17,1.742736e-18,7.035643e-39,-2.679433e-17,-1.341649e-17,-1.570541e-17,-1.391709e-31,-1.165106e-20,-1.162385e-17,-1.742741e-18,-6.654599e-32,0.000000e+00,0.000000e+00,0.000000e+00,0.000000e+00,0.000000e+00,0.000000e+00,0.000000e+00,0.000000e+00,2.059492e-18,2.089850e-18,-1.754366e-23,1.970071e-29,-9.473398e-26,4.613016e-23,-5.007984e-24,-6.654599e-32
3584.4642,200.00,280.8894,1.135673e+04,7.200251e-02,C,2.244176e-03,1.035826e+00,0.2242%,3.735073e-01,3.763636e-01,1.338017e-04,8.192601e-13,9.581312e-08,1.303715e-04,1.292703e-05,0.000000e+00,0.000000e+00,1.550633e-17,0.000000e+00,0.000000e+00,0.000000e+00,0.000000e+00,0.000000e+00,0.000000e+00,2.886071e-17,5.900824e-24,1.570954e-17,2.012148e-29,1.169807e-20,1.162727e-17,1.745970e-18,5.963131e-39,-2.680782e-17,-1.342333e-17,-1.570956e-17,-1.406990e-31,-1.169817e-20,-1.162722e-17,-1.745975e-18,-6.662522e-32,0.000000e+00,0.000000e+00,0.000000e+00,0.000000e+00,0.000000e+00,0.000000e+00,0.000000e+00,0.000000e+00,2.052886e-18,2.083008e-18,-1.744353e-23,1.998079e-29,-9.607841e-26,4.505385e-23,-5.009547e-24,-6.662522e-32
3604.4642,200.00,280.9289,1.142700e+04,7.174841e-02,C,2.244491e-03,1.035826e+00,0.2242%,3.748030e-01,3.776779e-01,1.338276e-04,8.319796e-13,9.631654e-08,1.304295e-04,1.294896e-05,0.000000e+00,0.000000e+00,1.550633e-17,0.000000e+00,0.000000e+00,0.000000e+00,0.000000e+00,0.000000e+00,0.000000e+00,2.886786e-17,5.150022e-24,1.571370e-17,2.040882e-29,1.174550e-20,1.163065e-17,1.749210e-18,5.056007e-39,-2.682135e-17,-1.343018e-17,-1.571372e-17,-1.422531e-31,-1.174551e-20,-1.163061e-17,-1.749215e-18,-6.670369e-32,0.000000e+00,0.000000e+00,0.000000e+00,0.000000e+00,0.000000e+00,0.000000e+00,0.000000e+00,0.000000e+00,2.046513e-18,2.076149e-18,-1.733729e-23,2.026657e-29,-1.174539e-26,4.274776e-23,-5.043884e-24,-6.670368e-32
3624.4642,200.00,280.9683,1.149720e+04,7.150618e-02,C,2.244808e-03,1.035826e+00,0.2242%,3.760945e-01,3.789879e-01,1.338536e-04,8.448807e-13,9.681878e-08,1.304872e-04,1.297092e-05,0.000000e+00,0.000000e+00,1.550633e-17,0.000000e+00,0.000000e+00,0.000000e+00,0.000000e+00,0.000000e+00,0.000000e+00,2.887528e-17,4.496450e-24,1.571788e-17,2.070202e-29,1.179333e-20,1.163404e-17,1.752458e-18,4.295894e-39,-2.683424e-17,-1.343673e-17,-1.571768e-17,-1.438303e-31,-1.179071e-20,-1.163382e-17,-1.752314e-18,-6.677986e-32,0.000000e+00,0.000000e+00,0.000000e+00,0.000000e+00,0.000000e+00,0.000000e+00,0.000000e+00,0.000000e+00,2.041044e-18,2.069608e-18,1.997532e-22,2.055819e-29,2.620459e-24,2.249622e-22,1.436791e-22,-6.677986e-32
3644.4642,200.00,281.0077,1.156734e+04,7.125100e-02,C,2.245109e-03,1.035826e+00,0.2243%,3.773819e-01,3.802937e-01,1.338783e-04,8.579668e-13,9.731036e-08,1.305431e-04,1.299195e-05,0.000000e+00,0.000000e+00,1.550633e-17,0.000000e+00,0.000000e+00,0.000000e+00,0.000000e+00,0.000000e+00,0.000000e+00,2.888128e-17,3.926716e-24,1.572185e-17,2.099691e-29,1.183866e-20,1.163726e-17,1.755562e-18,3.645621e-39,-2.684784e-17,-1.344362e-17,-1.572187e-17,-1.454382e-31,-1.183866e-20,-1.163722e-17,-1.755567e-18,-6.685697e-32,0.000000e+00,0.000000e+00,0.000000e+00,0.000000e+00,0.000000e+00,0.000000e+00,0.000000e+00,0.000000e+00,2.033439e-18,2.062713e-18,-1.714533e-23,2.085147e-29,-7.159662e-27,4.117596e-23,-5.027567e-24,-6.685697e-32
3664.4642,200.00,281.0471,1.163745e+04,7.100770e-02,C,2.245413e-03,1.035826e+00,0.2243%,3.786652e-01,3.815952e-01,1.339032e-04,8.712409e-13,9.780046e-08,1.305985e-04,1.301300e-05,0.000000e+00,0.000000e+00,1.550633e-17,0.000000e+00,0.000000e+00,0.000000e+00,0.000000e+00,0.000000e+00,0.000000e+00,2.888753e-17,3.430463e-24,1.572583e-17,2.129781e-29,1.188436e-20,1.164050e-17,1.758673e-18,3.093494e-39,-2.686080e-17,-1.345020e-17,-1.572585e-17,-1.470701e-31,-1.188446e-20,-1.164046e-17,-1.758678e-18,-6.693174e-32,0.000000e+00,0.000000e+00,0.000000e+00,0.000000e+00,0.000000e+00,0.000000e+00,0.000000e+00,0.000000e+00,2.026730e-18,2.056136e-18,-1.705932e-23,2.115074e-29,-9.913002e-26,4.192822e-23,-4.976711e-24,-6.693173e-32
3684.4642,200.00,281.0864,1.170747e+04,7.076390e-02,C,2.245718e-03,1.035826e+00,0.2243%,3.799444e-01,3.828925e-01,1.339281e-04,8.847066e-13,9.829301e-08,1.306534e-04,1.303406e-05,0.000000e+00,0.000000e+00,1.550633e-17,0.000000e+00,0.000000e+00,0.000000e+00,0.000000e+00,0.000000e+00,0.000000e+00,2.889405e-17,2.998052e-24,1.572983e-17,2.160485e-29,1.193038e-20,1.164374e-17,1.761791e-18,2.631579e-39,-2.687380e-17,-1.345679e-17,-1.572985e-17,-1.487303e-31,-1.193047e-20,-1.164370e-17,-1.761796e-18,-6.700584e-32,0.000000e+00,0.000000e+00,0.000000e+00,0.000000e+00,0.000000e+00,0.000000e+00,0.000000e+00,0.000000e+00,2.020245e-18,2.049543e-18,-1.696762e-23,2.145612e-29,-9.664227e-26,4.150954e-23,-4.956225e-24,-6.700584e-32
3704.4642,200.00,281.1257,1.177744e+04,7.051960e-02,C,2.246024e-03,1.035826e+00,0.2244%,3.812195e-01,3.841857e-01,1.339531e-04,8.983672e-13,9.878810e-08,1.307078e-04,1.305515e-05,0.000000e+00,0.000000e+00,1.550633e-17,0.000000e+00,0.000000e+00,0.000000e+00,0.000000e+00,0.000000e+00,0.000000e+00,2.890081e-17,2.621130e-24,1.573384e-17,2.191817e-29,1.197669e-20,1.164700e-17,1.764914e-18,2.240246e-39,-2.688683e-17,-1.346340e-17,-1.573386e-17,-1.504191e-31,-1.197679e-20,-1.164696e-17,-1.764919e-18,-6.707926e-32,0.000000e+00,0.000000e+00,0.000000e+00,0.000000e+00,0.000000e+00,0.000000e+00,0.000000e+00,0.000000e+00,2.013980e-18,2.042934e-18,-1.687031e-23,2.176775e-29,-9.728029e-26,3.994431e-23,-4.977823e-24,-6.707926e-32
3724.4642,200.00,281.1650,1.184738e+04,7.027482e-02,C,2.246332e-03,1.035826e+00,0.2244%,3.824907e-01,3.854747e-01,1.339782e-04,9.122262e-13,9.928567e-08,1.307617e-04,1.307625e-05,0.000000e+00,0.000000e+00,1.550633e-17,0.000000e+00,0.000000e+00,0.000000e+00,0.000000e+00,0.000000e+00,0.000000e+00,2.890784e-17,2.292450e-24,1.573786e-17,2.223790e-29,1.202331e-20,1.165026e-17,1.768043e-18,1.906548e-39,-2.689990e-17,-1.347002e-17,-1.573788e-17,-1.521374e-31,-1.202332e-20,-1.165023e-17,-1.768048e-18,-6.715209e-32,0.000000e+00,0.000000e+00,0.000000e+00,0.000000e+00,0.000000e+00,0.000000e+00,0.000000e+00,0.000000e+00,2.007935e-18,2.036308e-18,-1.676750e-23,2.208576e-29,-7.313957e-27,3.725282e-23,-5.028705e-24,-6.715209e-32
3744.4642,200.00,281.2042,1.191724e+04,7.004188e-02,C,2.246642e-03,1.035826e+00,0.2244%,3.837578e-01,3.867596e-01,1.340033e-04,9.262871e-13,9.978153e-08,1.308152e-04,1.309737e-05,0.000000e+00,0.000000e+00,1.550633e-17,0.000000e+00,0.000000e+00,0.000000e+00,0.000000e+00,0.000000e+00,0.000000e+00,2.891511e-17,2.005746e-24,1.574190e-17,2.256420e-29,1.207032e-20,1.165354e-17,1.771179e-18,1.614614e-39,-2.691233e-17,-1.347633e-17,-1.574170e-17,-1.538818e-31,-1.206765e-20,-1.165332e-17,-1.771035e-18,-6.722260e-32,0.000000e+00,0.000000e+00,0.000000e+00,0.000000e+00,0.000000e+00,0.000000e+00,0.000000e+00,0.000000e+00,2.002776e-18,2.030000e-18,2.008227e-22,2.241032e-29,2.669529e-24,2.181801e-22,1.441679e-22,-6.722260e-32
3764.4642,200.00,281.2434,1.198706e+04,6.979608e-02,C,2.246936e-03,1.035826e+00,0.2244%,3.850210e-01,3.880405e-01,1.340272e-04,9.405537e-13,1.002658e-07,1.308671e-04,1.311756e-05,0.000000e+00,0.000000e+00,1.550633e-17,0.000000e+00,0.000000e+00,0.000000e+00,0.000000e+00,0.000000e+00,0.000000e+00,2.892093e-17,1.755294e-24,1.574573e-17,2.289254e-29,1.211476e-20,1.165664e-17,1.774171e-18,1.371545e-39,-2.692546e-17,-1.348299e-17,-1.574575e-17,-1.556606e-31,-1.211429e-20,-1.165661e-17,-1.774177e-18,-6.729424e-32,0.000000e+00,0.000000e+00,0.000000e+00,0.000000e+00,0.000000e+00,0.000000e+00,0.000000e+00,0.000000e+00,1.995463e-18,2.023341e-18,-1.663709e-23,2.273687e-29,4.688605e-25,3.508731e-23,-6.381536e-24,-6.729423e-32
3784.4642,200.00,281.2825,1.205677e+04,6.956226e-02,C,2.247232e-03,1.035826e+00,0.2245%,3.862802e-01,3.893172e-01,1.340512e-04,9.550297e-13,1.007494e-07,1.309184e-04,1.313778e-05,0.000000e+00,0.000000e+00,1.550633e-17,0.000000e+00,0.000000e+00,0.000000e+00,0.000000e+00,0.000000e+00,0.000000e+00,2.892699e-17,1.536680e-24,1.574957e-17,2.322760e-29,1.215955e-20,1.165976e-17,1.777169e-18,1.173999e-39,-2.693796e-17,-1.348933e-17,-1.574959e-17,-1.574663e-31,-1.215955e-20,-1.165972e-17,-1.777174e-18,-6.736343e-32,0.000000e+00,0.000000e+00,0.000000e+00,0.000000e+00,0.000000e+00,0.000000e+00,0.000000e+00,0.000000e+00,1.989035e-18,2.017003e-18,-1.650113e-23,2.307014e-29,-5.233887e-28,3.568508e-23,-4.982941e-24,-6.736343e-32
3804.4642,200.00,281.3218,1.212661e+04,6.932790e-02,C,2.247529e-03,1.035826e+00,0.2245%,3.875355e-01,3.905900e-01,1.340752e-04,9.697186e-13,1.012352e-07,1.309696e-04,1.315802e-05,0.000000e+00,0.000000e+00,1.550633e-17,0.000000e+00,0.000000e+00,0.000000e+00,0.000000e+00,0.000000e+00,0.000000e+00,2.893330e-17,1.345809e-24,1.575343e-17,2.356954e-29,1.220463e-20,1.166288e-17,1.780173e-18,9.981709e-40,-2.695048e-17,-1.349568e-17,-1.575344e-17,-1.593047e-31,-1.220463e-20,-1.166285e-17,-1.780178e-18,-6.743244e-32,0.000000e+00,0.000000e+00,0.000000e+00,0.000000e+00,0.000000e+00,0.000000e+00,0.000000e+00,0.000000e+00,1.982816e-18,2.010649e-18,-1.641403e-23,2.341024e-29,-1.364217e-27,3.516971e-23,-4.968091e-24,-6.743244e-32
3824.4642,200.00,281.3609,1.219628e+04,6.909309e-02,C,2.247827e-03,1.035826e+00,0.2245%,3.887869e-01,3.918587e-01,1.340993e-04,9.846246e-13,1.017231e-07,1.310201e-04,1.317827e-05,0.000000e+00,0.000000e+00,1.550633e-17,0.000000e+00,0.000000e+00,0.000000e+00,0.000000e+00,0.000000e+00,0.000000e+00,2.893984e-17,1.179077e-24,1.575729e-17,2.391851e-29,1.225000e-20,1.166602e-17,1.783182e-18,8.574246e-40,-2.696304e-17,-1.350205e-17,-1.575731e-17,-1.611749e-31,-1.225000e-20,-1.166598e-17,-1.783187e-18,-6.750065e-32,0.000000e+00,0.000000e+00,0.000000e+00,0.000000e+00,0.000000e+00,0.000000e+00,0.000000e+00,0.000000e+00,1.976802e-18,2.004279e-18,-1.632189e-23,2.375734e-29,2.308473e-27,3.360613e-23,-4.991744e-24,-6.750065e-32
3844.4642,200.00,281.4000,1.226586e+04,6.885779e-02,C,2.248127e-03,1.035826e+00,0.2246%,3.900344e-01,3.931234e-01,1.341235e-04,9.997519e-13,1.022123e-07,1.310701e-04,1.319852e-05,0.000000e+00,0.000000e+00,1.550633e-17,0.000000e+00,0.000000e+00,0.000000e+00,0.000000e+00,0.000000e+00,0.000000e+00,2.894662e-17,1.033384e-24,1.576117e-17,2.427468e-29,1.229568e-20,1.166916e-17,1.786197e-18,7.216901e-40,-2.697563e-17,-1.350844e-17,-1.576119e-17,-1.630776e-31,-1.229520e-20,-1.166913e-17,-1.786203e-18,-6.756807e-32,0.000000e+00,0.000000e+00,0.000000e+00,0.000000e+00,0.000000e+00,0.000000e+00,0.000000e+00,0.000000e+00,1.970990e-18,1.997893e-18,-1.627845e-23,2.411160e-29,4.740100e-25,3.098459e-23,-6.388391e-24,-6.756807e-32
3864.4642,200.00,281.4390,1.233536e+04,6.863447e-02,C,2.248412e-03,1.035826e+00,0.2246%,3.912781e-01,3.943842e-01,1.341465e-04,1.015104e-12,1.026830e-07,1.311184e-04,1.321786e-05,0.000000e+00,0.000000e+00,1.550633e-17,0.000000e+00,0.000000e+00,0.000000e+00,0.000000e+00,0.000000e+00,0.000000e+00,2.895193e-17,9.058971e-25,1.576484e-17,2.463318e-29,1.233885e-20,1.167213e-17,1.789069e-18,6.131024e-40,-2.698758e-17,-1.351450e-17,-1.576486e-17,-1.650098e-31,-1.233895e-20,-1.167210e-17,-1.789074e-18,-6.763323e-32,0.000000e+00,0.000000e+00,0.000000e+00,0.000000e+00,0.000000e+00,0.000000e+00,0.000000e+00,0.000000e+00,1.964357e-18,1.991829e-18,-1.615890e-23,2.446818e-29,-1.001391e-25,3.386154e-23,-4.928587e-24,-6.763323e-32
3884.4642,200.00,281.4780,1.240482e+04,6.841065e-02,C,2.248715e-03,1.035826e+00,0.2246%,3.925180e-01,3.956410e-01,1.341708e-04,1.030686e-12,1.031729e-07,1.311675e-04,1.323816e-05,0.000000e+00,0.000000e+00,1.550633e-17,0.000000e+00,0.000000e+00,0.000000e+00,0.000000e+00,0.000000e+00,0.000000e+00,2.895918e-17,7.945499e-25,1.576875e-17,2.500415e-29,1.238516e-20,1.167530e-17,1.792096e-18,5.249794e-40,-2.699955e-17,-1.352058e-17,-1.576854e-17,-1.669761e-31,-1.238242e-20,-1.167508e-17,-1.791951e-18,-6.769780e-32,0.000000e+00,0.000000e+00,0.000000e+00,0.000000e+00,0.000000e+00,0.000000e+00,0.000000e+00,0.000000e+00,1.959623e-18,1.985750e-18,2.025714e-22,2.483717e-29,2.742505e-24,2.144551e-22,1.447265e-22,-6.769780e-32
3904.4642,200.00,281.5170,1.247423e+04,6.817402e-02,C,2.249002e-03,1.035826e+00,0.2246%,3.937541e-01,3.968939e-01,1.341939e-04,1.046500e-12,1.036510e-07,1.312149e-04,1.325752e-05,0.000000e+00,0.000000e+00,1.550633e-17,0.000000e+00,0.000000e+00,0.000000e+00,0.000000e+00,0.000000e+00,0.000000e+00,2.896495e-17,6.970460e-25,1.577244e-17,2.537763e-29,1.242882e-20,1.167829e-17,1.794977e-18,4.514739e-40,-2.701223e-17,-1.352701e-17,-1.577246e-17,-1.689816e-31,-1.242833e-20,-1.167826e-17,-1.794983e-18,-6.776357e-32,0.000000e+00,0.000000e+00,0.000000e+00,0.000000e+00,0.000000e+00,0.000000e+00,0.000000e+00,0.000000e+00,1.952712e-18,1.979320e-18,-1.602974e-23,2.520865e-29,4.905473e-25,3.004316e-23,-6.319249e-24,-6.776357e-32
3924.4642,200.00,281.5559,1.254357e+04,6.794939e-02,C,2.249290e-03,1.035826e+00,0.2247%,3.949864e-01,3.981430e-01,1.342170e-04,1.062553e-12,1.041283e-07,1.312620e-04,1.327690e-05,0.000000e+00,0.000000e+00,1.550633e-17,0.000000e+00,0.000000e+00,0.000000e+00,0.000000e+00,0.000000e+00,0.000000e+00,2.897094e-17,6.117311e-25,1.577615e-17,2.575882e-29,1.247281e-20,1.168129e-17,1.797864e-18,3.892449e-40,-2.702427e-17,-1.353312e-17,-1.577617e-17,-1.710185e-31,-1.247280e-20,-1.168126e-17,-1.797869e-18,-6.782710e-32,0.000000e+00,0.000000e+00,0.000000e+00,0.000000e+00,0.000000e+00,0.000000e+00,0.000000e+00,0.000000e+00,1.946673e-18,1.973213e-18,-1.589616e-23,2.558780e-29,1.195382e-26,2.991068e-23,-4.964714e-24,-6.782710e-32
3944.4642,200.00,281.5948,1.261286e+04,6.772429e-02,C,2.249580e-03,1.035826e+00,0.2247%,3.962149e-01,3.993881e-01,1.342402e-04,1.078848e-12,1.046070e-07,1.313087e-04,1.329629e-05,0.000000e+00,0.000000e+00,1.550633e-17,0.000000e+00,0.000000e+00,0.000000e+00,0.000000e+00,0.000000e+00,0.000000e+00,2.897716e-17,5.370506e-25,1.577987e-17,2.614789e-29,1.251708e-20,1.168430e-17,1.800757e-18,3.316099e-40,-2.703634e-17,-1.353924e-17,-1.577988e-17,-1.730917e-31,-1.251707e-20,-1.168427e-17,-1.800762e-18,-6.789008e-32,0.000000e+00,0.000000e+00,0.000000e+00,0.000000e+00,0.000000e+00,0.000000e+00,0.000000e+00,0.000000e+00,1.940825e-18,1.967090e-18,-1.581101e-23,2.597480e-29,1.378889e-26,2.877805e-23,-4.974497e-24,-6.789008e-32
3964.4642,200.00,281.6337,1.268211e+04,6.749871e-02,C,2.249872e-03,1.035826e+00,0.2247%,3.974397e-01,4.006294e-01,1.342635e-04,1.095389e-12,1.050870e-07,1.313549e-04,1.331570e-05,0.000000e+00,0.000000e+00,1.550633e-17,0.000000e+00,0.000000e+00,0.000000e+00,0.000000e+00,0.000000e+00,0.000000e+00,2.898360e-17,4.716644e-25,1.578360e-17,2.654501e-29,1.256164e-20,1.168732e-17,1.803654e-18,2.839984e-40,-2.704844e-17,-1.354538e-17,-1.578361e-17,-1.752019e-31,-1.256114e-20,-1.168729e-17,-1.803660e-18,-6.795254e-32,0.000000e+00,0.000000e+00,0.000000e+00,0.000000e+00,0.000000e+00,0.000000e+00,0.000000e+00,0.000000e+00,1.935167e-18,1.960953e-18,-1.577433e-23,2.636981e-29,5.027850e-25,2.666233e-23,-6.341775e-24,-6.795254e-32
3984.4642,200.00,281.6726,1.275133e+04,6.728514e-02,C,2.250147e-03,1.035826e+00,0.2248%,3.986608e-01,4.018669e-01,1.342855e-04,1.112181e-12,1.055478e-07,1.313996e-04,1.333419e-05,0.000000e+00,0.000000e+00,1.550633e-17,0.000000e+00,0.000000e+00,0.000000e+00,0.000000e+00,0.000000e+00,0.000000e+00,2.898856e-17,4.143280e-25,1.578712e-17,2.694490e-29,1.260363e-20,1.169016e-17,1.806408e-18,2.413986e-40,-2.705989e-17,-1.355119e-17,-1.578713e-17,-1.773453e-31,-1.260372e-20,-1.169013e-17,-1.806413e-18,-6.801275e-32,0.000000e+00,0.000000e+00,0.000000e+00,0.000000e+00,0.000000e+00,0.000000e+00,0.000000e+00,0.000000e+00,1.928672e-18,1.955139e-18,-1.566247e-23,2.676755e-29,-8.787959e-26,3.002711e-23,-4.878510e-24,-6.801275e-32
4004.4642,200.00,281.7114,1.282044e+04,6.705874e-02,C,2.250441e-03,1.035826e+00,0.2248%,3.998783e-01,4.031007e-01,1.343090e-04,1.129230e-12,1.060320e-07,1.314450e-04,1.335362e-05,0.000000e+00,0.000000e+00,1.550633e-17,0.000000e+00,0.000000e+00,0.000000e+00,0.000000e+00,0.000000e+00,0.000000e+00,2.899543e-17,3.641525e-25,1.579087e-17,2.735860e-29,1.264872e-20,1.169320e-17,1.809315e-18,2.046459e-40,-2.707204e-17,-1.355736e-17,-1.579089e-17,-1.795314e-31,-1.264821e-20,-1.169317e-17,-1.809321e-18,-6.807412e-32,0.000000e+00,0.000000e+00,0.000000e+00,0.000000e+00,0.000000e+00,0.000000e+00,0.000000e+00,0.000000e+00,1.923393e-18,1.948974e-18,-1.561671e-23,2.717906e-29,5.111942e-25,2.604268e-23,-6.298787e-24,-6.807412e-32
4024.4642,200.00,281.7502,1.288952e+04,6.684436e-02,C,2.250718e-03,1.035826e+00,0.2248%,4.010920e-01,4.043306e-01,1.343311e-04,1.146539e-12,1.064968e-07,1.314889e-04,1.337213e-05,0.000000e+00,0.000000e+00,1.550633e-17,0.000000e+00,0.000000e+00,0.000000e+00,0.000000e+00,0.000000e+00,0.000000e+00,2.900082e-17,3.201303e-25,1.579441e-17,2.777526e-29,1.269123e-20,1.169606e-17,1.812079e-18,1.749931e-40,-2.708355e-17,-1.356320e-17,-1.579443e-17,-1.817523e-31,-1.269121e-20,-1.169604e-17,-1.812083e-18,-6.813331e-32,0.000000e+00,0.000000e+00,0.000000e+00,0.000000e+00,0.000000e+00,0.000000e+00,0.000000e+00,0.000000e+00,1.917271e-18,1.943134e-18,-1.549617e-23,2.759351e-29,1.380449e-26,2.754004e-23,-4.896809e-24,-6.813331e-32
4044.4642,200.00,281.7889,1.295851e+04,6.662953e-02,C,2.250998e-03,1.035826e+00,0.2248%,4.023021e-01,4.055568e-01,1.343533e-04,1.164114e-12,1.069629e-07,1.315324e-04,1.339065e-05,0.000000e+00,0.000000e+00,1.550633e-17,0.000000e+00,0.000000e+00,0.000000e+00,0.000000e+00,0.000000e+00,0.000000e+00,2.900641e-17,2.815204e-25,1.579797e-17,2.820055e-29,1.273400e-20,1.169894e-17,1.814847e-18,1.503521e-40,-2.709508e-17,-1.356905e-17,-1.579798e-17,-1.840130e-31,-1.273410e-20,-1.169891e-17,-1.814852e-18,-6.819197e-32,0.000000e+00,0.000000e+00,0.000000e+00,0.000000e+00,0.000000e+00,0.000000e+00,0.000000e+00,0.000000e+00,1.911331e-18,1.937279e-18,-1.542393e-23,2.801654e-29,-9.833516e-26,2.809344e-23,-4.858028e-24,-6.819197e-32
4064.4642,200.00,281.8276,1.302745e+04,6.641430e-02,C,2.251278e-03,1.035826e+00,0.2249%,4.035086e-01,4.067792e-01,1.343756e-04,1.181959e-12,1.074309e-07,1.315754e-04,1.340919e-05,0.000000e+00,0.000000e+00,1.550633e-17,0.000000e+00,0.000000e+00,0.000000e+00,0.000000e+00,0.000000e+00,0.000000e+00,2.901222e-17,2.476540e-25,1.580153e-17,2.863468e-29,1.277702e-20,1.170182e-17,1.817620e-18,1.186111e-40,-2.710664e-17,-1.357492e-17,-1.580155e-17,-1.863144e-31,-1.277715e-20,-1.170179e-17,-1.817624e-18,-6.825012e-32,0.000000e+00,0.000000e+00,0.000000e+00,0.000000e+00,0.000000e+00,0.000000e+00,0.000000e+00,0.000000e+00,1.905573e-18,1.931411e-18,-1.534743e-23,2.844836e-29,-1.224105e-25,2.774726e-23,-4.840787e-24,-6.825012e-32
4084.4642,200.00,281.8663,1.309636e+04,6.619868e-02,C,2.251560e-03,1.035826e+00,0.2249%,4.047115e-01,4.079979e-01,1.343979e-04,1.200080e-12,1.079010e-07,1.316181e-04,1.342774e-05,0.000000e+00,0.000000e+00,1.550633e-17,0.000000e+00,0.000000e+00,0.000000e+00,0.000000e+00,0.000000e+00,0.000000e+00,2.901823e-17,2.179526e-25,1.580510e-17,2.907782e-29,1.282030e-20,1.170471e-17,1.820397e-18,1.052465e-40,-2.711823e-17,-1.358080e-17,-1.580512e-17,-1.886572e-31,-1.282040e-20,-1.170468e-17,-1.820402e-18,-6.830780e-32,0.000000e+00,0.000000e+00,0.000000e+00,0.000000e+00,0.000000e+00,0.000000e+00,0.000000e+00,0.000000e+00,1.899995e-18,1.925530e-18,-1.526691e-23,2.888916e-29,-9.405805e-26,2.651675e-23,-4.855917e-24,-6.830780e-32
4104.4642,200.00,281.9050,1.316520e+04,6.598273e-02,C,2.251843e-03,1.035826e+00,0.2249%,4.059108e-01,4.092130e-01,1.344203e-04,1.218482e-12,1.083728e-07,1.316604e-04,1.344630e-05,0.000000e+00,0.000000e+00,1.550633e-17,0.000000e+00,0.000000e+00,0.000000e+00,0.000000e+00,0.000000e+00,0.000000e+00,2.902445e-17,1.918706e-25,1.580869e-17,2.953019e-29,1.286384e-20,1.170760e-17,1.823179e-18,8.895832e-41,-2.712985e-17,-1.358669e-17,-1.580870e-17,-1.910421e-31,-1.286382e-20,-1.170758e-17,-1.823184e-18,-6.836492e-32,0.000000e+00,0.000000e+00,0.000000e+00,0.000000e+00,0.000000e+00,0.000000e+00,0.000000e+00,0.000000e+00,1.894599e-18,1.919637e-18,-1.466014e-23,2.933915e-29,2.192322e-26,2.588932e-23,-4.929699e-24,-6.836492e-32
4124.4642,200.00,281.9436,1.323396e+04,6.576624e-02,C,2.252127e-03,1.035826e+00,0.2250%,4.071066e-01,4.104244e-01,1.344428e-04,1.237170e-12,1.088460e-07,1.317023e-04,1.346487e-05,0.000000e+00,0.000000e+00,1.550633e-17,0.000000e+00,0.000000e+00,0.000000e+00,0.000000e+00,0.000000e+00,0.000000e+00,2.903087e-17,1.689802e-25,1.581229e-17,2.999199e-29,1.290764e-20,1.171051e-17,1.825966e-18,7.601134e-41,-2.714149e-17,-1.359260e-17,-1.581230e-17,-1.934703e-31,-1.290711e-20,-1.171049e-17,-1.825972e-18,-6.842162e-32,0.000000e+00,0.000000e+00,0.000000e+00,0.000000e+00,0.000000e+00,0.000000e+00,0.000000e+00,0.000000e+00,1.889371e-18,1.913727e-18,-1.514543e-23,2.979852e-29,5.376806e-25,2.144570e-23,-6.276507e-24,-6.842162e-32
4144.4642,200.00,281.9822,1.330268e+04,6.556185e-02,C,2.252394e-03,1.035826e+00,0.2250%,4.082988e-01,4.116321e-01,1.344639e-04,1.256150e-12,1.092991e-07,1.317426e-04,1.348251e-05,0.000000e+00,0.000000e+00,1.550633e-17,0.000000e+00,0.000000e+00,0.000000e+00,0.000000e+00,0.000000e+00,0.000000e+00,2.903578e-17,1.488514e-25,1.581567e-17,3.045726e-29,1.294879e-20,1.171324e-17,1.828608e-18,7.267018e-41,-2.715249e-17,-1.359818e-17,-1.581569e-17,-1.959373e-31,-1.294888e-20,-1.171322e-17,-1.828612e-18,-6.847606e-32,0.000000e+00,0.000000e+00,0.000000e+00,0.000000e+00,0.000000e+00,0.000000e+00,0.000000e+00,0.000000e+00,1.883290e-18,1.908146e-18,-1.503483e-23,3.026132e-29,-9.221121e-26,2.392446e-23,-4.863901e-24,-6.847606e-32
4164.4642,200.00,282.0207,1.337131e+04,6.535704e-02,C,2.252681e-03,1.035826e+00,0.2250%,4.094875e-01,4.128362e-01,1.344866e-04,1.275427e-12,1.097718e-07,1.317838e-04,1.350112e-05,0.000000e+00,0.000000e+00,1.550633e-17,0.000000e+00,0.000000e+00,0.000000e+00,0.000000e+00,0.000000e+00,0.000000e+00,2.904260e-17,1.311830e-25,1.581929e-17,3.093846e-29,1.299317e-20,1.171616e-17,1.831404e-18,6.306435e-41,-2.716351e-17,-1.360378e-17,-1.581908e-17,-1.984490e-31,-1.299031e-20,-1.171596e-17,-1.831259e-18,-6.853005e-32,0.000000e+00,0.000000e+00,0.000000e+00,0.000000e+00,0.000000e+00,0.000000e+00,0.000000e+00,0.000000e+00,1.879092e-18,1.902550e-18,2.058035e-22,3.074002e-29,2.864322e-24,2.054105e-22,1.456160e-22,-6.853005e-32
4184.4642,200.00,282.0593,1.343996e+04,6.513948e-02,C,2.252951e-03,1.035826e+00,0.2250%,4.106727e-01,4.140368e-01,1.345079e-04,1.295007e-12,1.102321e-07,1.318235e-04,1.351878e-05,0.000000e+00,0.000000e+00,1.550633e-17,0.000000e+00,0.000000e+00,0.000000e+00,0.000000e+00,0.000000e+00,0.000000e+00,2.904791e-17,1.156380e-25,1.582269e-17,3.142338e-29,1.303474e-20,1.171891e-17,1.834054e-18,5.763497e-41,-2.717523e-17,-1.360972e-17,-1.582271e-17,-2.010117e-31,-1.303420e-20,-1.171889e-17,-1.834060e-18,-6.858545e-32,0.000000e+00,0.000000e+00,0.000000e+00,0.000000e+00,0.000000e+00,0.000000e+00,0.000000e+00,0.000000e+00,1.872676e-18,1.896605e-18,-1.492355e-23,3.122237e-29,5.455389e-25,2.004563e-23,-6.236336e-24,-6.858545e-32
4204.4642,200.00,282.0977,1.350844e+04,6.493393e-02,C,2.253223e-03,1.035826e+00,0.2251%,4.118545e-01,4.152337e-01,1.345292e-04,1.314896e-12,1.106896e-07,1.318627e-04,1.353646e-05,0.000000e+00,0.000000e+00,1.550633e-17,0.000000e+00,0.000000e+00,0.000000e+00,0.000000e+00,0.000000e+00,0.000000e+00,2.905341e-17,1.019684e-25,1.582611e-17,3.191840e-29,1.307663e-20,1.172167e-17,1.836709e-18,4.218212e-41,-2.718630e-17,-1.361534e-17,-1.582612e-17,-2.036153e-31,-1.307608e-20,-1.172165e-17,-1.836715e-18,-6.863848e-32,0.000000e+00,0.000000e+00,0.000000e+00,0.000000e+00,0.000000e+00,0.000000e+00,0.000000e+00,0.000000e+00,1.867107e-18,1.890985e-18,-1.485311e-23,3.171479e-29,5.487347e-25,1.999972e-23,-6.208128e-24,-6.863848e-32
4224.4642,200.00,282.1362,1.357692e+04,6.472803e-02,C,2.253495e-03,1.035826e+00,0.2251%,4.130328e-01,4.164271e-01,1.345506e-04,1.335099e-12,1.111492e-07,1.319015e-04,1.355415e-05,0.000000e+00,0.000000e+00,1.550633e-17,0.000000e+00,0.000000e+00,0.000000e+00,0.000000e+00,0.000000e+00,0.000000e+00,2.905910e-17,8.996014e-26,1.582953e-17,3.242376e-29,1.311875e-20,1.172443e-17,1.839368e-18,3.257629e-41,-2.719740e-17,-1.362098e-17,-1.582955e-17,-2.062663e-31,-1.311820e-20,-1.172441e-17,-1.839375e-18,-6.869106e-32,0.000000e+00,0.000000e+00,0.000000e+00,0.000000e+00,0.000000e+00,0.000000e+00,0.000000e+00,0.000000e+00,1.861706e-18,1.885353e-18,-1.477893e-23,3.221750e-29,5.525628e-25,1.914565e-23,-6.209646e-24,-6.869106e-32
4244.4642,200.00,282.1746,1.364533e+04,6.453413e-02,C,2.253769e-03,1.035826e+00,0.2251%,4.142076e-01,4.176169e-01,1.345721e-04,1.355623e-12,1.116063e-07,1.319401e-04,1.357186e-05,0.000000e+00,0.000000e+00,1.550633e-17,0.000000e+00,0.000000e+00,0.000000e+00,0.000000e+00,0.000000e+00,0.000000e+00,2.906499e-17,7.938556e-26,1.583297e-17,3.293969e-29,1.316119e-20,1.172720e-17,1.842033e-18,2.547633e-41,-2.720784e-17,-1.362628e-17,-1.583276e-17,-2.089604e-31,-1.315830e-20,-1.172700e-17,-1.841887e-18,-6.874148e-32,0.000000e+00,0.000000e+00,0.000000e+00,0.000000e+00,0.000000e+00,0.000000e+00,0.000000e+00,0.000000e+00,1.857150e-18,1.880048e-18,2.066597e-22,3.273072e-29,2.894374e-24,2.038732e-22,1.458714e-22,-6.874148e-32
4264.4642,200.00,282.2130,1.371367e+04,6.432752e-02,C,2.254026e-03,1.035826e+00,0.2251%,4.153790e-01,4.188033e-01,1.345923e-04,1.376473e-12,1.120503e-07,1.319771e-04,1.358862e-05,0.000000e+00,0.000000e+00,1.550633e-17,0.000000e+00,0.000000e+00,0.000000e+00,0.000000e+00,0.000000e+00,0.000000e+00,2.906935e-17,7.006921e-26,1.583619e-17,3.345963e-29,1.320077e-20,1.172980e-17,1.844550e-18,2.088224e-41,-2.721898e-17,-1.363194e-17,-1.583620e-17,-2.117089e-31,-1.320086e-20,-1.172978e-17,-1.844555e-18,-6.879318e-32,0.000000e+00,0.000000e+00,0.000000e+00,0.000000e+00,0.000000e+00,0.000000e+00,0.000000e+00,0.000000e+00,1.850366e-18,1.874392e-18,-1.460149e-23,3.324792e-29,-9.222368e-26,2.124410e-23,-4.794772e-24,-6.879318e-32
4284.4642,200.00,282.2513,1.378193e+04,6.412055e-02,C,2.254302e-03,1.035826e+00,0.2252%,4.165471e-01,4.199861e-01,1.346139e-04,1.397656e-12,1.125152e-07,1.320149e-04,1.360634e-05,0.000000e+00,0.000000e+00,1.550633e-17,0.000000e+00,0.000000e+00,0.000000e+00,0.000000e+00,0.000000e+00,0.000000e+00,2.907561e-17,6.187239e-26,1.583964e-17,3.399729e-29,1.324360e-20,1.173259e-17,1.847222e-18,2.171753e-41,-2.723015e-17,-1.363760e-17,-1.583966e-17,-2.145075e-31,-1.324357e-20,-1.173257e-17,-1.847227e-18,-6.884446e-32,0.000000e+00,0.000000e+00,0.000000e+00,0.000000e+00,0.000000e+00,0.000000e+00,0.000000e+00,0.000000e+00,1.845459e-18,1.868725e-18,-1.451658e-23,3.378278e-29,2.811573e-26,1.803367e-23,-4.874034e-24,-6.884446e-32
4304.4642,200.00,282.2896,1.385013e+04,6.392556e-02,C,2.254561e-03,1.035826e+00,0.2252%,4.177118e-01,4.211654e-01,1.346342e-04,1.419179e-12,1.129574e-07,1.320512e-04,1.362313e-05,0.000000e+00,0.000000e+00,1.550633e-17,0.000000e+00,0.000000e+00,0.000000e+00,0.000000e+00,0.000000e+00,0.000000e+00,2.908034e-17,5.465369e-26,1.584289e-17,3.453925e-29,1.328372e-20,1.173520e-17,1.849748e-18,1.921166e-41,-2.724067e-17,-1.364295e-17,-1.584290e-17,-2.173516e-31,-1.328384e-20,-1.173518e-17,-1.849753e-18,-6.889350e-32,0.000000e+00,0.000000e+00,0.000000e+00,0.000000e+00,0.000000e+00,0.000000e+00,0.000000e+00,0.000000e+00,1.839675e-18,1.863384e-18,-1.446108e-23,3.432190e-29,-1.161796e-25,2.018997e-23,-4.779239e-24,-6.889350e-32
4324.4642,200.00,282.3279,1.391830e+04,6.373029e-02,C,2.254839e-03,1.035826e+00,0.2252%,4.188731e-01,4.223413e-01,1.346559e-04,1.441048e-12,1.134204e-07,1.320883e-04,1.364088e-05,0.000000e+00,0.000000e+00,1.550633e-17,0.000000e+00,0.000000e+00,0.000000e+00,0.000000e+00,0.000000e+00,0.000000e+00,2.908698e-17,4.830472e-26,1.584636e-17,3.509963e-29,1.332712e-20,1.173800e-17,1.852430e-18,2.422339e-41,-2.725121e-17,-1.364830e-17,-1.584615e-17,-2.202480e-31,-1.332419e-20,-1.173780e-17,-1.852284e-18,-6.894219e-32,0.000000e+00,0.000000e+00,0.000000e+00,0.000000e+00,0.000000e+00,0.000000e+00,0.000000e+00,0.000000e+00,1.835770e-18,1.858033e-18,2.080137e-22,3.487938e-29,2.927484e-24,2.035250e-22,1.460636e-22,-6.894219e-32
4344.4642,200.00,282.3661,1.398636e+04,6.352220e-02,C,2.255101e-03,1.035826e+00,0.2253%,4.200311e-01,4.235137e-01,1.346763e-04,1.463270e-12,1.138703e-07,1.321239e-04,1.365769e-05,0.000000e+00,0.000000e+00,1.550633e-17,0.000000e+00,0.000000e+00,0.000000e+00,0.000000e+00,0.000000e+00,0.000000e+00,2.909207e-17,4.269231e-26,1.584962e-17,3.566459e-29,1.336762e-20,1.174063e-17,1.854963e-18,1.294699e-41,-2.726245e-17,-1.365400e-17,-1.584963e-17,-2.232030e-31,-1.336704e-20,-1.174062e-17,-1.854969e-18,-6.899218e-32,0.000000e+00,0.000000e+00,0.000000e+00,0.000000e+00,0.000000e+00,0.000000e+00,0.000000e+00,0.000000e+00,1.829621e-18,1.852328e-18,-1.435739e-23,3.544138e-29,5.791948e-25,1.608994e-23,-6.148537e-24,-6.899218e-32
4364.4642,200.00,282.4043,1.405440e+04,6.332624e-02,C,2.255363e-03,1.035826e+00,0.2253%,4.211858e-01,4.246827e-01,1.346968e-04,1.485851e-12,1.143186e-07,1.321592e-04,1.367451e-05,0.000000e+00,0.000000e+00,1.550633e-17,0.000000e+00,0.000000e+00,0.000000e+00,0.000000e+00,0.000000e+00,0.000000e+00,2.909735e-17,3.774759e-26,1.585289e-17,3.624138e-29,1.340840e-20,1.174327e-17,1.857501e-18,2.004695e-41,-2.727304e-17,-1.365937e-17,-1.585290e-17,-2.262066e-31,-1.340837e-20,-1.174325e-17,-1.857506e-18,-6.904004e-32,0.000000e+00,0.000000e+00,0.000000e+00,0.000000e+00,0.000000e+00,0.000000e+00,0.000000e+00,0.000000e+00,1.824314e-18,1.846954e-18,-1.424071e-23,3.601517e-29,3.310486e-26,1.601878e-23,-4.842191e-24,-6.904004e-32
4384.4642,200.00,282.4425,1.412239e+04,6.312986e-02,C,2.255627e-03,1.035826e+00,0.2253%,4.223371e-01,4.258484e-01,1.347173e-04,1.508799e-12,1.147665e-07,1.321942e-04,1.369134e-05,0.000000e+00,0.000000e+00,1.550633e-17,0.000000e+00,0.000000e+00,0.000000e+00,0.000000e+00,0.000000e+00,0.000000e+00,2.910281e-17,3.338697e-26,1.585617e-17,3.683027e-29,1.344944e-20,1.174591e-17,1.860043e-18,1.211170e-41,-2.728365e-17,-1.366476e-17,-1.585618e-17,-2.292654e-31,-1.344886e-20,-1.174589e-17,-1.860049e-18,-6.908750e-32,0.000000e+00,0.000000e+00,0.000000e+00,0.000000e+00,0.000000e+00,0.000000e+00,0.000000e+00,0.000000e+00,1.819159e-18,1.841567e-18,-1.422190e-23,3.660100e-29,5.817826e-25,1.515962e-23,-6.126863e-24,-6.908750e-32
4404.4642,200.00,282.4806,1.419026e+04,6.293320e-02,C,2.255892e-03,1.035826e+00,0.2253%,4.234852e-01,4.270106e-01,1.347379e-04,1.532120e-12,1.152170e-07,1.322288e-04,1.370818e-05,0.000000e+00,0.000000e+00,1.550633e-17,0.000000e+00,0.000000e+00,0.000000e+00,0.000000e+00,0.000000e+00,0.000000e+00,2.910844e-17,2.954435e-26,1.585945e-17,3.743153e-29,1.349069e-20,1.174856e-17,1.862589e-18,1.002347e-41,-2.729428e-17,-1.367016e-17,-1.585947e-17,-2.323801e-31,-1.349010e-20,-1.174854e-17,-1.862596e-18,-6.913447e-32,0.000000e+00,0.000000e+00,0.000000e+00,0.000000e+00,0.000000e+00,0.000000e+00,0.000000e+00,0.000000e+00,1.814159e-18,1.836170e-18,-1.414924e-23,3.719915e-29,5.866891e-25,1.361219e-23,-6.155868e-24,-6.913447e-32
4424.4642,200.00,282.5187,1.425810e+04,6.274859e-02,C,2.256139e-03,1.035826e+00,0.2254%,4.246300e-01,4.281695e-01,1.347572e-04,1.555822e-12,1.156452e-07,1.322619e-04,1.372409e-05,0.000000e+00,0.000000e+00,1.550633e-17,0.000000e+00,0.000000e+00,0.000000e+00,0.000000e+00,0.000000e+00,0.000000e+00,2.911253e-17,2.614990e-26,1.586253e-17,3.803774e-29,1.352914e-20,1.175103e-17,1.864989e-18,6.264671e-42,-2.730426e-17,-1.367523e-17,-1.586254e-17,-2.355462e-31,-1.352926e-20,-1.175101e-17,-1.864994e-18,-6.917933e-32,0.000000e+00,0.000000e+00,0.000000e+00,0.000000e+00,0.000000e+00,0.000000e+00,0.000000e+00,0.000000e+00,1.808272e-18,1.831102e-18,-1.405503e-23,3.780219e-29,-1.184162e-25,1.742090e-23,-4.724882e-24,-6.917933e-32
4444.4642,200.00,282.5567,1.432584e+04,6.255129e-02,C,2.256406e-03,1.035826e+00,0.2254%,4.257716e-01,4.293250e-01,1.347779e-04,1.579913e-12,1.160988e-07,1.322959e-04,1.374095e-05,0.000000e+00,0.000000e+00,1.550633e-17,0.000000e+00,0.000000e+00,0.000000e+00,0.000000e+00,0.000000e+00,0.000000e+00,2.911851e-17,2.315037e-26,1.586583e-17,3.866445e-29,1.357083e-20,1.175369e-17,1.867543e-18,6.264671e-42,-2.731493e-17,-1.368065e-17,-1.586585e-17,-2.387767e-31,-1.357079e-20,-1.175368e-17,-1.867548e-18,-6.922553e-32,0.000000e+00,0.000000e+00,0.000000e+00,0.000000e+00,0.000000e+00,0.000000e+00,0.000000e+00,0.000000e+00,1.803576e-18,1.825683e-18,-1.397617e-23,3.842567e-29,3.778270e-26,1.445720e-23,-4.797046e-24,-6.922553e-32
4464.4642,200.00,282.5948,1.439359e+04,6.236599e-02,C,2.256674e-03,1.035826e+00,0.2254%,4.269100e-01,4.304772e-01,1.347986e-04,1.604399e-12,1.165487e-07,1.323296e-04,1.375783e-05,0.000000e+00,0.000000e+00,1.550633e-17,0.000000e+00,0.000000e+00,0.000000e+00,0.000000e+00,0.000000e+00,0.000000e+00,2.912466e-17,2.050811e-26,1.586915e-17,3.930437e-29,1.361283e-20,1.175636e-17,1.870102e-18,3.758802e-42,-2.732495e-17,-1.368574e-17,-1.586894e-17,-2.420607e-31,-1.360984e-20,-1.175617e-17,-1.869955e-18,-6.926960e-32,0.000000e+00,0.000000e+00,0.000000e+00,0.000000e+00,0.000000e+00,0.000000e+00,0.000000e+00,0.000000e+00,1.799707e-18,1.820592e-18,2.089008e-22,3.906231e-29,2.984248e-24,1.977831e-22,1.464330e-22,-6.926960e-32
4484.4642,200.00,282.6327,1.446119e+04,6.216802e-02,C,2.256925e-03,1.035826e+00,0.2254%,4.280451e-01,4.316260e-01,1.348180e-04,1.629289e-12,1.169849e-07,1.323618e-04,1.377376e-05,0.000000e+00,0.000000e+00,1.550633e-17,0.000000e+00,0.000000e+00,0.000000e+00,0.000000e+00,0.000000e+00,0.000000e+00,2.912926e-17,1.816616e-26,1.587225e-17,3.994972e-29,1.365186e-20,1.175886e-17,1.872512e-18,3.341158e-42,-2.733568e-17,-1.369118e-17,-1.587226e-17,-2.454115e-31,-1.365125e-20,-1.175885e-17,-1.872518e-18,-6.931506e-32,0.000000e+00,0.000000e+00,0.000000e+00,0.000000e+00,0.000000e+00,0.000000e+00,0.000000e+00,0.000000e+00,1.793586e-18,1.815151e-18,-1.389077e-23,3.970431e-29,6.059272e-25,1.246130e-23,-6.090168e-24,-6.931506e-32
4504.4642,200.00,282.6707,1.452878e+04,6.198215e-02,C,2.257176e-03,1.035826e+00,0.2255%,4.291771e-01,4.327716e-01,1.348375e-04,1.654591e-12,1.174193e-07,1.323936e-04,1.378970e-05,0.000000e+00,0.000000e+00,1.550633e-17,0.000000e+00,0.000000e+00,0.000000e+00,0.000000e+00,0.000000e+00,0.000000e+00,2.913403e-17,1.610433e-26,1.587536e-17,4.060863e-29,1.369116e-20,1.176136e-17,1.874926e-18,3.758802e-42,-2.734574e-17,-1.369629e-17,-1.587537e-17,-2.488177e-31,-1.369125e-20,-1.176135e-17,-1.874931e-18,-6.935830e-32,0.000000e+00,0.000000e+00,0.000000e+00,0.000000e+00,0.000000e+00,0.000000e+00,0.000000e+00,0.000000e+00,1.788294e-18,1.810041e-18,-1.378410e-23,4.035982e-29,-9.172832e-26,1.347992e-23,-4.769470e-24,-6.935830e-32
4524.4642,200.00,282.7086,1.459630e+04,6.179592e-02,C,2.257429e-03,1.035826e+00,0.2255%,4.303058e-01,4.339139e-01,1.348570e-04,1.680313e-12,1.178541e-07,1.324252e-04,1.380566e-05,0.000000e+00,0.000000e+00,1.550633e-17,0.000000e+00,0.000000e+00,0.000000e+00,0.000000e+00,0.000000e+00,0.000000e+00,2.913897e-17,1.427026e-26,1.587847e-17,4.128139e-29,1.373068e-20,1.176387e-17,1.877345e-18,-2.505868e-42,-2.735582e-17,-1.370141e-17,-1.587849e-17,-2.522871e-31,-1.373077e-20,-1.176385e-17,-1.877349e-18,-6.940126e-32,0.000000e+00,0.000000e+00,0.000000e+00,0.000000e+00,0.000000e+00,0.000000e+00,0.000000e+00,0.000000e+00,1.783145e-18,1.804919e-18,-1.372447e-23,4.102911e-29,-8.516559e-26,1.379143e-23,-4.733733e-24,-6.940126e-32
4544.4642,200.00,282.7465,1.466379e+04,6.160938e-02,C,2.257683e-03,1.035826e+00,0.2255%,4.314314e-01,4.350530e-01,1.348766e-04,1.706462e-12,1.182904e-07,1.324566e-04,1.382163e-05,0.000000e+00,0.000000e+00,1.550633e-17,0.000000e+00,0.000000e+00,0.000000e+00,0.000000e+00,0.000000e+00,0.000000e+00,2.914407e-17,1.265478e-26,1.588160e-17,4.196831e-29,1.377042e-20,1.176638e-17,1.879767e-18,7.935250e-42,-2.736593e-17,-1.370654e-17,-1.588161e-17,-2.558211e-31,-1.377051e-20,-1.176637e-17,-1.879771e-18,-6.944393e-32,0.000000e+00,0.000000e+00,0.000000e+00,0.000000e+00,0.000000e+00,0.000000e+00,0.000000e+00,0.000000e+00,1.778141e-18,1.799787e-18,-1.366183e-23,4.171249e-29,-9.098677e-26,1.343617e-23,-4.722590e-24,-6.944393e-32
4564.4642,200.00,282.7844,1.473126e+04,6.142260e-02,C,2.257937e-03,1.035826e+00,0.2255%,4.325539e-01,4.361888e-01,1.348963e-04,1.733047e-12,1.187284e-07,1.324877e-04,1.383761e-05,0.000000e+00,0.000000e+00,1.550633e-17,0.000000e+00,0.000000e+00,0.000000e+00,0.000000e+00,0.000000e+00,0.000000e+00,2.914934e-17,1.122757e-26,1.588473e-17,4.266971e-29,1.381036e-20,1.176890e-17,1.882192e-18,-2.088224e-42,-2.737605e-17,-1.371168e-17,-1.588475e-17,-2.594209e-31,-1.381045e-20,-1.176889e-17,-1.882197e-18,-6.948630e-32,0.000000e+00,0.000000e+00,0.000000e+00,0.000000e+00,0.000000e+00,0.000000e+00,0.000000e+00,0.000000e+00,1.773282e-18,1.794646e-18,-1.307654e-23,4.241029e-29,-9.309885e-26,1.390398e-23,-4.774481e-24,-6.948630e-32
4584.4642,200.00,282.8222,1.479856e+04,6.123531e-02,C,2.258193e-03,1.035826e+00,0.2256%,4.336732e-01,4.373214e-01,1.349160e-04,1.760078e-12,1.191426e-07,1.325183e-04,1.385359e-05,0.000000e+00,0.000000e+00,1.550633e-17,0.000000e+00,0.000000e+00,0.000000e+00,0.000000e+00,0.000000e+00,0.000000e+00,2.915476e-17,9.971182e-27,1.588788e-17,4.338591e-29,1.385060e-20,1.177143e-17,1.884621e-18,3.341158e-42,-2.738621e-17,-1.371684e-17,-1.588789e-17,-2.630864e-31,-1.385085e-20,-1.177142e-17,-1.884626e-18,-6.952804e-32,0.000000e+00,0.000000e+00,0.000000e+00,0.000000e+00,0.000000e+00,0.000000e+00,0.000000e+00,0.000000e+00,1.768554e-18,1.789490e-18,-1.352780e-23,4.312282e-29,-2.477070e-25,1.077909e-23,-4.761572e-24,-6.952804e-32
4604.4642,200.00,282.8599,1.486575e+04,6.104694e-02,C,2.258450e-03,1.035826e+00,0.2256%,4.347895e-01,4.384508e-01,1.349357e-04,1.787562e-12,1.193747e-07,1.325486e-04,1.386958e-05,0.000000e+00,0.000000e+00,1.550633e-17,0.000000e+00,0.000000e+00,0.000000e+00,0.000000e+00,0.000000e+00,0.000000e+00,2.916035e-17,8.851640e-27,1.589103e-17,4.411725e-29,1.389181e-20,1.177396e-17,1.887053e-18,5.429381e-42,-2.739641e-17,-1.372203e-17,-1.589104e-17,-2.668198e-31,-1.389214e-20,-1.177396e-17,-1.887059e-18,-6.956937e-32,0.000000e+00,0.000000e+00,0.000000e+00,0.000000e+00,0.000000e+00,0.000000e+00,0.000000e+00,0.000000e+00,1.763945e-18,1.784302e-18,-1.350582e-23,4.385043e-29,-3.329149e-25,8.474163e-24,-6.080696e-24,-6.956937e-32
4624.4642,200.00,282.8977,1.493297e+04,6.087071e-02,C,2.258689e-03,1.035826e+00,0.2256%,4.359026e-01,4.395769e-01,1.349541e-04,1.815509e-12,1.195887e-07,1.325775e-04,1.388463e-05,0.000000e+00,0.000000e+00,1.550633e-17,0.000000e+00,0.000000e+00,0.000000e+00,0.000000e+00,0.000000e+00,0.000000e+00,2.916437e-17,7.855164e-27,1.589396e-17,4.485501e-29,1.393014e-20,1.177632e-17,1.889339e-18,9.188184e-42,-2.740594e-17,-1.372688e-17,-1.589397e-17,-2.706158e-31,-1.393039e-20,-1.177631e-17,-1.889343e-18,-6.960860e-32,0.000000e+00,0.000000e+00,0.000000e+00,0.000000e+00,0.000000e+00,0.000000e+00,0.000000e+00,0.000000e+00,1.758437e-18,1.779446e-18,-1.341302e-23,4.458439e-29,-2.478420e-25,1.149623e-23,-4.698644e-24,-6.960860e-32
4644.4642,200.00,282.9353,1.500005e+04,6.068176e-02,C,2.258948e-03,1.035826e+00,0.2256%,4.370127e-01,4.406999e-01,1.349740e-04,1.843928e-12,1.198235e-07,1.326073e-04,1.390064e-05,0.000000e+00,0.000000e+00,1.550633e-17,0.000000e+00,0.000000e+00,0.000000e+00,0.000000e+00,0.000000e+00,0.000000e+00,2.917028e-17,6.972572e-27,1.589713e-17,4.561749e-29,1.397176e-20,1.177887e-17,1.891778e-18,-6.682315e-42,-2.741617e-17,-1.373209e-17,-1.589714e-17,-2.744897e-31,-1.397209e-20,-1.177886e-17,-1.891784e-18,-6.964932e-32,0.000000e+00,0.000000e+00,0.000000e+00,0.000000e+00,0.000000e+00,0.000000e+00,0.000000e+00,0.000000e+00,1.754106e-18,1.774239e-18,-1.338526e-23,4.534300e-29,-3.321349e-25,7.936608e-24,-6.050132e-24,-6.964932e-32
4664.4642,200.00,282.9730,1.506712e+04,6.050496e-02,C,2.259189e-03,1.035826e+00,0.2257%,4.381197e-01,4.418197e-01,1.349925e-04,1.872828e-12,1.200399e-07,1.326356e-04,1.391571e-05,0.000000e+00,0.000000e+00,1.550633e-17,0.000000e+00,0.000000e+00,0.000000e+00,0.000000e+00,0.000000e+00,0.000000e+00,2.917462e-17,6.198352e-27,1.590008e-17,4.638678e-29,1.401048e-20,1.178124e-17,1.894070e-18,-1.670579e-42,-2.742575e-17,-1.373696e-17,-1.590009e-17,-2.784283e-31,-1.401073e-20,-1.178123e-17,-1.894075e-18,-6.968785e-32,0.000000e+00,0.000000e+00,0.000000e+00,0.000000e+00,0.000000e+00,0.000000e+00,0.000000e+00,0.000000e+00,1.748872e-18,1.769364e-18,-1.328700e-23,4.610836e-29,-2.475209e-25,9.703175e-24,-4.717974e-24,-6.968785e-32
4684.4642,200.00,283.0106,1.513410e+04,6.032783e-02,C,2.259431e-03,1.035826e+00,0.2257%,4.392236e-01,4.429364e-01,1.350110e-04,1.902218e-12,1.202576e-07,1.326637e-04,1.393078e-05,0.000000e+00,0.000000e+00,1.550633e-17,0.000000e+00,0.000000e+00,0.000000e+00,0.000000e+00,0.000000e+00,0.000000e+00,2.917911e-17,5.510463e-27,1.590304e-17,4.717230e-29,1.404940e-20,1.178362e-17,1.896366e-18,8.770539e-42,-2.743534e-17,-1.374185e-17,-1.590305e-17,-2.824405e-31,-1.404964e-20,-1.178361e-17,-1.896370e-18,-6.972608e-32,0.000000e+00,0.000000e+00,0.000000e+00,0.000000e+00,0.000000e+00,0.000000e+00,0.000000e+00,0.000000e+00,1.743770e-18,1.764479e-18,-1.323515e-23,4.688986e-29,-2.459943e-25,1.081996e-23,-4.654195e-24,-6.972608e-32
4704.4642,200.00,283.0482,1.520104e+04,6.015042e-02,C,2.259693e-03,1.035826e+00,0.2257%,4.403245e-01,4.440499e-01,1.350310e-04,1.932110e-12,1.204967e-07,1.326927e-04,1.394683e-05,0.000000e+00,0.000000e+00,1.550633e-17,0.000000e+00,0.000000e+00,0.000000e+00,0.000000e+00,0.000000e+00,0.000000e+00,2.918548e-17,4.897883e-27,1.590623e-17,4.798407e-29,1.409171e-20,1.178618e-17,1.898816e-18,2.923513e-42,-2.744495e-17,-1.374674e-17,-1.590602e-17,-2.865276e-31,-1.408875e-20,-1.178599e-17,-1.898669e-18,-6.976400e-32,0.000000e+00,0.000000e+00,0.000000e+00,0.000000e+00,0.000000e+00,0.000000e+00,0.000000e+00,0.000000e+00,1.740531e-18,1.759585e-18,2.111465e-22,4.769755e-29,2.960294e-24,1.930653e-22,1.470076e-22,-6.976400e-32
4724.4642,200.00,283.0857,1.526788e+04,5.997273e-02,C,2.259936e-03,1.035826e+00,0.2257%,4.414223e-01,4.451603e-01,1.350497e-04,1.962511e-12,1.207168e-07,1.327203e-04,1.396193e-05,0.000000e+00,0.000000e+00,1.550633e-17,0.000000e+00,0.000000e+00,0.000000e+00,0.000000e+00,0.000000e+00,0.000000e+00,2.919028e-17,4.361531e-27,1.590920e-17,4.880329e-29,1.413101e-20,1.178857e-17,1.901118e-18,-4.594092e-42,-2.745458e-17,-1.375165e-17,-1.590899e-17,-2.906911e-31,-1.412804e-20,-1.178838e-17,-1.900971e-18,-6.980160e-32,0.000000e+00,0.000000e+00,0.000000e+00,0.000000e+00,0.000000e+00,0.000000e+00,0.000000e+00,0.000000e+00,1.735697e-18,1.754681e-18,2.113235e-22,4.851260e-29,2.968814e-24,1.930311e-22,1.470640e-22,-6.980160e-32
4744.4642,200.00,283.1232,1.533466e+04,5.979477e-02,C,2.260181e-03,1.035826e+00,0.2258%,4.425172e-01,4.462676e-01,1.350684e-04,1.993434e-12,1.209381e-07,1.327475e-04,1.397703e-05,0.000000e+00,0.000000e+00,1.550633e-17,0.000000e+00,0.000000e+00,0.000000e+00,0.000000e+00,0.000000e+00,0.000000e+00,2.919523e-17,3.883039e-27,1.591218e-17,4.963985e-29,1.417051e-20,1.179097e-17,1.903423e-18,-2.505868e-42,-2.746424e-17,-1.375656e-17,-1.591197e-17,-2.949321e-31,-1.416754e-20,-1.179077e-17,-1.903276e-18,-6.983882e-32,0.000000e+00,0.000000e+00,0.000000e+00,0.000000e+00,0.000000e+00,0.000000e+00,0.000000e+00,0.000000e+00,1.730995e-18,1.749768e-18,2.115027e-22,4.934491e-29,2.976980e-24,1.924081e-22,1.470983e-22,-6.983882e-32
4764.4642,200.00,283.1607,1.540141e+04,5.961654e-02,C,2.260408e-03,1.035826e+00,0.2258%,4.436090e-01,4.473718e-01,1.350858e-04,2.024887e-12,1.211403e-07,1.327733e-04,1.399119e-05,0.000000e+00,0.000000e+00,1.550633e-17,0.000000e+00,0.000000e+00,0.000000e+00,0.000000e+00,0.000000e+00,0.000000e+00,2.919860e-17,3.450468e-27,1.591495e-17,5.048396e-29,1.420698e-20,1.179319e-17,1.905580e-18,-4.176447e-43,-2.747391e-17,-1.376148e-17,-1.591496e-17,-2.992527e-31,-1.420722e-20,-1.179318e-17,-1.905585e-18,-6.987574e-32,0.000000e+00,0.000000e+00,0.000000e+00,0.000000e+00,0.000000e+00,0.000000e+00,0.000000e+00,0.000000e+00,1.724695e-18,1.744846e-18,-1.300096e-23,5.018470e-29,-2.439925e-25,9.273402e-24,-4.621093e-24,-6.987574e-32
4784.4642,200.00,283.1981,1.546802e+04,5.943805e-02,C,2.260655e-03,1.035826e+00,0.2258%,4.446979e-01,4.484730e-01,1.351046e-04,2.056882e-12,1.213640e-07,1.328000e-04,1.400630e-05,0.000000e+00,0.000000e+00,1.550633e-17,0.000000e+00,0.000000e+00,0.000000e+00,0.000000e+00,0.000000e+00,0.000000e+00,2.920385e-17,3.078512e-27,1.591795e-17,5.135619e-29,1.424685e-20,1.179559e-17,1.907892e-18,-8.352894e-43,-2.748360e-17,-1.376641e-17,-1.591796e-17,-3.036538e-31,-1.424710e-20,-1.179559e-17,-1.907896e-18,-6.991225e-32,0.000000e+00,0.000000e+00,0.000000e+00,0.000000e+00,0.000000e+00,0.000000e+00,0.000000e+00,0.000000e+00,1.720253e-18,1.739915e-18,-1.293599e-23,5.105254e-29,-2.444831e-25,7.430510e-24,-4.666596e-24,-6.991225e-32
4804.4642,200.00,283.2356,1.553469e+04,5.925924e-02,C,2.260902e-03,1.035826e+00,0.2258%,4.457838e-01,4.495711e-01,1.351234e-04,2.089429e-12,1.215889e-07,1.328265e-04,1.402144e-05,0.000000e+00,0.000000e+00,1.550633e-17,0.000000e+00,0.000000e+00,0.000000e+00,0.000000e+00,0.000000e+00,0.000000e+00,2.920924e-17,2.736863e-27,1.592095e-17,5.224695e-29,1.428692e-20,1.179801e-17,1.910206e-18,-1.252934e-42,-2.749331e-17,-1.377136e-17,-1.592096e-17,-3.081380e-31,-1.428725e-20,-1.179800e-17,-1.910212e-18,-6.994860e-32,0.000000e+00,0.000000e+00,0.000000e+00,0.000000e+00,0.000000e+00,0.000000e+00,0.000000e+00,0.000000e+00,1.715937e-18,1.734973e-18,-1.291712e-23,5.193881e-29,-3.296606e-25,4.994499e-24,-5.964141e-24,-6.994860e-32
4824.4642,200.00,283.2729,1.560118e+04,5.909260e-02,C,2.261132e-03,1.035826e+00,0.2259%,4.468668e-01,4.506661e-01,1.351409e-04,2.122540e-12,1.217950e-07,1.328515e-04,1.403562e-05,0.000000e+00,0.000000e+00,1.550633e-17,0.000000e+00,0.000000e+00,0.000000e+00,0.000000e+00,0.000000e+00,0.000000e+00,2.921305e-17,2.442972e-27,1.592374e-17,5.314595e-29,1.432402e-20,1.180024e-17,1.912373e-18,2.088224e-42,-2.750235e-17,-1.377596e-17,-1.592375e-17,-3.126980e-31,-1.432426e-20,-1.180023e-17,-1.912378e-18,-6.998275e-32,0.000000e+00,0.000000e+00,0.000000e+00,0.000000e+00,0.000000e+00,0.000000e+00,0.000000e+00,0.000000e+00,1.710706e-18,1.730367e-18,-1.282843e-23,5.283325e-29,-2.427036e-25,7.834629e-24,-4.608315e-24,-6.998275e-32
4844.4642,200.00,283.3102,1.566762e+04,5.891331e-02,C,2.261381e-03,1.035826e+00,0.2259%,4.479468e-01,4.517581e-01,1.351599e-04,2.156225e-12,1.220223e-07,1.328774e-04,1.405077e-05,0.000000e+00,0.000000e+00,1.550633e-17,0.000000e+00,0.000000e+00,0.000000e+00,0.000000e+00,0.000000e+00,0.000000e+00,2.921874e-17,2.170204e-27,1.592676e-17,5.407484e-29,1.436447e-20,1.180267e-17,1.914694e-18,-3.758802e-42,-2.751209e-17,-1.378092e-17,-1.592677e-17,-3.173517e-31,-1.436471e-20,-1.180266e-17,-1.914699e-18,-7.001838e-32,0.000000e+00,0.000000e+00,0.000000e+00,0.000000e+00,0.000000e+00,0.000000e+00,0.000000e+00,0.000000e+00,1.706646e-18,1.725409e-18,-1.275609e-23,5.375748e-29,-2.420042e-25,4.309722e-24,-4.705868e-24,-7.001838e-32
4864.4642,200.00,283.3475,1.573403e+04,5.874611e-02,C,2.261613e-03,1.035826e+00,0.2259%,4.490239e-01,4.528471e-01,1.351775e-04,2.190497e-12,1.222308e-07,1.329020e-04,1.406497e-05,0.000000e+00,0.000000e+00,1.550633e-17,0.000000e+00,0.000000e+00,0.000000e+00,0.000000e+00,0.000000e+00,0.000000e+00,2.922284e-17,1.943356e-27,1.592956e-17,5.501245e-29,1.440193e-20,1.180491e-17,1.916867e-18,2.923513e-42,-2.752117e-17,-1.378555e-17,-1.592957e-17,-3.220848e-31,-1.440217e-20,-1.180491e-17,-1.916872e-18,-7.005196e-32,0.000000e+00,0.000000e+00,0.000000e+00,0.000000e+00,0.000000e+00,0.000000e+00,0.000000e+00,0.000000e+00,1.701664e-18,1.720784e-18,-1.271101e-23,5.469037e-29,-2.424741e-25,5.997947e-24,-4.632832e-24,-7.005196e-32
4884.4642,200.00,283.3848,1.580040e+04,5.857864e-02,C,2.261864e-03,1.035826e+00,0.2259%,4.500981e-01,4.539332e-01,1.351965e-04,2.225367e-12,1.224610e-07,1.329274e-04,1.408014e-05,0.000000e+00,0.000000e+00,1.550633e-17,0.000000e+00,0.000000e+00,0.000000e+00,0.000000e+00,0.000000e+00,0.000000e+00,2.922881e-17,1.727530e-27,1.593260e-17,5.598119e-29,1.444284e-20,1.180735e-17,1.919196e-18,-7.517605e-42,-2.753027e-17,-1.379018e-17,-1.593238e-17,-3.269072e-31,-1.443980e-20,-1.180716e-17,-1.919048e-18,-7.008527e-32,0.000000e+00,0.000000e+00,0.000000e+00,0.000000e+00,0.000000e+00,0.000000e+00,0.000000e+00,0.000000e+00,1.698537e-18,1.716150e-18,2.127168e-22,5.565428e-29,3.033977e-24,1.894173e-22,1.473707e-22,-7.008527e-32
4904.4642,200.00,283.4219,1.586657e+04,5.841094e-02,C,2.262097e-03,1.035826e+00,0.2260%,4.511695e-01,4.550162e-01,1.352142e-04,2.260847e-12,1.226717e-07,1.329514e-04,1.409436e-05,0.000000e+00,0.000000e+00,1.550633e-17,0.000000e+00,0.000000e+00,0.000000e+00,0.000000e+00,0.000000e+00,0.000000e+00,2.923319e-17,1.541093e-27,1.593541e-17,5.695918e-29,1.448066e-20,1.180961e-17,1.921375e-18,-5.429381e-42,-2.753938e-17,-1.379482e-17,-1.593520e-17,-3.318197e-31,-1.447761e-20,-1.180942e-17,-1.921227e-18,-7.011816e-32,0.000000e+00,0.000000e+00,0.000000e+00,0.000000e+00,0.000000e+00,0.000000e+00,0.000000e+00,0.000000e+00,1.693802e-18,1.711508e-18,2.128795e-22,5.662736e-29,3.042567e-24,1.900647e-22,1.474464e-22,-7.011816e-32
4924.4642,200.00,283.4591,1.593278e+04,5.823059e-02,C,2.262331e-03,1.035826e+00,0.2260%,4.522380e-01,4.560963e-01,1.352319e-04,2.296950e-12,1.228830e-07,1.329752e-04,1.410858e-05,0.000000e+00,0.000000e+00,1.550633e-17,0.000000e+00,0.000000e+00,0.000000e+00,0.000000e+00,0.000000e+00,0.000000e+00,2.923771e-17,1.375779e-27,1.593824e-17,5.795794e-29,1.451857e-20,1.181187e-17,1.923555e-18,6.682315e-42,-2.754920e-17,-1.379982e-17,-1.593825e-17,-3.368337e-31,-1.451890e-20,-1.181187e-17,-1.923561e-18,-7.015261e-32,0.000000e+00,0.000000e+00,0.000000e+00,0.000000e+00,0.000000e+00,0.000000e+00,0.000000e+00,0.000000e+00,1.688502e-18,1.706514e-18,-1.257983e-23,5.762111e-29,-3.283546e-25,2.030049e-24,-5.935538e-24,-7.015261e-32
4944.4642,200.00,283.4962,1.599889e+04,5.806243e-02,C,2.262566e-03,1.035826e+00,0.2260%,4.533036e-01,4.571734e-01,1.352497e-04,2.333687e-12,1.230960e-07,1.329988e-04,1.412281e-05,0.000000e+00,0.000000e+00,1.550633e-17,0.000000e+00,0.000000e+00,0.000000e+00,0.000000e+00,0.000000e+00,0.000000e+00,2.924236e-17,1.223323e-27,1.594107e-17,5.897794e-29,1.455675e-20,1.181414e-17,1.925740e-18,-2.923513e-42,-2.755835e-17,-1.380447e-17,-1.594108e-17,-3.419339e-31,-1.455708e-20,-1.181414e-17,-1.925746e-18,-7.018502e-32,0.000000e+00,0.000000e+00,0.000000e+00,0.000000e+00,0.000000e+00,0.000000e+00,0.000000e+00,0.000000e+00,1.684012e-18,1.701856e-18,-1.200712e-23,5.863600e-29,-3.272407e-25,3.044309e-24,-5.970279e-24,-7.018502e-32
4964.4642,200.00,283.5334,1.606501e+04,5.790630e-02,C,2.262801e-03,1.035826e+00,0.2260%,4.543663e-01,4.582476e-01,1.352675e-04,2.371072e-12,1.233106e-07,1.330221e-04,1.413706e-05,0.000000e+00,0.000000e+00,1.550633e-17,0.000000e+00,0.000000e+00,0.000000e+00,0.000000e+00,0.000000e+00,0.000000e+00,2.924716e-17,1.095664e-27,1.594390e-17,6.001965e-29,1.459519e-20,1.181642e-17,1.927929e-18,2.088224e-42,-2.756684e-17,-1.380880e-17,-1.594369e-17,-3.471213e-31,-1.459212e-20,-1.181623e-17,-1.927782e-18,-7.021531e-32,0.000000e+00,0.000000e+00,0.000000e+00,0.000000e+00,0.000000e+00,0.000000e+00,0.000000e+00,0.000000e+00,1.680322e-18,1.697531e-18,2.133793e-22,5.967252e-29,3.066426e-24,1.888051e-22,1.475530e-22,-7.021531e-32
4984.4642,200.00,283.5704,1.613096e+04,5.773760e-02,C,2.263019e-03,1.035826e+00,0.2260%,4.554262e-01,4.593188e-01,1.352840e-04,2.409118e-12,1.235049e-07,1.330440e-04,1.415035e-05,0.000000e+00,0.000000e+00,1.550633e-17,0.000000e+00,0.000000e+00,0.000000e+00,0.000000e+00,0.000000e+00,0.000000e+00,2.925035e-17,9.845360e-28,1.594652e-17,6.107128e-29,1.463041e-20,1.181852e-17,1.929968e-18,8.352894e-43,-2.757602e-17,-1.381347e-17,-1.594654e-17,-3.524157e-31,-1.463065e-20,-1.181851e-17,-1.929973e-18,-7.024710e-32,0.000000e+00,0.000000e+00,0.000000e+00,0.000000e+00,0.000000e+00,0.000000e+00,0.000000e+00,0.000000e+00,1.674333e-18,1.692855e-18,-1.239041e-23,6.071887e-29,-2.389201e-25,4.773550e-24,-4.553223e-24,-7.024710e-32
5004.4642,200.00,283.6074,1.619686e+04,5.756872e-02,C,2.263256e-03,1.035826e+00,0.2261%,4.564834e-01,4.603872e-01,1.353019e-04,2.447839e-12,1.237212e-07,1.330668e-04,1.416461e-05,0.000000e+00,0.000000e+00,1.550633e-17,0.000000e+00,0.000000e+00,0.000000e+00,0.000000e+00,0.000000e+00,0.000000e+00,2.925542e-17,8.697347e-28,1.594937e-17,6.215769e-29,1.466912e-20,1.182080e-17,1.932161e-18,3.758802e-42,-2.758522e-17,-1.381816e-17,-1.594939e-17,-3.578101e-31,-1.466935e-20,-1.182080e-17,-1.932166e-18,-7.027858e-32,0.000000e+00,0.000000e+00,0.000000e+00,0.000000e+00,0.000000e+00,0.000000e+00,0.000000e+00,0.000000e+00,1.670200e-18,1.688173e-18,-1.181124e-23,6.179988e-29,-2.386580e-25,4.234728e-24,-4.647170e-24,-7.027858e-32
5024.4642,200.00,283.6444,1.626274e+04,5.739944e-02,C,2.263494e-03,1.035826e+00,0.2261%,4.575377e-01,4.614527e-01,1.353199e-04,2.487247e-12,1.239386e-07,1.330894e-04,1.417887e-05,0.000000e+00,0.000000e+00,1.550633e-17,0.000000e+00,0.000000e+00,0.000000e+00,0.000000e+00,0.000000e+00,0.000000e+00,2.926062e-17,7.843225e-28,1.595223e-17,6.326729e-29,1.470800e-20,1.182309e-17,1.934358e-18,-8.352894e-43,-2.759444e-17,-1.382285e-17,-1.595225e-17,-3.633070e-31,-1.470832e-20,-1.182309e-17,-1.934364e-18,-7.030986e-32,0.000000e+00,0.000000e+00,0.000000e+00,0.000000e+00,0.000000e+00,0.000000e+00,0.000000e+00,0.000000e+00,1.666174e-18,1.683478e-18,-1.231307e-23,6.290399e-29,-3.269441e-25,2.046977e-25,-5.892479e-24,-7.030986e-32
5044.4642,200.00,283.6813,1.632848e+04,5.724240e-02,C,2.263714e-03,1.035826e+00,0.2261%,4.585892e-01,4.625153e-01,1.353364e-04,2.527357e-12,1.241366e-07,1.331105e-04,1.419219e-05,0.000000e+00,0.000000e+00,1.550633e-17,0.000000e+00,0.000000e+00,0.000000e+00,0.000000e+00,0.000000e+00,0.000000e+00,2.926421e-17,7.016656e-28,1.595487e-17,6.438771e-29,1.474381e-20,1.182521e-17,1.936406e-18,-2.088224e-42,-2.760299e-17,-1.382721e-17,-1.595488e-17,-3.688983e-31,-1.474405e-20,-1.182520e-17,-1.936410e-18,-7.033896e-32,0.000000e+00,0.000000e+00,0.000000e+00,0.000000e+00,0.000000e+00,0.000000e+00,0.000000e+00,0.000000e+00,1.661222e-18,1.679122e-18,-1.222868e-23,6.401882e-29,-2.380292e-25,2.863436e-24,-4.563073e-24,-7.033896e-32
5064.4642,200.00,283.7182,1.639418e+04,5.707271e-02,C,2.263954e-03,1.035826e+00,0.2261%,4.596380e-01,4.635750e-01,1.353545e-04,2.568184e-12,1.243563e-07,1.331326e-04,1.420647e-05,0.000000e+00,0.000000e+00,1.550633e-17,0.000000e+00,0.000000e+00,0.000000e+00,0.000000e+00,0.000000e+00,0.000000e+00,2.926968e-17,6.263559e-28,1.595774e-17,6.554510e-29,1.478304e-20,1.182751e-17,1.938608e-18,-6.264671e-42,-2.761225e-17,-1.383192e-17,-1.595776e-17,-3.746053e-31,-1.478336e-20,-1.182751e-17,-1.938613e-18,-7.036961e-32,0.000000e+00,0.000000e+00,0.000000e+00,0.000000e+00,0.000000e+00,0.000000e+00,0.000000e+00,0.000000e+00,1.657430e-18,1.674413e-18,-1.220828e-23,6.517050e-29,-3.264865e-25,-6.682062e-25,-5.881609e-24,-7.036961e-32
5084.4642,200.00,283.7551,1.645984e+04,5.691521e-02,C,2.264175e-03,1.035826e+00,0.2262%,4.606840e-01,4.646319e-01,1.353712e-04,2.609741e-12,1.245564e-07,1.331534e-04,1.421980e-05,0.000000e+00,0.000000e+00,1.550633e-17,0.000000e+00,0.000000e+00,0.000000e+00,0.000000e+00,0.000000e+00,0.000000e+00,2.927353e-17,5.583935e-28,1.596040e-17,6.671392e-29,1.481918e-20,1.182963e-17,1.940661e-18,5.011737e-42,-2.762083e-17,-1.383629e-17,-1.596041e-17,-3.804109e-31,-1.481942e-20,-1.182963e-17,-1.940666e-18,-7.039819e-32,0.000000e+00,0.000000e+00,0.000000e+00,0.000000e+00,0.000000e+00,0.000000e+00,0.000000e+00,0.000000e+00,1.652706e-18,1.670041e-18,-1.211970e-23,6.633351e-29,-2.378831e-25,9.942797e-25,-4.592287e-24,-7.039819e-32
5104.4642,200.00,283.7919,1.652541e+04,5.675743e-02,C,2.264397e-03,1.035826e+00,0.2262%,4.617273e-01,4.656860e-01,1.353879e-04,2.652043e-12,1.247576e-07,1.331739e-04,1.423314e-05,0.000000e+00,0.000000e+00,1.550633e-17,0.000000e+00,0.000000e+00,0.000000e+00,0.000000e+00,0.000000e+00,0.000000e+00,2.927752e-17,5.051257e-28,1.596306e-17,6.790764e-29,1.485549e-20,1.183176e-17,1.942717e-18,1.670579e-42,-2.762943e-17,-1.384067e-17,-1.596307e-17,-3.863271e-31,-1.485573e-20,-1.183176e-17,-1.942722e-18,-7.042655e-32,0.000000e+00,0.000000e+00,0.000000e+00,0.000000e+00,0.000000e+00,0.000000e+00,0.000000e+00,0.000000e+00,1.648093e-18,1.665660e-18,-1.207631e-23,6.752132e-29,-2.364253e-25,2.138836e-24,-4.530885e-24,-7.042655e-32
5124.4642,200.00,283.8287,1.659092e+04,5.659942e-02,C,2.264639e-03,1.035826e+00,0.2262%,4.627678e-01,4.667372e-01,1.354060e-04,2.695107e-12,1.249811e-07,1.331953e-04,1.424745e-05,0.000000e+00,0.000000e+00,1.550633e-17,0.000000e+00,0.000000e+00,0.000000e+00,0.000000e+00,0.000000e+00,0.000000e+00,2.928337e-17,4.500211e-28,1.596595e-17,6.914070e-29,1.489533e-20,1.183408e-17,1.944928e-18,-1.670579e-42,-2.763804e-17,-1.384506e-17,-1.596573e-17,-3.923557e-31,-1.489220e-20,-1.183389e-17,-1.944780e-18,-7.045462e-32,0.000000e+00,0.000000e+00,0.000000e+00,0.000000e+00,0.000000e+00,0.000000e+00,0.000000e+00,0.000000e+00,1.645329e-18,1.661272e-18,2.146658e-22,6.874835e-29,3.128903e-24,1.857604e-22,1.478246e-22,-7.045462e-32
5144.4642,200.00,283.8654,1.665634e+04,5.644119e-02,C,2.264863e-03,1.035826e+00,0.2262%,4.638056e-01,4.677856e-01,1.354228e-04,2.738946e-12,1.251845e-07,1.332154e-04,1.426081e-05,0.000000e+00,0.000000e+00,1.550633e-17,0.000000e+00,0.000000e+00,0.000000e+00,0.000000e+00,0.000000e+00,0.000000e+00,2.928761e-17,4.022638e-28,1.596862e-17,7.038618e-29,1.493197e-20,1.183622e-17,1.946990e-18,-8.352894e-42,-2.764667e-17,-1.384945e-17,-1.596841e-17,-3.984993e-31,-1.492883e-20,-1.183603e-17,-1.946842e-18,-7.048247e-32,0.000000e+00,0.000000e+00,0.000000e+00,0.000000e+00,0.000000e+00,0.000000e+00,0.000000e+00,0.000000e+00,1.640939e-18,1.656875e-18,2.148181e-22,6.998768e-29,3.136889e-24,1.859943e-22,1.478785e-22,-7.048247e-32
5164.4642,200.00,283.9021,1.672170e+04,5.628279e-02,C,2.265088e-03,1.035826e+00,0.2263%,4.648407e-01,4.688313e-01,1.354397e-04,2.783578e-12,1.253889e-07,1.332353e-04,1.427417e-05,0.000000e+00,0.000000e+00,1.550633e-17,0.000000e+00,0.000000e+00,0.000000e+00,0.000000e+00,0.000000e+00,0.000000e+00,2.929198e-17,3.545064e-28,1.597130e-17,7.165828e-29,1.496878e-20,1.183836e-17,1.949054e-18,0.000000e+00,-2.765532e-17,-1.385386e-17,-1.597108e-17,-4.047598e-31,-1.496563e-20,-1.183818e-17,-1.948906e-18,-7.051002e-32,0.000000e+00,0.000000e+00,0.000000e+00,0.000000e+00,0.000000e+00,0.000000e+00,0.000000e+00,0.000000e+00,1.636662e-18,1.652473e-18,2.154902e-22,7.125352e-29,3.145507e-24,1.872429e-22,1.478746e-22,-7.051002e-32
5184.4642,200.00,283.9388,1.678701e+04,5.612406e-02,C,2.265313e-03,1.035826e+00,0.2263%,4.658731e-01,4.698741e-01,1.354566e-04,2.829018e-12,1.255942e-07,1.332549e-04,1.428754e-05,0.000000e+00,0.000000e+00,1.550633e-17,0.000000e+00,0.000000e+00,0.000000e+00,0.000000e+00,0.000000e+00,0.000000e+00,2.929647e-17,3.205252e-28,1.597398e-17,7.295762e-29,1.500575e-20,1.184051e-17,1.951120e-18,0.000000e+00,-2.766398e-17,-1.385827e-17,-1.597377e-17,-4.111396e-31,-1.500260e-20,-1.184033e-17,-1.950972e-18,-7.053729e-32,0.000000e+00,0.000000e+00,0.000000e+00,0.000000e+00,0.000000e+00,0.000000e+00,0.000000e+00,0.000000e+00,1.632488e-18,1.648060e-18,2.151292e-22,7.254649e-29,3.152068e-24,1.850581e-22,1.479338e-22,-7.053729e-32
5204.4642,200.00,283.9754,1.685222e+04,5.596514e-02,C,2.265519e-03,1.035826e+00,0.2263%,4.669029e-01,4.709142e-01,1.354721e-04,2.875282e-12,1.257793e-07,1.332732e-04,1.429995e-05,0.000000e+00,0.000000e+00,1.550633e-17,0.000000e+00,0.000000e+00,0.000000e+00,0.000000e+00,0.000000e+00,0.000000e+00,2.929935e-17,2.929729e-28,1.597645e-17,7.426993e-29,1.503949e-20,1.184248e-17,1.953037e-18,6.264671e-42,-2.767266e-17,-1.386269e-17,-1.597646e-17,-4.176408e-31,-1.503972e-20,-1.184248e-17,-1.953042e-18,-7.056428e-32,0.000000e+00,0.000000e+00,0.000000e+00,0.000000e+00,0.000000e+00,0.000000e+00,0.000000e+00,0.000000e+00,1.626685e-18,1.643641e-18,-1.182836e-23,7.385229e-29,-2.339410e-25,7.239832e-25,-4.487696e-24,-7.056428e-32
5224.4642,200.00,284.0120,1.691741e+04,5.580605e-02,C,2.265746e-03,1.035826e+00,0.2263%,4.679299e-01,4.719516e-01,1.354890e-04,2.922389e-12,1.259868e-07,1.332925e-04,1.431333e-05,0.000000e+00,0.000000e+00,1.550633e-17,0.000000e+00,0.000000e+00,0.000000e+00,0.000000e+00,0.000000e+00,0.000000e+00,2.930409e-17,2.571549e-28,1.597915e-17,7.562534e-29,1.507678e-20,1.184464e-17,1.955109e-18,2.088224e-42,-2.768136e-17,-1.386711e-17,-1.597916e-17,-4.242680e-31,-1.507701e-20,-1.184464e-17,-1.955113e-18,-7.059119e-32,0.000000e+00,0.000000e+00,0.000000e+00,0.000000e+00,0.000000e+00,0.000000e+00,0.000000e+00,0.000000e+00,1.622730e-18,1.639216e-18,-1.177282e-23,7.520107e-29,-2.343717e-25,-9.404667e-25,-4.530149e-24,-7.059119e-32
5244.4642,200.00,284.0486,1.698247e+04,5.564673e-02,C,2.265974e-03,1.035826e+00,0.2263%,4.689544e-01,4.729861e-01,1.355060e-04,2.970355e-12,1.261952e-07,1.333113e-04,1.432672e-05,0.000000e+00,0.000000e+00,1.550633e-17,0.000000e+00,0.000000e+00,0.000000e+00,0.000000e+00,0.000000e+00,0.000000e+00,2.930895e-17,2.378683e-28,1.598185e-17,7.700989e-29,1.511423e-20,1.184681e-17,1.957183e-18,-3.758802e-42,-2.769007e-17,-1.387155e-17,-1.598186e-17,-4.310199e-31,-1.511447e-20,-1.184681e-17,-1.957188e-18,-7.061753e-32,0.000000e+00,0.000000e+00,0.000000e+00,0.000000e+00,0.000000e+00,0.000000e+00,0.000000e+00,0.000000e+00,1.618882e-18,1.634783e-18,-1.171538e-23,7.657887e-29,-2.326560e-25,-3.047678e-24,-4.579454e-24,-7.061753e-32
5264.4642,200.00,284.0851,1.704756e+04,5.549950e-02,C,2.266182e-03,1.035826e+00,0.2264%,4.699761e-01,4.740180e-01,1.355217e-04,3.019196e-12,1.263838e-07,1.333292e-04,1.433916e-05,0.000000e+00,0.000000e+00,1.550633e-17,0.000000e+00,0.000000e+00,0.000000e+00,0.000000e+00,0.000000e+00,0.000000e+00,2.931219e-17,2.103160e-28,1.598433e-17,7.840848e-29,1.514852e-20,1.184879e-17,1.959108e-18,4.594092e-42,-2.769810e-17,-1.387564e-17,-1.598435e-17,-4.378927e-31,-1.514876e-20,-1.184879e-17,-1.959113e-18,-7.064230e-32,0.000000e+00,0.000000e+00,0.000000e+00,0.000000e+00,0.000000e+00,0.000000e+00,0.000000e+00,0.000000e+00,1.614085e-18,1.630685e-18,-1.168392e-23,7.797059e-29,-2.324547e-25,-7.362490e-26,-4.461560e-24,-7.064230e-32
5284.4642,200.00,284.1216,1.711252e+04,5.533975e-02,C,2.266411e-03,1.035826e+00,0.2264%,4.709953e-01,4.750472e-01,1.355387e-04,3.068933e-12,1.265944e-07,1.333478e-04,1.435257e-05,0.000000e+00,0.000000e+00,1.550633e-17,0.000000e+00,0.000000e+00,0.000000e+00,0.000000e+00,0.000000e+00,0.000000e+00,2.931729e-17,1.910294e-28,1.598705e-17,7.985299e-29,1.518630e-20,1.185096e-17,1.961188e-18,3.758802e-42,-2.770684e-17,-1.388009e-17,-1.598706e-17,-4.449068e-31,-1.518653e-20,-1.185097e-17,-1.961192e-18,-7.066834e-32,0.000000e+00,0.000000e+00,0.000000e+00,0.000000e+00,0.000000e+00,0.000000e+00,0.000000e+00,0.000000e+00,1.610448e-18,1.626237e-18,-1.162268e-23,7.940808e-29,-2.313431e-25,-3.066430e-24,-4.543706e-24,-7.066834e-32
5304.4642,200.00,284.1580,1.717740e+04,5.519210e-02,C,2.266622e-03,1.035826e+00,0.2264%,4.720118e-01,4.760737e-01,1.355544e-04,3.090098e-12,1.267849e-07,1.333651e-04,1.436502e-05,0.000000e+00,0.000000e+00,1.550633e-17,0.000000e+00,0.000000e+00,0.000000e+00,0.000000e+00,0.000000e+00,0.000000e+00,2.932077e-17,1.653139e-28,1.598955e-17,-4.915335e-30,1.522089e-20,1.185296e-17,1.963118e-18,-8.352894e-43,-2.771491e-17,-1.388420e-17,-1.598956e-17,-4.480515e-31,-1.522113e-20,-1.185296e-17,-1.963122e-18,-7.069240e-32,0.000000e+00,0.000000e+00,0.000000e+00,0.000000e+00,0.000000e+00,0.000000e+00,0.000000e+00,0.000000e+00,1.605860e-18,1.622125e-18,-1.158748e-23,-5.363386e-30,-2.317350e-25,-9.823541e-25,-4.458287e-24,-7.069240e-32
5324.4642,200.00,284.1944,1.724220e+04,5.503189e-02,C,2.266852e-03,1.035826e+00,0.2264%,4.730257e-01,4.770974e-01,1.355716e-04,3.080638e-12,1.269975e-07,1.333832e-04,1.437844e-05,0.000000e+00,0.000000e+00,1.550633e-17,0.000000e+00,0.000000e+00,0.000000e+00,0.000000e+00,0.000000e+00,0.000000e+00,2.932611e-17,1.561298e-28,1.599227e-17,-1.879116e-29,1.525899e-20,1.185514e-17,1.965202e-18,-1.044112e-41,-2.772368e-17,-1.388867e-17,-1.599229e-17,-4.469201e-31,-1.525931e-20,-1.185515e-17,-1.965208e-18,-7.071795e-32,0.000000e+00,0.000000e+00,0.000000e+00,0.000000e+00,0.000000e+00,0.000000e+00,0.000000e+00,0.000000e+00,1.602428e-18,1.617662e-18,-1.156884e-23,-1.923808e-29,-3.228027e-25,-4.853172e-24,-5.770991e-24,-7.071795e-32
5344.4642,200.00,284.2308,1.730697e+04,5.488388e-02,C,2.267064e-03,1.035826e+00,0.2264%,4.740371e-01,4.781185e-01,1.355874e-04,3.068718e-12,1.271900e-07,1.334001e-04,1.439090e-05,0.000000e+00,0.000000e+00,1.550633e-17,0.000000e+00,0.000000e+00,0.000000e+00,0.000000e+00,0.000000e+00,0.000000e+00,2.932983e-17,1.395984e-28,1.599478e-17,-1.843062e-29,1.529389e-20,1.185714e-17,1.967137e-18,1.670579e-42,-2.773178e-17,-1.389279e-17,-1.599479e-17,-4.454233e-31,-1.529412e-20,-1.185715e-17,-1.967142e-18,-7.074148e-32,0.000000e+00,0.000000e+00,0.000000e+00,0.000000e+00,0.000000e+00,0.000000e+00,0.000000e+00,0.000000e+00,1.598048e-18,1.613538e-18,-1.148346e-23,-1.887604e-29,-2.321037e-25,-3.610532e-24,-4.519269e-24,-7.074148e-32
5364.4642,200.00,284.2671,1.737165e+04,5.473562e-02,C,2.267276e-03,1.035826e+00,0.2265%,4.750458e-01,4.791370e-01,1.356032e-04,3.056712e-12,1.273834e-07,1.334168e-04,1.440338e-05,0.000000e+00,0.000000e+00,1.550633e-17,0.000000e+00,0.000000e+00,0.000000e+00,0.000000e+00,0.000000e+00,0.000000e+00,2.933365e-17,1.258222e-28,1.599729e-17,-1.761339e-29,1.532894e-20,1.185915e-17,1.969075e-18,1.670579e-42,-2.773989e-17,-1.389692e-17,-1.599731e-17,-4.439124e-31,-1.532917e-20,-1.185916e-17,-1.969079e-18,-7.076482e-32,0.000000e+00,0.000000e+00,0.000000e+00,0.000000e+00,0.000000e+00,0.000000e+00,0.000000e+00,0.000000e+00,1.593766e-18,1.609405e-18,-1.144255e-23,-1.805730e-29,-2.309094e-25,-2.819443e-24,-4.472543e-24,-7.076482e-32
5384.4642,200.00,284.3033,1.743619e+04,5.458716e-02,C,2.267489e-03,1.035826e+00,0.2265%,4.760520e-01,4.801528e-01,1.356191e-04,3.044771e-12,1.275778e-07,1.334332e-04,1.441585e-05,0.000000e+00,0.000000e+00,1.550633e-17,0.000000e+00,0.000000e+00,0.000000e+00,0.000000e+00,0.000000e+00,0.000000e+00,2.933760e-17,1.056172e-28,1.599981e-17,-1.695254e-29,1.536414e-20,1.186117e-17,1.971014e-18,8.352894e-43,-2.774801e-17,-1.390106e-17,-1.599983e-17,-4.424078e-31,-1.536437e-20,-1.186117e-17,-1.971019e-18,-7.078787e-32,0.000000e+00,0.000000e+00,0.000000e+00,0.000000e+00,0.000000e+00,0.000000e+00,0.000000e+00,0.000000e+00,1.589586e-18,1.605266e-18,-1.139982e-23,-1.739494e-29,-2.300449e-25,-2.453328e-24,-4.441585e-24,-7.078787e-32
5404.4642,200.00,284.3396,1.750079e+04,5.443849e-02,C,2.267703e-03,1.035826e+00,0.2265%,4.770557e-01,4.811659e-01,1.356349e-04,3.032956e-12,1.277731e-07,1.334495e-04,1.442834e-05,0.000000e+00,0.000000e+00,1.550633e-17,0.000000e+00,0.000000e+00,0.000000e+00,0.000000e+00,0.000000e+00,0.000000e+00,2.934166e-17,9.275945e-29,1.600234e-17,-1.671461e-29,1.539950e-20,1.186318e-17,1.972956e-18,-5.847026e-42,-2.775615e-17,-1.390521e-17,-1.600235e-17,-4.409195e-31,-1.539973e-20,-1.186319e-17,-1.972961e-18,-7.081079e-32,0.000000e+00,0.000000e+00,0.000000e+00,0.000000e+00,0.000000e+00,0.000000e+00,0.000000e+00,0.000000e+00,1.585506e-18,1.601120e-18,-1.135530e-23,-1.715553e-29,-2.294395e-25,-2.504144e-24,-4.426028e-24,-7.081079e-32
5424.4642,200.00,284.3758,1.756525e+04,5.428963e-02,C,2.267918e-03,1.035826e+00,0.2265%,4.780568e-01,4.821765e-01,1.356509e-04,3.021205e-12,1.279694e-07,1.334656e-04,1.444083e-05,0.000000e+00,0.000000e+00,1.550633e-17,0.000000e+00,0.000000e+00,0.000000e+00,0.000000e+00,0.000000e+00,0.000000e+00,2.934583e-17,9.459627e-29,1.600487e-17,-1.662746e-29,1.543500e-20,1.186521e-17,1.974901e-18,-8.352894e-43,-2.776431e-17,-1.390936e-17,-1.600488e-17,-4.394375e-31,-1.543523e-20,-1.186521e-17,-1.974905e-18,-7.083340e-32,0.000000e+00,0.000000e+00,0.000000e+00,0.000000e+00,0.000000e+00,0.000000e+00,0.000000e+00,0.000000e+00,1.581525e-18,1.596967e-18,-1.130901e-23,-1.706690e-29,-2.290917e-25,-2.968121e-24,-4.425737e-24,-7.083340e-32
5444.4642,200.00,284.4120,1.762967e+04,5.414057e-02,C,2.268133e-03,1.035826e+00,0.2266%,4.790554e-01,4.831844e-01,1.356668e-04,3.009560e-12,1.281667e-07,1.334815e-04,1.445333e-05,0.000000e+00,0.000000e+00,1.550633e-17,0.000000e+00,0.000000e+00,0.000000e+00,0.000000e+00,0.000000e+00,0.000000e+00,2.935012e-17,8.082012e-29,1.600741e-17,-1.687787e-29,1.547065e-20,1.186723e-17,1.976848e-18,-6.264671e-42,-2.777247e-17,-1.391352e-17,-1.600742e-17,-4.379685e-31,-1.547088e-20,-1.186724e-17,-1.976852e-18,-7.085580e-32,0.000000e+00,0.000000e+00,0.000000e+00,0.000000e+00,0.000000e+00,0.000000e+00,0.000000e+00,0.000000e+00,1.577642e-18,1.592808e-18,-1.126099e-23,-1.731584e-29,-2.289935e-25,-3.836087e-24,-4.440376e-24,-7.085580e-32
5464.4642,200.00,284.4481,1.769397e+04,5.399132e-02,C,2.268349e-03,1.035826e+00,0.2266%,4.800514e-01,4.841897e-01,1.356829e-04,2.997998e-12,1.283649e-07,1.334972e-04,1.446584e-05,0.000000e+00,0.000000e+00,1.550633e-17,0.000000e+00,0.000000e+00,0.000000e+00,0.000000e+00,0.000000e+00,0.000000e+00,2.935451e-17,6.888078e-29,1.600995e-17,-1.735523e-29,1.550645e-20,1.186926e-17,1.978797e-18,4.594092e-42,-2.778066e-17,-1.391769e-17,-1.600996e-17,-4.365088e-31,-1.550668e-20,-1.186927e-17,-1.978801e-18,-7.087798e-32,0.000000e+00,0.000000e+00,0.000000e+00,0.000000e+00,0.000000e+00,0.000000e+00,0.000000e+00,0.000000e+00,1.573858e-18,1.588641e-18,-1.121126e-23,-1.779174e-29,-2.292098e-25,-5.107283e-24,-4.469992e-24,-7.087798e-32
5484.4642,200.00,284.4842,1.775824e+04,5.384187e-02,C,2.268565e-03,1.035826e+00,0.2266%,4.810450e-01,4.851924e-01,1.356989e-04,2.986546e-12,1.285641e-07,1.335127e-04,1.447835e-05,0.000000e+00,0.000000e+00,1.550633e-17,0.000000e+00,0.000000e+00,0.000000e+00,0.000000e+00,0.000000e+00,0.000000e+00,2.935902e-17,6.428873e-29,1.601250e-17,-1.818378e-29,1.554240e-20,1.187130e-17,1.980748e-18,8.352894e-43,-2.778885e-17,-1.392186e-17,-1.601251e-17,-4.350628e-31,-1.554262e-20,-1.187131e-17,-1.980753e-18,-7.089994e-32,0.000000e+00,0.000000e+00,0.000000e+00,0.000000e+00,0.000000e+00,0.000000e+00,0.000000e+00,0.000000e+00,1.570171e-18,1.584469e-18,-1.115985e-23,-1.861885e-29,-2.271866e-25,-6.771488e-24,-4.504938e-24,-7.089994e-32
5504.4642,200.00,284.5203,1.782249e+04,5.370454e-02,C,2.268782e-03,1.035826e+00,0.2266%,4.820360e-01,4.861926e-01,1.357150e-04,2.975194e-12,1.287649e-07,1.335281e-04,1.449087e-05,0.000000e+00,0.000000e+00,1.550633e-17,0.000000e+00,0.000000e+00,0.000000e+00,0.000000e+00,0.000000e+00,0.000000e+00,2.936364e-17,6.245191e-29,1.601505e-17,-1.931671e-29,1.557859e-20,1.187334e-17,1.982703e-18,2.088224e-42,-2.779637e-17,-1.392570e-17,-1.601483e-17,-4.336183e-31,-1.557531e-20,-1.187316e-17,-1.982554e-18,-7.091996e-32,0.000000e+00,0.000000e+00,0.000000e+00,0.000000e+00,0.000000e+00,0.000000e+00,0.000000e+00,0.000000e+00,1.567269e-18,1.580633e-18,2.174661e-22,-1.975033e-29,3.270884e-24,1.805004e-22,1.484156e-22,-7.091996e-32
5524.4642,200.00,284.5562,1.788654e+04,5.355471e-02,C,2.268980e-03,1.035826e+00,0.2266%,4.830246e-01,4.871902e-01,1.357297e-04,2.963936e-12,1.289439e-07,1.335421e-04,1.450243e-05,0.000000e+00,0.000000e+00,1.550633e-17,0.000000e+00,0.000000e+00,0.000000e+00,0.000000e+00,0.000000e+00,0.000000e+00,2.936662e-17,5.877827e-29,1.601738e-17,-1.694262e-29,1.561133e-20,1.187520e-17,1.984506e-18,4.176447e-43,-2.780460e-17,-1.392988e-17,-1.601739e-17,-4.321924e-31,-1.561156e-20,-1.187520e-17,-1.984510e-18,-7.094152e-32,0.000000e+00,0.000000e+00,0.000000e+00,0.000000e+00,0.000000e+00,0.000000e+00,0.000000e+00,0.000000e+00,1.562026e-18,1.576448e-18,-1.107906e-23,-1.737481e-29,-2.278138e-25,-5.877630e-24,-4.447787e-24,-7.094152e-32
5544.4642,200.00,284.5922,1.795062e+04,5.341700e-02,C,2.269199e-03,1.035826e+00,0.2267%,4.840107e-01,4.881852e-01,1.357458e-04,2.952754e-12,1.291465e-07,1.335572e-04,1.451497e-05,0.000000e+00,0.000000e+00,1.550633e-17,0.000000e+00,0.000000e+00,0.000000e+00,0.000000e+00,0.000000e+00,0.000000e+00,2.937146e-17,5.143098e-29,1.601995e-17,-1.856963e-29,1.564781e-20,1.187725e-17,1.986465e-18,0.000000e+00,-2.781214e-17,-1.393373e-17,-1.601973e-17,-4.307678e-31,-1.564452e-20,-1.187707e-17,-1.986316e-18,-7.096107e-32,0.000000e+00,0.000000e+00,0.000000e+00,0.000000e+00,0.000000e+00,0.000000e+00,0.000000e+00,0.000000e+00,1.559315e-18,1.572600e-18,2.177385e-22,-1.900040e-29,3.285634e-24,1.806965e-22,1.484961e-22,-7.096107e-32
5564.4642,200.00,284.6281,1.801458e+04,5.326680e-02,C,2.269398e-03,1.035826e+00,0.2267%,4.849943e-01,4.891777e-01,1.357606e-04,2.941662e-12,1.293273e-07,1.335708e-04,1.452654e-05,0.000000e+00,0.000000e+00,1.550633e-17,0.000000e+00,0.000000e+00,0.000000e+00,0.000000e+00,0.000000e+00,0.000000e+00,2.937465e-17,3.949165e-29,1.602229e-17,-1.670400e-29,1.568083e-20,1.187912e-17,1.988272e-18,-8.352894e-42,-2.782039e-17,-1.393793e-17,-1.602230e-17,-4.293614e-31,-1.568106e-20,-1.187912e-17,-1.988277e-18,-7.098218e-32,0.000000e+00,0.000000e+00,0.000000e+00,0.000000e+00,0.000000e+00,0.000000e+00,0.000000e+00,0.000000e+00,1.554260e-18,1.568401e-18,-1.099161e-23,-1.713336e-29,-2.269881e-25,-6.540162e-24,-4.439029e-24,-7.098218e-32
5584.4642,200.00,284.6641,1.807859e+04,5.312871e-02,C,2.269598e-03,1.035826e+00,0.2267%,4.859755e-01,4.901677e-01,1.357754e-04,2.930691e-12,1.295096e-07,1.335844e-04,1.453813e-05,0.000000e+00,0.000000e+00,1.550633e-17,0.000000e+00,0.000000e+00,0.000000e+00,0.000000e+00,0.000000e+00,0.000000e+00,2.937796e-17,3.581801e-29,1.602464e-17,-1.524808e-29,1.571408e-20,1.188099e-17,1.990083e-18,-5.429381e-42,-2.782797e-17,-1.394179e-17,-1.602465e-17,-4.279600e-31,-1.571431e-20,-1.188099e-17,-1.990087e-18,-7.100139e-32,0.000000e+00,0.000000e+00,0.000000e+00,0.000000e+00,0.000000e+00,0.000000e+00,0.000000e+00,0.000000e+00,1.549988e-18,1.564540e-18,-1.095881e-23,-1.567604e-29,-2.252276e-25,-4.764968e-24,-4.357503e-24,-7.100139e-32
5604.4642,200.00,284.6999,1.814239e+04,5.297809e-02,C,2.269819e-03,1.035826e+00,0.2267%,4.869542e-01,4.911551e-01,1.357916e-04,2.919737e-12,1.297144e-07,1.335988e-04,1.455068e-05,0.000000e+00,0.000000e+00,1.550633e-17,0.000000e+00,0.000000e+00,0.000000e+00,0.000000e+00,0.000000e+00,0.000000e+00,2.938311e-17,3.214437e-29,1.602722e-17,-1.751381e-29,1.575090e-20,1.188305e-17,1.992047e-18,-8.352894e-43,-2.783625e-17,-1.394600e-17,-1.602723e-17,-4.265726e-31,-1.575122e-20,-1.188306e-17,-1.992053e-18,-7.102209e-32,0.000000e+00,0.000000e+00,0.000000e+00,0.000000e+00,0.000000e+00,0.000000e+00,0.000000e+00,0.000000e+00,1.546866e-18,1.560328e-18,-1.094302e-23,-1.794039e-29,-3.188654e-25,-8.743280e-24,-5.654793e-24,-7.102209e-32
5624.4642,200.00,284.7357,1.820616e+04,5.283969e-02,C,2.270020e-03,1.035826e+00,0.2267%,4.879306e-01,4.921401e-01,1.358065e-04,2.908926e-12,1.298985e-07,1.336120e-04,1.456227e-05,0.000000e+00,0.000000e+00,1.550633e-17,0.000000e+00,0.000000e+00,0.000000e+00,0.000000e+00,0.000000e+00,0.000000e+00,2.938662e-17,3.306278e-29,1.602958e-17,-1.653490e-29,1.578443e-20,1.188493e-17,1.993862e-18,-8.352894e-43,-2.784384e-17,-1.394987e-17,-1.602959e-17,-4.251895e-31,-1.578466e-20,-1.188494e-17,-1.993867e-18,-7.104079e-32,0.000000e+00,0.000000e+00,0.000000e+00,0.000000e+00,0.000000e+00,0.000000e+00,0.000000e+00,0.000000e+00,1.542781e-18,1.556457e-18,-1.086172e-23,-1.696009e-29,-2.258663e-25,-7.695711e-24,-4.432676e-24,-7.104079e-32
5644.4642,200.00,284.7715,1.826990e+04,5.270105e-02,C,2.270222e-03,1.035826e+00,0.2268%,4.889045e-01,4.931225e-01,1.358214e-04,2.898195e-12,1.300834e-07,1.336250e-04,1.457388e-05,0.000000e+00,0.000000e+00,1.550633e-17,0.000000e+00,0.000000e+00,0.000000e+00,0.000000e+00,0.000000e+00,0.000000e+00,2.939024e-17,3.214437e-29,1.603194e-17,-1.580321e-29,1.581810e-20,1.188682e-17,1.995679e-18,-4.176447e-42,-2.785146e-17,-1.395375e-17,-1.603195e-17,-4.238165e-31,-1.581832e-20,-1.188682e-17,-1.995684e-18,-7.105936e-32,0.000000e+00,0.000000e+00,0.000000e+00,0.000000e+00,0.000000e+00,0.000000e+00,0.000000e+00,0.000000e+00,1.538784e-18,1.552577e-18,-1.082412e-23,-1.622702e-29,-2.248013e-25,-7.043958e-24,-4.392675e-24,-7.105936e-32
5664.4642,200.00,284.8072,1.833352e+04,5.256230e-02,C,2.270425e-03,1.035826e+00,0.2268%,4.898760e-01,4.941025e-01,1.358363e-04,2.887539e-12,1.302693e-07,1.336379e-04,1.458548e-05,0.000000e+00,0.000000e+00,1.550633e-17,0.000000e+00,0.000000e+00,0.000000e+00,0.000000e+00,0.000000e+00,0.000000e+00,2.939396e-17,3.030754e-29,1.603431e-17,-1.529266e-29,1.585190e-20,1.188871e-17,1.997498e-18,3.758802e-42,-2.785908e-17,-1.395764e-17,-1.603432e-17,-4.224521e-31,-1.585212e-20,-1.188871e-17,-1.997503e-18,-7.107768e-32,0.000000e+00,0.000000e+00,0.000000e+00,0.000000e+00,0.000000e+00,0.000000e+00,0.000000e+00,0.000000e+00,1.534882e-18,1.548694e-18,-1.026957e-23,-1.571511e-29,-2.231521e-25,-5.275912e-24,-4.407766e-24,-7.107768e-32
5684.4642,200.00,284.8429,1.839709e+04,5.242325e-02,C,2.270628e-03,1.035826e+00,0.2268%,4.908451e-01,4.950800e-01,1.358513e-04,2.876966e-12,1.304559e-07,1.336505e-04,1.459710e-05,0.000000e+00,0.000000e+00,1.550633e-17,0.000000e+00,0.000000e+00,0.000000e+00,0.000000e+00,0.000000e+00,0.000000e+00,2.939778e-17,2.755231e-29,1.603668e-17,-1.504233e-29,1.588583e-20,1.189060e-17,1.999320e-18,-3.341158e-42,-2.786672e-17,-1.396153e-17,-1.603669e-17,-4.210979e-31,-1.588605e-20,-1.189061e-17,-1.999324e-18,-7.109581e-32,0.000000e+00,0.000000e+00,0.000000e+00,0.000000e+00,0.000000e+00,0.000000e+00,0.000000e+00,0.000000e+00,1.531062e-18,1.544801e-18,-1.074425e-23,-1.546343e-29,-2.234815e-25,-6.842962e-24,-4.353575e-24,-7.109581e-32
5704.4642,200.00,284.8786,1.846061e+04,5.228409e-02,C,2.270832e-03,1.035826e+00,0.2268%,4.918118e-01,4.960550e-01,1.358663e-04,2.866465e-12,1.306435e-07,1.336630e-04,1.460872e-05,0.000000e+00,0.000000e+00,1.550633e-17,0.000000e+00,0.000000e+00,0.000000e+00,0.000000e+00,0.000000e+00,0.000000e+00,2.940171e-17,2.663390e-29,1.603906e-17,-1.499780e-29,1.591990e-20,1.189250e-17,2.001143e-18,-5.011737e-42,-2.787437e-17,-1.396543e-17,-1.603907e-17,-4.197521e-31,-1.592012e-20,-1.189250e-17,-2.001147e-18,-7.111374e-32,0.000000e+00,0.000000e+00,0.000000e+00,0.000000e+00,0.000000e+00,0.000000e+00,0.000000e+00,0.000000e+00,1.527335e-18,1.540904e-18,-1.070202e-23,-1.541756e-29,-2.231540e-25,-7.282448e-24,-4.353993e-24,-7.111374e-32
5724.4642,200.00,284.9142,1.852403e+04,5.214475e-02,C,2.271037e-03,1.035826e+00,0.2268%,4.927761e-01,4.970276e-01,1.358813e-04,2.856059e-12,1.308320e-07,1.336754e-04,1.462034e-05,0.000000e+00,0.000000e+00,1.550633e-17,0.000000e+00,0.000000e+00,0.000000e+00,0.000000e+00,0.000000e+00,0.000000e+00,2.940573e-17,1.285775e-29,1.604145e-17,-1.525422e-29,1.595411e-20,1.189440e-17,2.002968e-18,0.000000e+00,-2.788203e-17,-1.396933e-17,-1.604146e-17,-4.184181e-31,-1.595433e-20,-1.189441e-17,-2.002972e-18,-7.113149e-32,0.000000e+00,0.000000e+00,0.000000e+00,0.000000e+00,0.000000e+00,0.000000e+00,0.000000e+00,0.000000e+00,1.523698e-18,1.537001e-18,-1.065828e-23,-1.567264e-29,-2.230446e-25,-8.079204e-24,-4.367625e-24,-7.113149e-32
5744.4642,200.00,284.9498,1.858741e+04,5.200523e-02,C,2.271242e-03,1.035826e+00,0.2269%,4.937381e-01,4.979977e-01,1.358964e-04,2.845725e-12,1.310214e-07,1.336876e-04,1.463197e-05,0.000000e+00,0.000000e+00,1.550633e-17,0.000000e+00,0.000000e+00,0.000000e+00,0.000000e+00,0.000000e+00,0.000000e+00,2.940986e-17,1.469457e-29,1.604384e-17,-1.572288e-29,1.598845e-20,1.189630e-17,2.004795e-18,8.352894e-42,-2.788971e-17,-1.397324e-17,-1.604385e-17,-4.170928e-31,-1.598867e-20,-1.189631e-17,-2.004800e-18,-7.114907e-32,0.000000e+00,0.000000e+00,0.000000e+00,0.000000e+00,0.000000e+00,0.000000e+00,0.000000e+00,0.000000e+00,1.520148e-18,1.533092e-18,-1.061307e-23,-1.613997e-29,-2.232148e-25,-9.223676e-24,-4.394191e-24,-7.114907e-32
5764.4642,200.00,284.9853,1.865068e+04,5.186550e-02,C,2.271447e-03,1.035826e+00,0.2269%,4.946977e-01,4.989654e-01,1.359115e-04,2.835491e-12,1.312116e-07,1.336996e-04,1.464361e-05,0.000000e+00,0.000000e+00,1.550633e-17,0.000000e+00,0.000000e+00,0.000000e+00,0.000000e+00,0.000000e+00,0.000000e+00,2.941408e-17,1.377616e-29,1.604623e-17,-1.651245e-29,1.602293e-20,1.189821e-17,2.006624e-18,5.847026e-42,-2.789740e-17,-1.397715e-17,-1.604624e-17,-4.157802e-31,-1.602324e-20,-1.189822e-17,-2.006630e-18,-7.116646e-32,0.000000e+00,0.000000e+00,0.000000e+00,0.000000e+00,0.000000e+00,0.000000e+00,0.000000e+00,0.000000e+00,1.516683e-18,1.529176e-18,-1.061116e-23,-1.692823e-29,-3.166536e-25,-1.073902e-23,-5.590606e-24,-7.116646e-32
